zpid,predicted_price
1009018,506030.0494575862
1001436,666420.2107928694
1010988,491852.94575528987
1002184,271362.2223966283
1015717,326097.8270402484
1001346,616843.8304551558
1006728,123777.67289219656
1002644,288527.95282081404
1009198,754618.34581662
1008339,523389.43078552757
1017567,550798.7196725719
1014281,654793.516556049
1016770,950381.6745270966
1007599,408880.507352247
1015766,171886.9184081728
1011268,515049.08736343426
1015728,202394.55094859612
1005910,553696.4543268806
1012305,150140.98271871865
1000209,341951.63978748175
1011855,934369.9032878969
1012252,784049.1815489485
1010211,188184.53689851862
1006401,530485.0681636181
1009723,607106.420097211
1013941,840679.6914651208
1016219,537349.1870124411
1009350,887012.3897690143
1005071,929608.6275054618
1010399,423037.6033301392
1013189,216876.22565189953
1003138,998129.3636104608
1015723,284453.70878116565
1006247,414591.96318672434
1007478,1057909.481506341
1003685,1030822.4521381964
1004764,203050.35692120309
1009233,381054.2820993837
1010893,417985.9607208536
1012091,1335094.5502528294
1017092,1327336.942712687
1003069,153037.35577334094
1012178,141855.62626785555
1006136,201424.0344059855
1003701,252208.8083679421
1002491,140790.18969327447
1012167,185682.2588050442
1001683,1147210.4447373918
1006785,311104.4228201393
1014002,144751.94797145287
1004666,446815.0469863154
1016954,639940.4510972986
1012772,478484.11673745
1010688,576902.5401570166
1012968,413454.5047325648
1001415,906182.5757121734
1011748,575884.6064738851
1007073,442938.83964764816
1004221,108275.44534473133
1010651,1069091.341855906
1005362,320347.66061729955
1012256,347731.09386748425
1000135,958159.110562803
1010219,436772.1320444931
1000261,829288.0526986495
1003779,526791.695877746
1007814,668049.0309385414
1017541,279480.1111553573
1008693,214012.19930044058
1006051,513134.2048884816
1012475,342827.4636418642
1010967,659426.4198128821
1010153,308621.4225910251
1007854,1015088.6399761217
1001543,147481.41288113318
1012709,333469.74929900083
1011522,448235.48736380565
1010467,437218.66937133303
1016019,492514.0881450778
1011087,561325.4497295858
1011360,181861.52197180374
1011923,487061.4628443523
1013380,662392.5732517844
1010592,593458.3452997073
1011882,249166.1433217995
1012814,291361.1101212996
1017039,631239.5460186797
1014089,498722.5602593169
1004163,616231.1637233931
1008400,325598.3932446163
1015904,588126.9124096815
1006975,616291.546795156
1001501,436009.45881999476
1010533,323344.7452243051
1007574,1367510.9788351187
1006887,358277.50406962296
1007117,815665.5148097128
1015872,1066184.3272481072
1000949,474579.90048294107
1016984,211304.67445336422
1008493,1014065.6873556862
1001066,767835.6350436667
1014890,436589.9911426145
1009150,346207.38596908894
1015445,529598.9164536382
1003773,464146.4746001293
1000521,745587.6222332995
1009827,332092.1588445569
1007448,592812.8468593687
1004064,815981.7993685458
1013351,266117.3041083075
1007934,990088.2159202986
1005772,806851.2108147725
1012467,694723.435009083
1009678,720954.8277800569
1003903,533521.9249117696
1007368,654443.4167593193
1001019,490599.84422324173
1015956,1118976.8934650715
1007676,628978.5984815167
1003862,397136.88745712675
1009421,490085.46226668457
1008790,244690.37278638865
1016222,164901.1622691754
1011510,516876.7017930954
1003760,162691.46697064114
1010095,684525.7501546947
1016848,556412.3379405448
1007981,732701.0958388288
1001863,508800.0361983676
1017279,725130.9438651841
1000210,700508.033697369
1009220,350282.79181679565
1000670,1039688.6563756492
1011975,452841.7668811968
1009650,251486.3258184726
1012244,497825.5521575924
1004490,834780.3553344933
1008783,549214.6765520582
1013050,200950.717471134
1014078,617105.7250948247
1014560,455625.1901814341
1011972,852951.3167601068
1013813,106542.94978492962
1016790,452371.3338048197
1005284,195833.8110894145
1013954,272629.5511178432
1008243,556075.5468043627
1005551,536283.6239827877
1013022,255894.91036705518
1009326,365602.27467187366
1012559,308679.3285213843
1016326,615320.7137222952
1001392,386729.72909504425
1008539,138364.51682368654
1007707,448075.5663289801
1011195,202212.18607331693
1006858,120352.4492213881
1012325,693307.3105636266
1014033,524712.3972143118
1002285,680117.6447013138
1008722,839572.1334958752
1005675,275130.9681576704
1000444,289658.3548874901
1007793,377004.5341085155
1013869,334729.93321879563
1002067,762709.4798604951
1000680,427660.1935888854
1014261,150266.0786154643
1002004,194006.88304933824
1014357,323520.3824936147
1006564,328496.9375926112
1012486,477504.39112993167
1008327,286665.6396195218
1014927,492112.406167187
1016358,496617.08262548514
1004321,669716.552769226
1009489,545867.8149816352
1012778,514438.73858883296
1007474,1244481.1682727705
1013121,398362.1915568727
1016128,203044.84048294256
1009970,422119.08764184825
1012507,366543.8738764557
1003514,549629.8298055613
1008680,409308.581452026
1001048,742708.8913065683
1009306,1017059.7879622995
1002808,286335.64370893623
1013767,645466.5775768706
1003098,741600.9650688661
1015467,1002942.9469959367
1000732,544362.2496622582
1012332,501604.99044741946
1016463,198032.91636864137
1008306,511797.5667112885
1000082,232474.53733311314
1016942,354970.18972816423
1005131,244551.4690820493
1012116,333697.5652115676
1001352,336376.9653240977
1010888,928050.2613623607
1016602,453840.19083200226
1004492,256549.30168314665
1005418,689778.781489463
1013371,172692.3360337365
1015183,418252.3185634894
1005090,286976.7765684233
1016445,570973.6191708186
1011665,1124196.3768275927
1008838,490015.60045925324
1008874,886764.6655086165
1012856,542022.5469676482
1001188,525601.9152665623
1001187,470032.266570511
1008604,196108.96197210718
1014429,460499.8974329459
1002847,478248.95559856115
1001025,521684.7457258692
1015817,981347.0295788422
1005642,479672.08199777355
1006378,1301223.3115076707
1001069,749398.4850597761
1014222,401073.90007559006
1016125,696995.0869764127
1002759,250150.8056233214
1011156,616020.6246326481
1011969,376932.7673312946
1001545,458860.64630313497
1017127,371883.31707814103
1002355,228912.09934399367
1014169,478899.72628090344
1008570,569222.844523006
1004005,1086969.4281627445
1004894,549339.3149730315
1012897,515659.7128397946
1003477,358832.83339908835
1016230,724555.7646008272
1002997,235534.86649360045
1009934,303415.8884952398
1009074,696198.891255929
1017484,947648.4235311968
1008101,585039.0233600739
1002220,678511.9934611728
1015864,633869.553201776
1014237,982573.4997629387
1002982,625562.5761137629
1009718,1226972.7676588742
1009757,440249.0406665089
1006687,1018112.2573520018
1014726,205330.58621657858
1002009,211604.281526807
1013798,381589.012243291
1017131,550672.1625688127
1007602,387360.791963586
1016980,1075341.5104836838
1005173,115435.6167546039
1016941,344320.3848100154
1002924,632643.4274759729
1009576,182912.65246763505
1002851,446305.8978166029
1008706,433020.819020889
1017475,1186194.887848582
1004393,110058.82217933515
1009382,998519.2394231368
1003761,347917.32602925226
1010699,474870.6505953274
1013530,443452.2092473709
1002399,493671.70127764554
1015545,400690.8135648053
1008940,665990.6532176066
1002871,164175.4820830503
1006334,119088.68779833538
1010723,406958.3393756467
1014722,241555.0458718868
1004260,924092.8955802633
1009453,633112.0879940218
1002785,379304.2191171358
1010931,404755.4180603957
1002958,525069.039506372
1017144,508476.5040062917
1006265,390658.32556191366
1008271,774936.7700539186
1006945,453961.29786407657
1008172,421804.85714639275
1008449,724142.0753316857
1014495,493251.0347912748
1011614,918247.2502931234
1009895,478015.9068523687
1010979,712823.3766648641
1008507,428329.2214870099
1015957,460065.7802653918
1001535,288346.1008647796
1003583,687260.2001151355
1002687,756452.2573550117
1010112,420745.0749193121
1015560,563770.7683223496
1014494,428784.04541308247
1011340,701044.8146611154
1000258,199294.05145724872
1003971,752916.7065731307
1001035,1260200.3191793375
1010408,429732.802175018
1010056,666846.6866385984
1009680,289459.9403645713
1014770,627897.987766484
1015729,149118.5359909165
1016113,396289.2098033867
1006018,156254.36812554297
1000288,1035694.3158443661
1005715,190673.7709733664
1001051,687991.3797231416
1005120,1014525.1688254466
1016506,409117.3158190154
1015788,493446.7569789539
1012567,670049.049939594
1005501,463825.6357375297
1015647,340713.5094058888
1006683,505537.78397772706
1010920,719250.4756039026
1008340,463112.00223436626
1006967,546973.2775841267
1014171,440493.20222394675
1012701,585261.9756353806
1000794,143205.28261353515
1011295,485986.5072532663
1006299,224616.95384053048
1008185,1001216.7465912345
1014147,696671.7710413996
1005204,247236.89372077992
1016261,367900.7021510699
1006263,524112.7031297292
1015917,149039.9510436008
1004785,1030514.7712261133
1006505,103628.97391775025
1011258,298912.23432200745
1000552,368853.49521624635
1014923,114100.90709546639
1007880,881955.7107120013
1015400,327070.1500005231
1009180,460429.2756210794
1013396,535946.9287987059
1001661,399336.5515160351
1016813,486954.30135418486
1012556,165328.7275303821
1015223,285835.7014146751
1005332,488553.3803795074
1004594,865591.9930071404
1007812,465634.5026142102
1011192,1353811.0242822152
1001841,400450.36636343267
1008180,561112.2274060376
1013870,480613.06471192365
1013079,559209.7178508067
1014975,490900.7995131284
1004098,279980.62393377203
1008774,1291425.6811754862
1003191,512466.6148628376
1009068,1079011.779160826
1005009,834543.4720493391
1014303,809589.0241205391
1012081,963161.0639355591
1012925,209905.5656300728
1013875,546825.3246117361
1014159,201356.93712828425
1008231,433223.9749025346
1000863,177434.27469889208
1004737,788239.8538640897
1000902,701186.971509153
1013830,285785.726454712
1004371,534821.2308864703
1017294,728965.4011919742
1006380,496883.3313694091
1008036,497026.4250937309
1004739,370021.26553533785
1000942,313343.34340468084
1002715,367412.1364058778
1011741,499504.4389000568
1011496,929223.6722021326
1004442,314207.7278804811
1007132,548218.0544762872
1004358,416292.0846526507
1002891,521782.41524762707
1013353,577585.7017255988
1016443,508122.6943239587
1003231,566345.0580916157
1004702,469210.8360515057
1004229,162971.81727174637
1004015,307114.1204260079
1010572,307998.7294199154
1001996,657796.3310766628
1009722,326837.3687463857
1006989,882015.9167633296
1005792,313259.69283964386
1002780,478018.94229708565
1005719,281910.9629195409
1004866,512462.3412011407
1002711,378611.7868819315
1016401,974983.2462634649
1006179,806919.3042552735
1008557,234607.0360946812
1008723,493874.34759839834
1006642,552668.6525086315
1014450,1002586.993830913
1008241,1159692.7362163544
1006578,745908.2603925276
1007052,892454.006923239
1010958,342995.2979191045
1017573,240147.03112966745
1009439,549936.5144840099
1016274,467446.862577137
1001137,402272.5288243369
1000215,437194.5447571101
1012285,694324.2118100757
1014276,763424.3474451539
1013694,906603.4979740438
1009251,843020.0942395598
1009481,420514.13231902657
1007043,479644.8671124929
1012141,369744.4838218399
1009059,342260.904242551
1010871,268746.070924173
1010325,196524.03938803417
1001892,346759.7080369832
1008412,1344038.5598975439
1008786,291033.35236127255
1008526,982809.9281613122
1016026,259882.31099416438
1002297,212686.8312276145
1004564,209520.5388209644
1014921,138535.61014866468
1009380,523582.63706796436
1004882,231150.40456812378
1012888,371333.27677649126
1000091,572357.8123324715
1001235,1011931.1971438316
1010006,119030.7866995979
1015990,349582.9940916011
1006666,631123.6437317235
1008012,794863.8572959902
1008022,352444.831362329
1004670,606005.584670112
1015794,1209316.2729976093
1007937,463271.344041096
1010420,317179.63340614515
1003255,628196.5470046105
1005572,262314.95194281003
1006587,225516.25070337136
1004933,744126.0847934922
1015849,442885.45723700523
1004704,121262.02256859845
1001633,474400.17724599934
1005861,700724.2894095457
1013674,170382.5658812478
1005528,684550.8772849682
1004555,901098.3118686954
1004559,572549.1940177891
1001159,239987.70251549067
1000193,394044.99508115015
1009611,461471.27384967933
1016068,799547.9759595091
1014111,613965.9450856369
1014140,1035465.8938552131
1003803,578929.9299169075
1000474,532792.7724510457
1007635,443158.82221534534
1000666,743905.4420866824
1016664,507010.87429906626
1008787,328648.12139421154
1017418,290499.9963943423
1007575,302316.0906471862
1004543,575856.0393025655
1014053,1068602.3422950106
1007087,884631.504729587
1014764,416776.04682300176
1009695,445187.26059234404
1011012,166176.87866847124
1003139,703932.2491461886
1013646,335602.31977701397
1002770,317331.82167505886
1009494,349012.1047518676
1005359,177079.66685575474
1006824,484643.7719973891
1002202,464755.805640194
1001433,437568.1767771564
1005438,1202114.3951066055
1016060,247998.55756638676
1014376,985683.9319792434
1016690,560910.2649374478
1002392,814756.4670131031
1010672,267515.8417463897
1015019,452752.08150472277
1000460,600088.6142953201
1000792,304982.04301273194
1000266,204787.59602721344
1006859,524403.5910897821
1000477,350825.84684838145
1005860,376851.9005285763
1012946,560627.3322665489
1011005,114279.66054825531
1002483,491762.0379885654
1005505,1175972.1989475556
1012215,713380.3107687812
1008248,283402.02364467195
1011694,1124140.1951870015
1001453,276737.1930166518
1015557,463243.94114494347
1009299,468301.76900147134
1007012,768276.6415754686
1016587,888117.3917035918
1011931,899623.0086167913
1013903,300488.37172970676
1009087,179754.73610954327
1002034,517640.103896052
1007116,573906.7912311543
1016130,1389670.9416148127
1009212,403474.23576733284
1006644,1166021.459603263
1011738,886875.5956390502
1004363,373558.15103878354
1002428,464693.3620139551
1001088,815453.0285445012
1003238,326019.21254800813
1006042,386793.3512770825
1003625,1385737.355372816
1013363,572069.8996521649
1002015,1194255.3995406206
1006408,283923.70801477303
1001411,445711.3250536441
1002762,150545.41241723738
1003285,578713.5331894356
1016938,596072.0604964027
1006078,396861.52914123796
1016115,300612.08694277256
1000882,372044.1484412258
1000929,785581.6530457308
1002799,544979.2256328063
1002815,390162.53638131195
1011371,1037343.4216213167
1016625,839851.6683405689
1011574,164014.88928695655
1011936,319263.0109746755
1013730,307109.7731488098
1002143,754087.1673699283
1011452,744320.2157025845
1009384,676118.4854542667
1011071,355519.41558326496
1013508,806126.0278934623
1003833,447449.353762335
1014611,524925.2573747883
1002336,1030106.3585845039
1000631,773296.8938058503
1001374,946566.4021460884
1012570,452865.58850805816
1003032,375790.50237229926
1014027,117805.28651304782
1015121,381845.2745863067
1010746,321501.84952109243
1004907,491492.48733731895
1012477,794826.7201319874
1009751,162886.34167491435
1005212,1343807.671102023
1004911,679159.4396615196
1001059,269289.2443428528
1004650,632242.1340239135
1012287,619925.3494969963
1003965,297724.79491368093
1009684,481623.2815531893
1006603,497708.71195670404
1003574,656726.0472433857
1012086,984178.6932640593
1009892,369162.3941562174
1001697,1071497.0320674342
1012929,590964.2587335506
1006823,252713.941528806
1002419,342675.09617988754
1009266,475949.1514507447
1003575,676214.8068906502
1013746,346302.01261301583
1015919,748680.7407247889
1011481,504365.18794973893
1006726,285767.42062008416
1010531,606197.0776950603
1000604,1011892.2715915771
1000601,666298.9326858773
1017020,187318.0270831486
1003117,462290.35171444784
1010985,864536.4991269928
1013934,444032.3182088523
1000140,307990.0818930041
1010207,315229.64606086444
1013666,465061.91262164444
1013972,816526.5316944778
1004121,150451.95295108706
1002456,343317.09293668694
1003292,218676.1828988402
1004387,1053989.199373629
1008853,510746.0022680183
1004437,281444.0070746501
1002272,860387.911940207
1016387,647720.6447051327
1000596,235851.51913282974
1010329,174363.17209358644
1010762,672784.412558047
1003762,385690.79996188806
1011825,610658.9746563951
1015429,463742.3774710386
1005408,457050.1437142351
1014570,690100.0037164273
1005024,110912.65109803701
1006597,323099.3161396153
1017510,465271.7297880751
1015370,1022985.8181431884
1014556,623164.8055902141
1010108,449834.6858233948
1006184,397036.01900540135
1002171,155244.91130431066
1005064,267145.40355191834
1017434,1200319.487453985
1004351,459815.7425423958
1000510,998766.6016600974
1003834,336704.3792150416
1016859,1036813.7614506126
1012323,669830.657768864
1003383,390752.6554799587
1012009,170944.82774597773
1000039,683217.7562517438
1009764,404995.35311019386
1006987,446225.2166881523
1009598,151979.5942289852
1017394,500245.7812043772
1009333,1156355.2867954096
1009865,562851.2070983358
1014258,778000.7320812723
1017356,410507.7387407926
1012182,530356.1039843023
1005691,179491.31710612922
1003976,1124322.700146651
1006971,203891.75068165106
1001128,649012.3298992569
1012895,612536.2845982757
1007070,315214.2019806697
1016837,741052.7772542643
1010190,323981.87642574793
1004815,1277151.3892000339
1010916,1095736.060835955
1011136,1099077.6647709715
1007306,1017270.8644986472
1009341,264563.0931984842
1004204,610200.8862620022
1006894,770285.0138314094
1008985,1196857.401041321
1013456,987677.6722051705
1002179,440010.52082966286
1012926,642095.5578978296
1001245,253954.80615803867
1012842,905884.6858654142
1006940,1261353.6869836226
1005827,170108.4232372816
1016849,1033754.5875948886
1003931,421896.4688449743
1002543,840187.4731371979
1016933,183345.20302016617
1012346,603928.269961389
1001439,196905.06664415848
1008593,1066051.1340124265
1010352,586869.8073981166
1009007,345872.8047065507
1010663,340324.388854426
1014236,431428.08826687996
1012447,357013.13985383965
1002393,316486.6097122048
1013817,690144.8809320941
1012169,422159.28617629537
1013462,237347.7526881029
1000318,128927.27878970146
1008603,192795.46833693437
1016279,340867.32024982525
1000496,844550.7532294309
1001421,124658.56213257053
1008833,582765.4134299894
1013397,524810.0212753962
1008069,516409.0632564809
1013274,410278.43974678434
1012371,498424.0061802975
1014573,576161.0637182089
1006458,645825.9812718421
1004065,567717.5794754275
1000392,458256.3924132631
1007965,357626.8654983173
1003649,758635.3626652162
1001330,776305.2372494872
1013356,472813.9002367473
1017140,755021.8955239992
1008806,435317.44349889376
1009965,443810.6302115772
1012111,569778.0544350981
1000191,275743.9560285411
1017110,775822.7207620674
1002113,655913.8113787604
1000663,588267.7802230713
1006094,459970.971066687
1013277,344040.87818868866
1012935,437622.68398813467
1006120,602063.7183816367
1016601,753698.9782034153
1008890,565505.2530028037
1005972,592670.3125291854
1008897,956466.8645385372
1015337,482780.6412282475
1002408,473320.20203282684
1010815,173550.24029156702
1006969,327550.34174274374
1015480,402083.1631136568
1002966,231482.03030720845
1000451,429908.639998514
1013268,282962.288708833
1001214,317020.0311580815
1004267,472530.78611427563
1006851,405366.9782183535
1014190,515932.25797477824
1001390,934085.0904976839
1008384,210978.19985007597
1000633,654548.1843868801
1000058,1251745.5937922143
1015540,464494.0744744956
1001328,566822.5302217873
1010098,839537.427968817
1013453,467212.24590993597
1014050,499437.20929350395
1004898,712352.2283385565
1009643,1005278.8463792923
1000408,300153.8892310162
1012606,266603.3832487623
1001322,1063028.8959251435
1011370,1097901.8273461515
1014252,261575.20553153116
1003688,505849.6036708961
1002676,444067.25188321143
1010786,1446068.2173511006
1003204,1004924.4412937677
1012586,377107.7853091987
1016307,445845.3291584153
1001013,680630.3785041354
1007174,448472.40918113274
1013661,373932.366413021
1009878,302785.20836648514
1001273,653975.8242549887
1000141,696121.7423853441
1002717,1092778.3320665206
1013588,417195.89871182886
1016843,450552.5083193053
1007911,268513.3009117269
1003453,139389.83693940265
1004400,451489.37294959836
1015056,491017.18617984885
1003245,969363.9152849874
1012157,331524.71555740666
1015068,915026.0720000778
1000202,501202.93418368703
1013828,424009.5964355548
1005079,134386.21669685256
1005602,986381.4713640376
1011057,340354.32963058824
1016785,342937.5032006919
1014405,933111.0396735073
1003610,683187.5772758028
1001744,1105062.207845201
1015441,246992.47884343515
1005750,369606.02827066917
1005579,315617.6881282852
1004075,391223.60939822433
1012705,641912.8357331484
1008980,177829.96388005075
1008628,319124.9825834792
1010183,655359.2088366525
1006947,262425.24125863204
1000475,366721.41640707786
1006019,369437.42996613093
1004355,220512.68638063816
1011207,997395.165447503
1006293,296386.9841148394
1000964,311400.5107305962
1009648,471593.17351938726
1005363,411059.139032786
1010842,962721.5751644054
1016658,683694.0365470509
1008418,163551.9241722882
1003880,86047.77540478478
1016024,287112.819251641
1011525,821686.8077623446
1005833,731625.3699997353
1003391,197986.10858694382
1000815,448421.1834260239
1007898,256764.67774845567
1015070,333844.5867187601
1002654,853212.4311616848
1015925,740918.6606849818
1006609,493999.57085997926
1011752,341420.60071536485
1015883,750776.1748061929
1013113,682351.183208673
1006382,460633.3553641783
1012811,1078769.8871436287
1006360,565611.0829305667
1005440,748994.0040934816
1005112,682289.7420265342
1008627,221811.73706166082
1009955,155651.53362497268
1000682,364499.4231605909
1008504,1086570.703656308
1005890,1092317.7815774695
1009781,829904.0956459899
1007261,320019.4626802382
1014321,1205788.142572059
1017245,345685.16855248646
1005357,271378.79312764225
1016373,312088.402669317
1008525,908315.0266134255
1016979,1145082.4338782213
1017102,857557.1510241788
1010922,392113.5256790283
1014904,223604.0471377874
1001274,535998.3418847948
1013738,209880.90884955888
1000038,578311.949228743
1008641,340733.75661272404
1001133,268638.88070249825
1011205,1281432.1889067097
1013969,385545.55187838036
1008818,368344.50354337436
1014654,229728.92505197637
1015153,966698.6558193392
1008417,434735.81878648995
1006362,310962.93517464836
1014549,465085.8777431748
1017366,591948.9526999951
1000132,523708.37316010066
1006675,1351444.1997890898
1009656,189534.61781343396
1002733,414116.587088981
1003695,717942.348673204
1002791,1078958.044681005
1008900,472519.13627139543
1004201,204296.780476617
1003050,1237150.25605519
1007896,325630.21531175845
1013900,430011.41159664304
1006447,478546.5795840669
1017063,324063.2294283363
1001222,391288.8291207434
1014305,299396.34856202686
1009329,543963.8538389422
1008278,335188.2032875024
1011775,670193.2185759862
1003589,1265196.0300705303
1003818,499460.34573849
1007458,832319.848335649
1006670,1305389.421269096
1007257,218659.8251136843
1007765,836032.6794698223
1006289,331039.5923321376
1011895,657546.4913503171
1012145,323193.50920455845
1012364,848221.6608101304
1010114,420687.560488611
1015374,267052.3703452887
1001102,398340.7373725752
1012481,505155.97765812866
1016017,1416540.1774099506
1008656,550680.5472971629
1002594,155021.34683321626
1007395,366107.7105766066
1008116,812759.8276534744
1013316,664822.6997800263
1005157,385362.33575768024
1005276,225679.27132854785
1017602,828988.2567978895
1013927,322187.8357487483
1002391,856198.8027372528
1016586,584208.1182271825
1014627,152892.5082676589
1013475,587471.3431260242
1008908,781571.1346238317
1013153,443306.9539052688
1012485,267750.19502559275
1011808,340616.27578452136
1006617,470809.1968666527
1001742,523449.97349846776
1004209,548281.8536326409
1002453,1218189.288153687
1014157,774059.6096489324
1001793,375637.4384794563
1013238,183343.45046974203
1010326,794386.334694167
1016597,514617.30693232134
1009287,346778.2281410619
1006390,974404.1674319649
1002072,856297.155073601
1001524,392560.1337464727
1000233,367948.1381648843
1010899,523080.1235819304
1013066,223765.8987603975
1013684,217708.88742637075
1017103,499146.1857153667
1013993,884965.1901359231
1017192,352572.1875734903
1002813,126059.31086945705
1000445,717194.0484085671
1015764,537733.7626053796
1007031,307293.0077862301
1004101,469857.69175086915
1015724,628838.3756133982
1014745,638199.229135911
1012666,423186.0287796051
1011529,606380.2567917196
1015943,183741.50652722857
1006729,325621.59602990287
1007472,499632.27550403745
1005062,192211.65611212482
1005683,615169.7961506017
1005013,1347350.2777202667
1001138,518353.3586811962
1014851,435925.60895187134
1014629,372346.74383832136
1017221,628275.0647427536
1006855,566737.0484197102
1003676,907849.8627157641
1006141,517812.3860037231
1015954,500657.8063651137
1012502,338545.122981684
1000249,223684.53911081285
1011524,354003.3868419852
1012574,426802.0126418648
1014057,676088.1154769493
1008023,450567.818768907
1002096,368829.25396812917
1005002,383266.84622538695
1014938,573830.5280547214
1012130,393200.54192486906
1010665,426039.6428011903
1007405,153681.47947211674
1000561,539092.6696845891
1013783,144259.2764849077
1009383,278513.07720529207
1010164,459937.02960232657
1014893,208451.62130585974
1016133,450299.6307451655
1007166,938422.2139746167
1001884,189508.3352653865
1015959,1233410.64059268
1009375,316706.10082549276
1002832,502822.9322188688
1014833,307507.5523957359
1008111,627170.2911102056
1009888,185862.9701669894
1002534,124913.03671147126
1014799,573681.8669791596
1006333,607784.676984006
1005392,387677.7290314664
1009293,925555.5065880863
1011335,492033.6016734402
1009448,428716.603375998
1013329,495206.88879589445
1014242,502885.87142214674
1015288,367062.8578535911
1016688,310081.20195132133
1015159,277791.2541194201
1002063,1091708.3663280401
1005978,342803.5401363406
1002578,222977.1282653068
1013144,385966.75507650414
1006632,550054.2070978151
1015589,976059.3812735063
1003547,827025.8760993537
1008052,548321.7017048828
1007858,730247.9941313553
1001972,272447.5014014436
1005317,533960.1962647747
1008346,361625.03388929146
1005732,236506.88429317513
1003302,1014201.8103927058
1015436,989037.47804939
1008986,341210.4366477173
1009941,1016359.215578058
1006798,719150.7478913799
1011257,157763.59735424386
1006160,175953.28337054205
1013514,752008.3363185768
1015096,322610.608108079
1003344,393882.30196098844
1016309,225357.4878096185
1014439,468413.49134089594
1003968,101861.69426228426
1016392,694286.5527839508
1010554,899681.8683173258
1000985,397379.32839962764
1016657,688205.8889732062
1008075,448427.6194981722
1007342,968594.3683862804
1012919,1002966.9555980731
1002311,485589.0705771018
1007839,1322683.331821693
1004339,535461.4233401922
1008712,1064846.7997422186
1016881,679940.0679662606
1010848,778503.8352844242
1012731,358591.04227679205
1006191,324043.95736752584
1001565,513077.8490131468
1005800,268848.49996702425
1010969,389507.8043013351
1002471,752641.2641612599
1005087,648961.0647699477
1001611,408989.2669901811
1010585,329444.0089275678
1000903,307991.85745514586
1016871,391894.42194170936
1009103,670779.1930190246
1001014,530333.1339680528
1009599,485816.10725941905
1001327,1115330.9070583056
1013470,371839.2927420936
1007518,868662.1971847219
1000625,442595.7201510792
1011169,706049.029672738
1006831,254653.88521012032
1004131,316815.05543399655
1005544,209495.60835479156
1011843,275158.0761949791
1010897,932201.1454353038
1005329,731240.0007875222
1012273,854518.4260640909
1006251,259615.54926353658
1015575,93104.51229374696
1006640,427133.32799089956
1011988,719312.4345758656
1000506,387476.92231488205
1004462,331886.94026548584
1001109,298417.3859843921
1012843,371492.51839358814
1007894,232779.05509810828
1012017,228719.2691020135
1008347,429873.4526399847
1016606,406353.8206265674
1009071,837486.8448617526
1004835,1387209.8387419141
1012757,961685.3181742284
1007319,570989.2312691166
1012101,880546.4640912825
1001488,1245656.3314203157
1008626,870367.9300128196
1000165,496147.5307556861
1009966,484317.52482858306
1003524,442536.13714974234
1001693,170574.21595598257
1016457,1124842.1919707956
1010347,145191.3504937657
1006260,294529.1332584154
1014907,203112.7097062303
1009392,1070190.4394026946
1006993,584257.6372753703
1010734,221190.78087281788
1008285,256288.0567834019
1005458,320866.4853097217
1001483,253560.99054789933
1011531,456138.79107804835
1016384,183292.78603892954
1004937,862079.6431533607
1005221,334456.6566235892
1006604,313989.4471846649
1000969,611460.6193549061
1012755,480362.79136836145
1013175,191023.20822979408
1003462,363958.45995422173
1003599,733742.8441592088
1015821,709022.2589219594
1016158,479946.56911933335
1002742,316229.68442964565
1016123,648223.2249224406
1004724,1189101.0498917184
1009519,803036.8871516882
1016499,610932.042300837
1012231,362752.46547908284
1005785,277536.0062879862
1014845,172390.7939405998
1000077,376974.7966071568
1013341,961968.2118992289
1001003,487363.6175655513
1000810,485913.05010114296
1016566,166301.35661296893
1001695,690642.9416609795
1007508,445974.96792346257
1005037,217176.19008464337
1006255,370837.25245706365
1003452,802431.9141138904
1012529,241782.01396071265
1015646,439912.3983620412
1011457,587671.7641122648
1008832,560257.6017399859
1003819,241127.71463403857
1001454,445353.8299945063
1009805,580792.6585533909
1010283,824472.8281380411
1007284,1147135.9623994967
1005725,282448.9579921906
1002318,988835.8442345074
1010991,828315.0687763045
1008356,224918.7719726922
1002314,696865.0330952435
1002413,542099.0376891416
1017537,234632.99921008656
1015694,468017.9347050927
1013850,200560.60235626771
1003059,371566.5057594665
1010999,365729.7194310204
1004438,178648.43659118065
1009675,462951.92059663235
1012583,489683.31867134565
1010319,475999.0939879997
1017273,547148.2636268642
1008296,524546.5741696989
1008372,1185067.6907605566
1004830,1029904.5968173984
1012523,623924.4196625444
1005048,558417.7121499173
1007722,399713.30936864146
1016906,559055.0888168868
1013101,327307.3796981019
1008729,285378.8770183529
1013193,519779.22262835916
1013809,231973.27462075956
1001373,158347.69521345137
1006693,957986.8663461462
1012565,871990.2456576063
1016145,695212.0056813174
1000146,667750.5456939803
1007982,313952.9677376191
1008738,431891.55068380473
1010574,530080.2249874966
1014143,1270254.4739884187
1006555,496800.8602111592
1011725,646761.2475258677
1009406,314520.8222806129
1009367,417319.7840040286
1005459,883261.6039728572
1017288,410466.659431317
1002873,1034539.1487576186
1005466,604222.1590521698
1006496,103465.8132496219
1015144,226897.88911373485
1008614,426645.0522270964
1010816,932172.9571184927
1003750,502562.6478358337
1006347,482399.80477689137
1004507,449128.24234113295
1011000,677609.7526988048
1009709,223401.91644561672
1014320,406927.2069178311
1005364,627858.2874254909
1012657,140939.14517681344
1011355,356539.00560942106
1004961,367420.42594035994
1010771,214413.59107734563
1001778,273621.69931365957
1015295,888552.879300879
1013304,312586.2769455366
1005413,245628.56112770026
1016679,114969.78648029071
1003551,555891.378930055
1009482,820567.3581650398
1000270,584594.030016141
1008055,539663.9144527474
1009999,662208.5196246122
1010310,340122.76559452276
1014712,925468.8542601732
1012782,359326.0754447927
1010054,367453.5813854122
1004089,211963.67287191702
1015940,388392.70941551303
1000021,155688.3990307974
1007978,1065494.9969505162
1005961,176019.15555264082
1008804,716341.9916657348
1014909,541748.2785752349
1008195,579033.7929047919
1013614,443243.17803977267
1007917,416861.7282201582
1012881,568487.9384119466
1010269,658583.1060211625
1016241,198122.53253740782
1011400,258984.82124929343
1014322,357904.23286012886
1001178,522838.8424630054
1010775,167016.9056253532
1006475,251726.08076605698
1006314,739520.7520244347
1012904,339698.88093910605
1017252,171510.98586231517
1012603,521940.111231412
1005944,824866.0575110273
1013073,544548.5860716245
1015898,391405.4706154407
1012250,322925.48067206756
1015338,374780.4720816466
1003510,236831.92279216548
1008355,623222.1220585158
1012032,354762.72460013314
1014456,430962.018855687
1003572,249731.70026280315
1008202,242805.19553529005
1000373,423556.42150659097
1016408,278051.63353297854
1011267,1404545.1595311225
1014225,771467.2992926646
1007155,534714.0114346442
1001556,488637.2618181382
1005036,254881.89309198118
1008038,238747.68643536195
1010346,800271.2742150227
1004722,252747.0949098493
1006386,1098891.8211995438
1008010,347398.61342707725
1015844,282394.52519479865
1007702,753788.3071241452
1017396,277814.7844577119
1016910,792549.6863739969
1013885,478568.44379907515
1016266,531566.1839148315
1004518,244642.10933720827
1011491,537885.3498441059
1003944,636930.8032757682
1013017,388804.6846504051
1001857,946221.2288709121
1016892,132260.7037161921
1003070,358570.8866277929
1001520,461397.65659939026
1001321,1314548.8088601406
1007072,391674.4576553544
1000264,374712.1170046987
1015671,569514.0967012146
1015770,383321.45886356046
1014139,577057.0434451028
1001306,168232.2293850887
1010685,545962.8284563817
1008861,1207263.527154931
1003850,611305.8984336358
1009824,1202858.5670353912
1007688,1037006.6840995346
1015863,943663.12117922
1006770,947725.4100009678
1013352,530489.4460519424
1000618,453243.62360378116
1014959,941930.6177895819
1002535,760690.4088982844
1012948,110240.43093655385
1000124,681413.9409718448
1005693,613755.0409017637
1008966,285332.0267621026
1008037,344797.01913538715
1001732,943586.4724064961
1011459,444327.1617042761
1015624,196538.78971013133
1013219,234122.54429697557
1008408,433631.1960764587
1015114,380833.8718279585
1004211,226625.76669377318
1006441,278940.2923362692
1004700,397066.9603449339
1016526,265405.012318092
1010935,237264.59839840824
1006523,101853.46897804628
1008822,345314.00264445605
1003349,387087.3849189806
1012952,445776.2500559576
1016237,1113933.4117532144
1013447,570995.7659899615
1013289,436402.1350708331
1013496,245629.014569382
1011985,165009.05732901645
1008805,313714.9202034231
1014673,523646.6354447879
1010563,518279.7304965346
1013282,632166.0580854134
1004928,702914.8459363817
1015524,705430.6613526518
1012569,247942.2403475552
1017454,467578.22089245723
1007017,429655.6896968195
1010028,369547.8713287582
1000690,530663.6671988958
1015489,1001005.2310235451
1006409,530794.600516053
1001360,646416.9906689968
1013874,233640.48342417323
1008106,441788.5485621687
1016867,386223.1257992346
1016461,226383.6280560908
1011605,543724.742180842
1009226,320232.5870269608
1005815,258547.00661562174
1013119,780485.7902488813
1011492,598523.7444701527
1010252,855887.3668403237
1000400,786682.2559927794
1012451,562892.3934378374
1014324,726611.743660883
1007369,414172.98766346124
1001848,368219.458277018
1003587,939876.458563842
1016876,276112.50680416846
1010353,243465.80868499007
1012097,502956.8164034997
1012208,329853.2518142398
1011135,253295.84685903398
1002327,944262.6251407851
1016280,311515.3411102592
1007298,402611.43356274086
1015546,940403.1836096552
1009219,519805.68047933903
1005954,837849.127902861
1000419,586113.2832909788
1010432,739882.3875586026
1017133,406389.5854622123
1012299,437896.7976969671
1000567,314898.38736401545
1003955,357530.590977892
1004426,1158411.425368892
1015612,775503.6695821462
1017114,216434.7158184368
1005761,277321.91882523784
1013760,916223.5726709872
1010720,830061.5840340264
1016208,906806.5280703915
1001710,1139074.156090613
1005126,337795.98268699256
1002619,432213.04833302606
1000779,256688.27185521193
1015564,263641.97644762456
1002613,109389.6863804969
1013563,560428.9700545842
1010286,447597.30641270237
1010180,934966.386176148
1006992,549801.8419729699
1013564,830893.0646008733
1014228,320896.86189025716
1014219,917442.4322808648
1006585,1235392.0651590694
1014492,762882.3591462452
1008522,228794.77929135048
1008752,163651.2920835057
1005916,326621.72028376337
1006629,885490.6033757833
1015685,347094.3313027274
1003206,97211.1841139021
1013597,972296.1090946652
1001992,664906.9389184908
1010043,593082.1122520212
1013343,352390.62709611625
1000087,651735.1096649342
1008358,545622.7871065489
1012383,119229.96271719808
1000533,391819.8553063713
1001546,455012.88411198725
1006462,436474.3390482017
1016132,426615.13580305834
1004850,1025081.6613195584
1007598,430096.7576453153
1016593,422775.6307010185
1009271,660600.2209758728
1006913,370645.1684197267
1017369,174374.24360913216
1000695,281021.8954367405
1010383,302305.4822699248
1013337,863175.1240839817
1009671,700848.1961528967
1004415,104510.38602889937
1005278,163987.04956526245
1010695,429145.9694216854
1000017,484699.2465764001
1003664,691056.1649558187
1009571,550719.2640705853
1005581,963767.8356905404
1001009,714180.8818713604
1016708,866384.2808407454
1013833,638389.7470057893
1017502,185293.34881713305
1001479,386130.1143770336
1000712,578493.3383363665
1015143,494742.64193205326
1004372,475747.72064454306
1006958,1050728.3439781782
1001536,423978.3274336262
1015842,418525.9091595138
1002805,176125.97331478714
1017449,348583.2683432793
1005530,332050.13188070705
1006880,917493.9391174811
1005039,605943.6072020307
1004074,92425.0381179803
1003956,776080.9700510381
1011707,337107.5034121302
1011593,857284.2657437437
1011601,516882.0840438076
1005632,451100.8749490873
1003199,729750.1026264703
1005305,366727.46240542777
1012698,222304.20875209422
1005808,329036.24323564925
1011771,549693.3796919258
1005407,1005905.5273961392
1004738,236763.98102754884
1004826,952890.678642323
1002186,395376.3991010231
1005365,467911.5155576026
1000951,337289.88276559225
1009700,404063.9400808076
1004776,469240.34010737686
1013844,360629.75234555907
1000588,367551.60299013276
1000819,505246.26997956703
1002590,540573.0819511557
1003918,141519.75893475153
1011060,272549.9244945249
1015226,301051.85380198236
1000151,379147.72299029416
1008982,187370.82690045668
1012015,675369.924748934
1010837,821052.4775458559
1017422,420035.41510895186
1004878,150107.96636863844
1001722,1442916.2760053365
1003536,493106.7033338393
1005681,375435.69435320375
1015082,409990.7982086308
1009149,955217.6516852034
1015582,936880.3260794609
1003116,905034.5173086165
1016438,283372.747330039
1000746,354624.1905785706
1005923,374119.7041778851
1002979,663393.2893985584
1006174,366779.94730514346
1014454,339632.74585259194
1011089,204221.67630128382
1013400,356143.3711334723
1014115,307350.61559620354
1014052,416880.4977929389
1007041,343529.54267725314
1016039,242987.30962574968
1007099,174773.02098922728
1002221,300488.73516009824
1000836,399739.7534263571
1017005,200612.1879888824
1015594,318083.95595773566
1004171,500811.4697641691
1015319,547181.7537112746
1007617,1029822.4055749953
1017106,543600.416979499
1004498,371133.69995608856
1011307,895782.7324082665
1016944,1171504.6404083192
1011739,354486.1929988136
1002093,460715.17698715796
1000546,493390.0859145497
1012936,598234.7759298192
1008709,579724.7676739836
1011595,544467.2885324551
1010567,626328.9370291202
1006841,358882.5043159265
1002781,433569.91237610823
1008204,446593.9914472362
1014087,558287.871062557
1007971,258412.95306225203
1007556,526834.1622387611
1014980,516256.34692581743
1004198,782949.6254996409
1002921,320183.90634253516
1003498,1506287.417837631
1015105,1042993.5302652585
1002062,321835.9425510884
1013812,409840.36076763953
1016569,677314.9842122807
1006241,637056.7781608648
1013910,544096.4496493781
1014517,271590.83323724207
1003107,246722.9005039438
1017325,434130.71681381756
1014455,236824.34194309788
1009038,391529.4794561387
1008373,847779.558375511
1006669,648297.4857367595
1010933,180165.40764510812
1001208,209823.0701494729
1004491,653318.0442502872
1011578,358957.34104515804
1005598,1077385.7116636524
1005596,599100.278815565
1014691,447150.7326744554
1004018,132753.4230777224
1013468,276000.30818753125
1009012,385222.6863462197
1008192,572502.0732820573
1013982,596777.5931386248
1005892,933301.6819355085
1009940,1151899.527896736
1004563,370370.9492736068
1006840,744811.5178287757
1006223,370825.1105228094
1012492,1296741.05432383
1011534,349931.6807734369
1009202,566315.9295497913
1001967,450143.5877828166
1007118,235000.58828042707
1003537,396176.0962128252
1001887,412609.490395861
1005816,364746.18513244623
1003148,665401.010475317
1011609,500507.49854413286
1013072,809987.2007702375
1016400,849592.4267964367
1015833,391374.8864692407
1015678,236437.17900707104
1017522,131905.32938724852
1010898,404362.8895249577
1015899,310970.9175007754
1015590,718896.7407337871
1004885,1086840.8574476538
1016434,494595.98084514006
1015128,629730.1470561883
1007081,502665.9798157491
1014993,856083.5879409737
1000289,239424.39887244036
1002955,115083.1345011053
1011598,477089.74857612717
1017060,274835.0845188638
1011643,1415007.7950665234
1008064,768220.6888874776
1006540,739466.7915943585
1013512,336241.12651881855
1011586,1031759.4322684174
1007864,1071237.631587291
1012227,717147.7477274208
1007625,319249.2626021553
1009355,286166.60525595694
1011293,978943.327145755
1014433,306904.39239135344
1000499,334547.57553042035
1014010,509310.25897088693
1016981,304777.5925926014
1004009,893370.5180134993
1000587,1135169.6311932483
1017125,1297350.9345438553
1016065,759918.6151336607
1013114,1221062.5181605278
1007728,436396.3425271654
1010351,976449.8602285315
1008717,468926.55891976715
1008995,209480.69234605358
1001450,144125.8416799199
1006939,272394.8121745355
1002347,351044.1746556905
1010228,599678.4369104196
1004867,311986.79422300693
1001675,471447.49863007717
1008988,238751.68076668493
1014554,631820.5900162832
1016314,831257.4740171529
1009820,1182609.5723791022
1015609,752058.767647953
1016896,305503.05418509
1003057,376435.6464487207
1000639,940808.9631221109
1003172,575893.0689625464
1016560,257195.31157340322
1008514,272164.7237818205
1005876,546379.6669554289
1003210,474969.94766069204
1006878,887108.0998046609
1002107,412177.26918724313
1007313,723523.8715607612
1012026,468235.06661979057
1006202,683120.7196334925
1005429,517991.0519446687
1008727,845591.5630893831
1011362,708360.875585399
1010670,283877.3456730626
1006053,155413.93633514497
1015789,241710.9898055157
1006236,336259.2194655295
1016600,570085.2515715995
1016394,229045.4789387741
1012770,278103.5253697955
1005780,648066.5412016537
1010196,103834.12929079149
1015386,890739.6496426875
1009030,142796.06154725404
1006328,412436.812616651
1015142,1285851.7573814867
1015866,1135283.1948850418
1005635,527987.0485845747
1007848,336165.38140911347
1013480,1012361.526483045
1010232,273431.911046008
1002800,188896.19485763824
1007819,338658.99310258316
1005114,456090.3585460947
1000574,590418.5668423739
1014877,1161585.687814239
1004364,668701.0730179326
1012057,487295.7984923645
1010464,670665.1409103883
1001504,520035.25485771336
1002870,641260.9265243481
1015587,290831.3383897875
1008809,418908.9525763207
1001200,921913.4394294298
1017278,102212.64732231562
1010405,455210.58956322464
1006069,522477.7282084397
1002267,394886.5354702409
1001196,465623.61323608557
1015202,525274.6508746283
1004513,348279.85872364225
1009228,277180.5419539188
1003638,597967.032652938
1004480,488541.2883822809
1014850,169731.79960866243
1008240,812194.1965853361
1015269,624415.1768249515
1008302,262797.9892898378
1002549,271482.82343300583
1008549,378737.0646084404
1009848,411963.01457815326
1002353,716036.1192437445
1010129,186227.82508675076
1000216,203022.96412497025
1017474,469236.00315676257
1000705,712480.4254892729
1003118,139359.38297135005
1013542,141026.7215670154
1016865,760652.6690036972
1002540,402620.5807951504
1008420,304889.99814916594
1015668,621886.6262392126
1015944,424131.90154678334
1000960,913995.6720534841
1002000,478408.5697921602
1001784,894441.7407233664
1016595,883092.0055919101
1017407,513304.0248703194
1010371,845984.0156253437
1009061,281803.1858712607
1000175,345337.58302346425
1004173,355575.5354949413
1014072,766571.2763198083
1010278,377520.9066337901
1006146,658378.6377537332
1006721,361804.4877821269
1010142,198021.37902765535
1007259,780608.2654250652
1004290,353043.8448719408
1015640,1406916.3663802177
1016767,220451.6872498147
1005823,551010.173006942
1009347,686602.0228488612
1016150,345008.6071252686
1017379,471637.1590359103
1016759,239251.95400018038
1006664,749834.0471157305
1005184,337631.5225235241
1014162,1299227.8181989251
1015302,428739.71613622806
1012734,247971.05426284237
1007159,359462.4767320182
1001716,569723.508750858
1014839,431923.4566807285
1014224,1109075.7852938015
1001768,215848.6234083543
1003742,146417.08398082224
1000227,351464.8812041439
1005493,537323.9012740785
1012985,149260.77338098353
1008612,141404.3195633957
1006187,329676.5547397866
1007302,678001.2755652244
1007899,293139.1926871471
1016510,162555.90082891542
1004691,422551.16653932084
1009893,1422186.1412839906
1012138,303750.37391171604
1001981,287089.4581678585
1008782,897803.2109660867
1007679,443410.08975609473
1012348,537552.891114555
1003960,1166441.2163495014
1003888,165850.1053530261
1013485,999530.9749710162
1008816,399231.1674154414
1011537,1079062.8969575188
1008876,739148.452346986
1004790,484343.71350492095
1015347,623444.6572050332
1007578,697538.6561602827
1002659,144861.078522599
1009041,270203.1736588095
1004150,258443.92745033454
1003675,299787.4434624435
1000136,594167.0226307288
1014848,372985.5941681475
1001918,1374323.3014487682
1002406,275160.2849930007
1000012,162332.51734182562
1006418,766804.7029504612
1005790,1168236.8058576947
1012912,413020.61683878937
1006545,599876.9772463372
1009726,584394.1675382573
1010918,271352.22263758816
1002577,172083.4136797863
1010304,450165.33496782416
1012223,191055.57723382837
1003623,384812.9806028283
1013626,737019.1228828063
1003647,1050297.2242154109
1006876,361499.5565756376
1015989,553498.0015702009
1000495,627152.3925004584
1007645,527157.9030415945
1009286,1168532.7737721584
1003809,387642.16323433
1002556,671877.7968368157
1000605,212746.46581593415
1016057,982948.9242232102
1010834,876299.0761617713
1011779,416648.5637143826
1002359,206201.03224262872
1006789,344956.65926883975
1001062,432922.3120820221
1004138,440544.5618672983
1002585,1254164.9595040362
1015631,999986.2259608074
1000478,445941.8084186344
1013577,343209.5173216315
1010493,203731.85000049009
1010777,813937.3233734401
1010466,1448406.6322982556
1012464,353042.9068461432
1004111,349970.7339154289
1000620,313633.72861414356
1014754,342472.644332862
1013432,533317.1058477776
1013689,644049.0338799253
1015561,248866.937035466
1008409,1141637.2548444988
1012355,254096.17313426227
1001485,232815.81887996662
1001046,1154248.0571034697
1002156,1022759.5229316042
1011902,186987.5544986458
1000161,260515.66197480366
1007380,507818.4182682893
1004469,630773.0301379822
1016934,480790.7886232225
1012450,567204.2772620309
1008029,749881.9707102713
1013550,541689.3705320924
1014715,1090942.26042213
1006988,536609.4750877623
1007194,509707.952763753
1014317,398792.63369307347
1017059,540255.9485201653
1005534,722119.6226634135
1004135,322927.08174201054
1013989,313134.42757085705
1000700,1008331.5565517055
1012959,138095.68007614985
1002110,554027.0642072769
1010885,465919.93096768635
1008701,292050.2408536388
1009183,410688.9743936416
1004718,177993.57968703582
1016038,424651.7816153265
1008067,624695.4148584045
1017400,852308.6915074115
1008193,297818.7606050033
1006481,403334.07251301344
1010804,170929.30590086992
1014636,530921.3529993845
1007692,463971.89462291735
1000943,535798.7315258612
1013984,682242.9024000865
1005232,1163802.963321639
1002977,214613.64656971864
1016138,586879.1627233508
1009144,288010.86462743435
1011197,731996.6050265573
1002692,440050.2199515466
1016562,429132.1552981241
1015712,371764.67345976515
1012766,929900.0777182302
1013578,172461.20801946134
1014096,337472.8198764627
1003726,343041.0096115807
1001316,442822.44089512
1013251,1001923.9311720364
1012368,393316.13053626835
1017303,539339.173512944
1013384,637326.81375936
1008026,175599.41882993543
1003810,589731.5256891603
1000072,720823.2926594212
1012572,993000.8499888052
1013176,434042.115145988
1009644,212350.3172879225
1012093,305812.6346486022
1002146,560513.2979029792
1015119,1204943.8854967505
1006828,674976.0884053775
1017569,147521.7504429212
1006932,358544.48813850875
1005686,1107903.2430472241
1002846,750133.1485283116
1012066,437268.45192832686
1002917,765963.7162275193
1015985,193646.70599865948
1003369,174548.79388998754
1017532,367253.97385019
1007481,566814.868228314
1009910,912611.0684388458
1016048,911999.7775869684
1000385,922837.63428809
1004662,826697.5454672285
1003654,451876.7499680618
1008044,543500.2704033088
1013281,333049.4581110736
1001939,427871.89595826564
1010710,475187.75845405215
1012602,567213.4978374686
1012315,433755.8691067836
1015692,499684.34534536477
1010631,491533.1411565082
1007799,415976.02551488264
1011379,281513.6683413298
1004093,640299.6946025125
1016160,731379.889258047
1013012,337867.5730681889
1017171,415255.98024315597
1012139,378433.632191387
1017206,522708.8029649011
1002625,1046679.8248851489
1004165,937700.7998321597
1005810,253526.16957001798
1014932,1341697.7227477198
1007235,388810.7050134044
1013411,232937.52222173815
1003954,1062285.3741416496
1016008,1043090.0689074714
1011770,103610.59023487057
1004484,501338.9587682537
1008313,539569.2204582572
1005430,281867.8848775539
1007683,416051.82027742197
1014297,239245.9382384441
1003265,640238.4381443401
1017210,174769.5610154174
1013385,241561.68517844626
1004298,539686.216947779
1013560,264535.1653845654
1011106,658577.137876509
1011391,602613.3792343369
1000173,583668.1087237832
1012270,533748.7451486572
1013063,107682.69838655253
1003858,434052.7582086954
1008975,317165.9081524812
1002558,528008.9327034007
1010683,776797.052784226
1006285,387066.4396054288
1000195,333178.83528580144
1008829,373350.800431383
1017098,701091.9970408906
1009039,429134.4045518437
1000534,308904.64206880203
1015468,611694.1184422153
1005713,697375.7884762903
1010275,462442.20097010786
1000083,513385.90377940086
1007624,125994.54676729772
1015654,260981.92220027087
1016243,253911.7204544285
1012700,131971.0301669683
1014489,969427.3519310108
1013739,703112.9194868719
1008946,590159.443841192
1010518,212233.3278070084
1016914,162170.85475697246
1002551,778496.4406628888
1010441,148411.93652882136
1012736,912052.6392749948
1001993,602996.3981013488
1005840,493213.98188389855
1016565,552988.6616404514
1005124,712027.0927415253
1015672,802229.9072392434
1009313,538799.8688031898
1011226,375914.6530972541
1014193,603233.5352283419
1012156,268745.17935282347
1004493,473828.9176959877
1001533,238513.83381126804
1016504,836738.362114343
1002396,848755.9298434359
1010613,381504.5985538775
1003627,924592.3640092879
1006204,975092.0629898275
1011151,639660.5190210227
1013325,686944.7804206129
1011414,119381.11735540067
1002595,292332.76994645305
1003046,278491.9902507259
1007621,233052.7026014005
1015710,1073572.027346622
1017023,274660.43733753293
1007597,498932.02358790016
1013439,199135.62713951536
1006452,454441.36181153014
1007914,946801.2755733579
1003416,1077724.8003088802
1016854,1126425.3178308862
1015287,351278.3290484149
1000931,493149.35900240194
1017425,213072.19508421398
1010297,361286.31173821585
1010508,420987.1606935377
1006698,513617.5924440583
1004323,215535.3426478193
1007867,246318.05318620068
1011460,266856.0598357643
1010137,539713.0545030835
1016894,90336.61378412327
1016339,360370.21720966947
1015983,280721.92028458224
1017368,250424.15786011927
1000431,346121.91613219125
1016371,347171.3201110127
1012286,541177.8427919189
1004780,970743.4322848623
1009938,813287.3537232443
1007882,1063881.3597761902
1004216,436316.3530187881
1012747,386027.287629347
1003261,102623.81262635581
1012692,502098.0121682573
1008647,619881.7872063684
1015327,558495.1629618253
1006708,942450.2091026314
1000559,248371.80316502962
1014681,281603.67828471615
1000364,378896.17329036305
1014912,465592.8402813809
1015427,234889.2582558816
1004939,1290154.6718379047
1011852,682509.1438973062
1001521,208543.70372176947
1013877,659554.0191822449
1004406,175655.5935184787
1013574,336530.49684288143
1016470,337178.8581517799
1017381,643278.524161295
1013899,757546.6986128319
1001155,310819.68637030513
1004963,359662.60821939935
1004096,398278.40127129224
1016134,475533.7124374204
1004423,509329.96721754945
1017274,257075.99491462015
1008352,481604.506329375
1013890,675292.6736236535
1016214,584589.3186661351
1012813,792162.8772682596
1013085,501206.7617015584
1003567,548668.206035464
1008260,524365.1785445887
1002418,537151.7431816597
1001190,378220.5635349589
1008795,498482.4758185167
1016936,307985.8137900087
1013796,575941.2933058491
1010915,448071.4146839015
1014100,827269.6423268252
1000569,608306.7733339436
1011018,879083.7106719512
1013686,289102.24476584996
1010151,455551.7064023612
1006148,442634.48068011925
1014255,277317.15064871113
1015026,1170224.0561445032
1002666,270095.09290268034
1004405,468286.0534522973
1000111,999019.7289045646
1004497,323023.67984010896
1004369,763375.4960383408
1005238,297407.6888596108
1012815,678363.7748765703
1008569,1324478.4727190016
1000781,465887.5761371126
1004792,1139538.4732292267
1004296,346120.8362263691
1015227,494296.4801109688
1004327,1040063.6238697518
1001476,605992.7133660144
1006331,1356514.4259358146
1001480,471161.0101580186
1014793,245489.60846619695
1006771,398518.70172898803
1015629,182502.14496730483
1011782,137444.01705902352
1005248,1033042.2332740756
1009085,178026.1682974643
1007983,556895.4603915851
1011580,395007.51586517406
1009097,408807.972555559
1012016,604309.5353946718
1007761,584575.7734528645
1009264,839003.7951027838
1007101,605798.9307288027
1000425,880532.8657275626
1016290,164956.71721744278
1004624,398848.50167726824
1010950,677247.4939922155
1011138,467068.60124519956
1014655,875440.0373116059
1004634,469719.2857585511
1015656,529085.8487300491
1013735,120862.75429269316
1003945,801612.6400065972
1002417,707528.262054437
1016723,332195.9990896387
1008621,317339.38166780677
1012436,513841.19444663136
1003467,1327863.5303626244
1003715,279597.25116888125
1003168,259153.54454399602
1001100,355971.8416856852
1003291,652169.6304571953
1002911,363680.1837290682
1008222,333298.3572645797
1000991,391229.5527204539
1003870,358761.07594754634
1010188,280191.1005264
1010216,137212.9206536327
1002014,225089.46264479516
1015011,134103.8736440423
1008673,667544.4277613653
1002144,384164.94098056515
1017601,552783.4339010289
1015930,471995.5349510197
1015196,1115810.795926018
1009552,577746.9623773958
1012211,731288.0342103596
1001305,539620.880204289
1006525,274059.6303603117
1014766,436682.0993018125
1000187,265237.8031590353
1003297,310602.2394265676
1011453,542096.2133144346
1006893,286955.5500362172
1009054,447672.3929561252
1009381,198541.14079550048
1009014,393625.0597439464
1001347,474343.9120445583
1010312,852896.2814092676
1003253,383378.93214033707
1012831,277881.0685058367
1004569,1090244.0273066917
1013410,487689.6698491145
1000171,223468.5813506145
1001734,556111.4518166273
1006946,369372.5313723048
1009078,380731.4594955097
1009309,359971.4674148272
1005431,733392.869449227
1013302,458920.6313294441
1009769,1045648.121252255
1007651,294825.78518719564
1004043,256027.11018440776
1013041,144884.00218336476
1016576,348968.2275196468
1000661,160987.14259013365
1012775,608750.6451028099
1002512,416446.8938715471
1002114,354824.8912823689
1012924,566717.5126373024
1009244,319928.97545650456
1004579,573366.3856347322
1002289,267724.23992654687
1006513,290229.8654564596
1014680,374562.8699128463
1004869,441609.0910305357
1015075,1152039.1648236879
1007402,509453.99642919033
1014964,539345.4039535517
1001559,304283.861920194
1003347,991137.55158373
1000770,223108.5050505834
1009241,340654.9989418659
1016483,220475.17106478327
1003455,372336.55879588565
1005344,540126.994570455
1009079,316669.65072209697
1001702,774224.89552598
1010171,584260.2632787069
1002192,564339.294556423
1001644,305362.33417289966
1003815,282109.6583446021
1013419,456918.4808597107
1006768,356454.9154463988
1013242,334474.51508539455
1006072,238549.1918198745
1015879,169733.68084524648
1003371,246428.53434566688
1002552,309980.17388852086
1016538,350588.86677808367
1008679,396660.9253920614
1010502,86886.3339066104
1016528,1095987.5503418583
1007739,387557.31353453104
1002237,261384.2252407758
1002703,379466.0205151508
1003841,758157.0265243552
1008183,466960.08687006345
1013369,711652.7730993812
1002948,404147.65090985474
1015636,532073.7042846836
1014001,513314.9128159005
1016966,726409.5820345114
1008160,1359579.8765793964
1012235,315391.28271269746
1016157,431395.66053669236
1010689,288891.0742242771
1003740,188412.0671406344
1010308,882792.876336624
1007343,1216191.0199039686
1012795,1090147.2183805709
1003877,405460.8208692213
1015272,354776.7304598992
1013234,452626.0055887996
1000843,365296.58799531107
1000872,1304880.0102014423
1012360,316097.72929047013
1010525,222049.94440012574
1000990,679571.9054954242
1017222,217369.88385008005
1010015,443333.6594624941
1009515,1130767.1462801956
1013028,335912.30074066203
1013657,572782.3531403304
1007387,687828.4729045182
1010545,438075.457200792
1003844,405442.62055802136
1011144,1317823.760031792
1001743,328541.13712636795
1006097,431369.58914048877
1011911,217375.91970994542
1008827,936716.9736562669
1002051,582989.5405720712
1001889,1037615.7016151657
1012337,650756.8943116202
1006233,221450.3643166125
1004991,180581.06555590592
1003616,247584.87310556736
1002914,165915.05351791906
1002642,973243.3543891172
1004320,311417.77173772245
1012966,670636.9199454943
1000505,803666.6883121573
1001060,1349254.5208440535
1011045,271089.2814695059
1011187,235005.04413551735
1001180,278252.12847536517
1003429,540076.2567507685
1001329,745408.0224650635
1004607,624742.1517460238
1011651,424150.7848174333
1006531,257899.76667067877
1008545,419627.557112402
1012424,1255423.3136381663
1008307,454961.548112246
1014872,573042.2437846067
1002920,322258.7725276946
1015496,365928.4169470685
1008929,456015.7482410443
1007330,372642.41228760075
1010177,315942.9393979704
1016524,415417.7745787617
1015755,450134.8039398767
1014937,753541.7115483051
1016337,182950.47876658788
1014795,998403.1558517946
1007690,395470.71301993605
1008487,276486.146493139
1016967,520914.08593273436
1003907,91509.81567446217
1002632,502382.3658178653
1014367,713536.3593182951
1000672,115998.90215766335
1003501,1001073.8087357468
1015920,171568.95496356278
1001458,488683.11660545267
1015422,248354.49306407743
1017468,664102.6225426203
1017466,1185574.7849920492
1000449,302437.36324238405
1012593,560762.3847946193
1014259,344644.9654558289
1014782,669387.4625873135
1005559,682826.06198401
1004571,563050.75648858
1006553,129469.9979858717
1005657,897314.2425461715
1014343,211077.35484556848
1014989,169023.74105367737
1004640,1098278.0066917916
1017605,141444.8049228049
1006552,799120.951076551
1015902,444227.57425900426
1001298,814859.0582779122
1006925,116921.18496385982
1002166,414217.51549273677
1016341,417547.33687739883
1005096,474352.39479328576
1002140,313651.027026507
1016631,540067.9784851611
1015257,621651.478790023
1002883,726320.6447840945
1014298,331709.9413076945
1000182,456196.1931513118
1000219,997342.3180556581
1009020,335542.2454613929
1002090,257838.1617400939
1001243,1209856.4169934343
1013184,420075.51936260157
1007393,418049.858385128
1012854,653327.169372824
1016282,607373.116711103
1014067,582719.6727663394
1000309,733052.0438477313
1000825,652626.7988122274
1017452,782505.4107380423
1000442,466485.52579966094
1007477,696146.9763588557
1012973,427200.6272485663
1011753,485072.5839279393
1013246,620531.4138378862
1014730,580960.5037579178
1016317,263753.59506013826
1005884,698241.3673110307
1005000,973351.5110207258
1002712,794407.7454094276
1012293,968787.4051200994
1009146,672845.7540777767
1012241,141867.6117969714
1006149,508271.1272770805
1015485,141299.05070376286
1006517,761688.7571659435
1006623,308579.65909450786
1004076,249310.86766199095
1005798,804549.541859142
1001916,293495.57909586915
1005777,649334.694012015
1014023,1302033.4122913226
1017057,664515.1571964346
1007039,479332.6760444553
1012975,444580.1970692389
1007068,118705.8021442477
1008998,792690.3626718539
1012014,387377.6582072872
1017077,495795.69107289205
1013134,535551.7488515533
1009979,375492.5623256114
1015383,836115.9509713035
1014899,751320.3346479014
1010768,547427.8593191546
1013222,163839.90361847493
1011533,595016.3867168874
1006773,1180090.996679705
1000315,1218261.3146835251
1012794,186211.95119912218
1002187,384584.98203998874
1006560,1312558.7999090343
1002260,158941.09264969066
1002174,151154.25055742022
1014060,460850.0218262717
1017195,1350028.737155591
1016953,798626.3036710946
1003867,443527.15399687533
1016382,659066.3607602275
1015583,336731.66332320764
1008936,222803.54065120444
1012277,439400.58340874343
1010333,853234.6900449542
1005309,875917.3685627466
1012695,385294.48207430716
1013236,895762.1503094364
1013535,422016.55427316605
1003377,557402.5572341216
1014039,522566.5354487228
1000103,601009.472605839
1009540,972983.653214282
1007632,222144.56883858723
1006500,266523.41819378966
1013985,710863.6457846974
1016929,950681.3026244623
1017535,862823.4480523138
1006709,203198.49505146136
1012339,292103.00331389316
1010082,431943.36683291866
1007220,393417.09008188226
1001065,606618.194826211
1015035,459261.22538386955
1012352,334483.8136538594
1016027,701938.8712191724
1008447,259056.0753131581
1010458,598538.9198616727
1002245,373131.16540902725
1014990,403523.8148932746
1009957,812960.5982984273
1004730,231817.64670296328
1006435,625201.0223111351
1011682,493070.3473558154
1003933,672486.9585677575
1009988,1306733.248639165
1011819,1284506.4660346566
1006320,910761.4546377226
1008175,258627.31544543436
1002587,555322.1817729479
1001830,341438.2146130175
1016189,437232.02409425034
1000325,321594.66262756544
1015408,610837.365737291
1009845,1052191.847984376
1010003,821377.2575554532
1017399,571024.1378804796
1009707,422732.03304669855
1013207,737985.086151973
1001475,340525.67497676285
1016092,850893.5523441519
1013323,523914.64907201746
1013226,328963.4126282751
1015256,617689.2090890552
1016253,373668.81332197244
1015311,619115.4257022241
1000222,253504.4601457475
1005142,352281.78724123235
1014086,455542.27255891403
1010535,1164043.0874339333
1014983,705029.8203283114
1005993,386325.4444686989
1012837,681410.7007335763
1005927,788907.2559527332
1007643,307097.38375182945
1000881,680349.9486465771
1008194,392098.61748784065
1001751,284711.2789344865
1015089,127038.93917177235
1001862,1189271.931568768
1015703,620481.1999850513
1012404,650995.2589687038
1010096,339597.8657162684
1003392,987166.6765294725
1014936,538345.0355746949
1001776,513639.68382050336
1008808,508480.7056538117
1007290,504065.55750992603
1002560,420678.2258713371
1002147,428042.8557489213
1011848,553665.4078375055
1009929,383731.08661098126
1014853,838759.347966132
1002934,517504.5027707946
1003426,502513.00715862034
1002746,154396.8398225216
1012340,157954.11006054468
1000371,172654.62857009668
1008362,411183.6866195176
1007646,503892.5086763857
1012551,740507.7029138883
1014583,451649.89650871383
1006350,840968.8829699701
1017176,442795.6721167574
1006589,721900.56211744
1005576,170611.1057089295
1015249,329307.00898787833
1010947,1297301.3304811053
1002294,143924.30559531256
1013188,749136.125973939
1001906,334763.222070033
1017393,1018745.811270541
1014950,400945.6345702807
1004072,424605.0626823759
1005453,598320.8092379553
1014613,535976.5325380644
1015181,568560.9627409384
1009400,671484.1553805005
1008203,766284.7080254623
1006935,496955.4333368244
1001114,760717.2268365682
1013685,511896.44983693975
1006684,353862.9244766733
1012732,1017382.2579511771
1011899,248705.5647672606
1015721,710885.6922154328
1000255,888000.2833356861
1010989,815957.5706871558
1014970,516254.16459169507
1016750,591102.0942652269
1009323,966912.413820004
1005973,817884.3099917468
1011930,640143.6236890509
1000852,491324.7291251212
1016437,520673.15014328243
1012806,491240.3765590771
1002909,293987.2940967889
1006368,386104.202224562
1008288,301004.58927963016
1007720,597597.4348051209
1010731,489767.39445586654
1003513,568418.8909805639
1004845,437947.6751215716
1007984,407127.89509156934
1014855,804919.3594672467
1008326,127920.26330525268
1000004,339934.01687461225
1003544,391080.7309663907
1015360,179280.97637974992
1007127,222043.0106414406
1004304,185845.8217361449
1012324,582804.1977244518
1009803,699372.2220415967
1006618,364417.75231010723
1014436,390291.9684460453
1002601,531218.8575229996
1014645,468102.5568963312
1001186,297332.6544186422
1017120,716592.6119739753
1007579,303074.3199593542
1001121,360722.88610166183
1013612,354561.7534887827
1001312,700957.6882366395
1009856,584630.6837337147
1014669,659146.2474909492
1012239,440063.77234776434
1006476,326119.7319822659
1001024,820670.0938291309
1001194,273359.7833423755
1009005,244699.92186743848
1000816,538451.001145259
1002290,1119694.378676988
1005170,600764.7031721305
1004140,497545.1563556836
1012409,88633.6949623942
1008613,176123.141264203
1000997,1163212.8858410711
1014753,313122.57544883963
1010378,279632.5033471999
1011420,218713.34650901525
1002940,754671.5540656111
1015738,1157838.7458966838
1014841,559813.8572921304
1002177,822906.2572717392
1009334,538200.4684110658
1015740,490752.014255143
1000432,774375.0233532389
1011083,239521.29099200843
1016182,249057.49962076716
1014488,495962.2814341572
1004189,1077970.4133354083
1002582,498941.8788039111
1005014,453296.9363342761
1008164,348070.37709265423
1005901,586774.0135149673
1004675,769109.5638750549
1016135,458965.4490801047
1008965,287322.64991216885
1008049,465476.46625367395
1009171,469879.0894555183
1005784,527676.1174618514
1001975,720567.8168085647
1009908,676520.6337869195
1014834,579599.3836246922
1009362,153041.21663618367
1006595,390973.0227382307
1005703,964088.4698637617
1008639,405602.5321726218
1004753,446445.00168414094
1012335,328565.1509016342
1008472,414956.15690069797
1015759,512906.25395687437
1009882,1179542.1477613377
1016093,538089.8392029918
1003160,156353.34969255285
1013441,563906.315436147
1010882,1021054.302416584
1010954,337892.07879070553
1010016,180713.7900922283
1007205,480232.1605681397
1001006,358509.70018295525
1013124,534688.1597427845
1007170,1121619.593450466
1003646,246118.0478093352
1011730,533030.7341510069
1003691,556194.5231458971
1000597,363687.23712245084
1003177,243632.9347508121
1009435,527700.1167566769
1012659,598986.0627299089
1006311,198143.98006716502
1003869,687565.0988650837
1015013,718806.0003509229
1009670,926058.2674592835
1002834,549231.0663811062
1012073,139423.99560940682
1007209,239391.96083007214
1000784,483169.3098841747
1003824,357737.45702029514
1004487,986360.1868785754
1001217,937720.5841497047
1005718,254653.6721743556
1001844,1076735.633348579
1017190,1397321.536665692
1014749,641702.9443897121
1005889,246226.1013027633
1014184,177277.17545699628
1010620,603528.2224006564
1017234,735422.6560949432
1006064,383513.89334760193
1010240,656132.0315148378
1012521,761439.8143422223
1016923,819909.9383984362
1009777,272152.6313969717
1005001,1192506.5543937325
1013964,419565.6715429352
1004419,521374.2107305886
1008541,996389.8135057602
1015209,243925.02050518093
1003592,635031.6518517158
1011989,302903.37160973856
1006384,1084628.9216160132
1014805,197897.8723247561
1013224,235606.13860954906
1006782,642309.6685774886
1015278,225626.13040550877
1004942,524682.9437448673
1008407,616078.5602924273
1002901,201209.1683653227
1001378,525578.2013854508
1006868,252932.5738237713
1000203,490933.30772924965
1005913,300175.9106418087
1016988,172029.78852541343
1011816,604330.6165579442
1010784,622197.2055386172
1011172,175997.62160361937
1016760,218025.7052603783
1007786,221542.30828513904
1009625,637293.9873460927
1006668,450632.9390404805
1007367,111612.63059046604
1011549,470668.76143908565
1012067,1254852.963860202
1010150,622841.273936603
1012030,430506.1839279979
1008040,318258.15901671053
1000649,409219.9327278655
1014825,212078.8769841938
1006108,497002.69052071025
1004094,680959.4495690041
1014490,411297.75525704795
1014881,672897.9794415374
1010709,521928.9634692767
1005492,296546.9436902895
1006477,999943.540909044
1005178,1082575.1471249391
1015309,371502.062034874
1004856,340133.96475402534
1010064,207803.8211789764
1003519,946017.1280516403
1005700,326164.0249652225
1007559,501228.8261872206
1002432,204723.81376170492
1010273,387001.06335024687
1012938,467791.25697506336
1016343,280518.355078259
1000486,406760.31149017235
1010021,422798.3293303303
1001736,447192.50027066143
1006927,230649.0503371214
1010480,438592.85880459816
1007780,782504.6236821
1008390,315004.07284694235
1017008,193079.22816612103
1001490,221569.65151922274
1001563,643858.8380285605
1002224,816059.285261186
1014769,325651.5639439718
1004732,388927.6975446497
1005836,560011.1633691792
1010348,267163.71416816907
1016627,988341.4604998492
1004338,487808.2011385724
1002848,886356.9311793091
1013517,629201.3898772206
1008978,294229.38655788417
1017289,677263.7506908178
1017179,169485.18258785756
1001567,581358.368655504
1000138,218782.8558696096
1013882,587799.097566808
1005258,379654.13408978033
1004736,805422.0112293978
1011986,807203.6671871849
1001713,470240.68775611115
1003495,566094.8509971402
1000600,1284207.2116696846
1002812,477417.14521869406
1005059,621556.3585590125
1004949,277202.1840428017
1016211,387394.9793835194
1002271,432494.254964602
1010060,778384.7091571026
1001865,144495.8441541554
1002501,535423.6893408413
1002661,1260978.7956157594
1015233,879681.2143612186
1005953,165150.11727703793
1012146,136166.68559425973
1000127,226527.48253135482
1017442,426268.5517725505
1010509,369037.86588482175
1013764,546111.0099238597
1014776,200370.11731301248
1006256,364575.72812466684
1012690,1047163.8903246843
1004036,826667.916731257
1011249,989145.6741417176
1000142,254200.8467029876
1004615,526244.9562136607
1010776,706303.4186238159
1009176,790280.5737030656
1002226,240787.66970062102
1013305,440339.5688094235
1008739,213896.97638293242
1014045,395750.0498705047
1016494,247550.72103430834
1014843,1280804.5639068491
1006659,620009.5521121912
1007074,616354.7086909133
1006679,776537.4089288601
1012055,517071.0983008054
1011671,344649.70645801915
1002228,453683.39010300767
1014300,576327.3683511355
1010675,668174.1909328146
1001530,629658.5922179712
1001434,321319.60099660733
1000238,782273.494882769
1016313,158920.84868211445
1016508,210951.68278579906
1010961,258645.29151292657
1006196,399713.8824023719
1002722,226590.8795715533
1008317,245484.05760177382
1008471,455749.3256003041
1011409,449606.6907049977
1005866,494713.614230741
1003534,585253.4932187744
1004496,260650.9243573963
1006183,290275.0274475269
1007785,484334.13714573433
1009252,185689.56654667048
1017361,634531.6632183967
1009338,521254.95490352274
1007669,323847.80103110767
1000398,239599.75957540324
1004077,642893.0858227406
1002194,385057.09619522345
1003421,519908.30922305473
1001555,450049.86621523736
1012526,959935.9005273939
1015772,589570.9845621317
1009004,283047.96831760876
1010288,459403.7508696303
1010481,400888.241438107
1015897,539713.0202563236
1011264,258059.37927073118
1010666,265401.54491273157
1014339,360391.03373490326
1017431,388810.81480820006
1003871,829589.9081490544
1009047,919250.1748904206
1013774,818783.8063115168
1012916,510184.91550379456
1006968,407573.29036016075
1017305,152343.41877877005
1002162,330483.55151444307
1006335,244639.34817223877
1013120,172658.4784103249
1003797,395850.9799593168
1002767,254169.03731652026
1015663,557730.2680437769
1017251,1004962.1291596227
1009277,1027330.6042938608
1008631,646708.9995645958
1012133,667302.8588786194
1017051,1365775.3413593355
1008854,523463.187147793
1007299,1309487.3082317912
1007944,505849.7134556021
1011281,496964.03080352716
1001250,277945.8211774007
1008096,481200.991906223
1008508,408223.0881148184
1015009,183394.8141683337
1007457,130322.74312065642
1004316,291798.0731711337
1015713,443471.1979831849
1011513,173584.29469805208
1011115,389709.74901861936
1000361,375072.41825032514
1011111,222350.39671778833
1008871,517350.0801511652
1017271,986726.7381069264
1001893,498181.6999177561
1005628,210062.00073402622
1017056,341915.969009049
1013502,91134.48956158274
1000221,581685.8751250724
1012851,336095.512921974
1001747,691980.9510554206
1015493,162672.16867489516
1010744,364387.04230613436
1011121,905590.0288724682
1013586,597323.5415197097
1014675,419504.9457034782
1007452,529768.8055417663
1009529,252028.57534174478
1013150,176736.6254624666
1005074,259867.3268256698
1011564,317482.0812278739
1009713,459604.5161849119
1008775,540816.559579772
1000046,633209.0792264704
1014234,227766.60762789106
1005191,390007.46892993286
1015580,439652.33105574525
1015213,344413.08629151125
1009502,1283801.0038899684
1009749,1208390.789928248
1008349,231931.80080549052
1009943,629930.3370344467
1006106,459079.3627540444
1016031,456808.5824077014
1016588,127592.6944618477
1003863,535478.7879260805
1002789,1328197.6816814044
1012476,346378.2975919714
1014960,587333.1201445136
1013565,890728.662661215
1014232,1179179.8708972482
1006710,479084.69284786016
1001562,1025783.7396544844
1010751,522953.40941319923
1001278,651132.1586660781
1012306,746131.3438293802
1006853,520774.76255829015
1000113,709862.5994340992
1002688,660038.228663437
1014082,213712.839844752
1004436,270561.4901088891
1000854,1125105.3256912364
1008839,955544.0295013217
1008993,182120.74790910853
1000274,736646.7108358585
1005684,396749.9022064456
1009716,198355.70569264368
1003776,518190.0284547074
1005089,287904.5316551268
1015404,305743.00571987993
1011893,845779.6977529535
1001618,673406.4053828453
1005151,893567.4211199679
1005942,402508.37617313466
1005565,293438.07023344934
1014587,462993.46877551905
1001031,715449.2483544712
1017239,169704.97293846338
1016839,693070.4656420072
1009546,653505.6945117393
1004152,416066.61755724275
1016421,367261.771121347
1000641,473024.6056236236
1005573,372175.0225955261
1016888,1147622.9604431908
1006732,466713.37347452424
1005756,330451.89792686823
1004978,269727.7138190203
1001650,240939.97851111693
1010845,320734.6160996167
1005920,314500.1314467625
1001513,521807.5918368189
1001630,311469.9744955099
1003329,268151.95393727045
1001456,355410.7740737265
1001161,738238.6138563544
1003023,204992.24562420123
1015563,138989.0917078634
1006001,256481.65544409768
1011429,142285.48956148056
1004692,510675.04797067784
1009982,583686.7022401888
1012391,333685.8403351342
1014059,612970.9746797326
1014418,268210.2727814894
1006808,780594.5985863823
1006437,773876.0612342004
1006428,1275282.9058428805
1010843,337588.31545788405
1011790,1201124.7428606313
1015742,228469.69872933495
1002212,959280.5825303422
1005197,880688.206206057
1001647,1193759.4039854591
1014695,1093520.1004357582
1011173,646554.6547442446
1016927,1248857.293481583
1013006,377086.34158553433
1008005,416330.64279076795
1015095,245661.38233526796
1012988,540076.2697628029
1003179,678898.332260837
1016233,348504.4654692551
1012979,107992.16802183678
1009783,1132435.806613193
1006676,317687.6669564845
1005148,475257.91247690126
1005527,494629.0555543119
1006790,792888.7312493648
1012078,254823.25662378344
1009415,413212.19977660273
1008931,555408.119377557
1014588,1059323.4570736557
1008250,302713.7032349621
1012947,344850.9670765836
1010154,420076.7996028997
1014653,428665.1680612117
1012561,833829.558627926
1009340,629204.9265926443
1016362,320944.0583013145
1016029,189304.58919794825
1011823,159458.80655719963
1006933,238204.92927329516
1003423,245865.20643334952
1006983,1071081.640311936
1007935,258712.1251787701
1001406,388660.02674169425
1010646,288513.0982009271
1015893,372690.2884260504
1012546,273614.03394360066
1005044,420246.72984741064
1010604,910477.6633152902
1001401,214165.79836143283
1002981,1039374.1078478791
1005216,618163.1538751471
1007115,629748.0576250969
1016864,454926.7542747276
1007818,345911.8023341732
1004132,500845.2329437983
1013780,230837.45195948923
1008742,541758.5758486433
1007461,426415.1920870462
1003113,931891.2704458222
1015816,747219.0071618266
1006302,145576.64435485355
1010863,504898.42381675955
1003037,337691.0270367736
1006598,568917.0856375009
1011836,662256.9929650285
1006075,852722.0440152755
1013067,422082.9246470698
1016285,596521.9058949095
1017013,851235.8796463066
1015975,330536.4438711494
1014736,1093866.7074484825
1003196,453671.1151324067
1015081,429481.6850772864
1016693,419734.226352188
1009572,1359610.1644816715
1016011,1044170.579919017
1006237,382808.89625061885
1016623,552914.9710684498
1000883,698989.7932413267
1017560,798696.390273558
1007766,285498.0528305662
1015336,224680.46495293072
1006215,625442.9683807505
1016006,556142.3662617754
1010212,214712.69122057085
1006473,1554477.1098614477
1002690,463386.2688928682
1016605,605405.4535030321
1004568,444803.2360537131
1013736,130726.90432901816
1012056,466730.5229798274
1009608,688083.3948582702
1014173,413153.7346543411
1014387,868232.4485725046
1004547,444374.7438478335
1011204,263187.58800918685
1014069,856286.5120875523
1013942,681975.6076387893
1017277,320222.19173277024
1010852,465722.91187952925
1003745,203797.69235630505
1005867,705517.1107356646
1011756,934128.6058836293
1015924,482807.74663439207
1011837,267538.7559313074
1002836,957669.5909378148
1005442,422314.1344595022
1013409,218324.2041879152
1011634,430791.73292031186
1010390,937733.135598025
1017314,400643.82639542536
1006884,141470.58903540793
1015204,260644.790321044
1017163,404542.8055926794
1002222,467925.5683505367
1009311,655557.8717970978
1014707,504490.14937365014
1002990,283656.35705666983
1001442,226651.30671147731
1006070,454096.6333699538
1000129,455916.62974913564
1007993,636820.3623938648
1016581,193610.43748566994
1014916,718770.3976039522
1003671,1033423.1156357535
1007085,930672.3835574874
1016104,526113.1528889462
1005899,134354.69305238753
1009297,474736.67992709635
1000875,296621.4597357225
1002124,341116.6737705837
1002754,324348.75851801876
1005819,459453.20704906527
1010737,220225.2323063103
1002653,226232.08726407224
1011713,767794.350337171
1007157,307864.02935490356
1005660,471731.1944884118
1003990,558215.516110576
1011747,730525.9990578705
1012407,1023454.7403593594
1007924,273883.15381535626
1007541,374370.57005507214
1000372,347657.22376424423
1016072,149896.59563252138
1001204,383357.4104891346
1009720,311887.4261886417
1010693,264474.8534863629
1011474,523831.8068047929
1017483,303001.2697446502
1004331,407923.9568101924
1013654,416508.4633771716
1015970,484315.8581413064
1005347,1099143.082663489
1002786,654746.1853344605
1001058,305366.7700242923
1016170,406589.45662909246
1007976,595388.8098009378
1002263,251322.4196717377
1004788,238557.0216284751
1008091,550223.8307628456
1006321,558505.9519341982
1014869,1077600.843336242
1011364,610712.1240711882
1002648,350995.40315644303
1011098,466583.226291402
1012626,1378388.3643083966
1016666,615640.7410985815
1016009,498037.2411054489
1016890,797153.1959930994
1016519,298730.84277731506
1008371,153121.51503828113
1003017,575048.492871451
1007662,261353.38197026955
1007464,866796.5105073536
1010986,492085.00524736044
1004011,653798.7851741452
1002561,144812.00167234146
1010791,334764.496625535
1011786,1164313.6134675497
1014142,542476.7450967623
1012439,279020.3855227392
1005234,798900.2961085768
1013971,784246.128533894
1004678,371417.0616841688
1006056,774750.0630173557
1009706,434327.8571253854
1001028,384505.1822519776
1004765,392146.93191295076
1000968,283685.63099857117
1017307,363687.52525539236
1012820,606794.9151715862
1005832,1164656.9784763695
1002048,360697.9859457296
1008174,676764.4436072987
1007495,865689.3858296293
1012640,276767.37807473476
1011262,365171.6796739199
1016535,1210609.7603319152
1017568,481925.68597748363
1015382,161099.87753139326
1005603,385841.8944433038
1010679,840086.8027514941
1007084,502273.441737274
1014777,303955.1895382553
1000822,769980.2163041636
1006596,271391.0494902194
1011778,342993.84282918414
1004488,746540.5592346021
1016143,943537.1005957832
1004642,311389.1462850523
1004873,334223.70048924
1011190,444356.2545558347
1005200,262606.6584092273
1016264,1165214.1104334823
1000407,283388.92378682335
1004880,319382.5510888523
1017254,209505.97302696708
1015630,419564.99703747645
1006483,834045.7511124725
1012070,124635.9227794855
1000079,1126879.0341822153
1000761,580262.8381194267
1002798,1245765.5380132648
1010122,619037.8527402255
1010268,362011.3606210901
1005515,1039032.7818383969
1000176,164585.8093329515
1001717,1205485.9734920717
1010968,279762.9969004346
1012446,198715.47251588842
1001209,901313.0462582925
1007751,433237.5616054543
1009578,595683.1806745921
1010063,173285.26394794116
1014445,838751.52340348
1006235,413742.6686571144
1005400,816499.593655675
1010010,306275.1611356753
1000232,748365.103256754
1011325,248684.93979282494
1007038,563452.0981892938
1001331,133737.46455551265
1008863,148509.33796611388
1009575,1269375.0377393074
1013464,1040592.911872118
1012610,224397.45282588064
1010226,488435.3363785534
1007522,453733.22241663525
1016081,505748.0396345748
1014597,457125.0530657612
1000669,717157.0811499613
1012647,763289.951376056
1005508,380475.35137825046
1001685,818570.0379862625
1013152,263421.50589396566
1011061,274894.2431296841
1014348,315156.6830062377
1016034,851986.0704481269
1015616,555205.2806215091
1004628,260709.3744322264
1010118,606431.9841229981
1016148,538644.6108918779
1008076,1085877.1009940538
1006697,1017281.619094432
1000637,1045910.9252044517
1011231,131671.47320715577
1014462,468911.80148661626
1003384,469373.7232051168
1012810,182015.8290891236
1002198,112565.5649364555
1002448,513363.8121660225
1013552,562281.5750838424
1001594,481316.55832102837
1001070,313004.58184372884
1008258,687782.6784373306
1015806,501837.49596103455
1008239,522487.0580497051
1000174,234525.32461468293
1004969,834529.9446166385
1005562,1252683.9053688569
1003433,256434.4397733195
1009917,736472.9874134111
1007333,422896.66630268
1013802,456129.1128962982
1001935,146158.35857181327
1011013,416097.51498977677
1007979,550664.7927259379
1013148,1077651.010757747
1001590,982261.0111070541
1005324,892745.2691839727
1014915,893991.025561408
1013440,901284.1132739271
1002497,849794.8812004549
1000498,560368.129005524
1013940,473338.2645363275
1005504,556230.7107679449
1016212,224182.82627003483
1013399,399325.81848874793
1010318,339734.55004060746
1009331,939129.1439048215
1006875,324123.50281543296
1011719,517408.15122334205
1010609,701327.2076914137
1016306,110960.60597838051
1005217,732630.0192688401
1006218,359561.58577546605
1012219,909962.3579798775
1006460,138749.47786344902
1007089,381118.84464358096
1016621,479221.954098832
1002435,403079.65368374035
1008664,763816.2358664363
1000110,724108.5628471688
1013056,599936.0626554685
1015255,920889.5855198484
1000786,577945.2034305675
1005894,763461.7940470671
1008368,291560.92609869526
1005925,947014.4840346392
1017524,460133.2918225833
1014120,125702.33774832338
1006313,134104.40962115893
1009141,890600.0271959575
1008915,701821.3871978963
1004122,598325.0356767207
1016330,493990.0558244181
1002058,525846.6014054734
1001597,115376.5024470228
1004924,1109540.0349660127
1007582,452824.3183373743
1008002,546331.613710523
1017596,1303341.3317476388
1001656,172231.3787788302
1009995,405423.7911901699
1000602,1289845.7630515455
1016650,350792.6513418905
1009081,707686.4711861056
1007706,387519.7594584838
1011347,253913.36863130392
1007008,726412.6181017844
1005968,138689.08149451218
1004458,220450.78935183337
1016766,795544.8868256721
1015353,224434.6779508918
1004733,527055.4411182399
1004456,330578.6971314095
1011831,404861.6512799913
1013991,184026.92493497097
1005591,173223.7116740548
1001116,884530.7438581877
1007447,1059199.8639378324
1009975,892550.6702273936
1002115,539236.0026889853
1004361,513788.03630869044
1015655,802452.9931486238
1000269,171862.39374643113
1010229,578786.6565505002
1014842,386418.90481180715
1015147,741913.6084985625
1006528,325328.49813940347
1007386,541620.4851584216
1015027,291394.7665636203
1015385,799365.2393948782
1014595,128925.62325281747
1010656,301392.20762560127
1015901,349323.9526474796
1000011,1253603.6568747824
1007467,183307.21056205378
1016561,822280.1804378938
1017592,291797.46853676747
1001669,572583.11443211
1000153,675446.9393631759
1015525,420154.00204319647
1010248,267179.7214546161
1004264,824343.1089804363
1012681,316745.6857410996
1003243,225559.57397271207
1015160,514476.7261801066
1008261,366918.52402768657
1016439,1035198.464344902
1004995,247127.7168615877
1005672,557100.4791068293
1013775,1130307.1182308649
1011327,369178.74182597647
1013349,700374.0449800919
1015837,260698.18066213356
1004190,458903.05532619345
1003463,282986.7700931533
1010682,672899.228893403
1010982,400283.147743744
1017041,1078834.8268864227
1000346,237404.10998390033
1005213,470934.04736948654
1000177,650488.9225254307
1015579,808716.2533052473
1005578,208695.68175534025
1000353,713147.4130280252
1013324,217435.35428926928
1011918,1074023.7648910068
1015786,260293.0708075473
1009901,296881.1473368239
1010583,737240.4899428497
1011399,334697.5847056892
1013714,293125.0401759975
1002450,1045440.7010599994
1013344,1128916.8242334933
1003781,180506.44755534353
1017299,152312.1561257297
1009385,293808.7211664843
1014846,699977.3064493559
1009863,200156.05443674087
1007204,111404.71113716351
1014127,995758.7993829299
1000131,369198.1803443055
1009419,321726.214640583
1007050,917222.599027485
1000549,423644.3683831798
1004941,584819.7216710204
1003984,451926.0918094766
1010103,277534.62795383285
1002282,630918.5201717836
1003108,818315.8896656309
1011263,1248518.1345133185
1005491,158264.30971515158
1002374,402036.7809666092
1000775,676807.7206630388
1011824,960650.3773539427
1012172,458453.56707724463
1005532,379116.62012780475
1016098,245670.55260577917
1008574,899797.9375711504
1005334,1420055.8902458842
1003361,548084.356665696
1007121,265504.300532718
1017048,362352.3069055307
1013702,324488.28330610605
1009859,593238.1369235124
1000406,430074.47449748375
1012151,371506.2821850304
1014693,556750.9650410952
1001366,1259860.7564620771
1011575,376038.56391139474
1014773,788925.3282238487
1003987,385352.51551363774
1008131,167926.49234477835
1000536,211239.3568222791
1001086,439048.2442019262
1005670,1072649.85108682
1013675,558587.7328246079
1006013,248793.7176334644
1016490,525113.624010438
1011300,820467.1959486487
1016707,1132442.2338748055
1008376,381996.7888014648
1007086,1027875.9310805558
1001251,287099.2992378587
1009950,567043.2939809568
1016289,112258.83977468172
1003358,96926.18303849321
1008264,246122.87742806974
1008190,1159445.3276960219
1012537,539492.9860843602
1013693,373403.9928277111
1004184,432541.7400902576
1008383,892585.9824944516
1002108,989435.6640177543
1007321,411688.9459556308
1007390,659816.6925133333
1008451,352795.097452041
1002949,318627.0383048991
1007100,358736.80338704877
1008756,132178.32467748856
1016453,667580.1668864398
1004489,464983.8155011543
1000292,493871.38567124715
1009952,710616.8657205364
1002201,347871.8609551573
1014642,379546.5528483769
1011175,1039013.2380870912
1003293,1330740.751084033
1006775,412185.2958984187
1002152,100487.78617512899
1015149,237741.44917195494
1009789,582805.0293397993
1003736,1137887.2353354394
1001785,850880.58996149
1014311,566368.3835973922
1017572,881166.2817429071
1014698,1376548.7004604198
1002341,821844.8578733179
1007490,197246.31312132065
1006487,219823.6197507392
1001154,782334.3409310356
1009099,859235.8770248417
1011025,716118.3991389576
1006065,635325.7116886263
1011102,827408.5299682397
1009324,409752.9672620394
1003504,485249.56231758435
1007548,397333.87087009405
1009685,135817.00194431233
1013163,225730.0762012692
1017591,140392.06126180897
1009816,510320.3789507776
1000229,123694.83254950441
1003123,272977.3252249686
1010850,160132.45815115637
1003290,541948.9578144348
1016217,407750.5805918971
1006849,289880.64917979477
1006008,246675.51120030382
1009221,234596.4343332494
1011557,258512.08524019938
1003784,759605.3334132717
1003220,1003513.2595770443
1012740,266575.2987557984
1009774,1170142.5164560785
1010084,666573.9464523677
1011980,1300351.5670482435
1007377,440770.20060182083
1007961,804466.276819083
1003321,932737.1758288583
1013893,455121.9460406334
1000106,772062.7270998876
1000099,87252.62866628793
1007778,372192.97202381026
1008887,547194.9176987866
1003299,249816.84657438743
1000324,695741.5150775176
1000006,621965.5559775183
1001930,700428.4020859029
1000910,1149076.8604476808
1015775,328779.8594186298
1015974,147696.8811037495
1017091,244731.96176453374
1009799,927404.0361488978
1008088,548454.5213279938
1002420,345308.5986318475
1010543,379823.6639698343
1000453,304132.0912692887
1014740,327403.3566503549
1017002,701036.0797165269
1017291,339636.2315338092
1008132,173859.34837073926
1009128,393412.8487077207
1006461,822663.6382285487
1016183,550395.6869679282
1013947,393937.42600217566
1011958,554316.7573037338
1014910,459668.049369627
1009920,505670.0077018103
1015332,357889.48079385835
1011065,674943.512266914
1009386,204307.19269790157
1006203,345403.6971125474
1009601,683444.7985161167
1003527,110908.405195245
1012716,260222.65344611218
1002985,421168.492602143
1010425,318095.3805181414
1014635,351123.8934216356
1002305,377391.3381492216
1010052,998912.083026399
1005904,576417.0961557672
1007620,214586.84354970625
1011285,241335.53995723513
1006394,848652.9740573319
1010818,664884.9535069912
1000913,689473.8163970469
1003216,249415.8760120717
1014885,546649.3136966263
1017433,881595.4379363185
1010948,961503.4918005316
1010391,527488.8167207212
1007469,1205153.385356589
1008083,274464.1088075297
1005548,188896.16666426646
1011085,540926.4578371311
1010887,517313.92843498604
1008880,473549.0712971085
1015537,350510.04335209547
1008348,489062.206623505
1008437,155076.7662385498
1005224,150484.00687517546
1002437,496836.17391427374
1016909,1245903.355789748
1001113,982099.8992318352
1012508,389036.6168124123
1006999,312102.50202834967
1011170,175971.77482489942
1001139,292777.99707761325
1000428,653657.2507787391
1011994,383925.56080503965
1008024,554319.4992742991
1008778,363374.6782399341
1002422,707367.323120517
1014531,287656.6361258568
1011558,981094.9162286012
1012382,518923.149918592
1009787,534173.2604253707
1008632,980797.694646017
1013422,227439.7989293383
1011242,678717.726755557
1008630,405193.8760557083
1010926,427763.2920961663
1012470,617566.8697818025
1010086,232224.11641334128
1011413,368920.42541798216
1006743,440612.0062889337
1009939,820409.9659326324
1014370,569025.2806157588
1002972,335963.7973926478
1009088,314335.0564627083
1001539,1128166.6663259126
1001303,245160.60257246098
1011100,244487.90536817684
1013584,522845.3680181262
1004934,521488.37822637515
1013275,477799.48465030943
1007215,1033957.9477267659
1010773,630630.4710735366
1007837,317789.9885120954
1015937,322628.09663603577
1014294,1000180.8906564136
1007208,1233539.5004649083
1014819,180031.10559669766
1001774,758752.8885117742
1013895,566219.3298113162
1017370,154422.48243394832
1008115,540947.0136830533
1001752,596234.0278871332
1012482,1144472.7238653006
1016468,603549.712431531
1013123,528790.413827432
1003952,338652.570154949
1003666,431479.47708134295
1002877,1050080.8546950882
1017435,266581.6909186472
1004237,550458.5304609094
1011078,649794.93445243
1015683,681253.2257176553
1002137,187409.71648183413
1016059,514947.25084455527
1017069,914391.3613304098
1015900,580061.9763909845
1013801,516786.89348757867
1005320,658203.2672751158
1016331,769190.459176523
1010865,529069.9493412761
1015203,962773.2695608904
1002840,607097.0079877739
1004310,428217.41098706564
1013128,391755.6448882707
1000518,387350.185058489
1006756,1373986.6884610425
1003994,347388.80027253565
1010862,99618.91325009987
1014395,220899.41581711004
1007030,642853.9178144693
1001340,522997.158502268
1002127,459392.5592625219
1011180,263872.8554498104
1010708,775700.8844756627
1012385,577342.3189613601
1016721,270509.60223356896
1012527,499441.2681720451
1013856,418892.63374155486
1010745,486300.43860438955
1004087,461824.67966413515
1010673,619525.9515688926
1011114,414225.5468360981
1011033,422196.41014842107
1008332,202316.84367336312
1011150,242253.1763340768
1016920,518901.2256358255
1003687,484936.80151015386
1009727,213513.1438255678
1009058,272876.7627095035
1007762,379695.05538678815
1005065,625759.165544311
1014868,431295.2261242636
1011159,397723.9720278784
1009343,489332.3542578511
1005676,815671.5042484187
1014049,796076.710931447
1000890,318851.3419602599
1013665,330951.0118872699
1000382,218827.4433294501
1013466,147298.1738958933
1007977,563368.6345178933
1000160,528713.339311613
1002538,660890.1524363515
1004951,396512.91575992317
1000243,537907.6491842022
1010396,691569.4503691496
1000469,739947.7800011894
1002262,359524.50381648005
1010299,861451.1492485708
1004919,1020228.347402747
1001982,717806.6494391233
1000189,394415.05217011506
1016296,206106.58354682906
1009819,712314.6398269826
1010039,195527.24879308397
1008388,238974.84923596666
1012175,548153.7330854709
1003866,648866.6140145758
1014361,225611.46308521624
1006685,354859.013413947
1004522,614875.6210115161
1003465,402996.4068820415
1004319,238389.31452284424
1001764,345337.1982661337
1013892,810547.914783315
1012777,612648.7257298569
1004929,371382.7159584944
1003609,401720.2827166744
1006152,369068.04190707504
1009230,820445.0378719363
1016288,644301.4062996437
1005433,795803.0049614217
1006029,203849.01865568137
1015853,613794.6275106401
1000415,589784.8997475186
1007010,375810.454034298
1011476,346570.4025395804
1014639,331748.1554882845
1001714,1270448.974247965
1005788,382543.69922760467
1007323,136704.58328732543
1005690,896375.7985640614
1002790,560796.2870361784
1005734,509813.6142842695
1009703,254214.09487941503
1003287,1247946.442163244
1003953,320942.471131484
1008748,397137.23697777314
1006412,319643.7483237765
1011754,490868.3566298461
1004948,880698.9930893807
1013824,335148.20601428865
1011891,396284.85316029744
1001803,682887.1801277136
1015342,728987.8170799017
1004196,324985.8135147968
1002864,530400.8636333144
1003794,495387.3862582247
1007920,264931.31808108935
1015371,337007.0978725497
1016467,424807.3079852538
1008141,412833.88228134596
1009925,558515.1457980964
1013601,926204.3874612314
1015130,618056.791518305
1001474,353385.4693985317
1008070,381177.6488191256
1002011,318521.2065093739
1005454,238007.31348127985
1012542,595153.6215535052
1014657,1230333.984960606
1013420,394690.8653481298
1013793,622093.3483110816
1005381,498868.7405555408
1013126,364011.46114732965
1014784,396725.9736167338
1014269,147274.5410481176
1013465,221646.93159829843
1006102,142483.83586182064
1000472,327851.9048117743
1007685,1317840.1643012778
1009207,447665.7979627733
1016689,429011.6170883371
1014007,327472.40495904326
1010437,393851.15480756445
1013785,278491.3680235906
1011019,170964.80710556946
1012553,349110.2229106168
1009223,366673.3298842821
1003593,673071.786110911
1001463,1177502.4827468963
1007137,373169.72990221914
1010073,396434.55032859783
1009416,384977.49910671305
1015138,821890.6406763648
1001158,553920.7184891017
1008547,721691.7516556118
1007820,615888.1663714219
1008834,635372.3636977364
1004669,239875.60165748294
1000013,283563.5362989585
1013283,166381.3173247002
1016851,239046.9763398074
1003356,451265.66094426624
1016465,454429.1510634597
1011964,550913.2751269632
1010602,707509.3919017443
1011230,251323.5416438496
1007122,360308.92569787975
1000418,160207.52582223876
1009148,210986.54489799138
1011581,818752.826116146
1006847,725842.2532388553
1004981,613692.928716092
1015358,1332783.6169350701
1011330,645660.7625200625
1012879,635602.5547799347
1010321,273995.3479425344
1017248,197019.48312523682
1004078,675536.4584067917
1013300,718623.2657167634
1009931,511435.6503030252
1009555,392327.7304479545
1009365,369251.0660676198
1003170,1248284.2021967436
1009196,215362.6072232349
1017514,200375.72405462887
1006904,331276.74210304406
1016803,639186.4437353514
1015876,625433.648145862
1010858,835552.8296352047
1008255,805676.3304415038
1014373,294419.75928835914
1005987,1281967.398386469
1001652,510714.8746527377
1001813,856481.0384140452
1009496,657094.7064552498
1016863,338615.43550011236
1016270,1168388.1550297616
1006627,311030.9493407755
1001845,397409.5357057584
1004997,433781.75375657616
1015437,528528.9804536265
1013212,243704.94541925495
1005444,425842.9740171441
1011369,178695.86971262883
1002647,218736.13200827714
1011363,385866.41386541096
1005728,487277.2654656781
1009067,261614.1763023698
1009209,741012.4593152158
1010132,99725.88649818127
1005856,559642.4034902465
1015543,303457.94245041144
1014502,1182484.2481142867
1002651,253037.11917471248
1000687,173089.28997981
1006674,267307.6350648312
1001140,608420.6407691553
1012839,599863.9509299962
1010767,520746.42559185094
1009903,412012.8169559694
1010930,407556.6379784796
1003064,453222.0517342795
1014705,576748.2984208149
1015637,1111489.998768357
1016514,243719.6996441726
1016768,1001465.082011694
1015719,439240.3544775667
1013699,410366.251947705
1014016,835110.0044740733
1005141,959755.5815946562
1011294,349259.7288046697
1016116,225801.8288893967
1003375,675989.1358378488
1015516,435195.21836316906
1013220,832831.0129181627
1000377,500020.0190496458
1002968,924501.4880682098
1001696,151715.39088004245
1015675,220143.45478963866
1013787,901399.673866074
1007909,375506.76415941725
1011810,189138.24174682118
1013544,520768.7420089657
1008155,265386.3760020581
1005740,558590.7722232697
1000494,336678.2668866146
1016110,248918.17655805693
1008577,960351.7869176596
1013761,309809.97146394645
1003927,581762.9141796068
1003890,571896.9472775448
1010413,522939.93999569886
1015044,991708.4177321274
1001938,616497.3808794126
1012723,715416.4817492825
1000740,627868.5297902843
1012022,1405887.7401100844
1009629,245728.56524716932
1004877,508309.9172052299
1014889,505124.16600843327
1017349,292206.20724813046
1003792,414816.84090026177
1008486,193400.32131908735
1014231,484870.3596878406
1006582,449523.2513235126
1015510,411245.35145813855
1001589,780934.6824584478
1008008,776011.8598699158
1001054,141247.13052306598
1013896,596253.7950112943
1011305,332207.24428157945
1007919,438549.5053012436
1017511,145121.6033735873
1016052,264331.12705900474
1012759,743718.1420606736
1001912,384304.9873991287
1004235,524326.9638448319
1015208,671460.7095498511
1011870,387346.47640874493
1012665,328273.48883455544
1001119,435286.6747055807
1009873,646650.1969791608
1002526,1128282.9159259477
1010459,347513.730235407
1008629,753621.7573987886
1004382,796350.1797032832
1012984,202235.8189064125
1005726,156128.99886975187
1000096,535359.8342609324
1003774,445422.58320108
1008914,592920.8278433137
1008461,294064.892817846
1004782,138245.60961060636
1003791,979933.2016976813
1013976,1045146.3361425713
1003978,430375.33418711345
1017134,754985.7047342147
1014692,858346.0152413725
1008745,212326.68702503893
1017561,522742.8644858972
1001129,440641.1831427027
1015536,693325.8452204829
1015508,516116.8383989152
1001355,204054.69393154464
1004449,417404.38178894744
1009261,485500.14976397966
1017158,156800.88275971825
1011328,313783.97598807176
1000635,1033189.2662201291
1000542,547548.808985984
1014444,502182.69376564794
1010029,530120.921298276
1013354,479690.0085221159
1001407,523071.40763301216
1002039,234780.06443486197
1015870,943748.4865607545
1007823,354635.0208813782
1003816,344975.5531864535
1001218,256715.8884731134
1001387,399299.2924875245
1010711,658106.5152394477
1004105,423984.42581880675
1017296,225741.49424160388
1003705,885531.4471744109
1001230,731018.2474347509
1014289,759744.2825801404
1015284,978857.0544099709
1009616,886263.56069971
1007401,416094.30983382824
1012246,850941.750480817
1016674,1001050.3519130516
1011321,562690.0038907466
1009712,880486.5164947277
1004464,433398.6918166728
1004014,562718.8683842688
1001537,96422.26092938585
1000211,732441.4226298614
1006646,727723.2349948346
1009008,897022.0470184683
1000861,594493.4468635765
1007661,944252.5075867545
1005121,409389.28559333
1001690,480709.13616191637
1009806,350016.35213804326
1000541,729156.4545543803
1005272,249331.74530306843
1002462,971259.43329806
1008237,369589.25362085446
1005231,417065.6976711768
1016094,783141.1139777335
1008444,681530.4474791927
1015120,577879.639011261
1007251,910574.8063799061
1000059,778221.6329334329
1007185,902121.7428364528
1009836,486690.9326722956
1014026,384652.0453049614
1005296,476870.1968528514
1000286,451687.20485513593
1007178,642472.3519951722
1005311,642307.2549161041
1010023,1228314.763982119
1000826,154559.21962300086
1013639,139383.42239787828
1015696,339935.9423950165
1006549,371301.63323265285
1013549,383470.4956292727
1000578,491918.28369853244
1015697,308518.16722976643
1009669,585481.3091632635
1006498,359528.69810832676
1010047,262058.02819379047
1007523,397222.6755299363
1006153,302997.15332279477
1014165,215994.78365699333
1013171,608140.8252525564
1003767,446579.50056132354
1006962,399832.9385542361
1015512,619277.3346430808
1009312,574622.8653321065
1002069,779148.9713153446
1004993,359293.1942710472
1015776,886350.3626450397
1012233,1016388.922956694
1010591,327736.22809728817
1008886,303180.32538062695
1009279,423156.2299129703
1010245,94070.55180285621
1001117,325621.9070921306
1016203,1055499.5179670567
1011198,727886.4881949464
1003552,365015.39836226654
1011766,436870.7079325429
1012267,374198.5796123173
1008831,167644.6556656177
1014641,404861.1110429118
1001324,640082.9906988923
1003620,222649.7212426978
1017413,199713.84220033948
1001576,409758.57501237426
1016742,539896.8158291954
1000299,624136.1526296331
1013936,313311.63236590923
1012063,287872.32614028954
1017246,637678.8559026963
1015110,439211.17353982636
1016583,1050692.8116488883
1002200,803306.2551037635
1015325,575377.4211870646
1017574,756694.1073410126
1014104,704889.1821069991
1000014,491974.6015125531
1005093,776257.3366843533
1012432,1310206.5004499762
1007838,1029300.8947019189
1006181,294965.4643739947
1009319,641097.9861829808
1009953,283728.5322403443
1011291,542850.1154518431
1013695,275048.92347754724
1003520,566609.3768156385
1004207,481531.90564412257
1000489,570693.0851000526
1013696,670848.8582894776
1006389,260236.81077349506
1009697,172026.81062811243
1002734,998287.6447631151
1008300,844339.4430581343
1014378,460300.3971207608
1014948,1108632.1934473028
1003009,1119999.466924534
1000344,454533.0065460544
1011627,336966.83899019926
1011444,700312.4917195827
1007802,729962.3071165241
1003466,171810.07149533884
1017340,1102328.3326622313
1000831,650286.2885502564
1005399,228821.35352170322
1016722,340372.09127510653
1006109,795367.8428452358
1007601,301267.04447868164
1015878,720865.0426204051
1009395,593233.9601106778
1001141,496172.52673690417
1013326,727228.6150414968
1001477,266376.8686667639
1015407,196547.60306525318
1009817,287893.4387875423
1016734,250395.3486544872
1003446,241510.15351666044
1004786,390464.22489530966
1000031,387102.60330864135
1013143,683259.6426204701
1007514,106615.28310452924
1009998,272266.385908673
1007897,675177.4158312946
1000897,829463.0874865626
1005421,1131346.924086522
1015421,591384.9138659065
1009981,127066.9122450754
1002116,561944.706741783
1005630,883628.6640857044
1009354,210668.11076911193
1011814,301940.0601204866
1005547,696740.9947374484
1003661,458763.9660404075
1015098,299366.8463939488
1009033,120678.95319366448
1013618,1019640.3226408473
1012639,237264.95243753097
1012838,331890.55146209383
1001438,885637.7323417107
1011763,121484.68172093068
1006423,422211.5093240815
1012877,541436.7717538835
1012673,222803.51211287826
1009222,489574.56876105675
1004592,354007.38155461743
1004366,674952.6319349561
1016968,489696.9813123712
1002724,581817.9848952839
1005375,310297.0750912785
1015210,379582.7182686724
1008575,517494.736444144
1008812,303542.4412574897
1004952,343408.94121288654
1000332,1109369.6463306695
1012852,288057.1945071922
1000390,399198.6259824537
1015945,476846.57282170514
1009135,897026.5848184761
1000095,1182907.3448238948
1001859,568195.1715789854
1000853,650946.7949334973
1004425,662470.872220197
1000386,364771.8668976591
1006101,493042.31515782286
1009841,505376.2711694505
1001148,615269.430777473
1016567,491992.82323712815
1000413,404129.9112376049
1012322,422286.5478752617
1000284,444439.4525556261
1000820,337377.4538641784
1017108,640123.2918546469
1000973,278361.13691004034
1011270,269395.28137031675
1006425,494665.9562363149
1008672,918048.6539900032
1001676,627177.0011842146
1014772,373097.7158055955
1015502,270053.2503383836
1015306,120819.74765718491
1011567,1277321.5929656185
1006119,270796.318971501
1013467,337832.83194289374
1008953,424566.2434011273
1000180,987540.1071071235
1016840,264543.1833320548
1009627,261213.44005220965
1015236,805900.0209531602
1015554,397842.54185295885
1001604,920002.7992265685
1015805,148666.02693019452
1000423,520907.0728925175
1010005,854892.0642280697
1005386,325199.47349641746
1000914,406673.8802835086
1008466,396179.10473621293
1011461,682749.9803680574
1001635,376099.4861536281
1015799,234125.51516321936
1006022,411215.22137640225
1002628,1057925.8924562791
1011216,456953.52315532084
1015810,405461.19082160987
1007687,266795.8118211318
1011406,572156.3960962504
1012469,369550.4150203606
1014421,1227666.453398932
1000838,585548.9526872842
1013845,324341.12442245753
1014856,350663.3838223315
1004108,314998.6311364507
1006580,381417.12527690356
1005155,438855.41712132667
1012192,444285.8643842164
1014216,1205298.33874447
1011884,261432.5889911513
1009136,359175.5761352652
1014634,538408.4023296934
1010434,185401.68979921352
1001890,1123309.3077309185
1015001,395740.947922899
1013650,431748.2180610581
1003743,389567.2370437172
1003447,318000.6515475012
1001022,218945.55008468954
1013521,137111.6154452587
1009535,705607.2559634537
1007465,496583.5342579387
1014360,232196.61977502418
1007825,257504.16955397092
1006431,403556.29166547133
1017364,302767.82408430666
1006134,174390.73687032692
1013202,273794.0719431958
1011069,783669.9934031996
1004742,345884.1304116052
1013790,501301.3976168855
1016955,313456.17803488206
1002814,278457.00646890677
1015443,433396.27630564774
1003782,138553.20631989592
1010800,910515.7384153197
1005996,416087.18805861543
1012511,570027.226598741
1005043,983044.3071393091
1004427,415101.8437955483
1007940,437357.5630597063
1005462,401983.8438916466
1001443,275777.9705777506
1000242,849730.4274383915
1005304,174502.16752404012
1009808,420424.307956359
1008972,428088.9578087341
1005552,453722.25384713203
1011924,234566.24927947117
1017562,361109.00764496403
1002837,414180.2795207128
1005277,771692.3638756942
1000300,1262509.6514979175
1015541,208304.87700591254
1012829,220918.98639854608
1012254,213169.66828323845
1008457,627738.9393421087
1009883,486409.2807040112
1007406,392772.37148197356
1009844,382331.90555778437
1012068,496734.3009302091
1000370,408565.61024288967
1016458,723136.0446802472
1012155,880142.9194972924
1009169,434173.29220420396
1008301,1132231.8100224484
1002984,373157.5922456546
1008085,427033.77408745105
1012779,354090.85764689476
1016262,211929.16820690455
1008295,396939.524053199
1003438,173933.26614148493
1004091,521381.13309607643
1005779,1387618.1889446091
1008865,1003867.5137516727
1009992,653812.4082322494
1011565,200504.26138005694
1013958,449426.7265020498
1009062,275704.2266835013
1015245,346687.9061887485
1009201,392430.91856988246
1012319,955451.4745902378
1014678,338015.01024515985
1007545,167099.78804045374
1011220,377158.10519812314
1005373,1208351.4559571291
1010332,384523.65918000304
1004389,1391743.3743932443
1004529,381804.90832268284
1013878,425036.4194237442
1004333,1206186.197181117
1009019,1369820.4690152262
1016308,359245.5963075604
1011323,535064.1802614157
1006701,1081470.4167502376
1009649,316918.0352400811
1009964,1017007.4468079149
1013891,634028.5611759406
1010981,269871.0241817005
1016680,291989.21288503625
1008338,396804.21107075544
1013503,451674.7133694702
1017421,615353.107575392
1002996,1088852.5629342191
1009493,727734.7271365767
1013414,556930.2799547667
1001185,374942.6992597116
1010578,373687.76411738474
1008675,781142.7491867687
1015093,984877.882864316
1006045,631089.0799023861
1017383,1205802.8413822397
1009499,676642.0310760809
1012893,225140.2813119115
1004734,493208.08666110464
1016573,330588.0082265842
1012499,227543.8660803385
1002351,249196.473573263
1002602,1076757.8089296345
1016472,197305.78172097515
1004259,457372.0578588598
1009204,490673.4337787886
1012405,359532.1572142784
1001447,663717.6303378863
1003143,666555.824095643
1004286,344435.07545143215
1009258,581402.2393166402
1001382,656227.4420822146
1014625,650336.1878000712
1015867,130915.81109840814
1014694,1035245.0588728845
1006391,464053.7602989896
1002995,94233.12052143419
1002624,506410.3264610207
1006417,551029.2125090774
1001400,853335.372439248
1013192,361959.3396225766
1010285,202716.16122146376
1006942,1196946.8528548288
1006936,424230.72494178877
1001203,241906.57503389218
1003515,524252.9399465487
1010980,587665.7892492167
1002890,417563.04255569767
1002792,467382.06123904494
1011393,679271.8596418964
1016683,240958.94885147698
1007756,334135.49463573407
1017237,1003972.3293281845
1015091,123033.54498094175
1014954,189908.06609448025
1012809,518325.40505546296
1013533,330356.5201349059
1000508,810002.8022900699
1009818,1021444.9946218238
1016156,594750.5101675169
1017373,388906.31658237067
1011199,262987.4102753803
1007262,326399.7434657184
1011727,146995.6862984789
1015270,1065752.1159049019
1014976,902554.5332632728
1007616,342891.0406654766
1000117,1072185.045265768
1014393,652217.6734429846
1001296,608637.2745803049
1017531,145080.49348478788
1016604,479884.05581965676
1012398,453345.01586113125
1005595,824615.139651022
1000520,310810.9574631556
1005172,1134726.8664425875
1011720,290973.98457180045
1010209,539082.3095351021
1009403,1108112.1647173425
1012194,1069858.8055414
1006917,445904.8646236942
1010595,508138.748235345
1012693,195549.4814406557
1012735,522817.9521059699
1016297,559122.1520926438
1010660,326645.1968753471
1002046,259074.83776662376
1001919,290382.87773677026
1001746,83436.75660433041
1001709,1259075.2437543757
1010890,717844.0119768233
1004960,694353.8789444354
1000814,864101.9077179761
1003187,445590.63615071547
1009002,996382.9781178893
1002017,166695.44932373412
1007942,135712.04154030263
1009785,369523.5555992301
1010446,178868.7994675044
1008992,592918.314471368
1017146,387272.97517958976
1004918,531375.9625127981
1010855,335104.74967900116
1003260,520227.42105677404
1015194,164470.78738864153
1000662,907062.1687366166
1001314,188424.72365628104
1011576,349074.0317017019
1001663,268392.9473115589
1013712,919951.0132751598
1017143,727405.1720969356
1002583,1309321.8195763405
1014110,242339.0733008085
1016007,1160123.6179269196
1003719,150697.06310063388
1012003,1011265.2998425268
1007758,588768.9424873429
1014302,660491.7414414053
1006586,558359.7166526795
1017250,274323.14451518335
1000197,677531.5561704992
1004992,363342.51986078016
1010929,343797.6245840726
1008528,405144.58967610565
1010104,1077257.3300837595
1013449,192241.57653121036
1016016,861188.1599344492
1015292,632764.2697427082
1005692,330816.2106045129
1015704,247058.8574589774
1014499,348063.3751620543
1000603,1121841.0285191757
1005294,495559.2492915253
1016255,680481.1927998995
1017326,512184.4903379708
1013592,1250452.973919278
1003247,453775.7241487157
1004794,440821.35528965783
1001761,411252.2940760613
1004330,427051.2836056035
1007657,589135.0068159548
1012899,340397.9537298665
1017342,312326.85003304674
1005912,761890.0075043585
1015795,284366.3870384585
1011026,679142.1292787611
1009327,419668.1570063241
1005711,402111.93169410754
1007076,392315.300790211
1001213,742999.7293913616
1016386,532331.4383588248
1017182,438605.4089780428
1017214,241785.54588477823
1011840,234528.06795018003
1016474,500226.8034928655
1017588,480631.3537318966
1001283,320459.7822838455
1012089,341049.56474200415
1000957,513717.2607200869
1006173,188602.46067016444
1011583,204498.46720266412
1006221,496567.40901705174
1008014,724362.3081473121
1000757,550405.7511068374
1001339,205687.40163714276
1016872,363216.9974878702
1010300,265078.63330508803
1011904,164364.84961863383
1000563,163674.09837832706
1001544,194671.943199184
1008144,556966.0877091491
1007027,707038.323789597
1000720,831460.4332496842
1003205,932655.7372573605
1009728,565274.2113744295
1017301,359427.160243538
1016806,460808.9379805637
1000065,359384.4881800145
1011030,442987.5605401351
1006920,925655.8422433033
1006090,747638.9293007492
1012020,88997.25005673549
1015645,525337.7086997334
1014602,978420.5349444173
1000899,824293.0290897721
1000730,829292.4603793274
1001506,288903.24084377877
1011343,577645.6249899782
1002557,346610.58780585293
1006630,963940.9065363893
1009391,312425.9944476348
1003039,1206809.3013136194
1015796,504664.1364935242
1008859,328413.3450199085
1004297,129921.63143449061
1013473,443737.5582242923
1003322,442948.9314447498
1006379,393412.592179823
1006098,624903.4199802108
1007351,918551.8878959764
1013166,497322.5475568747
1011081,567376.6053540681
1011527,665623.3039503425
1000068,423703.75155170396
1012530,492715.12515259924
1008419,324701.4979607633
1001954,491330.2421466405
1011515,1414358.161153607
1016224,950955.8828268958
1002230,720607.7205874645
1006606,504200.0876740989
1012224,497158.14166334237
1002537,111843.6050621509
1006734,580504.0037051793
1013125,1112885.860509682
1000938,808285.1171069912
1012312,374941.08385866537
1007005,1096405.4067886195
1002276,705620.239620406
1005510,1386759.7512142537
1001999,466135.40796663455
1014441,239814.08138698747
1015299,469730.7935053909
1010601,744859.3519282707
1003281,436994.96681104857
1003801,1233104.480478604
1006035,365549.5397271527
1013705,628774.1315667985
1009843,381777.7427990076
1003014,1184222.0934107285
1012437,306152.5495175666
1002332,374078.2074931584
1001038,1120813.231843541
1016829,358906.87065232516
1006228,440150.9272108964
1014247,203712.5482981064
1003410,321021.20920375397
1002122,271156.0032390552
1008592,523081.99681307736
1017211,291161.55019721086
1005687,491101.22930999077
1002035,485002.6972516574
1005556,480050.5233985451
1006392,280508.1660435552
1010152,1051104.728248942
1008963,976823.4095670166
1011632,450711.9561823468
1006130,1324126.0753287117
1004134,615108.492333903
1002155,215406.20821367105
1015820,226923.49116859364
1016188,396509.2565587714
1014802,747239.3991423525
1011519,316739.099896414
1000685,435738.7164252236
1006571,279915.64100880263
1010793,720271.4188387798
1004421,807201.7734792108
1015701,1038987.2372938833
1004482,443316.06851789186
1013230,616333.1347233686
1000295,257841.11404020188
1000884,572322.3595095975
1012457,358019.26361065137
1003015,248466.12332404932
1008942,473183.47626810864
1012729,370342.51333207975
1008973,307607.4310091554
1013490,617104.6655117489
1012999,800258.8170685841
1010393,258741.09743268383
1009080,353663.3266493181
1014080,532019.8750175926
1002400,213286.55300659413
1010970,228332.50330020563
1009919,170861.13092833376
1001465,434601.9284335624
1001068,451903.9897808573
1010726,524224.6451252509
1001686,1088815.9721681038
1013083,671063.3584302756
1003926,564216.5275703194
1008741,462436.70221876464
1000660,487698.4032011458
1011219,156921.14942348035
1001332,126332.71738126638
1017198,295549.36761278415
1004959,622379.7396899194
1007773,147059.28827973956
1011570,455369.25124676153
1009272,145742.53743317933
1003766,188003.12886273867
1003083,185500.80708365468
1003444,353055.1411360016
1008117,580062.1573322248
1015614,405281.5041426722
1004182,462099.9089523468
1007184,646993.3003939344
1005745,1104424.5572925552
1010966,661237.0327043227
1016356,241556.900280315
1010605,543370.4215085634
1015401,493214.19611384266
1002459,267012.4169403783
1013407,336228.1945540196
1012161,557626.1567184962
1011607,189601.0234875231
1003586,458603.092359051
1009874,285758.9028770656
1006599,723103.524978601
1017333,719811.9102361416
1006963,506074.1496044549
1015122,775982.2323874497
1002957,235318.28478128582
1004657,354714.6861237495
1009160,453040.6262882217
1007847,459842.4982368299
1006902,406422.0229286222
1015376,676523.9219123636
1014708,402546.1277979508
1000575,258053.35338823797
1014310,162319.08711764286
1013221,335471.6387999629
1003092,330424.9685118119
1002691,413255.58109919936
1001375,1129340.8489834927
1016447,1341860.5386694619
1010403,414416.68057916546
1005261,562000.2192023683
1007868,518240.86182070506
1002344,652892.666212363
1000945,536814.2635050105
1014243,355020.22722697235
1006407,524197.8762847469
1002111,891525.1051417851
1004581,383898.43523405294
1000459,272821.79406001786
1007222,1259644.9182904186
1006357,1069346.6863683832
1010566,803813.7444419942
1002954,323528.44701010524
1000007,200942.2859104919
1006982,327015.57586379535
1000250,1131183.0538761562
1012703,260661.62350046192
1010702,342528.5780895148
1013749,1408265.2401972504
1001291,677629.8980509989
1016991,1099608.9543347321
1007267,452349.79587271117
1009025,235379.24132780256
1015076,1272066.0132791135
1010020,338055.2422984107
1009855,835025.3918153457
1000976,787035.5879164276
1013987,972050.0062153469
1009057,237096.99970613798
1011971,546567.0189770813
1009501,342995.5942055701
1010664,794891.1257888635
1008933,1095533.418653089
1016710,434388.47596812254
1011876,343211.3854169266
1017419,392490.27272630687
1009162,463748.12041541294
1008399,530201.7820502819
1000145,127696.1922364792
1014838,250331.2088155229
1015165,218490.93864749197
1004183,829971.8122183068
1005443,328869.1555578803
1012363,587095.7502162204
1014774,641043.3335360555
1005822,821617.5836394652
1002944,235019.072217346
1002682,837792.0981111709
1003146,244258.2144060318
1017428,582356.4256303436
1001487,761978.6511255436
1005717,645146.9778038887
1012917,1112837.7073401706
1011506,960812.4354355437
1007659,148552.22115389616
1004261,285103.1359662395
1001832,394509.568200677
1010463,892479.5010082038
1000331,1200742.4048223642
1000692,256277.29258878078
1001285,482492.0882049376
1010417,736229.5013822344
1000760,938797.5781364596
1005554,1255473.5146189677
1009470,287818.9482960816
1005656,162854.58439554757
1005380,673870.4295348874
1001885,777107.3866535873
1016318,492842.57698796823
1017416,470743.3082068656
1010373,691322.082250568
1004977,167178.34650238004
1002178,240083.15178923652
1000933,145956.87412571348
1011979,515385.1914018191
1000466,741906.1140867291
1006030,394049.3300617797
1000244,176105.00620608224
1014402,920472.6830595377
1015832,767008.9852081201
1010678,742787.421720482
1006205,658833.3195062599
1001807,531033.7392815938
1010805,503168.938775508
1007371,269617.2139842145
1009456,239803.4028223991
1012942,430771.2432651697
1013769,1121226.3331991236
1000840,501786.52185844013
1005817,533486.9592586315
1014811,956193.8094201233
1005971,1326188.040959747
1006352,309478.15040640236
1011641,791387.7688676525
1012849,193782.75456784587
1005447,1144122.6363228934
1002328,163463.9794091227
1006137,504514.6968861834
1006011,865077.8848196192
1000279,723466.087014017
1010507,872057.4385446336
1010360,128941.5069746225
1007229,1158811.2744233084
1010962,437369.8374295955
1014743,338306.09694657294
1012560,1187553.7206810443
1017161,308524.04789855634
1016492,119374.43350129464
1004544,382941.02135195304
1009586,404192.11992439907
1005850,485625.8463052646
1007800,630850.2716787985
1012120,229806.81777121997
1009423,346683.3743854293
1003048,1341989.8072171074
1009758,845033.0288038177
1006252,495395.81806129427
1009440,688178.0013203989
1006198,618942.7918600667
1001310,466836.95525593223
1005706,259229.1263440324
1008425,618323.2219615394
1016381,189789.40661412184
1002229,355561.4092537625
1017595,489018.6633314779
1012996,605029.7724536652
1004680,316051.8484622129
1004762,1275506.54036373
1000144,644026.3319437794
1016232,257887.09388430844
1016642,524949.3621517741
1004801,248726.3752190108
1014630,915716.6118990881
1008665,95612.8797416334
1009665,551645.0009991607
1011705,499207.32379128615
1003223,501347.34134024306
1003543,164597.5310596188
1000348,414411.73983779113
1013827,526464.4598020166
1008433,299352.22237090406
1008560,610245.3740269123
1016476,770247.0464998778
1015977,424635.14937524125
1010416,533614.352613781
1013799,971162.62170587
1012944,819865.5421971291
1002572,893324.7464505689
1013598,1011739.6601373202
1009351,390010.9347098148
1005685,446290.58204865083
1009842,539238.5350591243
1016322,183096.61748791067
1014282,306767.3197736996
1010690,469656.2979344671
1013444,1125930.3466928047
1010560,447150.80111191556
1009281,506927.79891015025
1005716,123215.97934710361
1008380,617307.4824457825
1007004,147025.12154440387
1013840,434802.81371514016
1002783,297161.6902580489
1016235,864977.0797180862
1015538,369602.37955368264
1002630,276892.225111012
1016956,698368.5235952933
1001169,530608.4700524615
1004519,335815.37006580766
1007453,210549.78287698035
1003541,561608.9005465871
1000715,133765.6251031658
1015456,255009.51841207015
1014760,817717.0789041385
1002463,634620.2968379587
1017545,765976.6494650561
1012833,623163.0880553784
1011127,477026.38179171784
1016741,945385.9985516411
1006699,447171.751544291
1004595,931370.0620351413
1009607,741998.5329845485
1017509,384872.6602790787
1014815,397628.2163553257
1016276,256138.5050783151
1015506,458640.4067935852
1012051,663741.7376763984
1008200,774020.382268436
1010671,160402.85627064164
1002081,574574.8625702047
1007442,1322538.6135816206
1007283,1075847.7921751468
1011048,318096.78288284584
1012997,403426.2948506838
1013307,1298727.5262849873
1012162,523782.5010518663
1001688,723055.3312126499
1008030,588323.5032172927
1015357,298536.47906271875
1005975,283203.7630051987
1009524,724506.5578935011
1000366,483707.83526731166
1017363,1274300.9752153098
1010900,408373.6686511574
1015887,399395.7937515982
1006956,292597.3976169039
1002806,610779.0311487868
1002363,760723.0542977555
1014406,267510.18755336746
1004761,731446.500051304
1014652,336005.3121696912
1002662,547930.0793972707
1009084,143313.00461878735
1000170,431701.9804045762
1003786,858182.1559824147
1013016,1055017.3526150791
1010883,517452.0564903416
1012024,836907.7586238473
1017505,629662.6143682284
1014706,880875.5638710966
1010846,1034729.2081136637
1007173,457224.2060528024
1001808,874604.4226220018
1014204,246947.83888047718
1009588,256826.8176978496
1007434,924061.6567514132
1002259,584336.1391991884
1010639,515791.4053452584
1010256,333127.22773119895
1002131,1198893.0957830355
1014383,401608.38329555595
1016487,312478.2335178
1006242,153032.1022955517
1012375,129125.89559122172
1013930,1057052.2175503357
1001313,679050.7361179983
1015080,195854.58460517717
1002244,363892.4059483332
1013992,360321.5809685789
1004620,191492.68859760827
1013263,619282.5892202734
1001605,113157.33529034494
1016832,680516.4739282294
1013177,861678.5708494345
1006081,330484.6488667434
1007654,253823.9104090972
1016751,1015343.0865119126
1013295,349429.78496995725
1014699,483184.0914061031
1015910,1301757.0492285532
1003133,506932.9428923977
1015199,914244.9367337464
1003997,282259.70427512674
1001502,1214483.399600858
1012923,1387345.373492493
1004591,671287.7995050775
1010627,218962.71909897984
1017230,238698.72846662952
1002510,1002910.26333955
1012403,361614.56722442305
1007281,258949.6194997975
1011314,497081.5521646181
1009664,650432.0176024257
1005415,522255.7842298213
1014446,312999.14128900785
1013727,554333.4701421643
1006740,866075.166804469
1005625,245681.86469367426
1017536,470407.0618718301
1006281,488734.06026702916
1009968,931750.2449540747
1013883,223140.99219431303
1015123,1263044.3275877764
1005474,603546.0941646799
1009638,520525.78577185265
1014403,739980.6836287412
1002380,301943.97240664664
1005758,521318.38057925226
1007493,186998.27147717762
1013889,659582.2693542447
1009768,469015.8851970091
1017401,400484.9468029758
1000607,244568.44258106002
1000629,346128.8576079202
1002554,448144.6623167358
1012238,573261.5407957693
1006700,279214.52916742925
1005441,577154.2815196104
1012044,284995.2739013155
1009687,148001.75906511652
1004224,1224055.1380257362
1001489,490904.2107046807
1001821,1051750.0162721449
1011981,163148.77678000572
1017261,203245.62113175352
1016754,317302.7954413562
1016931,230573.42758809705
1002049,351819.3937057003
1005016,379331.00811226695
1000896,172319.59014619773
1007749,724439.0171910324
1003169,487806.6667867919
1016591,258300.5816348416
1001262,437047.75621386035
1015725,731121.9732370882
1000753,339908.10754209483
1006986,108294.90580089479
1017337,1079760.1353228837
1014206,218951.3574402606
1013386,277048.8085130958
1015618,929489.5501235323
1015716,188081.70421237993
1005747,1246734.8556967129
1001517,354716.6807780209
1005348,324470.4113269741
1009111,983558.4363746784
1011947,1142104.7318162473
1009159,821466.3113703539
1012714,591772.0020191327
1014411,232303.79316845725
1006997,673600.800625175
1016164,405488.2453026112
1014480,402607.52566285746
1004789,479816.31280476175
1015622,282983.6025965269
1006620,422433.39463518973
1013777,1305551.6865294797
1010608,382847.23410986434
1004169,522712.37308688153
1015896,753689.05011851
1004593,789014.6696705787
1006524,1442222.5046623822
1014208,577020.7294946491
1003856,369331.07696147216
1005354,467566.8163421483
1003398,426540.22211405693
1008028,386426.69977530255
1002670,1046495.3744728105
1014813,766089.3245804433
1012823,723104.1294319665
1007714,791555.5523907862
1002991,826480.1473416672
1013867,429887.00688794034
1015375,531445.7403786742
1007426,1146468.027335216
1016249,1130756.379627064
1004655,1127984.2625603422
1014340,141894.8094591528
1009899,426451.2731498089
1011374,1047171.8459340609
1005451,372747.3921425022
1017257,407437.30642883055
1017441,392924.18652163685
1013651,342823.3708320384
1015527,309057.5018578003
1007955,385039.38592069945
1001681,187837.97480834852
1007844,638071.156287746
1009604,284310.57529215975
1008499,151167.1748399012
1012894,348625.3323292559
1008462,445057.8250098664
1001221,830443.4032648739
1002675,982883.4805909053
1014346,279870.4007448996
1012691,113220.29245994014
1008759,651246.1535009032
1003234,293031.0567714467
1016691,444784.4259087424
1003408,1009553.4108255506
1005306,683942.6154649177
1012512,330057.2270624979
1005830,382717.3180592096
1001931,138790.86118392902
1005319,1216624.7556933232
1016841,568201.0557058548
1000594,386789.9218605212
1014790,212455.07318313996
1005957,436540.96443579893
1001619,471923.07581723115
1006113,845595.9905373561
1015412,942525.2523752319
1000845,848892.7746098307
1010544,446516.0841593429
1005985,757845.1143540982
1004414,334170.7053139368
1014750,752132.8590827388
1010559,929494.9078680449
1011532,609013.2302421455
1003922,370133.9524533941
1010474,252546.7818694374
1013656,1395540.9454381429
1015669,776716.0013564678
1003542,1386199.736497388
1011161,419491.11790777516
1002700,417011.83557653596
1002301,862604.0343371365
1017446,372765.35137440567
1003244,227259.54261249307
1001670,268411.2057646965
1001822,269783.37345417304
1008789,220670.3080614473
1002771,572403.5505730739
1002744,487321.0983301899
1011238,433682.79290736845
1007219,246391.78936248997
1000168,655059.9734247866
1014944,687019.3695062852
1011628,890611.7156430384
1009024,297231.89582641964
1013487,387920.7023512528
1004335,178622.462480145
1016114,706695.0567619622
1002207,856154.8010998527
1015090,1267088.104627705
1010460,497355.3675344192
1014307,145657.62821124014
1002377,488676.5931382369
1015425,586737.3151664648
1000613,814334.5225768384
1016550,445864.17520691425
1014145,183807.0803428707
1005342,545326.0927215379
1007328,462063.2559108906
1013835,997764.7263294486
1005088,1264436.7570390096
1007590,153977.4055456422
1001603,454733.4075867583
1010831,1120726.3919583214
1000554,299182.69622713426
1016352,193380.10242439093
1004695,424618.26591571094
1003564,303584.46088764316
1005019,1062891.2054423806
1009464,655827.0426466772
1017332,806093.0094007006
1013347,232241.13981100803
1000107,563674.1342253302
1002280,476160.7528564944
1005297,492878.1444859064
1015709,629570.9294749093
1010359,1231888.681145596
1015238,141351.75635605492
1006516,413548.0483255198
1001466,348231.5953411079
1010230,554917.1789636393
1005561,232070.41076775
1004341,1153423.1031589867
1006326,338761.7352865991
1011695,320582.37788366864
1011990,1008187.4108374646
1005410,211326.96159959474
1007035,432014.4678884975
1014568,755395.5179528566
1013092,1085446.845537524
1011490,356641.933200109
1007345,293349.07028520596
1007435,511845.99992981396
1013669,1056340.717996052
1009178,562471.2771347135
1015927,543676.3454459807
1001898,695372.4787887583
1015741,800668.9157994105
1002330,659640.2716215444
1011896,919378.2377078875
1001508,228759.43827397382
1013664,203102.79963045588
1013445,471252.0130994419
1006820,922628.46416192
1008735,1152655.1711070638
1014981,364561.1743014639
1010257,403915.7379385099
1017600,478262.7931046866
1001096,569139.8310079689
1016479,308424.4330973746
1008970,884926.9770939323
1012733,632949.3797173282
1013484,134375.09592683162
1000916,805907.2255544474
1008771,561556.6362517602
1008226,544091.5076094231
1010555,1188673.7091045855
1014117,230495.25485332162
1017284,939876.9945144507
1005176,230554.1630177427
1013523,496098.2122224976
1003648,1102917.6212670933
1015846,826601.714724564
1003047,727585.3564477086
1013254,685577.4741024965
1008847,237175.28534211716
1001914,736761.7462800107
1001856,466768.14769593853
1000736,384541.33474978874
1011502,1016710.334110227
1000443,754751.280706986
1013623,603630.4782240149
1003449,623744.4363290824
1010338,155520.01298280957
1010251,437686.4271952872
1003312,681360.7163517972
1000729,1290374.944898954
1010266,507767.3058853497
1011309,403125.6969204005
1010305,403875.88802641985
1017331,345658.10794846393
1017507,659902.7567710317
1017521,915367.4241023378
1004542,1087052.95440241
1008406,412921.8099835658
1000355,304902.31370858836
1007175,468188.5899084866
1005712,286404.3555847516
1007842,267813.98343342345
1004649,240334.72045082197
1011499,909251.094133903
1013205,1254148.442766348
1006825,233371.59004705347
1001915,1064007.1931703067
1009753,588805.4928608462
1015173,398872.77348864503
1010402,455218.05470825086
1016728,813400.2807174766
1007703,698953.8465647699
1008857,299247.04891478736
1015913,266959.5656789571
1016166,180701.30316262651
1016834,942745.4308903209
1005388,396321.2149877171
1012209,571823.242983533
1012685,623402.2196362386
1001416,722475.1484747875
1001276,227313.05869904486
1007382,394051.2351075987
1014732,436915.3927647031
1014164,1189637.1228359456
1001658,512171.2551485977
1011670,442469.3027970439
1010092,930941.9409696929
1002893,881426.6602754442
1012298,813510.6001331896
1008139,367864.004984491
1006306,739651.2185133138
1001225,1249483.0611983472
1007211,263416.079063919
1013332,465109.83505803865
1016187,296693.96978408657
1007873,749967.3400860309
1002607,154865.98860236167
1005543,355974.83897052926
1011125,488082.47704560426
1012019,821394.1967475442
1013265,329396.90417654614
1006594,1416457.044306098
1006398,372622.30631028285
1003744,813175.7632721657
1000441,898959.1802912768
1009788,162723.2632115286
1002574,997998.7247062708
1007056,102686.99715540941
1015162,375023.92991650425
1011209,1024348.4840953059
1006446,547405.1678319252
1008784,566437.3539936111
1008884,511168.41132488044
1009182,1254822.7818020736
1005644,433387.7786024835
1003738,331711.53937618644
1010668,580331.1596773701
1006054,359737.69203757413
1006032,213185.0384084658
1002663,479015.0069482633
1000440,482169.73749983916
1006432,298969.9990183219
1016321,346252.80301781173
1011064,498969.82861573296
1011024,586848.2406332996
1001083,743309.5893436394
1017199,556885.521994813
1012418,586869.0133042753
1006624,377838.0286145554
1010336,1143489.7897207537
1010657,473575.9330975772
1015626,312455.12097983784
1001012,776138.1236799575
1006219,288621.2025654524
1011977,1002941.8606217352
1009022,418633.8540442331
1012004,226505.70613342727
1016501,494251.58870593185
1006085,424015.2624336989
1005111,766949.5521592733
1005419,571093.407716404
1015888,1017674.4097649857
1010705,1243322.0865990538
1016119,707487.1606446453
1008733,337210.39418457577
1008094,199799.77883925123
1001481,114175.58492673519
1010795,278882.63629829104
1012911,423837.22633440635
1010344,237053.4773705083
1009393,370064.57033410587
1002479,1059614.1213288242
1009508,989186.3570233051
1010250,1141015.9761374218
1000787,776122.7182242783
1002446,676006.0901054358
1003203,302454.71137166495
1017202,622965.38081424
1012898,441194.50841422594
1012545,349003.8508542131
1007365,370223.19610705617
1008517,355429.687824478
1004188,1023454.8747167845
1011462,1212808.625771328
1014331,320220.71516117896
1011657,596284.3942726874
1005377,363323.3034294481
