zpid,predicted_price
1009018,521578.6671392513
1001436,578581.1201954667
1010988,299175.6419623214
1002184,592388.6870626762
1015717,353481.43679100234
1001346,858885.1036391581
1006728,267574.033493618
1002644,455070.3131479057
1009198,858885.1036391581
1008339,472311.7293340658
1017567,578581.1201954667
1014281,551912.2053812649
1016770,946817.3148806121
1007599,551414.9794631789
1015766,190678.3590147159
1011268,561132.438475535
1015728,350743.5655827099
1005910,398032.1126670487
1012305,186937.43413050644
1000209,398032.1126670487
1011855,577513.1931802221
1012252,461866.9360312197
1010211,329919.36784043006
1006401,410258.6826944529
1009723,499798.02641467657
1013941,412733.60097185295
1016219,490981.94529668894
1009350,690385.2746496241
1005071,342359.6618212862
1010399,551054.1335574847
1013189,361976.17336612614
1003138,831614.9981422176
1015723,271089.5478151796
1006247,579787.1738229675
1007478,693833.5302215503
1003685,473839.33739043924
1004764,210172.43209090392
1009233,472569.06679329934
1010893,268612.1933243818
1012091,928718.2489658304
1017092,238872.07321472964
1003069,394555.486923858
1012178,237805.8442878639
1006136,455070.3131479057
1003701,249927.43070377005
1002491,282582.0034025398
1012167,244331.24558375732
1001683,812246.8890166756
1006785,315920.15694963024
1014002,135460.70309406708
1004666,681230.9238258955
1016954,638147.4562200658
1012772,780497.0381452813
1010688,450426.58414112625
1012968,361456.7334549309
1001415,908028.7604669521
1011748,578581.1201954667
1007073,382826.88342488994
1004221,259725.187441783
1010651,673706.9625911207
1005362,249927.43070377005
1012256,194559.86063988696
1000135,505352.2523114875
1010219,417302.6060395532
1000261,516115.66440151085
1003779,533404.9978091802
1007814,756540.5221707963
1017541,288737.5712279198
1008693,200404.29084195854
1006051,386951.9559125207
1012475,312102.0739904743
1010967,505846.8214506563
1010153,485100.4882153279
1007854,903248.5228798463
1001543,100623.36096341859
1012709,414487.22618659155
1011522,410258.6826944529
1010467,299736.9273061082
1016019,711140.7634123683
1011087,410757.4567906716
1011360,194219.84767064627
1011923,349781.54053066374
1013380,683480.6195889155
1010592,469068.3641811916
1011882,292612.26373505534
1012814,489625.7870068913
1017039,468307.6706661822
1014089,373012.0941952793
1004163,292639.9846397391
1008400,312620.1245485768
1015904,462059.2989534192
1006975,611273.0883187962
1001501,456205.8523292898
1010533,250444.07519032925
1007574,315951.52899878926
1006887,371396.79433974915
1007117,615774.2875816912
1015872,642687.2924798715
1000949,592388.6870626762
1016984,201074.79880920684
1008493,625860.8108506771
1001066,493397.90358887194
1014890,496733.2635273261
1009150,474825.4809769803
1015445,731510.0794684988
1003773,330872.5896403804
1000521,543322.236005938
1009827,379375.088678802
1007448,348425.00817460846
1004064,670761.8108738068
1013351,484837.25106832955
1007934,902747.0668291687
1005772,684973.7693154427
1012467,564367.5387822938
1009678,742415.9405121898
1003903,311128.42657184455
1007368,390161.35774645145
1001019,359596.49827574124
1015956,1045418.7116232826
1007676,769024.6624581672
1003862,406931.07006166753
1009421,368856.29956465156
1008790,348179.1921222607
1016222,186937.43413050644
1011510,601763.4833279885
1003760,409406.7272718831
1010095,414475.038498157
1016848,587951.4442055206
1007981,451060.33022078045
1001863,530440.8517578528
1017279,456458.30853675166
1000210,568634.9197508775
1009220,472311.7293340658
1000670,769024.6624581672
1011975,311206.4361971514
1009650,254239.44327190897
1012244,380093.51718698593
1004490,750594.194906611
1008783,682650.0777979551
1013050,478554.0411330549
1014078,651007.8495512968
1014560,769024.6624581672
1011972,336500.51942602964
1013813,214310.8605025489
1016790,397348.6212951363
1005284,271257.52561437985
1013954,296743.082602869
1008243,858885.1036391581
1005551,560976.0016703871
1013022,251027.40240628997
1009326,268612.1933243818
1012559,268612.1933243818
1016326,467596.5240682974
1001392,499672.45956452895
1008539,302405.9698713833
1007707,557665.3254010957
1011195,201074.79880920684
1006858,130747.58587840531
1012325,469068.3641811916
1014033,663272.71378302
1002285,728895.0420802428
1008722,571947.1148002503
1005675,464951.6433005079
1000444,214310.8605025489
1007793,408694.1380388506
1013869,297905.5985379475
1002067,382640.92136033846
1000680,831614.9981422176
1014261,181254.37477661224
1002004,277626.6552982857
1014357,363823.6454002218
1006564,373490.43084726966
1012486,474825.4809769803
1008327,379249.62135500595
1014927,483792.7235682901
1016358,430574.45798918593
1004321,520254.88783551165
1009489,504526.45994032477
1012778,397836.4860439351
1007474,1438492.3475092375
1013121,468951.6159174173
1016128,448847.4525436123
1009970,433225.4867558304
1012507,210365.0680377023
1003514,438021.3815665965
1008680,307410.84179588064
1001048,480719.7282769249
1009306,1193614.7260403195
1002808,340143.86283018906
1013767,577005.405766922
1003098,409925.30099974433
1015467,455070.3131479057
1000732,416542.5931110467
1012332,540684.115653716
1016463,254595.16404633445
1008306,562267.0377969427
1000082,852282.8390290805
1016942,456808.72119634843
1005131,218973.4362126442
1012116,541263.810489671
1001352,345137.62440038106
1010888,888165.6535258126
1016602,598763.6387088809
1004492,276756.042704965
1005418,505846.8214506563
1013371,569475.7036168065
1015183,436479.4973557164
1005090,265456.2520186253
1016445,315978.213129477
1011665,771231.4308748579
1008838,606347.048162342
1008874,778048.2717293644
1012856,568634.9197508775
1001188,490915.73006089294
1001187,447794.875679075
1008604,278842.94941999426
1014429,359596.49827574124
1002847,861613.7434117504
1001025,1021083.8271832003
1015817,441687.60395554925
1005642,474922.7304342644
1006378,779713.9352734636
1001069,261061.68124606297
1014222,200404.29084195854
1016125,674097.4044078502
1002759,253750.88053914873
1011156,724510.8041821548
1011969,277604.57963536686
1001545,468681.8382059335
1017127,557665.3254010957
1002355,486396.15287794167
1014169,560953.1625510777
1008570,295894.7075939919
1004005,805632.3452545489
1004894,657599.1143853449
1012897,426194.26517633145
1003477,418067.89785899146
1016230,671289.0207930749
1002997,443299.8191229479
1009934,334565.4136849919
1009074,736923.250421139
1017484,601780.8396115827
1008101,702318.0732724885
1002220,1037278.3049938933
1015864,731320.5011448456
1014237,752121.4034394092
1002982,491323.0117557322
1009718,711489.1175900564
1009757,498694.5625657327
1006687,805632.3452545489
1014726,194880.81497030042
1002009,229898.63107305483
1013798,518907.5568882723
1017131,332434.2839865471
1007602,412314.2865736454
1016980,928718.2489658304
1005173,746415.3542815605
1016941,443360.04446985124
1002924,693833.5302215503
1009576,184498.69536625108
1002851,526838.2223097007
1008706,459904.0994229487
1017475,581117.2966341396
1004393,291550.1438743732
1009382,793740.7629370621
1003761,317833.9207368836
1010699,422761.5637614239
1013530,566370.015086807
1002399,418930.6375644277
1015545,429194.745922598
1008940,367761.25584185484
1002871,214310.8605025489
1006334,121303.03791094864
1010723,620835.1618261719
1014722,292535.90009926585
1004260,873425.2245675934
1009453,518433.6721330366
1002785,497879.61646201997
1010931,243245.94398390586
1002958,344389.2031099498
1017144,218145.64246598564
1006265,329659.56254722073
1008271,393785.25311989937
1006945,460099.3981726383
1008172,307518.8738870603
1008449,452403.36890173575
1014495,464951.6433005079
1011614,532456.7610684101
1009895,433283.92418205796
1010979,411206.1024982212
1008507,216224.7577143915
1015957,461132.5347025597
1001535,208717.8991727954
1003583,534917.1470044405
1002687,614911.8688930578
1010112,499714.25240936765
1015560,388990.7464604267
1014494,426737.775195267
1011340,522131.4430325377
1000258,230966.15932233247
1003971,885965.2971121137
1001035,454100.278369526
1010408,405581.4489588693
1010056,961621.0919257742
1009680,359484.2391925333
1014770,484837.25106832955
1015729,147635.7240756231
1016113,293858.75182538835
1006018,514249.14991301077
1000288,692642.8714816904
1005715,216920.69497600736
1001051,730826.7502232331
1005120,1112996.9475302356
1016506,516697.14338818117
1015788,1079195.9156107618
1012567,724606.2714811655
1005501,346773.11472051503
1015647,410400.17518182425
1006683,517493.0553832865
1010920,516697.14338818117
1008340,633213.0715162044
1006967,507234.3867533481
1014171,470794.2362306485
1012701,946575.4853509819
1000794,283136.74548796
1011295,347165.83394790144
1006299,214629.78441362188
1008185,928718.2489658304
1014147,569199.2455352992
1005204,328325.520021285
1016261,462344.09709811315
1006263,959697.0537219669
1015917,399798.253784949
1004785,893247.9148954739
1006505,254931.8738816846
1011258,303865.0067925154
1000552,478503.4625393394
1014923,233018.20988397498
1007880,790834.5675820747
1015400,520083.01628946164
1009180,550900.233880251
1013396,220802.88037074285
1001661,268612.1933243818
1016813,766761.3109903557
1012556,269728.8714361995
1015223,654468.156626993
1005332,721479.3541977109
1004594,813686.4860331229
1007812,381992.62239201844
1011192,912140.7481468089
1001841,299156.1510706797
1008180,372928.4403294968
1013870,769024.6624581672
1013079,241977.1823620202
1014975,506916.6945539438
1004098,333688.20300524205
1008774,928718.2489658304
1003191,634966.9659975932
1009068,1011445.435975699
1005009,385058.0997755716
1014303,578581.1201954667
1012081,654516.3790776992
1012925,514488.9940987158
1013875,560899.5338646305
1014159,163215.01224624002
1008231,433547.12864305876
1000863,230966.15932233247
1004737,693036.264723358
1000902,374472.71655224095
1013830,506171.8368405804
1004371,472569.06679329934
1017294,688712.480626314
1006380,498228.1387764538
1008036,383752.1902298309
1004739,383998.339507025
1000942,663542.8966952945
1002715,395946.91326776607
1011741,490186.074492377
1011496,532042.4617352154
1004442,450705.1364246525
1007132,550995.3860275625
1004358,474825.4809769803
1002891,600704.2784093725
1013353,219247.68557572927
1016443,346990.4822589998
1003231,398760.17784766963
1004702,806736.1630281442
1004229,254595.16404633445
1004015,287564.06482001755
1010572,353481.43679100234
1001996,498048.6032151647
1009722,297435.077707001
1006989,943359.0083713422
1005792,200404.29084195854
1002780,299587.17186126055
1005719,318121.3748968066
1004866,448563.57941941335
1002711,472454.135191176
1016401,770456.7874475894
1006179,604829.6258998126
1008557,223663.10814598436
1008723,378333.6722907169
1006642,740897.6215367727
1014450,928718.2489658304
1008241,469016.1668267166
1006578,709979.9612394117
1007052,503605.95166056725
1010958,728169.1403388174
1017573,385058.0997755716
1009439,425241.7199967152
1016274,595345.9314889093
1001137,398636.0075184234
1000215,447794.875679075
1012285,715324.0251452499
1014276,1193614.7260403195
1013694,619472.2345974171
1009251,812246.8890166756
1009481,813834.3665187625
1007043,494900.3116353958
1012141,505846.8214506563
1009059,213824.0428028017
1010871,294478.20008612634
1010325,466354.38232243835
1001892,440286.89655646915
1008412,969876.1318517626
1008786,454009.9655965381
1008526,938767.863939787
1016026,276665.1626780987
1002297,228105.46422195452
1004564,327497.4863339281
1014921,324279.8001099453
1009380,524004.67555448937
1004882,180856.216848234
1012888,417418.1060514807
1000091,752309.3304611277
1001235,724510.8041821548
1010006,290851.47748709744
1015990,464239.0474516392
1006666,437813.1213930486
1008012,641476.6549109162
1008022,450705.1364246525
1004670,502929.71174621116
1015794,1126500.131237214
1007937,350463.5520869102
1010420,459761.0582457851
1003255,516697.14338818117
1005572,362978.14712579886
1006587,269821.29959001683
1004933,703561.7170519145
1015849,346773.11472051503
1004704,249549.65968227005
1001633,606347.048162342
1005861,1030154.4301291544
1013674,482622.36756197654
1005528,455070.3131479057
1004555,879771.3897355917
1004559,970279.867422885
1001159,268612.1933243818
1000193,431291.0559754803
1009611,440833.72613116604
1016068,404227.4895842214
1014111,724330.8254555837
1014140,1080854.12281715
1003803,401912.3365830369
1000474,374660.8339365822
1007635,371396.79433974915
1000666,892468.9645286918
1016664,424625.73956487974
1008787,617485.6258224442
1017418,381992.62239201844
1007575,371396.79433974915
1004543,643520.4937036834
1014053,572070.7585827025
1007087,765572.2899948136
1014764,115678.61736917442
1009695,306706.8937355727
1011012,153804.3784519356
1003139,763750.8806130498
1013646,356656.835851323
1002770,315505.3015252097
1009494,381992.62239201844
1005359,149483.82657977127
1006824,410791.39472272666
1002202,345991.5838319174
1001433,375887.598341332
1005438,671596.3154675185
1016060,318121.3748968066
1014376,343688.77642046666
1016690,390969.1195710889
1002392,615728.1923575175
1010672,206101.1123855165
1015019,535663.4805132785
1000460,924872.1312957098
1000792,558995.6118011326
1000266,472686.40275588277
1006859,231300.63738186302
1000477,396836.51848300855
1005860,511216.8677643369
1012946,511216.8677643369
1011005,172002.69301944814
1002483,341627.48221417004
1005505,754075.6542234272
1012215,563486.7830835299
1008248,422284.39623346983
1011694,748620.5654159434
1001453,353481.43679100234
1015557,704859.9440348103
1009299,400935.8413864536
1007012,627596.0472134316
1016587,312376.62441955705
1011931,890990.2071440654
1013903,390969.1195710889
1009087,294764.0209583727
1002034,338134.1791008345
1007116,559375.9632895286
1016130,1137005.847693524
1009212,639307.050023459
1006644,890625.1282289303
1011738,400733.15339699487
1004363,286567.72912210575
1002428,712099.7767474293
1001088,567530.6755745618
1003238,394771.80543317535
1006042,376092.3451375545
1003625,946575.4853509819
1013363,711489.1175900564
1002015,1057410.1759521316
1006408,383112.51443957794
1001411,841610.935364441
1002762,138730.02865776257
1003285,660080.1169171366
1016938,464712.00144704344
1006078,568386.1767949533
1016115,381992.62239201844
1000882,325854.60149818443
1000929,614140.5518051262
1002799,582757.9951016523
1002815,477230.5841410106
1011371,967629.4729230864
1016625,600704.2784093725
1011574,249927.43070377005
1011936,314279.70931216073
1013730,371896.13868670375
1002143,538907.7059677475
1011452,465359.3271609574
1009384,600704.2784093725
1011071,424761.37740343716
1013508,907120.0109775556
1003833,393617.8519627592
1014611,766761.3109903557
1002336,528318.8310398831
1000631,728895.0420802428
1001374,836624.8118808243
1012570,780355.3994083975
1003032,503045.6222863094
1014027,181254.37477661224
1015121,289569.8506925484
1010746,462799.6985663481
1004907,372499.15928182995
1012477,488462.63467125193
1009751,289117.07321648195
1005212,194219.84767064627
1004911,505352.2523114875
1001059,410628.9778105089
1004650,408234.3564858869
1012287,561132.438475535
1003965,614440.0829382472
1009684,401772.54073424195
1006603,272315.08989322296
1003574,349607.7068948915
1012086,683411.5088614763
1009892,345589.19842741085
1001697,825035.6901598169
1012929,463273.45111428935
1006823,360991.65356895316
1002419,447794.875679075
1009266,859338.721357787
1003575,711489.1175900564
1013746,358355.6429856424
1015919,740897.6215367727
1011481,410757.4567906716
1006726,378144.42917926895
1010531,1193614.7260403195
1000604,946575.4853509819
1000601,892468.9645286918
1017020,230992.71244381435
1003117,222624.2278855683
1010985,867807.6739317419
1013934,415243.3030878864
1000140,447641.9122937428
1010207,447794.875679075
1013666,676260.7085848985
1013972,730826.7502232331
1004121,229911.79769212753
1002456,351454.8644783189
1003292,214310.8605025489
1004387,849262.8960014516
1008853,661354.1895313573
1004437,309678.9544096776
1002272,1032995.944036059
1016387,1175825.2679543532
1000596,318101.03395320196
1010329,341627.48221417004
1010762,419526.9615225765
1003762,257411.04818498937
1011825,437675.0995752213
1015429,469016.1668267166
1005408,400177.60065453866
1014570,544750.2051422914
1005024,219845.75488738093
1006597,286584.1137284255
1017510,488060.06044124195
1015370,1029698.1406976108
1014556,401941.11485206
1010108,337182.9661268192
1006184,399268.45506184996
1002171,249927.43070377005
1005064,375651.0838397603
1017434,867691.6274457047
1004351,373490.43084726966
1000510,565756.8248492023
1003834,558995.6118011326
1016859,898261.9055881974
1012323,502354.3010380887
1003383,502929.71174621116
1012009,118526.90514689335
1000039,716970.5579351084
1009764,597031.9339209226
1006987,760057.6899837755
1009598,239403.194732362
1017394,625721.5315992621
1009333,462910.8951271138
1009865,577397.6154093927
1014258,527733.7334560398
1017356,511216.8677643369
1012182,605265.2857768673
1005691,147635.7240756231
1003976,1021083.8271832003
1006971,343313.77163561236
1001128,802145.4019416177
1012895,452701.0431710869
1007070,389928.32866492344
1016837,807301.5704274997
1010190,303865.0067925154
1004815,611262.6629041025
1010916,1196772.9455225945
1011136,484715.9617759359
1007306,1081839.277437713
1009341,431733.17875445884
1004204,946575.4853509819
1006894,638544.489875561
1008985,963591.0737929168
1013456,924823.5909383418
1002179,432518.4733313493
1012926,742476.4349263102
1001245,351058.57558889274
1012842,578581.1201954667
1006940,876079.5690742865
1005827,207927.35742587218
1016849,809905.0712240761
1003931,520300.9217055503
1002543,802145.4019416177
1016933,318236.5201847188
1012346,358792.7518364433
1001439,411804.5372764167
1008593,1131775.7224720803
1010352,577765.331397784
1009007,300457.62584528007
1010663,387389.4715333697
1014236,461111.0099601024
1012447,248365.57722881302
1002393,684533.5666929823
1013817,477780.72640600736
1012169,407733.32768273825
1013462,190596.49000053582
1000318,98584.08435752714
1008603,197679.64624780908
1016279,450460.2198715695
1000496,984535.7956604318
1001421,391256.6901843612
1008833,492089.6464588984
1013397,443360.04446985124
1008069,473418.15087291214
1013274,489092.9405621056
1012371,424394.87075049186
1014573,700718.1064795656
1006458,774383.385822842
1004065,482544.2595156469
1000392,300603.0240325727
1007965,256779.52330138016
1003649,569199.2455352992
1001330,808565.4274105267
1013356,333688.20300524205
1017140,697940.4094486316
1008806,398032.1126670487
1009965,347461.49438021536
1012111,323149.23577703413
1000191,373908.271911056
1017110,661489.2596005617
1002113,365242.1300324232
1000663,490186.074492377
1006094,488060.06044124195
1013277,265551.5748982262
1012935,671944.3177477254
1006120,600704.2784093725
1016601,486452.37348955096
1008890,483667.0020613525
1005972,268612.1933243818
1008897,1002084.4423015356
1015337,511216.8677643369
1002408,464712.00144704344
1010815,268612.1933243818
1006969,461993.98519265314
1015480,494796.4625489484
1002966,455070.3131479057
1000451,528318.8310398831
1013268,294030.88080915174
1001214,228560.5784012303
1004267,507388.89234582405
1006851,301442.54207321466
1014190,782571.469408154
1001390,771231.4308748579
1008384,416591.1254125272
1000633,232160.42446186513
1000058,922171.2264096717
1015540,353139.07016220497
1001328,444543.9576055302
1010098,502042.39494134265
1013453,401701.00773407344
1014050,243245.94398390586
1004898,403806.95710316347
1009643,730826.7502232331
1000408,379085.56456573226
1012606,485986.3503212928
1001322,745952.415572702
1011370,642369.8107471153
1014252,268612.1933243818
1003688,398032.1126670487
1002676,355248.42611834424
1010786,1193614.7260403195
1003204,409359.13841192116
1012586,784911.3514577416
1016307,325072.11434733396
1001013,530359.2919874978
1007174,676260.7085848985
1013661,425250.78032610076
1009878,480326.11517970054
1001273,769024.6624581672
1000141,285738.8962668916
1002717,778814.865981299
1013588,285032.2872400208
1016843,440730.76079689775
1007911,230617.70785383155
1003453,194219.84767064627
1004400,300603.0240325727
1015056,545555.0768526798
1003245,682716.9531180897
1012157,410988.5402936325
1015068,830604.172464635
1000202,466354.38232243835
1013828,241559.87107519954
1005079,200404.29084195854
1005602,1198618.4050206067
1011057,462799.6985663481
1016785,360718.8571276334
1014405,649435.1234952224
1003610,730826.7502232331
1001744,732209.143499912
1015441,233089.72682524438
1005750,513611.4978706007
1005579,196282.78976098265
1004075,461486.166552643
1012705,200404.29084195854
1008980,220295.47090758136
1008628,496385.00537670014
1010183,623456.4479109973
1006947,389082.0071774578
1000475,425272.24952254497
1006019,306172.5924121263
1004355,259953.39040832064
1011207,1179855.0777688585
1006293,527821.191913794
1000964,396661.3689186047
1009648,633213.0715162044
1005363,505846.8214506563
1010842,761720.4018432235
1016658,845766.2225028283
1008418,333111.0570732285
1003880,82361.50866792761
1016024,769024.6624581672
1011525,552412.556409561
1005833,421876.0763573029
1003391,738778.5726261626
1000815,345991.5838319174
1007898,491749.98857160774
1015070,240251.86551549748
1002654,521565.2591442227
1015925,784102.0329210494
1006609,417418.1060514807
1011752,340143.86283018906
1015883,391510.20621228067
1013113,638544.489875561
1006382,323149.23577703413
1012811,687038.1002548101
1006360,471045.9396155958
1005440,728895.0420802428
1005112,708292.9245253813
1008627,336575.4600720914
1009955,385058.0997755716
1000682,472569.06679329934
1008504,898261.9055881974
1005890,488937.3041715595
1009781,499558.2671455754
1007261,260835.69493760765
1014321,631159.0411412033
1017245,374783.9235605009
1005357,600704.2784093725
1016373,295894.7075939919
1008525,578581.1201954667
1016979,873843.2726574747
1017102,561515.141719281
1010922,417418.1060514807
1014904,364398.99268000276
1001274,300577.63130011625
1013738,159777.50792789678
1000038,471237.8992206288
1008641,506871.7456764528
1001133,508427.4831543364
1011205,928718.2489658304
1013969,693833.5302215503
1008818,441260.9561813157
1014654,268612.1933243818
1015153,683411.5088614763
1008417,491583.16469876806
1006362,508579.10496033856
1014549,447794.875679075
1017366,522574.8298721181
1000132,575388.8152269518
1006675,991536.4884275516
1009656,231246.17939975203
1002733,452507.9457180627
1003695,678314.3636858661
1002791,373490.43084726966
1008900,433186.8385496371
1004201,257815.82005448113
1003050,1032995.944036059
1007896,417418.1060514807
1013900,709004.0594882898
1006447,646325.0437095929
1017063,299998.96211035084
1001222,323149.23577703413
1014305,296680.8126786457
1009329,910249.4261801145
1008278,398032.1126670487
1011775,605092.8104067756
1003589,1030154.4301291544
1003818,398636.0075184234
1007458,636701.0781922165
1006670,572070.7585827025
1007257,541991.5960990308
1007765,561251.9945003715
1006289,398032.1126670487
1011895,646034.2021247692
1012145,257815.82005448113
1012364,1017768.7271458504
1010114,425128.6632607565
1015374,409784.7420452359
1001102,411858.0641350003
1012481,237379.41577426574
1016017,1175825.2679543532
1008656,465845.6312799322
1002594,342622.6391842985
1007395,658554.4476277067
1008116,393049.0827396397
1013316,946575.4853509819
1005157,301311.69969624473
1005276,322177.2140882923
1017602,600704.2784093725
1013927,282567.0740512313
1002391,743630.9239775743
1016586,434744.88893342507
1014627,335526.3095018769
1013475,381992.62239201844
1008908,749895.4992052111
1013153,450460.2198715695
1012485,340420.3017627768
1011808,373490.43084726966
1006617,698351.9120462292
1001742,472311.7293340658
1004209,789650.3407083439
1002453,908437.0613771488
1014157,1002772.1771635269
1001793,425272.24952254497
1013238,187433.2479133707
1010326,683411.5088614763
1016597,504085.1569786742
1009287,381992.62239201844
1006390,472569.06679329934
1002072,350131.73987448314
1001524,506371.3319986119
1000233,284923.7027672182
1010899,706965.1354707144
1013066,243941.4073965052
1013684,153804.3784519356
1017103,779493.3088034433
1013993,467815.5467215538
1017192,519908.07073844044
1002813,105330.99488747474
1000445,472454.135191176
1015764,240253.61112523582
1007031,725067.2527638387
1004101,313353.1851025217
1015724,716039.0802128988
1014745,494897.4418591024
1012666,417418.1060514807
1011529,518545.6217731731
1015943,396899.01291195187
1006729,373196.91153796104
1007472,961621.0919257742
1005062,359484.2391925333
1005683,436423.8894764081
1005013,769024.6624581672
1001138,400935.8413864536
1014851,525247.6415834543
1014629,339546.8154661104
1017221,490624.71453173517
1006855,472311.7293340658
1003676,596813.3377728057
1006141,472311.7293340658
1015954,769024.6624581672
1012502,369091.91467617126
1000249,299998.96211035084
1011524,269886.5825618986
1012574,387389.4715333697
1014057,657144.7171840812
1008023,372671.0070522109
1002096,295325.9372761554
1005002,466657.40099459636
1014938,542491.4958385614
1012130,412869.07344465744
1010665,398636.0075184234
1007405,175773.0036609188
1000561,756447.4137700887
1013783,520089.34622350987
1009383,289944.81437838316
1010164,380149.57660840836
1014893,728169.1403388174
1016133,357421.13796530955
1007166,411533.85701164673
1001884,331844.1270373463
1015959,592066.4212513294
1009375,346773.11472051503
1002832,409377.1330284471
1014833,126241.9155591367
1008111,561132.438475535
1009888,265611.6884694388
1002534,314274.408357018
1014799,340143.86283018906
1006333,598228.3303528187
1005392,339750.8736907297
1009293,754075.6542234272
1011335,432991.8567401538
1009448,380149.57660840836
1013329,628570.7160076379
1014242,740296.438484528
1015288,536293.6960497538
1016688,453878.63467470283
1015159,455221.1721264016
1002063,974487.2448217344
1005978,367171.3610738974
1002578,341507.07805991714
1013144,568634.9197508775
1006632,486580.69924229285
1015589,885522.6732915449
1003547,446355.2060789987
1008052,425272.24952254497
1007858,679371.2608326396
1001972,342392.3488174182
1005317,760160.1161023397
1008346,380149.57660840836
1005732,349607.7068948915
1003302,608501.3173441534
1015436,625860.8108506771
1008986,200404.29084195854
1009941,730838.4827720344
1006798,511240.02787878166
1011257,243883.8819413002
1006160,245067.64377047814
1013514,443971.39004511625
1015096,381992.62239201844
1003344,532838.3606127277
1016309,297682.4467799146
1014439,425272.24952254497
1003968,121303.03791094864
1016392,615731.1114596229
1010554,871354.6733434742
1000985,418229.32131955604
1016657,695550.6279593441
1008075,514225.6830210421
1007342,544662.8842575409
1012919,841610.935364441
1002311,380149.57660840836
1007839,522663.99130756437
1004339,398636.0075184234
1008712,693833.5302215503
1016881,469769.6299190626
1010848,1126500.131237214
1012731,371396.79433974915
1006191,396105.04911510245
1001565,402467.15441163146
1005800,184535.9940184339
1010969,472569.06679329934
1002471,356685.7219991866
1005087,561132.438475535
1001611,420742.0790553843
1010585,514739.7411664752
1000903,813067.8222497428
1016871,371396.79433974915
1009103,327817.5123304459
1001014,583642.0825474003
1009599,724510.8041821548
1001327,955643.4941776665
1013470,381992.62239201844
1007518,578581.1201954667
1000625,398499.7019822556
1011169,619448.2699038238
1006831,265551.5748982262
1004131,517102.04125960794
1005544,412329.53005409485
1011843,483178.986236821
1010897,485716.193964298
1005329,476668.2701297223
1012273,760338.4096329978
1006251,380355.9132201211
1015575,154920.47246208033
1006640,381992.62239201844
1011988,512841.0128288877
1000506,339222.30619653326
1004462,390969.1195710889
1001109,371089.41878802155
1012843,359144.94974326866
1007894,249927.43070377005
1012017,920126.7596357042
1008347,464613.0128568443
1016606,461111.0099601024
1009071,1175825.2679543532
1004835,389195.04180967505
1012757,642369.8107471153
1007319,516308.85244861554
1012101,550100.8844531234
1001488,534039.7450247566
1008626,830225.4644865732
1000165,663939.6463675743
1009966,387389.4715333697
1003524,578581.1201954667
1001693,231910.43535892694
1016457,553786.3524695339
1010347,200404.29084195854
1006260,229898.63107305483
1014907,268612.1933243818
1009392,872091.0498802623
1006993,377976.88323503546
1010734,469016.1668267166
1008285,153804.3784519356
1005458,392179.481398473
1001483,323299.27391687327
1011531,465430.67945191154
1016384,202620.86296342243
1004937,500079.80152137764
1005221,516697.14338818117
1006604,489025.74737658125
1000969,419801.7326876814
1012755,530655.9938841696
1013175,201074.79880920684
1003462,371396.79433974915
1003599,446482.83543793013
1015821,518012.1485774126
1016158,576184.9166633358
1002742,515921.6392315125
1016123,452403.36890173575
1004724,856819.9918721846
1009519,726462.1229289819
1016499,861150.1641784887
1012231,398032.1126670487
1005785,341627.48221417004
1014845,291957.77726493607
1000077,213824.0428028017
1013341,552159.2046553118
1001003,369940.6310623293
1000810,451454.17662971147
1016566,186685.31929555102
1001695,561132.438475535
1007508,426800.58997337375
1005037,264109.0528626281
1006255,419117.0058564072
1003452,518012.1485774126
1012529,147660.98545108258
1015646,450382.65507887345
1011457,396105.04911510245
1008832,577582.6735568456
1003819,401753.94678816973
1001454,511240.02787878166
1009805,525534.2806444257
1010283,748208.4338783323
1007284,809611.004880464
1005725,299156.1510706797
1002318,825035.6901598169
1010991,343313.77163561236
1008356,469016.1668267166
1002314,763677.7498775965
1002413,306717.13711371884
1017537,381254.3069644268
1015694,544728.744173554
1013850,191744.00696827937
1003059,254978.14474410954
1010999,407849.20834895363
1004438,341627.48221417004
1009675,503554.57432823
1012583,764800.1680473345
1010319,568634.9197508775
1017273,605307.731924751
1008296,1002084.4423015356
1008372,1175825.2679543532
1004830,1021083.8271832003
1012523,232187.98472428424
1005048,439209.89905657904
1007722,426737.775195267
1016906,268612.1933243818
1013101,502929.71174621116
1008729,485876.69209712493
1013193,484837.25106832955
1013809,261759.8677407592
1001373,185138.49162510573
1006693,644446.6218253009
1012565,761989.6542590027
1016145,1009671.4772815579
1000146,343313.77163561236
1007982,289944.81437838316
1008738,437074.5619578662
1010574,747529.3249866012
1014143,756203.1569449945
1006555,516697.14338818117
1011725,414487.22618659155
1009406,379249.62135500595
1009367,433186.8385496371
1005459,408725.8162409685
1017288,387389.4715333697
1002873,767274.0496539883
1005466,712645.2757660553
1006496,338565.7274329552
1015144,308630.5731635069
1008614,521578.6671392513
1010816,531468.7994219469
1003750,410757.4567906716
1006347,410889.8151610362
1004507,606347.048162342
1011000,432860.13602450484
1009709,301298.7435478048
1014320,483063.80895476474
1005364,756540.5221707963
1012657,147175.7571252884
1011355,417418.1060514807
1004961,401941.11485206
1010771,431205.1914028348
1001778,302224.337270955
1015295,385058.0997755716
1013304,273928.86829963734
1005413,192250.7753506315
1016679,162534.16024114398
1003551,503437.0443426639
1009482,598873.6649889308
1000270,526668.8956468417
1008055,471979.4570254845
1009999,454125.67059332784
1010310,498984.33499257034
1014712,1057410.1759521316
1012782,483063.80895476474
1010054,379085.56456573226
1004089,237805.8442878639
1015940,381992.62239201844
1000021,211361.40596856066
1007978,612420.3541271815
1005961,319136.2321666176
1008804,478554.6188415921
1014909,377803.6737894278
1008195,559027.515368642
1013614,452949.3288247482
1007917,524095.7973442707
1012881,260759.94977247773
1010269,455070.3131479057
1016241,549439.7938777766
1011400,342734.9295028676
1014322,518012.1485774126
1001178,581235.99523594
1010775,303548.41249962326
1006475,214310.8605025489
1006314,712099.7767474293
1012904,447794.875679075
1017252,217207.55208165976
1012603,574645.0196677924
1005944,1002084.4423015356
1013073,758724.6636956981
1015898,588116.539957426
1012250,949846.0716755082
1015338,320863.8341886722
1003510,307128.2131136084
1008355,592388.6870626762
1012032,316462.13492487057
1014456,385518.1077627978
1003572,284244.48518113483
1008202,353966.0793120685
1000373,603715.9522574447
1016408,410757.4567906716
1011267,998797.0391152927
1014225,559375.9632895286
1007155,610546.1208719468
1001556,674624.7205358503
1005036,271089.5478151796
1008038,115678.61736917442
1010346,761198.8601229576
1004722,267774.5379366185
1006386,952854.2803028073
1008010,599542.9625431679
1015844,320845.2615451241
1007702,392893.7765074113
1017396,256811.09647414714
1016910,872543.5357115838
1013885,505352.2523114875
1016266,381447.5068587805
1004518,254297.82257950216
1011491,472454.135191176
1003944,647594.0108473608
1013017,320538.73235778214
1001857,736327.7506766729
1016892,148394.89332158325
1003070,393074.7652538155
1001520,566792.8679464436
1001321,1051072.685130974
1007072,399591.43081507063
1000264,311007.8620556605
1015671,359562.2797155006
1015770,544943.7884313201
1014139,638544.489875561
1001306,410704.26179815136
1010685,568634.9197508775
1008861,715496.2781283032
1003850,341127.245880299
1009824,673706.9625911207
1007688,620160.8123346642
1015863,712443.3586575222
1006770,276148.6431225893
1013352,567005.2117609824
1000618,385318.42754832376
1014959,995379.3009403002
1002535,450460.2198715695
1012948,204631.01338080998
1000124,902747.0668291687
1005693,462799.6985663481
1008966,436479.4973557164
1008037,281148.20063913666
1001732,472454.135191176
1011459,588116.539957426
1015624,325464.438702797
1013219,468339.99575220176
1008408,314000.93266739784
1015114,457979.8093658648
1004211,560953.1625510777
1006441,455070.3131479057
1004700,672508.9859121566
1016526,251269.8011076384
1010935,260835.69493760765
1006523,204715.04535438382
1008822,396105.04911510245
1003349,484019.0460686301
1012952,382826.88342488994
1016237,528318.8310398831
1013447,773546.8114441272
1013289,418261.2584302337
1013496,383112.51443957794
1011985,594638.5586997536
1008805,604829.6258998126
1014673,590926.0797037994
1010563,457736.19420018955
1013282,528025.584631819
1004928,559375.9632895286
1015524,672432.56027464
1012569,215594.70255485587
1017454,446663.0564791219
1007017,528318.8310398831
1010028,581571.2291827429
1000690,281879.0259395175
1015489,794469.4357276955
1006409,510594.20764447685
1001360,438907.99014232645
1013874,249927.43070377005
1008106,249927.43070377005
1016867,490016.90767313534
1016461,207647.55047874732
1011605,824688.731814516
1009226,343867.1496933004
1005815,414487.22618659155
1013119,383012.127827411
1011492,603715.9522574447
1010252,588784.522746258
1000400,485476.51848425786
1012451,683411.5088614763
1014324,730826.7502232331
1007369,484837.25106832955
1001848,455070.3131479057
1003587,345674.03788248776
1016876,590140.6688648339
1010353,185647.1429084134
1012097,529575.5984276903
1012208,541748.1667740836
1011135,312620.1245485768
1002327,309788.2963643887
1016280,676260.7085848985
1007298,417418.1060514807
1015546,510078.41217068984
1009219,389779.84947408875
1005954,629972.6138829764
1000419,454686.5786728888
1010432,694265.1012352878
1017133,167618.86993497633
1012299,470542.14537200687
1000567,289944.81437838316
1003955,348704.0203591164
1004426,904577.707573649
1015612,267561.0039496937
1017114,486929.63815264485
1005761,742329.369907179
1013760,409699.1278230796
1010720,459317.0203126998
1016208,1126500.131237214
1001710,611289.8849458563
1005126,333688.20300524205
1002619,453327.2338101868
1000779,373490.43084726966
1015564,417418.1060514807
1002613,103896.90937183022
1013563,338317.76387604134
1010286,591206.7507208877
1010180,625860.8108506771
1006992,393268.2311326173
1013564,666697.8716714064
1014228,373688.49145042093
1014219,784085.7802715561
1006585,396378.6851863838
1014492,600704.2784093725
1008522,263784.93119046086
1008752,214310.8605025489
1005916,378078.71656863886
1006629,693833.5302215503
1015685,296713.8516115802
1003206,249364.60324017095
1013597,892468.9645286918
1001992,671148.8970816482
1010043,459671.44511911523
1013343,168416.65302067346
1000087,742765.4391201981
1008358,693833.5302215503
1012383,149973.6721853829
1000533,371396.79433974915
1001546,561054.42064678
1006462,435763.4562489204
1016132,448063.38911858643
1004850,428120.4472257493
1007598,330686.85911383026
1016593,578581.1201954667
1009271,555613.597464171
1006913,220548.12304342195
1017369,363229.8451224839
1000695,374279.53983731725
1010383,343313.77163561236
1013337,531477.0590129974
1009671,1077825.4392918325
1004415,126241.9155591367
1005278,153804.3784519356
1010695,539898.1525922974
1000017,508832.93963491824
1003664,393049.0827396397
1009571,422761.5637614239
1005581,369546.53822400083
1001009,690887.3377777982
1016708,676260.7085848985
1013833,809905.0712240761
1017502,505846.8214506563
1001479,387389.4715333697
1000712,530655.9938841696
1015143,484837.25106832955
1004372,665062.8539707632
1006958,866199.9672630328
1001536,499143.17707492656
1015842,325660.3221827221
1002805,239341.98753492688
1017449,418067.89785899146
1005530,375149.43366849795
1006880,376708.4512082644
1005039,308574.4782895902
1004074,133214.34771237234
1003956,825035.6901598169
1011707,892468.9645286918
1011593,362410.0917918852
1011601,351175.0813107744
1005632,447930.308971238
1003199,306540.9830021839
1005305,484837.25106832955
1012698,273218.45317511796
1005808,569591.0646997516
1011771,375149.43366849795
1005407,495286.62566871924
1004738,265456.2520186253
1004826,1010611.1415635783
1002186,331056.73640921875
1005365,331956.9920231402
1000951,557616.9930246788
1009700,502606.712825279
1004776,588116.539957426
1013844,431606.8263055742
1000588,410036.7036235261
1000819,655890.6087024874
1002590,361896.344985795
1003918,276830.17692410626
1011060,401753.94678816973
1015226,533404.9978091802
1000151,400427.9484549371
1008982,643573.2230894642
1012015,638796.5888915607
1010837,488060.06044124195
1017422,425805.8253275642
1004878,201074.79880920684
1001722,1193614.7260403195
1003536,581108.8787899958
1005681,454424.99923521915
1015082,432991.8567401538
1009149,774663.6308179359
1015582,517494.26137606293
1003116,477326.4712931164
1016438,279504.4263786101
1000746,398032.1126670487
1005923,404017.3633176039
1002979,690357.8611725814
1006174,541991.5960990308
1014454,514874.03941848525
1011089,186685.31929555102
1013400,716970.5579351084
1014115,447839.7535930518
1014052,571991.3829801629
1007041,370423.80889012304
1016039,184257.53132318062
1007099,282473.8407980481
1002221,305380.48353004834
1000836,464951.6433005079
1017005,397238.71149995003
1015594,425272.24952254497
1004171,466291.14158924075
1015319,333103.5221578008
1007617,528318.8310398831
1017106,740412.6078383629
1004498,468680.20760826
1011307,1089032.529849507
1016944,643389.822333142
1011739,226902.31493891968
1002093,321979.08004999824
1000546,603715.9522574447
1012936,748417.285773158
1008709,291876.109379878
1011595,740573.9315439237
1010567,638796.5888915607
1006841,370248.514855567
1002781,445767.21454610146
1008204,1137005.847693524
1014087,676768.4645388204
1007971,294374.97823232645
1007556,568634.9197508775
1014980,462799.6985663481
1004198,1126500.131237214
1002921,289944.81437838316
1003498,491797.6213764182
1015105,856783.4512082748
1002062,531445.7279131525
1013812,515981.57417709165
1016569,843434.5725590457
1006241,692003.4709973173
1013910,398760.17784766963
1014517,418177.8217706232
1003107,339030.5302869106
1017325,740897.6215367727
1014455,196282.78976098265
1009038,325006.958717379
1008373,510495.030603621
1006669,786169.4478133954
1010933,291550.1438743732
1001208,222624.2278855683
1004491,564850.7924323229
1011578,349892.7611447284
1005598,824806.7104331449
1005596,456837.1641824465
1014691,461111.0099601024
1004018,227783.31370721993
1013468,356656.835851323
1009012,433186.8385496371
1008192,495124.7972684119
1013982,589108.1450475202
1005892,928718.2489658304
1009940,1198618.4050206067
1004563,432444.0055774181
1006840,417316.93549778697
1006223,447794.875679075
1012492,697297.0559398043
1011534,430708.7051186285
1009202,440000.8193998843
1001967,472311.7293340658
1007118,271176.0064151958
1003537,500461.950378188
1001887,505352.2523114875
1005816,484837.25106832955
1003148,841242.4637462383
1011609,400497.94846658944
1013072,524771.2863776289
1016400,302362.13079475594
1015833,499480.92513070384
1015678,441845.23161340924
1017522,467769.7357487874
1010898,605879.8176300732
1015899,281148.20063913666
1015590,530568.8465899845
1004885,793270.1988955359
1016434,434577.83268724533
1015128,800262.027640631
1007081,522895.03965145804
1014993,806720.4060997828
1000289,237805.8442878639
1002955,261202.79370431224
1011598,495255.32619058463
1017060,391493.7791181193
1011643,616778.6243752306
1008064,641103.106781665
1006540,606785.4487223134
1013512,466291.14158924075
1011586,715684.2084949028
1007864,812246.8890166756
1012227,572070.7585827025
1007625,295325.9372761554
1009355,484837.25106832955
1011293,758933.808303822
1014433,194219.84767064627
1000499,414487.22618659155
1014010,366720.0511763818
1016981,299166.70312292076
1004009,793254.0210549351
1000587,689702.9538975458
1017125,547949.0201398217
1016065,271503.14539473434
1013114,413689.43655265117
1007728,285738.8962668916
1010351,841610.935364441
1008717,504085.1569786742
1008995,271089.5478151796
1001450,186937.43413050644
1006939,254297.82257950216
1002347,378755.7008042409
1010228,764800.1680473345
1004867,300180.02764599124
1001675,598960.4298368049
1008988,346773.11472051503
1014554,847813.3932743109
1016314,520064.6206259547
1009820,1051072.685130974
1015609,553050.5770152294
1016896,276035.17477488844
1003057,460831.1051372273
1000639,387389.4715333697
1003172,455070.3131479057
1016560,307654.8403372412
1008514,281000.3885394896
1005876,797478.0240556733
1003210,605974.7969103198
1006878,522587.7403807749
1002107,524004.67555448937
1007313,466320.94701251684
1012026,487036.2100587087
1006202,316353.78650658234
1005429,1002084.4423015356
1008727,642225.6817979985
1011362,664932.6098219397
1010670,555975.2820549146
1006053,390828.07974186604
1015789,339267.2033891359
1006236,260683.0118172044
1016600,544662.8842575409
1016394,194219.84767064627
1012770,214310.8605025489
1005780,625399.072745732
1010196,107290.03508662114
1015386,512893.8383824512
1009030,469978.22564645245
1006328,353139.07016220497
1015142,892468.9645286918
1015866,584371.9219356374
1005635,268612.1933243818
1007848,528318.8310398831
1013480,592388.6870626762
1010232,248622.7277399414
1002800,279198.2745404108
1007819,464951.6433005079
1005114,249927.43070377005
1000574,651666.4077101839
1014877,642634.1331448096
1004364,527677.9234191345
1012057,542887.1365992137
1010464,658408.3883367579
1001504,454424.99923521915
1002870,784861.1166309163
1015587,253548.47395815924
1008809,650904.7845491506
1001200,728895.0420802428
1017278,115010.68748860889
1010405,589378.3806532078
1006069,530447.0239869866
1002267,425673.2863600427
1001196,424279.9433390387
1015202,447987.0994599519
1004513,761198.8601229576
1009228,470206.4759104671
1003638,724330.8254555837
1004480,578581.1201954667
1014850,295207.3940215848
1008240,555071.6185037539
1015269,669851.3472093305
1008302,225993.4213160469
1002549,288737.5712279198
1008549,444869.69275120733
1009848,397204.6002681262
1002353,799915.2450620825
1010129,196282.78976098265
1000216,469016.1668267166
1017474,255631.63571886506
1000705,749812.6423462
1003118,154027.0824531494
1013542,201074.79880920684
1016865,365664.16441494314
1002540,398032.1126670487
1008420,214910.3452208273
1015668,564541.8596223776
1015944,300457.62584528007
1000960,484264.843958548
1002000,640058.5921422547
1001784,724913.935275792
1016595,440700.9541435798
1017407,641199.6811755075
1010371,693833.5302215503
1009061,257815.82005448113
1000175,413051.033710024
1004173,625970.0277250647
1014072,601353.4295264548
1010278,608098.5134291012
1006146,835238.1827116101
1006721,467052.4337332971
1010142,431308.7333449665
1007259,629392.8483961276
1004290,517275.44394157454
1015640,893360.4472413844
1016767,414665.0611086533
1005823,572145.2861878702
1009347,521182.919774861
1016150,446013.6112270987
1017379,387624.350167351
1016759,265456.2520186253
1006664,559375.9632895286
1005184,501420.7969313101
1014162,768185.6919907983
1015302,488060.06044124195
1012734,414950.74087598675
1007159,634561.4757893318
1001716,360904.1876265361
1014839,410757.4567906716
1014224,491990.9700818432
1001768,349360.22096213663
1003742,412647.444081929
1000227,397762.62191894714
1005493,410757.4567906716
1012985,257630.11910841733
1008612,433663.38777362497
1006187,530359.2919874978
1007302,584848.1545657009
1007899,662578.6079409143
1016510,260334.52148020285
1004691,450040.0186475994
1009893,1175825.2679543532
1012138,472569.06679329934
1001981,274910.0777708957
1008782,672814.3537425721
1007679,513728.7375496292
1012348,559566.4266088556
1003960,642369.8107471153
1003888,287174.1416235886
1013485,705568.6215449794
1008816,442094.65947718144
1011537,703248.4005067891
1008876,824449.0389438556
1004790,904553.9402999834
1015347,928718.2489658304
1007578,600704.2784093725
1002659,144487.40841995203
1009041,247703.20152974146
1004150,346773.11472051503
1003675,258061.62907046347
1000136,528318.8310398831
1014848,465230.9534533665
1001918,745893.4152007264
1002406,427988.1479040056
1000012,194688.46430895448
1006418,453878.63467470283
1005790,939935.6459291172
1012912,468401.1979617916
1006545,954901.618579041
1009726,578581.1201954667
1010918,268612.1933243818
1002577,409147.47087835905
1010304,482676.9329936451
1012223,298513.3925596495
1003623,398032.1126670487
1013626,822766.644072872
1003647,565358.578659926
1006876,376194.7526608647
1015989,578581.1201954667
1000495,530359.2919874978
1007645,464990.81468109787
1009286,749928.457214964
1003809,588116.539957426
1002556,659561.4151123444
1000605,313806.67740797484
1016057,346150.3119431272
1010834,902747.0668291687
1011779,500301.26859154314
1002359,337818.8351842973
1006789,526723.915573551
1001062,740549.4225488561
1004138,469016.1668267166
1002585,476535.6010807214
1015631,930019.9969843193
1000478,560432.5166818656
1013577,429564.4701908553
1010493,272824.9112378892
1010777,1115932.7588452399
1010466,292925.90696815663
1012464,564414.0437713827
1004111,450705.1364246525
1000620,450460.2198715695
1014754,270846.8631017179
1013432,377105.7190423562
1013689,386305.4440019328
1015561,373490.43084726966
1008409,439393.4945463268
1012355,306720.8628237533
1001485,186406.23135772324
1001046,639933.6597904521
1002156,642369.8107471153
1011902,224206.86714551548
1000161,465250.4603068355
1007380,561331.8736224074
1004469,589378.3806532078
1016934,470954.10287797515
1012450,503437.0443426639
1008029,524542.3268408953
1013550,858885.1036391581
1014715,1079781.6210185373
1006988,501604.0157778433
1007194,410258.6826944529
1014317,407269.9523704738
1017059,733311.8693531669
1005534,783068.1050348489
1004135,194219.84767064627
1013989,260835.69493760765
1000700,534301.4815614575
1012959,354552.5206722058
1002110,558069.4116593103
1010885,333670.4573084408
1008701,281000.3885394896
1009183,294030.88080915174
1004718,154920.47246208033
1016038,402048.2052392579
1008067,425241.7199967152
1017400,570053.2564202497
1008193,346773.11472051503
1006481,588235.517307855
1010804,192570.36815765486
1014636,534027.745229526
1007692,340214.93130989204
1000943,476102.9097278261
1013984,433186.8385496371
1005232,627430.735835769
1002977,261316.51845668248
1016138,553193.8335265225
1009144,294030.88080915174
1011197,831614.9981422176
1002692,379917.79265786253
1016562,528318.8310398831
1015712,415709.8613923957
1012766,793440.1534203283
1013578,147288.35940411282
1014096,576999.6171021798
1003726,445184.64096172823
1001316,504892.07705347904
1013251,841498.6996153543
1012368,405068.703554721
1017303,370122.67465643346
1013384,544197.8268085581
1008026,372177.30915514124
1003810,995379.3009403002
1000072,642369.8107471153
1012572,784085.7802715561
1013176,414401.6903414903
1009644,349046.3139336215
1012093,320437.57412862557
1002146,812246.8890166756
1015119,1126500.131237214
1006828,192025.7156079544
1017569,196282.78976098265
1006932,398032.1126670487
1005686,515951.01596729836
1002846,714347.9953321656
1012066,559070.3872602987
1002917,505846.8214506563
1015985,206398.76081333007
1003369,186937.43413050644
1017532,343779.1776439668
1007481,322467.6681952895
1009910,457394.17929405725
1016048,637502.4933297501
1000385,1079781.6210185373
1004662,316928.8204659552
1003654,605974.7969103198
1008044,472454.135191176
1013281,153763.38873712567
1001939,497878.7301513109
1010710,625860.8108506771
1012602,397661.26933570474
1012315,441490.7561528987
1015692,737852.5881140766
1010631,410757.4567906716
1007799,456369.1867447235
1011379,474825.4809769803
1004093,341041.31713079143
1016160,577397.6154093927
1013012,350690.2265998493
1017171,578806.3791185621
1012139,426737.775195267
1017206,666697.8716714064
1002625,915167.7249885516
1004165,946989.5264585566
1005810,214987.4306578021
1014932,1121352.8231030877
1007235,344973.1054389443
1013411,314627.2638014907
1003954,978105.1093121218
1016008,1438492.3475092375
1011770,377433.92908670934
1004484,462348.03901516617
1008313,321358.23936605616
1005430,665062.8539707632
1007683,484837.25106832955
1014297,260835.69493760765
1003265,375149.43366849795
1017210,250240.26936964277
1013385,391493.7791181193
1004298,431030.07049768075
1013560,456315.08140161884
1011106,712099.7767474293
1011391,435461.9759227283
1000173,908284.0876829172
1012270,409027.0232150715
1013063,265445.65369074204
1003858,488060.06044124195
1008975,383072.967096557
1002558,490016.90767313534
1010683,569457.3895065692
1006285,299123.8456403511
1000195,476701.0068871483
1008829,327856.7848910094
1017098,310920.7429559014
1009039,213646.58070081536
1000534,305848.94749453024
1015468,660291.1705944329
1005713,450460.2198715695
1010275,624772.490512519
1000083,578581.1201954667
1007624,504811.6769548527
1015654,583276.434228795
1016243,265456.2520186253
1012700,149096.5738880082
1014489,740103.0317289693
1013739,660693.151395224
1008946,692642.8714816904
1010518,398760.17784766963
1016914,290025.160211573
1002551,318173.6275525573
1010441,253582.2145991826
1012736,693833.5302215503
1001993,367387.5720347404
1005840,464712.00144704344
1016565,625970.0277250647
1005124,491448.1080376035
1015672,782658.8706357103
1009313,448750.00321414915
1011226,438794.0120841832
1014193,559375.9632895286
1012156,386351.5586747301
1004493,686788.2702149187
1001533,445774.0257880908
1016504,501591.12406881177
1002396,533375.5860536896
1010613,523544.5474219138
1003627,711509.4623799239
1006204,725744.2198559475
1011151,1070117.9255549267
1013325,307983.44597920764
1011414,266274.56178183015
1002595,398032.1126670487
1003046,254181.28177329796
1007621,844551.7677059387
1015710,539806.5134602716
1017023,342874.40648554754
1007597,599539.0033832154
1013439,280371.7434883021
1006452,414488.9082087575
1007914,898427.6764874347
1003416,706721.9203278549
1016854,1193614.7260403195
1015287,449900.0263812205
1000931,426737.775195267
1017425,496525.1129295175
1010297,425272.24952254497
1010508,381992.62239201844
1006698,480378.57679303776
1004323,286042.9962374759
1007867,316038.1080662709
1011460,409218.7656059439
1010137,545343.2425031734
1016894,115678.61736917442
1016339,325072.11434733396
1015983,592388.6870626762
1017368,379971.58362944965
1000431,231841.51683083698
1016371,354298.3583761908
1012286,643960.1480210236
1004780,1112475.6010687994
1009938,373490.43084726966
1007882,986154.7958686908
1004216,480416.14900093665
1012747,443448.35849620716
1003261,105330.99488747474
1012692,924585.0405659459
1008647,502929.71174621116
1015327,543684.7933546432
1006708,657063.0009351197
1000559,323223.18584989326
1014681,398032.1126670487
1000364,629439.7702129754
1014912,607149.2475805377
1015427,268612.1933243818
1004939,923982.1724834109
1011852,375680.2321928026
1001521,408725.8162409685
1013877,522016.1382948536
1004406,229786.41561328166
1013574,391040.84249735094
1016470,398032.1126670487
1017381,428307.9869536924
1013899,728895.0420802428
1001155,295288.4218438191
1004963,472783.4657219985
1004096,491494.765514502
1016134,553786.3524695339
1004423,440575.197055236
1017274,383112.51443957794
1008352,500889.23855322495
1013890,455089.88344753656
1016214,504892.07705347904
1012813,764800.1680473345
1013085,464712.00144704344
1003567,644150.0953314943
1008260,559693.2667551558
1002418,724330.8254555837
1001190,508314.1938831013
1008795,503060.97909577854
1016936,663555.7681889652
1013796,779726.8835872997
1010915,587049.713410222
1014100,477326.4712931164
1000569,693341.3341999813
1011018,583741.4743346384
1013686,347145.38034164644
1010151,391072.2819420474
1006148,617485.6258224442
1014255,415906.97024129133
1015026,988516.2373310181
1002666,435340.7488230035
1004405,580627.2903274315
1000111,679512.5135188148
1004497,235875.58175901772
1004369,580699.718297563
1005238,311200.67951245315
1012815,527173.8549081511
1008569,1175825.2679543532
1000781,436479.4973557164
1004792,950899.0041960792
1004296,450460.2198715695
1015227,670314.1113875387
1004327,474922.7304342644
1001476,396574.08932244644
1006331,551003.3704432226
1001480,541992.9134985851
1014793,528318.8310398831
1006771,553004.8790029315
1015629,424983.4488751244
1011782,186937.43413050644
1005248,1126500.131237214
1009085,147635.7240756231
1007983,693833.5302215503
1011580,243021.37621666584
1009097,485488.28958964377
1012016,784472.0701207328
1007761,672540.6326894963
1009264,655799.6228913792
1007101,825035.6901598169
1000425,507851.03811007296
1016290,197188.90714969198
1004624,474825.4809769803
1010950,623883.8258830166
1011138,503735.51784690615
1014655,410557.92908826226
1004634,430574.45798918593
1015656,455385.9444802821
1013735,133214.34771237234
1003945,671148.8970816482
1002417,398636.0075184234
1016723,311691.9611863726
1008621,384010.40333958843
1012436,390969.1195710889
1003467,1175825.2679543532
1003715,495286.62566871924
1003168,201074.35118051217
1001100,735729.6147386242
1003291,516697.14338818117
1002911,374329.49276831624
1008222,325652.8025574902
1000991,463392.6430380991
1003870,707235.0603017409
1010188,369437.36723098403
1010216,410968.9418363006
1002014,343047.18014509766
1015011,133859.98859464144
1008673,534151.8778649367
1002144,436479.4973557164
1017601,560020.0989845337
1015930,396176.55895266595
1015196,928718.2489658304
1009552,858885.1036391581
1012211,490981.94529668894
1001305,538907.7059677475
1006525,365286.6000329692
1014766,469068.3641811916
1000187,472713.37617376255
1003297,328690.48604854033
1011453,915167.7249885516
1006893,571201.3621900543
1009054,558224.717360922
1009381,287315.82135557366
1009014,511240.02787878166
1001347,401941.11485206
1010312,1126500.131237214
1003253,511885.3418346055
1012831,627704.5887940427
1004569,1115990.6417935586
1013410,477932.33857868944
1000171,315523.1727791434
1001734,769024.6624581672
1006946,455070.3131479057
1009078,643960.1480210236
1009309,303865.0067925154
1005431,689615.6288121882
1013302,524434.0493862537
1009769,672385.8684369749
1007651,408725.8162409685
1004043,295539.56595193024
1013041,155630.9815289951
1016576,404437.1897444315
1000661,190678.3590147159
1012775,364141.521514117
1002512,690232.295715821
1002114,417418.1060514807
1012924,653734.9685212622
1009244,318121.3748968066
1004579,428550.7010833182
1002289,355342.97827822913
1006513,340143.86283018906
1014680,428841.68556038913
1004869,490981.94529668894
1015075,629321.0986236761
1007402,518545.6217731731
1014964,637043.0713036358
1001559,390969.1195710889
1003347,1008125.302272906
1000770,297148.4600578998
1009241,363922.090016055
1016483,320845.2615451241
1003455,554085.7932072425
1005344,730203.8813555362
1009079,690385.2746496241
1001702,606347.048162342
1010171,928718.2489658304
1002192,606347.048162342
1001644,213824.0428028017
1003815,381992.62239201844
1013419,454050.56241300947
1006768,310822.6287669995
1013242,575234.6455274995
1006072,307128.2131136084
1015879,219909.1712394344
1003371,288016.0249746679
1002552,319476.814705482
1016538,576009.474900495
1008679,504892.07705347904
1010502,189919.16557579697
1016528,433380.48204554716
1007739,268612.1933243818
1002237,569199.2455352992
1002703,293310.3454072199
1003841,360034.596148342
1008183,588116.539957426
1013369,414487.22618659155
1002948,443360.04446985124
1015636,588116.539957426
1014001,498984.33499257034
1016966,425241.7199967152
1008160,1057410.1759521316
1012235,418177.8217706232
1016157,504085.1569786742
1010689,271089.5478151796
1003740,185959.9709815355
1010308,903248.5228798463
1007343,292390.6158547424
1012795,844734.3590828276
1003877,499004.9439926203
1015272,410757.4567906716
1013234,445657.95090315863
1000843,266842.8799430783
1000872,878507.0557710576
1012360,378163.5350507957
1010525,291133.5218457981
1000990,346908.9880789857
1017222,260835.69493760765
1010015,592530.5165669934
1009515,540807.7975198582
1013028,928718.2489658304
1013657,398636.0075184234
1007387,693036.264723358
1010545,366863.0615651393
1003844,484812.35512992437
1011144,455070.3131479057
1001743,283815.0823408392
1006097,442036.86291290476
1011911,717648.9648720684
1008827,531477.0590129974
1002051,558995.6118011326
1001889,472454.135191176
1012337,426287.3987441191
1006233,383112.51443957794
1004991,343688.77642046666
1003616,377174.9446211488
1002914,251361.01712809343
1002642,824418.946521334
1004320,578581.1201954667
1012966,481229.212201289
1000505,813128.2490407346
1001060,858526.6973452574
1011045,249927.43070377005
1011187,268612.1933243818
1001180,381992.62239201844
1003429,582858.080752764
1001329,377709.29897584696
1004607,613290.8991692537
1011651,594164.8122573022
1006531,397661.26933570474
1008545,433226.564662329
1012424,780497.0381452813
1008307,349607.7068948915
1014872,564825.646720415
1002920,596952.6029116351
1015496,379581.6084702811
1008929,415243.3030878864
1007330,419564.88057998044
1010177,496395.92812462774
1016524,513096.31334745465
1015755,398264.28410294245
1014937,996823.43262611
1016337,362093.8339536895
1014795,693833.5302215503
1007690,344015.2745996982
1008487,344729.42065820086
1016967,412919.0287803017
1003907,373147.5014294777
1002632,513134.6272543915
1014367,844243.3758036762
1000672,133859.98859464144
1003501,534760.3352340792
1015920,155280.9195296785
1001458,450460.2198715695
1015422,686788.2702149187
1017468,524293.3124392013
1017466,554315.6508384427
1000449,243899.97287253768
1012593,422129.212873355
1014259,488060.06044124195
1014782,545224.6830910046
1005559,545555.0768526798
1004571,391936.417520756
1006553,448655.49349274405
1005657,535319.5862044882
1014343,200404.29084195854
1014989,159777.50792789678
1004640,903548.8909152104
1017605,161357.9702018072
1006552,881201.7515673642
1015902,469261.77866373817
1001298,761151.2825417218
1006925,130747.58587840531
1002166,417418.1060514807
1016341,454424.99923521915
1005096,633062.7316207493
1002140,277973.8998531861
1016631,666847.3059897695
1015257,333610.86673080723
1002883,725733.7778486679
1014298,331376.44387615594
1000182,477881.97234216955
1000219,780497.0381452813
1009020,378755.7008042409
1002090,485100.4882153279
1001243,511025.1679345793
1013184,373490.43084726966
1007393,576722.1426197728
1012854,469354.59575516527
1016282,268612.1933243818
1014067,413058.5882710334
1000309,514783.10651678406
1000825,769024.6624581672
1017452,908437.0613771488
1000442,441088.14811098954
1007477,544662.8842575409
1012973,584014.2928714966
1011753,435074.136359285
1013246,790095.2304840989
1014730,391510.20621228067
1016317,294839.40141483274
1005884,365488.9116583905
1005000,580806.4928177457
1002712,941820.6029387292
1012293,846305.9845903215
1009146,683411.5088614763
1012241,196282.78976098265
1006149,415321.3197772245
1015485,185959.9709815355
1006517,627596.0472134316
1006623,251269.8011076384
1004076,265456.2520186253
1005798,760338.4096329978
1001916,540220.5488074163
1005777,390969.1195710889
1014023,752552.9828730148
1017057,652070.66562847
1007039,350552.12701754016
1012975,318805.5762526397
1007068,373420.07498153095
1008998,569457.3895065692
1012014,172296.94353400936
1017077,693833.5302215503
1013134,614514.4245792223
1009979,285804.4486674828
1015383,716915.5444901513
1014899,683411.5088614763
1010768,578581.1201954667
1013222,237805.8442878639
1011533,572070.7585827025
1006773,1126500.131237214
1000315,578264.7977593219
1012794,331721.5285910999
1002187,359144.94974326866
1006560,1145761.2127605327
1002260,352450.73377899255
1002174,257975.53727709656
1014060,379131.0661220508
1017195,973230.6933911877
1016953,516697.14338818117
1003867,326413.5328291294
1016382,596455.4615283695
1015583,418177.8217706232
1008936,305423.4698615552
1012277,537924.5656980134
1010333,649775.3363832586
1005309,902747.0668291687
1012695,518012.1485774126
1013236,1009671.4772815579
1013535,470954.10287797515
1003377,425250.78032610076
1014039,814185.3993309564
1000103,537289.6347924257
1009540,804733.1363321663
1007632,200556.16460244748
1006500,330043.05484054494
1013985,761720.4018432235
1016929,364207.79118105833
1017535,1126500.131237214
1006709,196282.78976098265
1012339,679102.7082741212
1010082,417418.1060514807
1007220,425272.24952254497
1001065,390729.6065980751
1015035,490862.09783427673
1012352,359144.94974326866
1016027,593643.8973877073
1008447,640099.2082003787
1010458,303877.6784365047
1002245,410258.6826944529
1014990,447794.875679075
1009957,902747.0668291687
1004730,566073.7836915279
1006435,657606.7186802768
1011682,279398.96825825894
1003933,693724.5938126225
1009988,1126088.0156234961
1011819,496111.5063542998
1006320,606347.048162342
1008175,194219.84767064627
1002587,542693.3861831041
1001830,383112.51443957794
1016189,417345.49216110754
1000325,328423.1375028119
1015408,424863.5716516506
1009845,1169453.0957556996
1010003,444590.8851491192
1017399,671148.8970816482
1009707,422595.77073689626
1013207,849628.8535155093
1001475,528194.7209833949
1016092,489239.10274141165
1013323,1211026.5436603683
1013226,360186.9493026517
1015256,470438.47108379874
1016253,353800.13933797705
1015311,524673.6893341356
1000222,361490.1864766652
1005142,472569.06679329934
1014086,505846.8214506563
1010535,757153.8122702375
1014983,574378.0304600389
1005993,355025.37329046393
1012837,919163.0193776859
1005927,711821.5084421297
1007643,486850.11472619936
1000881,858885.1036391581
1008194,378583.01628639887
1001751,246703.755189073
1015089,153915.90925818778
1001862,956287.383616158
1015703,524692.9268149359
1012404,1002084.4423015356
1010096,455738.3128216179
1003392,377673.85684191535
1014936,638777.9733591189
1001776,375149.43366849795
1008808,811759.7650409725
1007290,730826.7502232331
1002560,566122.8335447652
1002147,403295.29863288515
1011848,701143.0393290502
1009929,434491.10253069206
1014853,694058.1677925618
1002934,237379.41577426574
1003426,425272.24952254497
1002746,194219.84767064627
1012340,510106.6579865497
1000371,212169.60467477384
1008362,446013.6112270987
1007646,654436.2501643774
1012551,693036.264723358
1014583,523983.14390186995
1006350,569199.2455352992
1017176,640058.5921422547
1006589,518381.6495725664
1005576,255638.64706012476
1015249,505846.8214506563
1010947,1081492.3391440476
1002294,236838.26832679188
1013188,731235.9849256849
1001906,380149.57660840836
1017393,1034153.682210016
1014950,474922.7304342644
1004072,270837.1643224828
1005453,343256.77971779817
1014613,570178.8104869211
1015181,460099.3981726383
1009400,893994.8735907394
1008203,524687.6405267001
1006935,287702.7863709511
1001114,693064.3925382628
1013685,625970.0277250647
1006684,371396.79433974915
1012732,1087572.344517668
1011899,343313.77163561236
1015721,625860.8108506771
1000255,452201.1830708946
1010989,453219.5695091298
1014970,533694.4926326656
1016750,832537.9236588852
1009323,841520.5179679253
1005973,820317.9263517853
1011930,370888.5406977725
1000852,374329.49276831624
1016437,462799.6985663481
1012806,542527.6691870695
1002909,220295.47090758136
1006368,434487.28365308436
1008288,474034.8553715144
1007720,1057096.791737684
1010731,480982.0841003149
1003513,490981.94529668894
1004845,398032.1126670487
1007984,652034.5205372943
1014855,639511.7907688672
1008326,111244.3831496451
1000004,343313.77163561236
1003544,417418.1060514807
1015360,394574.0377454534
1007127,343313.77163561236
1004304,161065.06738260845
1012324,297790.02472127025
1009803,425241.7199967152
1006618,324416.3105953022
1014436,418930.6375644277
1002601,642369.8107471153
1014645,372671.0070522109
1001186,418896.5267590157
1017120,502979.9688467442
1007579,445818.2573308145
1001121,391493.7791181193
1013612,383112.51443957794
1001312,397170.1263286789
1009856,360608.6065578486
1014669,712099.7767474293
1012239,419361.37008059706
1006476,243899.97287253768
1001024,570872.588561403
1001194,268612.1933243818
1009005,568649.5642955742
1000816,571235.315515536
1002290,695665.320597267
1005170,507099.09488522395
1004140,381103.7734198452
1012409,144721.46963925616
1008613,271532.4793676181
1000997,752121.4034394092
1014753,518012.1485774126
1010378,302804.4490941322
1011420,260835.69493760765
1002940,398307.9896210305
1015738,683411.5088614763
1014841,772919.4065482114
1002177,726462.1229289819
1009334,902747.0668291687
1015740,549486.0039079158
1000432,740178.1241383408
1011083,267477.770420155
1016182,192250.7753506315
1014488,595485.9435397172
1004189,572070.7585827025
1002582,630979.5721787974
1005014,452642.6362456692
1008164,375149.43366849795
1005901,693833.5302215503
1004675,1169453.0957556996
1016135,472311.7293340658
1008965,406654.16960682423
1008049,756540.5221707963
1009171,484628.6080580906
1005784,665062.8539707632
1001975,516697.14338818117
1009908,793270.1988955359
1014834,466077.44603756483
1009362,446408.7400580914
1006595,546674.603495321
1005703,690812.9773081767
1008639,483063.80895476474
1004753,492214.5413719795
1012335,320438.56339665846
1008472,418177.8217706232
1015759,470438.47108379874
1009882,391586.0478532119
1016093,311663.00971819775
1003160,284663.9696146786
1013441,346700.6422714929
1010882,879771.3897355917
1010954,579492.7791745014
1010016,149114.41576024384
1007205,495749.3849710934
1001006,422036.502254015
1013124,578581.1201954667
1007170,799568.5291288138
1003646,253979.01740818543
1011730,455165.01172247337
1003691,558995.6118011326
1000597,455828.2245106616
1003177,246524.21672537675
1009435,530359.2919874978
1012659,472454.135191176
1006311,339326.9495849722
1003869,524232.09521662124
1015013,802145.4019416177
1009670,630345.4071403035
1002834,665062.8539707632
1012073,226008.08664180446
1007209,267561.0039496937
1000784,581673.8621613182
1003824,398032.1126670487
1004487,782972.1698147245
1001217,260300.69436137125
1005718,441467.866293298
1001844,908437.0613771488
1017190,1057410.1759521316
1014749,686146.1179002237
1005889,373490.43084726966
1014184,306519.37282022985
1010620,472311.7293340658
1017234,714520.4576357026
1006064,371396.79433974915
1010240,359596.49827574124
1012521,855531.4652273622
1016923,830031.5681649399
1009777,266587.5407235274
1005001,946575.4853509819
1013964,434045.36857591826
1004419,395922.1692550641
1008541,513551.07798948657
1015209,262555.69225142
1003592,709004.0594882898
1011989,381992.62239201844
1006384,623268.5895716291
1014805,343313.77163561236
1013224,409342.00122180016
1006782,610609.9779078765
1015278,331763.55841035343
1004942,652034.5205372943
1008407,570491.0561422214
1002901,194219.84767064627
1001378,466291.14158924075
1006868,380911.31277202297
1000203,266690.2887979277
1005913,425250.78032610076
1016988,267812.5453258803
1011816,812853.7971534255
1010784,636363.8817843279
1011172,330572.7604135989
1016760,220033.68863344705
1007786,379971.58362944965
1009625,210147.14577357259
1006668,518545.6217731731
1007367,214310.8605025489
1011549,362320.69238608197
1012067,463216.6862280781
1010150,253431.6606685769
1012030,474825.4809769803
1008040,273395.4482102541
1000649,393202.7148965245
1014825,323778.8489857934
1006108,688712.480626314
1004094,323146.76281251025
1014490,425272.24952254497
1014881,368387.30570555216
1010709,488142.75425041484
1005492,415019.83237371943
1006477,450979.0506307309
1005178,1009671.4772815579
1015309,220810.0338314813
1004856,472454.135191176
1010064,367627.4282537211
1003519,416348.7685101597
1005700,645986.5823844295
1007559,398636.0075184234
1002432,499512.52509534365
1010273,928718.2489658304
1012938,810926.8445503864
1016343,268612.1933243818
1000486,381992.62239201844
1010021,414487.22618659155
1001736,379249.62135500595
1006927,366992.8916836674
1010480,461111.0099601024
1007780,452563.4232854862
1008390,265456.2520186253
1017008,239213.3936113095
1001490,456315.08140161884
1001563,592388.6870626762
1002224,410352.3092326745
1014769,280524.1478357799
1004732,375149.43366849795
1005836,674580.7451008143
1010348,390520.7892967446
1016627,486919.6307603038
1004338,567241.7794012731
1002848,1007103.59623001
1013517,640058.5921422547
1008978,303865.0067925154
1017289,802145.4019416177
1017179,381233.21386496705
1001567,466291.14158924075
1000138,491931.1089812921
1013882,544750.2051422914
1005258,368394.02462640655
1004736,495286.62566871924
1011986,570703.9507357772
1001713,892661.5739498638
1003495,546251.3361590721
1000600,1198618.4050206067
1002812,518012.1485774126
1005059,692642.8714816904
1004949,162663.18207986848
1016211,1193614.7260403195
1002271,676918.3915109213
1010060,720680.251987757
1001865,200404.29084195854
1002501,429472.04730027064
1002661,1175285.5351246593
1015233,805632.3452545489
1005953,339267.2033891359
1012146,194602.44141796776
1000127,268612.1933243818
1017442,382826.88342488994
1010509,322468.02465849667
1013764,393194.44545153546
1014776,184498.69536625108
1006256,554417.9036648842
1012690,552045.3073947305
1004036,339881.3236952003
1011249,614178.3534144444
1000142,398636.0075184234
1004615,555256.9891865661
1010776,854719.1546194274
1009176,994443.7935642308
1002226,410557.92908826226
1013305,812853.7971534255
1008739,472454.135191176
1014045,421045.2824072396
1016494,243899.97287253768
1014843,626377.6354543508
1006659,685400.8764640876
1007074,504085.1569786742
1006679,812246.8890166756
1012055,457041.361386044
1011671,484837.25106832955
1002228,377803.6737894278
1014300,642369.8107471153
1010675,407539.8068388964
1001530,724510.8041821548
1001434,371151.553624962
1000238,439741.5682402603
1016313,408725.8162409685
1016508,430315.8381521023
1010961,573970.0252914118
1006196,1009671.4772815579
1002722,456439.57146634464
1008317,261458.9073930452
1008471,309350.01637351234
1011409,540175.5407914871
1005866,761720.4018432235
1003534,397661.26933570474
1004496,446309.57844670117
1006183,282809.5726257798
1007785,793246.5538789835
1009252,264639.26140652626
1017361,538907.7059677475
1009338,584656.2148855259
1007669,359484.2391925333
1000398,245902.50802536958
1004077,335904.63759118237
1002194,375887.598341332
1003421,435508.66788239835
1001555,508908.393178626
1012526,659321.7099051771
1015772,409135.29642442707
1009004,318894.2714351876
1010288,530359.2919874978
1010481,401941.11485206
1015897,649731.2805285881
1011264,385890.2472477255
1010666,327412.4053517015
1014339,299156.1510706797
1017431,546921.5321498935
1003871,693833.5302215503
1009047,368123.8856817408
1013774,1472563.5493856382
1012916,683411.5088614763
1006968,386516.4394695401
1017305,480270.2747310947
1002162,476136.7557716818
1006335,229806.76962958366
1013120,194219.84767064627
1003797,400084.67116098345
1002767,386827.6081809495
1015663,502979.9688467442
1017251,939079.7613291563
1009277,556916.7162158721
1008631,265551.5748982262
1012133,577397.6154093927
1017051,458061.233762202
1008854,688730.5419507426
1007299,842165.7954977866
1007944,329942.19004579156
1011281,395272.9964888609
1001250,333119.62661299435
1008096,492472.52563552465
1008508,387624.350167351
1015009,384836.5544139759
1007457,172673.71217858585
1004316,341627.48221417004
1015713,427229.2053289953
1011513,186937.43413050644
1011115,398032.1126670487
1000361,595044.5175299507
1011111,361920.78799384757
1008871,391493.7791181193
1017271,1032995.944036059
1001893,902747.0668291687
1005628,371634.5117007835
1017056,216410.05921305492
1013502,133214.34771237234
1000221,1021083.8271832003
1012851,195837.2383223232
1001747,455070.3131479057
1015493,381942.6528437301
1010744,694779.4617185252
1011121,740897.6215367727
1013586,304370.245141758
1014675,446663.0564791219
1007452,693833.5302215503
1009529,388634.30376845325
1013150,203417.9235018559
1005074,206131.5409153917
1011564,300603.0240325727
1009713,431076.2414934165
1008775,364767.2115554864
1000046,709004.0594882898
1014234,333376.72846154193
1005191,558995.6118011326
1015580,456582.27820272156
1015213,465748.59484387474
1009502,1175825.2679543532
1009749,515612.9412524668
1008349,194219.84767064627
1009943,340214.93130989204
1006106,605621.8938930421
1016031,452201.1830708946
1016588,186937.43413050644
1003863,533404.9978091802
1002789,1126500.131237214
1012476,522895.03965145804
1014960,692642.8714816904
1013565,898261.9055881974
1014232,642635.0135922286
1006710,871578.4490012944
1001562,1002084.4423015356
1010751,434156.0722883329
1001278,301922.0825288051
1012306,577397.6154093927
1006853,574199.116305611
1000113,473301.7422992443
1002688,677335.5138793794
1014082,309678.9544096776
1004436,271089.5478151796
1000854,331763.55841035343
1008839,811329.8818594243
1008993,171051.58148101435
1000274,385800.08285800955
1005684,326768.4708961741
1009716,190678.3590147159
1003776,426737.775195267
1005089,184535.9940184339
1015404,366097.00925719406
1011893,464570.6285311643
1001618,481326.50535784726
1005151,724510.8041821548
1005942,522001.03386607615
1005565,637753.2865432822
1014587,530655.9938841696
1001031,373490.43084726966
1017239,203179.90564789975
1016839,589880.1313937501
1009546,638796.5888915607
1004152,453878.63467470283
1016421,450705.1364246525
1000641,551219.0935909547
1005573,191912.51486628375
1016888,367670.3236231583
1006732,402597.13408388215
1005756,353481.43679100234
1004978,318651.6773221363
1001650,362856.220296755
1010845,381992.62239201844
1005920,299432.3194791676
1001513,346990.4822589998
1001630,537630.3037973883
1003329,306638.1061029887
1001456,717280.8692782829
1001161,683411.5088614763
1003023,331597.7654326938
1015563,194219.84767064627
1006001,614818.9221656196
1011429,179246.08811495802
1004692,425842.5598594687
1009982,375149.43366849795
1012391,330294.5264845487
1014059,505846.8214506563
1014418,137809.72284447672
1006808,534654.8265502241
1006437,939727.3079680193
1006428,753304.113698905
1010843,472454.135191176
1011790,1126500.131237214
1015742,180398.63825886106
1002212,666697.8716714064
1005197,271503.14539473434
1001647,769024.6624581672
1014695,928718.2489658304
1011173,670195.1680043159
1016927,693833.5302215503
1013006,359144.94974326866
1008005,447137.8905250284
1015095,383112.51443957794
1012988,690385.2746496241
1003179,774315.0984830572
1016233,279144.02007389313
1012979,291550.1438743732
1009783,918549.2264593831
1006676,524418.8548688684
1005148,676260.7085848985
1005527,349657.6637586999
1006790,696199.5980028014
1012078,331956.9920231402
1009415,290699.58254491014
1008931,528139.0964400566
1014588,777914.8965261546
1008250,261316.51845668248
1012947,606347.048162342
1010154,546261.8480138587
1014653,380149.57660840836
1012561,831614.9981422176
1009340,685754.9893128462
1016362,413308.653341526
1016029,290811.28740482306
1011823,174401.5097325613
1006933,455070.3131479057
1003423,230966.15932233247
1006983,505846.8214506563
1007935,357838.8721094492
1001406,481533.6310808935
1010646,252097.46773270518
1015893,426737.775195267
1012546,343313.77163561236
1005044,557104.5952242672
1010604,961621.0919257742
1001401,518012.1485774126
1002981,551648.2706541482
1005216,484837.25106832955
1007115,709754.8703621195
1016864,580559.2208607233
1007818,375962.75948226557
1004132,542442.4286115417
1013780,488875.764155556
1008742,518012.1485774126
1007461,696523.2843975441
1003113,558995.6118011326
1015816,244680.25461344598
1006302,405561.8447045643
1010863,483063.80895476474
1003037,430166.2350049873
1006598,552771.2596752429
1011836,509929.98002483096
1006075,645358.9598143138
1013067,418787.88793475955
1016285,417418.1060514807
1017013,625860.8108506771
1015975,217876.4993325409
1014736,117937.58071000641
1003196,686118.3691154318
1015081,469016.1668267166
1016693,437946.2362719202
1009572,1322007.6988591135
1016011,631553.0818238584
1006237,304686.16520421027
1016623,504892.07705347904
1000883,835410.4690095009
1017560,1198618.4050206067
1007766,474745.33956332534
1015336,245067.64377047814
1006215,373186.53863810236
1016006,639322.7955005306
1010212,284361.45588050433
1006473,1193614.7260403195
1002690,385058.0997755716
1016605,625250.2733382774
1004568,689523.5200318116
1013736,365682.34236245643
1012056,661645.8636841896
1009608,776036.2746853746
1014173,456315.08140161884
1014387,499491.94801858225
1004547,394077.9008239956
1011204,268612.1933243818
1014069,460222.7247311526
1013942,325241.7295455427
1017277,371151.553624962
1010852,244363.93055295805
1003745,261841.6397006126
1005867,590595.386648271
1011756,619675.8107286344
1015924,555469.651821919
1011837,396478.7176954516
1002836,431693.7224292352
1005442,457892.3860183624
1013409,281080.8743202599
1011634,693833.5302215503
1010390,959697.0537219669
1017314,365725.0457144026
1006884,148394.89332158325
1015204,404658.2012849132
1017163,914404.7635051733
1002222,311155.30925417197
1009311,600704.2784093725
1014707,693833.5302215503
1002990,316533.54712963675
1001442,248588.5379660458
1006070,332577.3110443564
1000129,518545.6217731731
1007993,455070.3131479057
1016581,340301.9775766678
1014916,675731.1469221518
1003671,851427.8500281244
1007085,475432.6248192794
1016104,520254.88783551165
1005899,366282.3288116924
1009297,662031.5495873666
1000875,398032.1126670487
1002124,321993.2922382984
1002754,355533.6271903818
1005819,497688.9198825702
1010737,214310.8605025489
1002653,499672.45956452895
1011713,693978.3991051327
1007157,304920.7867155149
1005660,508131.0112588219
1003990,558995.6118011326
1011747,1559954.36502537
1012407,579134.8306093127
1007924,255655.41230750727
1007541,645992.7720929508
1000372,390969.1195710889
1016072,408725.8162409685
1001204,477658.8377656843
1009720,254595.16404633445
1010693,145583.3004574659
1011474,440645.22339050815
1017483,626590.3167331857
1004331,490981.94529668894
1013654,518119.5898023826
1015970,625860.8108506771
1005347,863146.4702837565
1002786,676260.7085848985
1001058,630543.0245838844
1016170,407484.88572903624
1007976,300457.62584528007
1002263,298874.80436431273
1004788,354500.91176570853
1008091,465982.4273427112
1006321,528318.8310398831
1014869,347161.0106297177
1011364,405068.703554721
1002648,398032.1126670487
1011098,712099.7767474293
1012626,560953.1625510777
1016666,495286.62566871924
1016009,441810.9800908416
1016890,558392.6231456338
1016519,424632.950931374
1008371,848487.4322643756
1003017,268612.1933243818
1007662,362601.62115867424
1007464,583741.4743346384
1010986,343779.1776439668
1004011,727475.2542056524
1002561,187433.2479133707
1010791,963036.4869408875
1011786,769024.6624581672
1014142,347882.05977671326
1012439,299587.17186126055
1005234,812246.8890166756
1013971,651137.8338126868
1004678,378755.7008042409
1006056,552045.3073947305
1009706,399496.9678632747
1001028,254025.76396855564
1004765,432804.1279545916
1000968,410757.4567906716
1017307,316612.2389156919
1012820,769024.6624581672
1005832,731287.4393681453
1002048,398636.0075184234
1008174,693833.5302215503
1007495,558995.6118011326
1012640,382826.88342488994
1011262,333688.20300524205
1016535,357847.7285965245
1017568,501761.27428905404
1015382,194219.84767064627
1005603,485469.120269663
1010679,910771.0794072159
1007084,459979.35378976277
1014777,450705.1364246525
1000822,425250.78032610076
1006596,592388.6870626762
1011778,628527.7715395207
1004488,831614.9981422176
1016143,547465.0660342808
1004642,314911.3885165939
1004873,222345.31639606445
1011190,299156.1510706797
1005200,272679.47203149524
1016264,1223235.5216192557
1000407,340143.86283018906
1004880,381992.62239201844
1017254,468638.06788056734
1015630,307128.2131136084
1006483,625929.2088638679
1012070,114655.7563079523
1000079,611859.1415637282
1000761,626112.1026792334
1002798,469016.1668267166
1010122,758735.1022073107
1010268,516697.14338818117
1005515,1089439.1289407364
1000176,767712.2961083353
1001717,1119512.9412120953
1010968,390969.1195710889
1012446,442036.86291290476
1001209,709453.5730945921
1007751,615372.875481399
1009578,321835.86410712276
1010063,227206.00417962347
1014445,388838.96177342325
1006235,403399.6996215745
1005400,766015.2787909934
1010010,576794.3810477479
1000232,471552.8732830148
1011325,485100.4882153279
1007038,528726.0282625383
1001331,194219.84767064627
1008863,194219.84767064627
1009575,625970.0277250647
1013464,861248.2163800918
1012610,279330.75261837314
1010226,422096.47571451985
1007522,318376.75296331866
1016081,426737.775195267
1014597,398760.17784766963
1000669,967629.4729230864
1012647,472569.06679329934
1005508,410757.4567906716
1001685,1121105.2924433714
1013152,390969.1195710889
1011061,505846.8214506563
1014348,284376.36063068645
1016034,760338.4096329978
1015616,566990.8403846174
1004628,638700.3715525016
1010118,728146.7818656041
1016148,601414.744034544
1008076,825035.6901598169
1006697,599536.1985474555
1000637,600678.1380243207
1011231,152379.58241180007
1014462,287465.47570486774
1003384,390349.15350345796
1012810,227739.61700359822
1002198,245312.85027696
1002448,425250.78032610076
1013552,793270.1988955359
1001594,445994.3303314678
1001070,447794.875679075
1008258,458928.0781318257
1015806,388340.6255163817
1008239,548512.5778744641
1000174,711076.7070530466
1004969,542261.9361188624
1005562,1105447.411310953
1003433,279591.15173298557
1009917,1032995.944036059
1007333,426737.775195267
1013802,414487.22618659155
1001935,298576.7051346381
1011013,390244.8919710398
1007979,597159.8998798998
1013148,890889.2292261806
1001590,918524.1931692874
1005324,667229.8978070748
1014915,904553.9402999834
1013440,528318.8310398831
1002497,752121.4034394092
1000498,322022.2290685801
1013940,472569.06679329934
1005504,489614.02081517485
1016212,273196.161883307
1013399,488060.06044124195
1010318,562746.7042529148
1009331,860756.9425494489
1006875,392179.481398473
1011719,696810.1694930757
1010609,390969.1195710889
1016306,301722.583574406
1005217,801014.7817873736
1006218,692642.8714816904
1012219,892468.9645286918
1006460,163215.01224624002
1007089,390998.2851263946
1016621,312685.5117595541
1002435,286448.0618630137
1008664,946852.5231179625
1000110,539484.9146678962
1013056,325006.958717379
1015255,256306.63471498445
1000786,374955.13116633944
1005894,611246.7592456194
1008368,338977.5274812787
1005925,568896.7994594036
1017524,470441.8589209215
1014120,302362.42958533054
1006313,126282.26356604908
1009141,743672.5257338318
1008915,472607.24431951065
1004122,491946.52963737847
1016330,290768.22064404265
1002058,518012.1485774126
1001597,202813.20529730708
1004924,628982.3360409596
1007582,558995.6118011326
1008002,572096.2029235779
1017596,677252.6129189774
1001656,244122.38486869042
1009995,453626.31559553585
1000602,862028.4233519
1016650,928718.2489658304
1009081,995379.3009403002
1007706,625118.327073837
1011347,459502.99450104294
1007008,738997.3289961787
1005968,132429.35184129153
1004458,521925.21705857
1016766,511216.8677643369
1015353,284656.19893441256
1004733,446663.0564791219
1004456,380149.57660840836
1011831,433186.8385496371
1013991,455070.3131479057
1005591,216920.69497600736
1001116,892468.9645286918
1007447,524004.67555448937
1009975,1002084.4423015356
1002115,692642.8714816904
1004361,671148.8970816482
1015655,517700.6295182876
1000269,147288.35940411282
1010229,760338.4096329978
1014842,450460.2198715695
1015147,673935.8046061347
1006528,746650.3655063427
1007386,490981.94529668894
1015027,269086.7281311225
1015385,727409.7598883591
1014595,169760.46828215278
1010656,299587.17186126055
1015901,322922.02078127384
1000011,931355.2263085528
1007467,546933.7621016453
1016561,842103.5060889695
1017592,333688.20300524205
1001669,394201.26756203914
1000153,491972.55776499695
1015525,660310.8146823159
1010248,593591.1491950557
1004264,822478.5267896558
1012681,299998.96211035084
1003243,268612.1933243818
1015160,568410.2759909946
1008261,260835.69493760765
1016439,858885.1036391581
1004995,189365.37239325853
1005672,834051.275807702
1013775,688653.8232808637
1011327,381992.62239201844
1013349,681702.4348981811
1015837,242304.63209391217
1004190,515562.4929785691
1003463,330494.00443524437
1010682,802145.4019416177
1010982,585725.4983184966
1017041,733956.6311871941
1000346,296142.2214495698
1005213,766761.3109903557
1000177,692642.8714816904
1015579,752121.4034394092
1005578,283102.18841334735
1000353,533574.5223467447
1013324,346065.8833828537
1011918,767969.4660144728
1015786,236129.25601994497
1009901,289992.2366984543
1010583,812246.8890166756
1011399,331721.5285910999
1013714,458061.233762202
1002450,689718.7945154194
1013344,1169453.0957556996
1003781,153763.38873712567
1017299,243199.43663984418
1009385,564700.7158898163
1014846,604051.7845697211
1009863,149096.5738880082
1007204,408725.8162409685
1014127,728353.0516902935
1000131,505352.2523114875
1009419,425272.24952254497
1007050,386398.6922802551
1000549,436479.4973557164
1004941,858885.1036391581
1003984,560953.1625510777
1010103,400883.32620548597
1002282,710833.640774147
1003108,649901.5230699934
1011263,1158841.3055522996
1005491,196282.78976098265
1002374,616658.8968572565
1000775,825035.6901598169
1011824,578581.1201954667
1012172,503229.5756426486
1005532,269728.8714361995
1016098,257416.11314969545
1008574,738540.8331646445
1005334,594687.7801274833
1003361,659081.6023377242
1007121,264639.26140652626
1017048,524529.9082218736
1013702,391493.7791181193
1009859,527738.5613197306
1000406,766761.3109903557
1012151,531095.9166739176
1014693,393232.818224136
1001366,309832.1613211881
1011575,396645.5641989206
1014773,322766.2490679138
1003987,659412.7176010725
1008131,209800.74952412362
1000536,214310.8605025489
1001086,450040.0186475994
1005670,737953.6969154291
1013675,267739.95935372805
1006013,260126.78668619497
1016490,766761.3109903557
1011300,368618.24127256765
1016707,634017.5367092601
1008376,391040.84249735094
1007086,1041480.0081744642
1001251,251009.92185509548
1009950,550995.3860275625
1016289,687073.994016353
1003358,106514.87828775369
1008264,505406.0616021172
1008190,946575.4853509819
1012537,320228.75355112884
1013693,722749.5224529802
1004184,446663.0564791219
1008383,891988.8174324355
1002108,577664.6008619146
1007321,634243.324526814
1007390,709252.378991107
1008451,462799.6985663481
1002949,237379.41577426574
1007100,381992.62239201844
1008756,299155.8180226588
1016453,642369.8107471153
1004489,392179.481398473
1000292,614652.5600557636
1009952,435508.66788239835
1002201,398636.0075184234
1014642,340640.93364696787
1011175,117937.58071000641
1003293,1175825.2679543532
1006775,333688.20300524205
1002152,114256.48636895353
1015149,258623.6762113665
1009789,676791.6805179005
1003736,531468.7994219469
1001785,640228.8219070155
1014311,588235.517307855
1017572,461625.1118601883
1014698,1386268.2325635997
1002341,541104.6641812029
1007490,448732.7440943541
1006487,264936.8093986885
1001154,649491.7669654277
1009099,663560.9622138577
1011025,530359.2919874978
1006065,673706.9625911207
1011102,391493.7791181193
1009324,414487.22618659155
1003504,347288.86280762433
1007548,446663.0564791219
1009685,98584.08435752714
1013163,333688.20300524205
1017591,442768.922219024
1009816,384729.50961379445
1000229,249364.60324017095
1003123,438409.58137403807
1010850,361859.9903083429
1003290,520300.9217055503
1016217,696810.1694930757
1006849,340953.879528567
1006008,810860.9696743451
1009221,260835.69493760765
1011557,321373.1907073219
1003784,504361.55325251236
1003220,313880.4755649118
1012740,491450.3894351608
1009774,523849.5931492229
1010084,707373.0239405604
1011980,1169453.0957556996
1007377,591011.7216655664
1007961,811759.7650409725
1003321,406779.83744053385
1013893,577397.6154093927
1000106,472311.7293340658
1000099,98813.08064492988
1007778,558995.6118011326
1008887,418805.39574344247
1003299,251269.8011076384
1000324,450205.89320850896
1000006,332871.11081349396
1001930,781919.8506424166
1000910,756993.641125483
1015775,483063.80895476474
1015974,531138.3806676283
1017091,268612.1933243818
1009799,941971.3879780777
1008088,430574.45798918593
1002420,523919.9814888669
1010543,904553.9402999834
1000453,273938.7652932307
1014740,481958.7635879223
1017002,588380.638848333
1017291,370002.7032389305
1008132,194219.84767064627
1009128,310620.8291735166
1006461,653005.3344005934
1016183,727267.5277476102
1013947,345625.72233385115
1011958,563595.8070250934
1014910,381992.62239201844
1009920,762377.7803303349
1015332,348427.67804539687
1011065,633313.3847085066
1009386,462383.21440317994
1006203,325072.11434733396
1009601,673706.9625911207
1003527,113557.2628544245
1012716,536612.4727183151
1002985,381992.62239201844
1010425,371396.79433974915
1014635,381992.62239201844
1002305,280524.1478357799
1010052,441936.6488531506
1005904,399283.9775636692
1007620,295490.41949812724
1011285,343313.77163561236
1006394,493166.53031951527
1010818,709453.5730945921
1000913,320845.2615451241
1003216,606195.3522271281
1014885,250422.98363785088
1017433,561612.5725378955
1010948,578143.4842667591
1010391,488937.3041715595
1007469,594687.7801274833
1008083,357533.5301881714
1005548,187564.0368334326
1011085,502979.9688467442
1010887,614178.3534144444
1008880,571822.0186982917
1015537,322726.19505900354
1008348,373490.43084726966
1008437,432783.86181068525
1005224,294126.2130513672
1002437,538907.7059677475
1016909,1030154.4301291544
1001113,295301.14313744305
1012508,371396.79433974915
1006999,320845.2615451241
1011170,524368.2191571343
1001139,485100.4882153279
1000428,803312.8581969658
1011994,488060.06044124195
1008024,548173.9890350022
1008778,245053.60655904983
1002422,692927.0573916674
1014531,390226.58279893786
1011558,805395.9352348072
1012382,479809.1712379826
1009787,578581.1201954667
1008632,491943.12208787375
1013422,261316.51845668248
1011242,558995.6118011326
1008630,733653.114048875
1010926,442036.86291290476
1012470,635224.9433036625
1010086,316443.33613831486
1011413,233698.75911245757
1006743,501967.7910577983
1009939,461052.4688755246
1014370,499672.45956452895
1002972,311026.7208395578
1009088,640854.9049269593
1001539,1021083.8271832003
1001303,333688.20300524205
1011100,468841.30924300844
1013584,325707.71319263225
1004934,403638.58029791125
1013275,309418.0376647553
1007215,776980.0834230639
1010773,823433.4949186757
1007837,299156.1510706797
1015937,280524.1478357799
1014294,1056021.6633929939
1007208,545385.4658551655
1014819,287411.39359276294
1001774,372184.6966834635
1013895,605947.7249382951
1017370,211361.40596856066
1008115,422454.6242423056
1001752,528343.209870509
1012482,941971.3879780777
1016468,541104.6641812029
1013123,383112.51443957794
1003952,762092.5440531308
1003666,588116.539957426
1002877,746517.3375444333
1017435,190678.3590147159
1004237,439209.89905657904
1011078,769024.6624581672
1015683,615016.3022912819
1002137,279591.15173298557
1016059,693833.5302215503
1017069,909006.0931565557
1015900,585117.1404398346
1013801,360718.8571276334
1005320,255638.64706012476
1016331,596163.2358342956
1010865,1033061.9935879408
1015203,724330.8254555837
1002840,415662.9850145079
1004310,561132.438475535
1013128,359144.94974326866
1000518,417857.41164426354
1006756,717074.2583907591
1003994,642369.8107471153
1010862,84593.44333267292
1014395,301295.59788724914
1007030,322717.3841525173
1001340,424355.5050674711
1002127,373490.43084726966
1011180,385883.3992595326
1010708,726983.720559603
1012385,259381.80209422304
1016721,423589.2851844126
1012527,543813.0136857087
1013856,365290.2817875726
1010745,398280.87359800097
1004087,349169.79780154955
1010673,666699.0432900434
1011114,418067.89785899146
1011033,189936.2101338394
1008332,210172.43209090392
1011150,398032.1126670487
1016920,398032.1126670487
1003687,397609.945800351
1009727,214310.8605025489
1009058,441405.1323034015
1007762,408365.3830764337
1005065,542020.6170554709
1014868,403416.86737996957
1011159,377803.6737894278
1009343,422201.59861805063
1005676,583741.4743346384
1014049,857870.6256386577
1000890,281366.9294620433
1013665,361528.744272771
1000382,412869.08926728286
1013466,190678.3590147159
1007977,490941.33109389845
1000160,396836.51848300855
1002538,595758.6176085421
1004951,610546.1208719468
1000243,446013.6112270987
1010396,892468.9645286918
1000469,812152.7140956243
1002262,346773.11472051503
1010299,1314989.0872785433
1004919,769925.456741449
1001982,436806.1516778226
1000189,526723.915573551
1016296,445968.0906147497
1009819,1193614.7260403195
1010039,147825.2067761829
1008388,230992.71244381435
1012175,462799.6985663481
1003866,578581.1201954667
1014361,394077.9008239956
1006685,504892.07705347904
1004522,414975.1667968084
1003465,303865.0067925154
1004319,268612.1933243818
1001764,567730.9594066795
1013892,714206.889484545
1012777,769024.6624581672
1004929,555862.5095221614
1003609,224379.37153623335
1006152,538907.7059677475
1009230,592164.3012317541
1016288,606347.048162342
1005433,797651.6338772505
1006029,264763.1150338652
1015853,271089.5478151796
1000415,790776.4481887412
1007010,558995.6118011326
1011476,484837.25106832955
1014639,447925.3485987941
1001714,1053370.4062296622
1005788,375149.43366849795
1007323,288891.1771998998
1005690,511962.6779355212
1002790,352261.82897509483
1005734,728408.5239873439
1009703,334779.25444614765
1003287,693833.5302215503
1003953,528318.8310398831
1008748,703926.2694244497
1006412,303865.0067925154
1011754,490981.94529668894
1004948,406422.59144048963
1013824,447955.5874243763
1011891,368900.8350705092
1001803,686514.2590805264
1015342,230298.8494346013
1004196,411544.7811798566
1002864,398032.1126670487
1003794,877420.147782907
1007920,455738.3128216179
1015371,331956.9920231402
1016467,281000.3885394896
1008141,531006.0182124707
1009925,1182723.8090456948
1013601,844734.3590828276
1015130,418930.6375644277
1001474,398032.1126670487
1008070,381561.5796314137
1002011,214310.8605025489
1005454,210090.6211678192
1012542,650924.3487543378
1014657,896483.2645506923
1013420,340596.69445376843
1013793,908437.0613771488
1005381,375149.43366849795
1013126,380149.57660840836
1014784,434603.34413842665
1014269,251098.38933119492
1013465,486945.45777409204
1006102,245565.22225486362
1000472,349607.7068948915
1007685,491042.66940311145
1009207,745194.786858197
1016689,349607.7068948915
1014007,313787.4991043677
1010437,458061.233762202
1013785,323602.7478952312
1011019,201921.1797721495
1012553,373157.9630193312
1009223,505709.9806146511
1003593,325072.11434733396
1001463,673706.9625911207
1007137,517243.29899484105
1010073,334478.3152646041
1009416,418067.89785899146
1015138,1044530.8663235393
1001158,407269.9523704738
1008547,640058.5921422547
1007820,472311.7293340658
1008834,643849.0365359613
1004669,210172.43209090392
1000013,243410.40759462686
1013283,175773.0036609188
1016851,307128.2131136084
1003356,454424.99923521915
1016465,504892.07705347904
1011964,549809.9219932879
1010602,711816.0605471815
1011230,345991.5838319174
1007122,287873.7838355891
1000418,335526.3095018769
1009148,286115.67986344086
1011581,655866.0092502973
1006847,518545.6217731731
1004981,421906.7275750543
1015358,876199.9031864683
1011330,484776.00291775895
1012879,325052.0519080426
1010321,429992.87839594483
1017248,341025.1904035469
1004078,928718.2489658304
1013300,506923.3760781666
1009931,928718.2489658304
1009555,403647.5711252498
1009365,346773.11472051503
1003170,564367.5387822938
1009196,346908.9880789857
1017514,323914.1247515964
1006904,265456.2520186253
1016803,460069.01547886274
1015876,417848.0475996065
1010858,577823.8623171815
1008255,890972.2082363591
1014373,421461.3659883178
1005987,518545.6217731731
1001652,377803.6737894278
1001813,670195.1680043159
1009496,1009348.7142235561
1016863,290428.5021141985
1016270,696285.2845680804
1006627,428292.3461567015
1001845,709453.5730945921
1004997,225822.40921388165
1015437,383112.51443957794
1013212,315900.0516030686
1005444,629220.5318405625
1011369,194219.84767064627
1002647,218965.1052291815
1011363,709645.7888178821
1005728,490186.074492377
1009067,162090.7858203409
1009209,497546.84490999416
1010132,442036.86291290476
1005856,345906.2526893585
1015543,278822.070206735
1014502,892468.9645286918
1002651,181254.37477661224
1000687,148394.89332158325
1006674,207705.45183339893
1001140,478046.96369026176
1012839,612870.0543624385
1010767,487415.18236429803
1009903,359144.94974326866
1010930,350552.12701754016
1003064,397394.64127425966
1014705,578581.1201954667
1015637,1268716.1735637726
1016514,429975.388453407
1016768,412304.36234094837
1015719,161108.11428284846
1013699,464224.94828606234
1014016,842165.7954977866
1005141,849598.0951994408
1011294,412814.4753996754
1016116,332865.76741471136
1003375,471979.4570254845
1015516,339611.5191637803
1013220,604829.6258998126
1000377,559375.9632895286
1002968,689674.9090915231
1001696,186937.43413050644
1015675,269886.5825618986
1013787,673706.9625911207
1007909,398032.1126670487
1011810,201074.79880920684
1013544,568513.5439724345
1008155,341627.48221417004
1005740,371396.79433974915
1000494,257138.72804703988
1016110,396661.3689186047
1008577,709453.5730945921
1013761,361206.9100052485
1003927,512918.3414247421
1003890,946575.4853509819
1010413,617090.7954799535
1015044,534201.7457653369
1001938,771632.5674615959
1012723,531746.1075051288
1000740,1314989.0872785433
1012022,998797.0391152927
1009629,431471.2285950268
1004877,485100.4882153279
1014889,578581.1201954667
1017349,284225.92214759265
1003792,359045.09176123905
1008486,298940.96678620495
1014231,321953.5131240823
1006582,425805.8253275642
1015510,446663.0564791219
1001589,443412.9435003839
1008008,516697.14338818117
1001054,133214.34771237234
1013896,569866.002288288
1011305,333043.62448898365
1007919,584656.2148855259
1017511,288902.1782030295
1016052,374595.805354359
1012759,911988.0749967773
1001912,340611.0255619259
1004235,658879.2416527631
1015208,384797.0565222386
1011870,381992.62239201844
1012665,518023.71060784475
1001119,603715.9522574447
1009873,594221.1493770707
1002526,802145.4019416177
1010459,252628.11490646534
1008629,711140.7634123683
1004382,889554.1250649533
1012984,271987.22103578516
1005726,107290.03508662114
1000096,623328.7970947343
1003774,530101.7761896376
1008914,526265.7317473375
1008461,375149.43366849795
1004782,98584.08435752714
1003791,331652.50517027156
1013976,874680.2654511405
1003978,581571.2291827429
1017134,592388.6870626762
1014692,391937.42854626995
1008745,455070.3131479057
1017561,673047.7386249552
1001129,249927.43070377005
1015536,635957.5888169478
1015508,502929.71174621116
1001355,311007.8620556605
1004449,436479.4973557164
1009261,640058.5921422547
1017158,268612.1933243818
1011328,374633.46211691474
1000635,921854.1540800207
1000542,472454.135191176
1014444,508349.4315760452
1010029,530655.9938841696
1013354,443360.04446985124
1001407,435508.66788239835
1002039,268612.1933243818
1015870,606347.048162342
1007823,578581.1201954667
1003816,368059.95088003716
1001218,441215.692859803
1001387,382353.5899241326
1010711,730576.6524878194
1004105,391558.37686692807
1017296,200404.29084195854
1003705,628839.2635904468
1001230,610607.465953022
1014289,545555.0768526798
1015284,728348.8132016005
1009616,726849.1328947745
1007401,470954.10287797515
1012246,837180.1780705843
1016674,799898.5042412407
1011321,680613.0541647493
1009712,739210.0262426714
1004464,398032.1126670487
1004014,724510.8041821548
1001537,125019.69437058672
1000211,531477.0590129974
1006646,480027.39250108204
1009008,385058.0997755716
1000861,842165.7954977866
1007661,961621.0919257742
1005121,400935.8413864536
1001690,603758.8488585777
1009806,339375.6033461384
1000541,702401.9538256832
1005272,309678.9544096776
1002462,908437.0613771488
1008237,345868.73992051586
1005231,713127.188964651
1016094,499413.50897240784
1008444,446013.6112270987
1015120,328207.5688014356
1007251,754075.6542234272
1000059,472569.06679329934
1007185,504054.1887435035
1009836,546674.603495321
1014026,222345.31639606445
1005296,470438.47108379874
1000286,326529.8816021239
1007178,593623.8199168763
1005311,545245.0225036559
1010023,750184.4733991798
1000826,331319.3453026277
1013639,195704.1414631307
1015696,347090.59383492713
1006549,321587.4750042802
1013549,307128.2131136084
1000578,517087.31613117055
1015697,300603.0240325727
1009669,393049.0827396397
1006498,351867.56466091884
1010047,191594.34993276786
1007523,379917.79265786253
1006153,152530.55879879632
1014165,376087.2046901987
1013171,959047.8518421106
1003767,469016.1668267166
1006962,439829.69543095847
1015512,758724.6636956981
1009312,509387.30083917774
1002069,656118.536011127
1004993,592388.6870626762
1015776,472454.135191176
1012233,645433.6779759962
1010591,373490.43084726966
1008886,651994.9506669083
1009279,391040.84249735094
1010245,107290.03508662114
1001117,322680.20084723656
1016203,350690.2265998493
1011198,761989.6542590027
1003552,772641.3545883456
1011766,398032.1126670487
1012267,573443.5533403745
1008831,421352.52681208815
1014641,279591.15173298557
1001324,398307.9896210305
1003620,575670.4257895373
1017413,355876.41496724804
1001576,391493.7791181193
1016742,432804.1279545916
1000299,517889.43769675726
1013936,391040.84249735094
1012063,385388.87513891386
1017246,928718.2489658304
1015110,373490.43084726966
1016583,667638.3409074596
1002200,671849.3637204062
1015325,588116.539957426
1017574,588116.539957426
1014104,409774.3249889209
1000014,625860.8108506771
1005093,495286.62566871924
1012432,1103617.9851632747
1007838,411878.12047425174
1006181,398032.1126670487
1009319,390228.70085015235
1009953,469016.1668267166
1011291,389450.24780143966
1013695,329410.4522288426
1003520,536583.0289990593
1004207,692642.8714816904
1000489,507162.3388656639
1013696,802145.4019416177
1006389,392045.8973912295
1009697,196308.4554938873
1002734,802145.4019416177
1008300,578581.1201954667
1014378,335067.09471260855
1014948,400917.80585319747
1003009,1057410.1759521316
1000344,490588.82613374235
1011627,579546.6776680995
1011444,578581.1201954667
1007802,581235.99523594
1003466,383835.1056472513
1017340,507922.84117290424
1000831,578581.1201954667
1005399,604939.0365949321
1016722,389168.6996502991
1006109,702401.9538256832
1007601,326083.7584908735
1015878,840701.5826493545
1009395,390969.1195710889
1001141,602472.3217282877
1013326,513512.7299398453
1001477,383112.51443957794
1015407,393049.0827396397
1009817,368272.3098190482
1016734,722470.194932377
1003446,353966.0793120685
1004786,505846.8214506563
1000031,498212.4496391334
1013143,381992.62239201844
1007514,335292.8942959816
1009998,422327.8680690597
1007897,495281.39300462406
1000897,625970.0277250647
1005421,693833.5302215503
1015421,554874.222861151
1009981,443413.63783648016
1002116,898133.3795926296
1005630,427706.2968602598
1009354,309678.9544096776
1011814,410834.0217722771
1005547,758724.6636956981
1003661,562380.497114717
1015098,299998.96211035084
1009033,276017.09221732273
1013618,454663.8984678642
1012639,171790.1332442573
1012838,426737.775195267
1001438,724330.8254555837
1011763,157594.95071896916
1006423,438820.5013845069
1012877,531195.1056982889
1012673,333364.7708086069
1009222,239250.70947852862
1004592,450098.4538724207
1004366,476777.68538485165
1016968,286448.0618630137
1002724,499413.39695172384
1005375,509536.2850959539
1015210,224952.5094668981
1008575,472311.7293340658
1008812,327524.7536378674
1004952,656816.7148624319
1000332,479224.9063030931
1012852,413637.8466894218
1000390,375149.43366849795
1015945,425272.24952254497
1009135,194219.84767064627
1000095,559842.3196936127
1001859,903811.7131948972
1000853,555643.031740898
1004425,635964.6993276796
1000386,613788.587207203
1006101,254691.0560592524
1009841,504586.54415195563
1001148,582129.3507684497
1016567,542491.4958385614
1000413,711489.1175900564
1012322,398032.1126670487
1000284,699273.1524331131
1000820,469016.1668267166
1017108,497878.7301513109
1000973,260835.69493760765
1011270,183835.6505725516
1006425,333688.20300524205
1008672,661983.0125814076
1001676,566029.9491951644
1014772,558995.6118011326
1015502,261316.51845668248
1015306,200841.0815064542
1011567,959697.0537219669
1006119,469016.1668267166
1013467,209803.9095239089
1008953,455118.8359511103
1000180,430128.90595945047
1016840,391264.3984319323
1009627,230992.71244381435
1015236,483382.0445427532
1015554,186937.43413050644
1001604,862028.4233519
1015805,309365.57817765576
1000423,456922.3375485115
1010005,645702.2885550192
1005386,446013.6112270987
1000914,603697.3232374223
1008466,462799.6985663481
1011461,470511.53629497817
1001635,401941.11485206
1015799,383112.51443957794
1006022,339267.2033891359
1002628,635633.2652376294
1011216,459258.03504717816
1015810,418177.8217706232
1007687,260835.69493760765
1011406,451527.5140804747
1012469,338845.89232651255
1014421,749708.3151294156
1000838,805632.3452545489
1013845,299432.3194791676
1014856,557665.3254010957
1004108,449796.39406376856
1006580,464712.00144704344
1005155,769024.6624581672
1012192,528543.7168274589
1014216,1126468.0609031708
1011884,349607.7068948915
1009136,398032.1126670487
1014634,460123.40958047524
1010434,107290.03508662114
1001890,601423.0100449651
1015001,566366.7648557026
1013650,412869.07344465744
1003743,442238.256215221
1003447,268612.1933243818
1001022,472454.135191176
1013521,194219.84767064627
1009535,605771.926580474
1007465,490016.90767313534
1014360,225027.87715012016
1007825,582468.2578948371
1006431,435327.4903468419
1017364,621039.9804923784
1006134,512477.47452769865
1013202,295254.2534770445
1011069,549037.4313178409
1004742,644171.9789964644
1013790,443360.04446985124
1016955,325072.11434733396
1002814,346773.11472051503
1015443,387389.4715333697
1003782,204786.14707850647
1010800,504085.1569786742
1005996,382826.88342488994
1012511,472454.135191176
1005043,1032995.944036059
1004427,531468.7994219469
1007940,331791.2610141454
1005462,430574.45798918593
1001443,353481.43679100234
1000242,849582.5265029827
1005304,369975.10567421844
1009808,994955.2035875962
1008972,457374.26023690234
1005552,660310.8146823159
1011924,271257.52561437985
1017562,430969.49729235435
1002837,465992.46670267225
1005277,699979.0155109558
1000300,441178.9363885716
1015541,370798.60089515254
1012829,383468.81421763654
1012254,442793.5869994057
1008457,944294.80442794
1009883,352557.3445897862
1007406,424366.93466746353
1009844,551012.6556050262
1012068,560979.4090004321
1000370,401941.11485206
1016458,678740.0917086545
1012155,956708.9760289333
1009169,390402.9370748635
1008301,856503.4050620084
1002984,374329.49276831624
1008085,665742.2212224823
1012779,375149.43366849795
1016262,194219.84767064627
1008295,359144.94974326866
1003438,175773.0036609188
1004091,507409.5494812386
1005779,744110.8532093316
1008865,781518.9811319658
1009992,279791.0911879509
1011565,343313.77163561236
1013958,387491.06696562155
1009062,230992.71244381435
1015245,701156.0101053301
1009201,536058.8914509641
1012319,827008.0545763368
1014678,359596.49827574124
1007545,194688.46430895448
1011220,413308.653341526
1005373,902747.0668291687
1010332,560020.0989845337
1004389,815086.002162034
1004529,594037.3830872747
1013878,455034.8672693163
1004333,531468.7994219469
1009019,719584.6579548647
1016308,410757.4567906716
1011323,575298.0709224109
1006701,847990.8542924128
1009649,398032.1126670487
1009964,942271.5378873633
1013891,544332.173141815
1010981,505846.8214506563
1016680,240976.9297540283
1008338,375149.43366849795
1013503,530655.9938841696
1017421,600704.2784093725
1002996,856276.58547617
1009493,473529.2919802621
1013414,918824.390343342
1001185,262873.1386512156
1010578,661103.0089389817
1008675,993622.4334367899
1015093,668558.7929001962
1006045,355279.6963656139
1017383,505754.52086682455
1009499,472454.135191176
1012893,328146.6627665505
1004734,672344.8286771083
1016573,366534.32988631213
1012499,355338.0538482309
1002351,354539.4451210431
1002602,783496.981614622
1016472,304892.8317871276
1004259,419538.4513228846
1009204,417903.28139815
1012405,188739.46112769833
1001447,520819.836592946
1003143,492914.08023747674
1004286,322248.26878746715
1009258,419538.4513228846
1001382,538907.7059677475
1014625,516937.9018671735
1015867,457117.11672709574
1014694,565207.4391158359
1006391,619309.6453254626
1002995,302902.1854838697
1002624,496979.97704734845
1006417,416542.5931110467
1001400,1050097.9823044888
1013192,381992.62239201844
1010285,265551.5748982262
1006942,1198618.4050206067
1006936,387389.4715333697
1001203,392380.8838045885
1003515,458718.57472360396
1010980,544750.2051422914
1002890,380149.57660840836
1002792,470438.47108379874
1011393,594947.2634190959
1016683,277912.58397137956
1007756,462799.6985663481
1017237,638777.9733591189
1015091,135780.08856927734
1014954,484837.25106832955
1012809,802145.4019416177
1013533,430051.39754155104
1000508,568047.8826626108
1009818,805432.4840181895
1016156,862971.667103894
1017373,406575.67797533196
1011199,416008.5279041844
1007262,257138.29383273484
1011727,135347.2584891494
1015270,844734.3590828276
1014976,534784.4988056374
1007616,288902.1782030295
1000117,1193614.7260403195
1014393,643758.8414090804
1001296,967629.4729230864
1017531,283887.200163881
1016604,297382.63442741946
1012398,782340.188462409
1005595,343801.5042157766
1000520,261744.54922784006
1005172,860279.7433183979
1011720,269390.7226363102
1010209,469016.1668267166
1009403,263512.12187289126
1012194,646297.2028322237
1006917,346687.64505922515
1010595,384460.8198350245
1012693,175773.0036609188
1012735,578581.1201954667
1016297,644589.1251966404
1010660,443710.3965851807
1002046,143108.78869191086
1001919,257815.82005448113
1001746,107290.03508662114
1001709,892468.9645286918
1010890,415703.63980868395
1004960,509472.8581144688
1000814,578581.1201954667
1003187,606486.439129503
1009002,446854.41871396283
1002017,287731.9313901789
1007942,384425.5622438882
1009785,436479.4973557164
1010446,240292.2410213087
1008992,769024.6624581672
1017146,248831.60487915477
1004918,490016.90767313534
1010855,235059.06315443452
1003260,318113.2732068307
1015194,331236.0762387843
1000662,571264.5958166671
1001314,319741.750273548
1011576,269728.8714361995
1001663,428065.7698609475
1013712,493592.02402284095
1017143,740897.6215367727
1002583,913561.6486747394
1014110,343688.77642046666
1016007,1172918.3405544353
1003719,153804.3784519356
1012003,902747.0668291687
1007758,520267.4045437096
1014302,472454.135191176
1006586,442584.5483682497
1017250,413308.653341526
1000197,686788.2702149187
1004992,347145.38034164644
1010929,320902.44610675576
1008528,468206.22532256745
1010104,508984.59586574783
1013449,457054.95448304724
1016016,1010611.1415635783
1015292,623255.0557393989
1005692,456315.08140161884
1015704,373490.43084726966
1014499,465648.50513959373
1000603,1193614.7260403195
1005294,404674.7595033862
1016255,455070.3131479057
1017326,643150.5602102265
1013592,1206699.5169710782
1003247,651781.0211183552
1004794,518119.5898023826
1001761,454934.95447791484
1004330,538087.0537503241
1007657,578581.1201954667
1012899,617485.6258224442
1017342,434433.32398590207
1005912,521713.7595657519
1015795,186406.23135772324
1011026,916303.4705767074
1009327,485122.9583162865
1005711,386312.7970817933
1007076,430574.45798918593
1001213,957138.7282584482
1016386,462823.1050246669
1017182,518012.1485774126
1017214,655924.7289811774
1011840,541260.557671212
1016474,422761.5637614239
1017588,524920.7360463522
1001283,371396.79433974915
1012089,563343.7307589877
1000957,491438.67325045215
1006173,560953.1625510777
1011583,413382.4931141172
1006221,332473.37278798316
1008014,854685.096429286
1000757,583741.4743346384
1001339,575655.0813704337
1016872,379249.62135500595
1010300,406002.8487565905
1011904,190678.3590147159
1000563,288190.4330853313
1001544,105330.99488747474
1008144,567484.5025215829
1007027,468581.07061537716
1000720,533404.9978091802
1003205,592388.6870626762
1009728,219247.68557572927
1017301,287803.4906415674
1016806,831614.9981422176
1000065,375887.598341332
1011030,464028.67716590245
1006920,737967.3508238123
1006090,535867.1896285177
1012020,209917.60963478102
1015645,434324.0107711433
1014602,334529.71995390917
1000899,396574.08932244644
1000730,516308.85244861554
1001506,442036.86291290476
1011343,328920.1087428402
1002557,494532.01548623416
1006630,533404.9978091802
1009391,313745.4489341224
1003039,341980.07477190933
1015796,374279.53983731725
1008859,299985.5673977015
1004297,149096.5738880082
1013473,132980.63563180852
1003322,558995.6118011326
1006379,569199.2455352992
1006098,380127.33597116
1007351,632427.5221814434
1013166,550995.3860275625
1011081,415271.8887879099
1011527,390969.1195710889
1000068,390402.9370748635
1012530,398032.1126670487
1008419,469016.1668267166
1001954,286595.17453407054
1011515,1175825.2679543532
1016224,686339.0162223186
1002230,641577.87860693
1006606,346773.11472051503
1012224,283766.0014204564
1002537,186937.43413050644
1006734,547650.3451269817
1013125,898261.9055881974
1000938,391510.20621228067
1012312,606316.542856453
1007005,1241404.4362184126
1002276,408731.9484209493
1005510,1361544.8386031948
1001999,578581.1201954667
1014441,373149.7648202798
1015299,676290.1078493851
1010601,593062.4979895962
1003281,249927.43070377005
1003801,1089439.1289407364
1006035,448542.8942343311
1013705,741689.4479890424
1009843,472454.135191176
1003014,695550.6279593441
1012437,254595.16404633445
1002332,178531.90618455273
1001038,592079.2689870036
1016829,359144.94974326866
1006228,675285.5580869702
1014247,196282.78976098265
1003410,313280.96772800875
1002122,240292.2410213087
1008592,946575.4853509819
1017211,428563.45408599137
1005687,472569.06679329934
1002035,390298.1514352202
1005556,398032.1126670487
1006392,635878.1449995219
1010152,557665.3254010957
1008963,1057410.1759521316
1011632,461347.2459466138
1006130,1126500.131237214
1004134,883415.3975976718
1002155,254595.16404633445
1015820,219528.39546723175
1016188,410757.4567906716
1014802,749812.6423462
1011519,455070.3131479057
1000685,507737.64933638443
1006571,344147.8829282784
1010793,811879.2187903023
1004421,628760.8370737899
1015701,408725.8162409685
1004482,375149.43366849795
1013230,490981.94529668894
1000295,558105.8223734315
1000884,445241.2224170728
1012457,427394.5062681784
1003015,281900.22747005563
1008942,662648.3526063417
1012729,418930.6375644277
1008973,391040.84249735094
1013490,720229.8057726475
1012999,723877.5870694816
1010393,560953.1625510777
1009080,491254.2024239501
1014080,499969.50511514716
1002400,682363.8038307326
1010970,303865.0067925154
1009919,115010.68748860889
1001465,424432.36587293475
1001068,904553.9402999834
1010726,542693.3861831041
1001686,1057410.1759521316
1013083,753314.2552368938
1003926,528674.4746134925
1008741,928718.2489658304
1000660,550995.3860275625
1011219,203820.7508580112
1001332,181199.76184007805
1017198,426694.4243270524
1004959,681212.1912332531
1007773,262361.7745957233
1011570,502979.9688467442
1009272,182459.0840863631
1003766,372671.0070522109
1003083,287846.73470108694
1003444,302362.13079475594
1008117,436293.9799507783
1015614,309350.01637351234
1004182,603715.9522574447
1007184,396661.3689186047
1005745,967820.2436800529
1010966,472454.135191176
1016356,194219.84767064627
1010605,552880.509968038
1015401,404505.8978189495
1002459,438585.5122633767
1013407,268612.1933243818
1012161,581235.99523594
1011607,254595.16404633445
1003586,488060.06044124195
1009874,398104.45056302455
1006599,609172.4931598052
1017333,719906.566976151
1006963,417418.1060514807
1015122,728895.0420802428
1002957,345625.72233385115
1004657,398032.1126670487
1009160,633688.0877400517
1007847,557665.3254010957
1006902,458412.25473375915
1015376,569721.042682886
1014708,711489.1175900564
1000575,568995.1834741047
1014310,316145.57054829394
1013221,268612.1933243818
1003092,214310.8605025489
1002691,457085.0786313759
1001375,1003324.7773820236
1016447,343550.2499188315
1010403,214910.3452208273
1005261,637301.2232543768
1007868,338253.89944365434
1002344,766761.3109903557
1000945,457901.47358370014
1014243,340115.66781724413
1006407,509478.0280324856
1002111,366594.8324770873
1004581,468577.76895499055
1000459,292174.71116201626
1007222,724510.8041821548
1006357,508057.8182453664
1010566,458718.57472360396
1002954,378755.7008042409
1000007,343550.2499188315
1006982,511168.1841769976
1000250,804797.156440007
1012703,544679.0941516103
1010702,413308.653341526
1013749,594687.7801274833
1001291,433068.8596773445
1016991,1021083.8271832003
1007267,474825.4809769803
1009025,241173.76804948825
1015076,784737.7422244764
1010020,484837.25106832955
1009855,470008.4449852931
1000976,507717.23616689804
1013987,998085.7941728083
1009057,249423.78658380944
1011971,499004.9439926203
1009501,260835.69493760765
1010664,515686.718948686
1008933,877767.7812605125
1016710,396176.2277036375
1011876,611273.0883187962
1017419,808922.1503117239
1009162,470194.4503102122
1008399,383366.98085448
1000145,268612.1933243818
1014838,268612.1933243818
1015165,450705.1364246525
1004183,642369.8107471153
1005443,485876.69209712493
1012363,693833.5302215503
1014774,728895.0420802428
1005822,694779.4617185252
1002944,434817.3232841458
1002682,941971.3879780777
1003146,218973.4362126442
1017428,538905.5796134905
1001487,693833.5302215503
1005717,928718.2489658304
1012917,605152.4649783227
1011506,485533.85860445886
1007659,277520.17799545743
1004261,462193.6392479128
1001832,302839.2959446732
1010463,518012.1485774126
1000331,606347.048162342
1000692,381992.62239201844
1001285,503468.4504582103
1010417,959697.0537219669
1000760,892468.9645286918
1005554,1126500.131237214
1009470,260835.69493760765
1005656,158323.0794917119
1005380,453132.8362831177
1001885,303865.0067925154
1016318,456315.08140161884
1017416,544109.6823542217
1010373,564639.5664856958
1004977,343688.77642046666
1002178,349607.7068948915
1000933,456315.08140161884
1011979,883688.9264021929
1000466,455033.5419412678
1006030,564739.9006761061
1000244,175888.6834984322
1014402,453530.4703799775
1015832,693833.5302215503
1010678,473924.77274749655
1006205,545971.8040424126
1001807,762731.2241490165
1010805,438033.82665539026
1007371,507201.78485836217
1009456,375149.43366849795
1012942,418177.8217706232
1013769,1175825.2679543532
1000840,716141.4949746305
1005817,473048.49478785065
1014811,343313.77163561236
1005971,487317.83750545076
1006352,414487.22618659155
1011641,1009671.4772815579
1012849,153804.3784519356
1005447,1317876.3081352143
1002328,268612.1933243818
1006137,719552.9261437134
1006011,760338.4096329978
1000279,402280.6593970825
1010507,807864.1835575197
1010360,133214.34771237234
1007229,908437.0613771488
1010962,392179.481398473
1014743,311200.67951245315
1012560,944294.80442794
1017161,383112.51443957794
1016492,115010.68748860889
1004544,1182723.8090456948
1009586,353527.53594513953
1005850,578376.7068286085
1007800,578581.1201954667
1012120,267973.79694339953
1009423,505846.8214506563
1003048,1126500.131237214
1009758,558995.6118011326
1006252,491466.2253808508
1009440,591938.590124891
1006198,678781.28128667
1001310,1017255.792269919
1005706,336575.4600720914
1008425,283768.3943929599
1016381,305383.5971181254
1002229,400935.8413864536
1017595,450705.1364246525
1012996,368968.62198972044
1004680,460614.08280659793
1004762,813314.941683945
1000144,342546.0531038928
1016232,499672.45956452895
1016642,371396.79433974915
1004801,374664.2450047911
1014630,300938.765492867
1008665,149973.6721853829
1009665,600704.2784093725
1011705,489797.3932923186
1003223,450460.2198715695
1003543,256541.66047998617
1000348,477946.8044991422
1013827,621769.7727143076
1008433,323469.4872098798
1008560,553045.3955040561
1016476,544534.5564418035
1015977,578581.1201954667
1010416,546674.603495321
1013799,425241.7199967152
1012944,781561.515617731
1002572,915167.7249885516
1013598,730826.7502232331
1009351,388688.94690492586
1005685,392179.481398473
1009842,754587.0931256464
1016322,422555.69356704096
1014282,491736.71249891195
1010690,625860.8108506771
1013444,781762.574634382
1010560,640058.5921422547
1009281,828109.3454613945
1005716,239067.43202333624
1008380,692642.8714816904
1007004,344539.85644929047
1013840,466354.38232243835
1002783,525655.3658941227
1016235,472569.06679329934
1015538,928718.2489658304
1002630,340275.4725057062
1016956,465746.77176568395
1001169,584147.9054158274
1004519,377803.6737894278
1007453,392179.481398473
1003541,724510.8041821548
1000715,562707.1743937128
1015456,339010.4062026698
1014760,812246.8890166756
1002463,721750.9949142811
1017545,305885.8779546794
1012833,509866.08726987604
1011127,479022.8674224912
1016741,919616.1830037126
1006699,488054.53874121467
1004595,922801.4620440394
1009607,696595.4088940194
1017509,735891.5366811272
1014815,528318.8310398831
1016276,484559.33127092494
1015506,410821.2299278509
1012051,485537.97842198476
1008200,541541.1477416445
1010671,468638.06788056734
1002081,607350.6307069289
1007442,1198618.4050206067
1007283,1009671.4772815579
1011048,380149.57660840836
1012997,398032.1126670487
1013307,905850.7956738509
1012162,484232.31516662764
1001688,560813.6649283671
1008030,694779.4617185252
1015357,272112.8257924968
1005975,338634.69885076117
1009524,365191.1300901906
1000366,398147.11448220926
1017363,892468.9645286918
1010900,299587.17186126055
1015887,253281.37134962523
1006956,635878.1449995219
1002806,666697.8716714064
1002363,757021.2178037472
1014406,214310.8605025489
1004761,658371.0307477621
1014652,383112.51443957794
1002662,578581.1201954667
1009084,456315.08140161884
1000170,360065.4654985981
1003786,696810.1694930757
1013016,712180.9738686576
1010883,509232.8739579861
1012024,693833.5302215503
1017505,352250.8679853577
1014706,618067.616618152
1010846,679388.1164121004
1007173,306565.6362857943
1001808,512123.1269389364
1014204,392179.481398473
1009588,301939.3826364689
1007434,541656.9531262146
1002259,459904.0994229487
1010639,396661.3689186047
1010256,309678.9544096776
1002131,746603.8890014649
1014383,495286.62566871924
1016487,398032.1126670487
1006242,313105.19456809806
1012375,208555.58576717842
1013930,924370.8452059425
1001313,600704.2784093725
1015080,235223.77325293052
1002244,348997.0850203003
1013992,254161.62129529746
1004620,184498.69536625108
1013263,393049.0827396397
1001605,249927.43070377005
1016832,675988.5908580677
1013177,626756.0894997794
1006081,390969.1195710889
1007654,224206.86714551548
1016751,955643.4941776665
1013295,325652.8025574902
1014699,349607.7068948915
1015910,594687.7801274833
1003133,484837.25106832955
1015199,908028.7604669521
1003997,674888.1413812954
1001502,1030154.4301291544
1012923,385058.0997755716
1004591,361955.53032442625
1010627,453878.63467470283
1017230,229898.63107305483
1002510,663896.4221949826
1012403,306172.5924121263
1007281,296841.2100827051
1011314,502929.71174621116
1009664,605974.7969103198
1005415,464990.81468109787
1014446,505846.8214506563
1013727,488060.06044124195
1006740,436338.0758024769
1005625,488848.2470314759
1017536,447794.875679075
1006281,370454.5325602333
1009968,722480.6295576924
1013883,268612.1933243818
1015123,693036.264723358
1005474,472454.135191176
1009638,692646.3147652643
1014403,807301.5704274997
1002380,1062052.3134462826
1005758,709799.7576884831
1007493,305558.0355852619
1013889,643521.594086507
1009768,470438.47108379874
1017401,422761.5637614239
1000607,398636.0075184234
1000629,299587.17186126055
1002554,240631.41432589956
1012238,683411.5088614763
1006700,482622.36756197654
1005441,466354.38232243835
1012044,597311.7197589255
1009687,175853.86359184183
1004224,1476455.994752088
1001489,445456.4506420716
1001821,740897.6215367727
1011981,142525.394105256
1017261,285309.7358669044
1016754,388134.7976009412
1016931,483063.80895476474
1002049,379085.56456573226
1005016,401564.2082518004
1000896,196282.78976098265
1007749,528318.8310398831
1003169,335815.0276526412
1016591,309610.7248252915
1001262,440308.01890635374
1015725,723841.2614911373
1000753,485876.69209712493
1006986,144592.75955008605
1017337,682227.4056450385
1014206,490882.64761925157
1013386,326112.296574851
1015618,968942.4884364975
1015716,268612.1933243818
1005747,656816.953315228
1001517,396105.04911510245
1005348,468504.2858348619
1009111,430292.8889853325
1011947,812246.8890166756
1009159,680194.7863447104
1012714,581571.2291827429
1014411,292315.861639633
1006997,646212.1073367673
1016164,265397.8259454837
1014480,449136.4851824306
1004789,521578.6671392513
1015622,338756.5653299256
1006620,404481.05348943634
1013777,840222.3397975587
1010608,448319.33793478395
1004169,268612.1933243818
1015896,477512.2019833411
1004593,528318.8310398831
1006524,993287.6828491031
1014208,814185.3993309564
1003856,373490.43084726966
1005354,288173.12668067915
1003398,572829.4811327057
1008028,338915.4864410464
1002670,676477.3466143116
1014813,725734.7077706548
1012823,499030.0964755566
1007714,524004.67555448937
1002991,267561.0039496937
1013867,339611.5191637803
1015375,446201.96198956313
1007426,842906.9241640002
1016249,913501.9788982924
1004655,1009671.4772815579
1014340,285803.40057277086
1009899,268612.1933243818
1011374,689942.4025021903
1005451,349607.7068948915
1017257,393785.25311989937
1017441,375887.598341332
1013651,597023.7866917466
1015527,456828.3205805514
1007955,466291.14158924075
1001681,524434.0493862537
1007844,578581.1201954667
1009604,395694.8342862263
1008499,318476.81880897813
1012894,447794.875679075
1008462,386248.9559087069
1001221,627964.5292719542
1002675,485640.2920644065
1014346,495286.62566871924
1012691,206338.42340586474
1008759,398528.45140362764
1003234,296962.7615244161
1016691,769024.6624581672
1003408,623416.0960769596
1005306,1072782.0015525026
1012512,540193.9294160744
1005830,398569.2988762258
1001931,364453.99429437425
1005319,749928.457214964
1016841,695369.7340608367
1000594,263445.4369716331
1014790,512262.59565926035
1005957,463861.0215243515
1001619,670314.1113875387
1006113,923159.9711530441
1015412,615016.3022912819
1000845,724510.8041821548
1010544,883414.6013508202
1005985,728895.0420802428
1004414,432018.6436758266
1014750,599851.5139122512
1010559,575721.1812516641
1011532,481819.8902811164
1003922,393320.97983448487
1010474,341627.48221417004
1013656,556867.9103700363
1015669,681021.0496845536
1003542,946575.4853509819
1011161,299998.96211035084
1002700,405649.9401460641
1002301,1091748.7441719603
1017446,394576.28440933005
1003244,274366.5755028081
1001670,533574.5223467447
1001822,283727.0296306278
1008789,383112.51443957794
1002771,557185.7599490114
1002744,562383.0524926415
1011238,693036.264723358
1007219,373490.43084726966
1000168,466291.14158924075
1014944,371396.79433974915
1011628,861381.676826409
1009024,441993.5862352027
1013487,1077659.4044425522
1004335,296937.9795271658
1016114,622916.3903995604
1002207,516697.14338818117
1015090,851361.2510604594
1010460,592994.2174380184
1014307,274636.2073009724
1002377,382826.88342488994
1015425,381061.91544881725
1000613,451862.18602808024
1016550,473088.73015187983
1014145,413517.10387072474
1005342,637787.2858481444
1007328,384133.6916630509
1013835,560813.6649283671
1005088,926716.002186716
1007590,196282.78976098265
1001603,448750.00321414915
1010831,779713.9352734636
1000554,580012.9784461242
1016352,385058.0997755716
1004695,438232.2334047942
1003564,268612.1933243818
1005019,1021083.8271832003
1009464,530359.2919874978
1017332,578581.1201954667
1013347,310245.5105182055
1000107,502165.5189143798
1002280,398032.1126670487
1005297,675803.1450123942
1015709,1137005.847693524
1010359,323420.50399669446
1015238,372338.55245323735
1006516,405649.9401460641
1001466,375149.43366849795
1010230,470572.44142136286
1005561,516469.0032331565
1004341,859643.6525934951
1006326,263212.3996207632
1011695,390969.1195710889
1011990,769024.6624581672
1005410,627704.5887940427
1007035,333688.20300524205
1014568,666062.7101020816
1013092,704692.7079277638
1011490,419958.62861631444
1007345,237379.41577426574
1007435,342477.91795505513
1013669,579276.9640142391
1009178,559375.9632895286
1015927,631252.3214251864
1001898,485494.1173191583
1015741,578581.1201954667
1002330,426584.44319633505
1011896,928192.1745733533
1001508,207647.55047874732
1013664,265551.5748982262
1013445,560020.0989845337
1006820,1002084.4423015356
1008735,630178.2277307248
1014981,385058.0997755716
1010257,416713.9112091525
1017600,693833.5302215503
1001096,380928.37531458784
1016479,448334.6572268653
1008970,735887.6370202273
1012733,592388.6870626762
1013484,407677.0499224778
1000916,707071.6363420605
1008771,592388.6870626762
1008226,450460.2198715695
1010555,583549.67380946
1014117,376197.84464376344
1017284,802145.4019416177
1005176,228255.79655029316
1013523,684041.1826414192
1003648,606195.3522271281
1015846,534654.8265502241
1003047,737049.8279885288
1013254,595336.5601432289
1008847,469016.1668267166
1001914,811759.7650409725
1001856,484837.25106832955
1000736,706721.9203278549
1011502,823534.5774203899
1000443,351985.8105901997
1013623,928718.2489658304
1003449,516697.14338818117
1010338,163215.01224624002
1010251,360046.0845977038
1003312,564473.7147144069
1000729,944294.80442794
1010266,349607.7068948915
1011309,961621.0919257742
1010305,726630.5464765107
1017331,402920.7332510517
1017507,809611.8643378556
1017521,835445.6139976335
1004542,484837.25106832955
1008406,374329.49276831624
1000355,495286.62566871924
1007175,407306.0171995793
1005712,368510.62521387864
1007842,560953.1625510777
1004649,426895.61820665677
1011499,486974.50482389267
1013205,761919.151949729
1006825,236116.0863344495
1001915,928718.2489658304
1009753,464028.67716590245
1015173,591048.883635532
1010402,273714.8194928093
1016728,728895.0420802428
1007703,745194.786858197
1008857,343313.77163561236
1015913,182863.99827579904
1016166,635465.724191612
1016834,572070.7585827025
1005388,379917.79265786253
1012209,433186.8385496371
1012685,532180.7358709582
1001416,507040.43258636864
1001276,855581.0022460311
1007382,524732.6651822809
1014732,625604.9168415918
1014164,1175825.2679543532
1001658,604864.1557440837
1011670,466291.14158924075
1010092,1000019.6740568649
1002893,647402.8783973465
1012298,812246.8890166756
1008139,264871.15466972743
1006306,779672.903569771
1001225,946575.4853509819
1007211,260939.32664297006
1013332,389361.74618272466
1016187,302362.13079475594
1007873,709773.2579516314
1002607,190678.3590147159
1005543,417418.1060514807
1011125,483991.4010175327
1012019,558995.6118011326
1013265,398032.1126670487
1006594,224088.81062665087
1006398,520254.88783551165
1003744,509849.396206748
1000441,956067.0171596481
1009788,263180.69963379524
1002574,1312207.583486835
1007056,180279.43699950466
1015162,475504.1658036341
1011209,669805.6733733953
1006446,728895.0420802428
1008784,421954.8504967932
1008884,606195.3522271281
1009182,694868.4907697049
1005644,530655.9938841696
1003738,326001.4673246631
1010668,487415.18236429803
1006054,575246.1985219563
1006032,249927.43070377005
1002663,643521.594086507
1000440,560020.0989845337
1006432,276334.40418342996
1016321,484834.89808953815
1011064,569199.2455352992
1011024,538907.7059677475
1001083,554887.6913515211
1017199,760161.4692979847
1012418,530655.9938841696
1006624,537243.0909531338
1010336,807480.0581858085
1010657,583525.4355636225
1015626,292031.41735999053
1001012,696810.1694930757
1006219,535227.2387883427
1011977,1079781.6210185373
1009022,366240.78561734635
1012004,207647.55047874732
1016501,469016.1668267166
1006085,455070.3131479057
1005111,365392.1240020607
1005419,483590.3137503482
1015888,518012.1485774126
1010705,745502.2693399377
1016119,696240.6420538151
1008733,524265.10935845744
1008094,201074.79880920684
1001481,343155.35354517115
1010795,493151.5585640325
1012911,405823.0620383306
1010344,267261.7343724587
1009393,360417.3822110599
1002479,488937.3041715595
1009508,634017.499656021
1010250,1004905.9081259873
1000787,740897.6215367727
1002446,497911.60375827184
1003203,398032.1126670487
1017202,432773.85695096
1012898,511216.8677643369
1012545,371299.29380744306
1007365,414140.9928557821
1008517,338845.89232651255
1004188,465749.95754934166
1011462,711489.1175900564
1014331,628432.8177246762
1011657,625794.5122578418
1005377,349607.7068948915
