zpid,predicted_price
1009018,502877.2287498792
1001436,654902.6914847776
1010988,478361.5038760587
1002184,265910.3251664094
1015717,323538.45243190514
1001346,617909.776515997
1006728,120039.1417591152
1002644,292252.71323150257
1009198,753816.1221020943
1008339,523958.37588784494
1017567,533443.3749459345
1014281,660100.1168775546
1016770,929335.3502759694
1007599,407430.38013129536
1015766,170702.1104346914
1011268,533059.6858960907
1015728,217855.29883736986
1005910,545950.8615130599
1012305,149276.4950870314
1000209,340539.49284330296
1011855,972724.8114698359
1012252,769937.24547989
1010211,187049.6079476731
1006401,529269.437570882
1009723,612115.3584368782
1013941,868059.9508556057
1016219,546023.7158663826
1009350,890688.594040821
1005071,900326.2429304317
1010399,442692.93037906545
1013189,213446.8617239245
1003138,1054197.993908547
1015723,283498.96153040894
1006247,402733.18027668464
1007478,1051433.168608918
1003685,1067351.0945013142
1004764,208795.10524366194
1009233,393593.3733690694
1010893,438598.26646555087
1012091,1351954.452023734
1017092,1235892.8153998244
1003069,150659.5948060407
1012178,147111.54137077334
1006136,209043.37522545716
1003701,253913.06257327495
1002491,133985.22099646233
1012167,178556.1723459529
1001683,1150872.6151702355
1006785,304814.9150250475
1014002,138920.2914649325
1004666,460118.0331732276
1016954,634346.2200830941
1012772,487944.76827817556
1010688,562721.1740715588
1012968,421577.92768546374
1001415,965299.6799655461
1011748,575840.1134908707
1007073,458677.2789145925
1004221,109117.48115826472
1010651,1110165.636199031
1005362,321493.3342238951
1012256,350062.07100461825
1000135,959499.0996162244
1010219,441985.7545799254
1000261,836572.3527167734
1003779,514200.8810564215
1007814,655472.3508363459
1017541,274912.33968186704
1008693,219904.7540585945
1006051,507154.1685983632
1012475,355747.9582418762
1010967,671468.507049079
1010153,304688.74969205115
1007854,1060470.1240757683
1001543,150253.99531166806
1012709,333844.4322252297
1011522,444272.03268105775
1010467,433952.2668854743
1016019,533143.292069588
1011087,567600.741369939
1011360,177012.51464641714
1011923,484145.5551039939
1013380,713645.3664817952
1010592,620809.1683893753
1011882,253300.9588259594
1012814,295274.9087130571
1017039,627881.9384370897
1014089,482214.7850188653
1004163,606363.2691325212
1008400,323587.4913285306
1015904,600781.2983464545
1006975,616004.4274256282
1001501,427965.0770964256
1010533,320037.19986225665
1007574,1337933.6994210042
1006887,368609.72274498746
1007117,810585.5804603794
1015872,1112916.6044451962
1000949,477407.4401357418
1016984,207400.350686715
1008493,1026528.2246357156
1001066,792256.9255511857
1014890,451920.8808893418
1009150,365326.29354097066
1015445,504949.2565978921
1003773,477952.05811635085
1000521,726748.7884126945
1009827,334964.5211456076
1007448,596139.8300487164
1004064,845235.9287806753
1013351,272466.2348455447
1007934,1007144.4953969192
1005772,813425.7101688148
1012467,721389.6738445481
1009678,738684.1347988893
1003903,584379.9752014421
1007368,649063.1438421498
1001019,492837.67678169085
1015956,1108928.0413400924
1007676,615127.4698703147
1003862,402863.1851373951
1009421,483817.82987272396
1008790,243061.3266326482
1016222,164018.96465244915
1011510,510791.8023203963
1003760,164580.59247401782
1010095,693119.4863041847
1016848,557668.9846168689
1007981,722836.1627255802
1001863,475647.1690369538
1017279,723574.4780713066
1000210,708577.1625974525
1009220,378719.2054953859
1000670,1071516.6297405409
1011975,450063.0121515291
1009650,256455.91747949022
1012244,489753.0260637025
1004490,845779.6559899951
1008783,553347.3532091029
1013050,202133.58163054223
1014078,598955.6028844449
1014560,469048.90752708586
1011972,910497.3301266701
1013813,108804.9619485081
1016790,458573.9732053156
1005284,190007.87682891844
1013954,275168.18131188577
1008243,548160.3265289507
1005551,545711.9431048738
1013022,253143.2163732046
1009326,373007.07492508576
1012559,307534.891922576
1016326,620310.702317017
1001392,375051.0439716889
1008539,139718.99358055455
1007707,442313.1009842394
1011195,197264.62291270768
1006858,112636.1890259116
1012325,706864.0036323208
1014033,530322.3986018864
1002285,683186.5478082023
1008722,805025.5330596672
1005675,271318.0324113348
1000444,288292.2072872564
1007793,385693.07452951313
1013869,334901.6875604943
1002067,744477.1989965028
1000680,431465.061615095
1014261,144316.77129507402
1002004,193525.32359471486
1014357,315039.424405268
1006564,326487.54966255586
1012486,484073.21853168134
1008327,296275.9461111058
1014927,502799.9504735021
1016358,494414.8665221687
1004321,654542.7617892777
1009489,564075.94435836
1012778,511148.0695470277
1007474,1215415.6955921554
1013121,397860.9198393276
1016128,206879.63249803128
1009970,438509.81083674124
1012507,376310.6874755071
1003514,565593.5983217326
1008680,415616.7968765367
1001048,742915.219273424
1009306,980672.5720766754
1002808,290076.2672615163
1013767,656108.54486251
1003098,746637.8758901991
1015467,1044751.9741503185
1000732,558392.0640609174
1012332,508018.70974426233
1016463,194263.18615045495
1008306,508395.9857670202
1000082,225741.76459753193
1016942,332401.0144766907
1005131,236733.87245676102
1012116,331046.77372803335
1001352,375493.55650616257
1010888,932899.5859672747
1016602,457557.2444739559
1004492,247392.02386028843
1005418,677892.5222677555
1013371,171854.4402769924
1015183,430254.3459737491
1005090,289649.9478217829
1016445,574773.8788796348
1011665,1167392.340119357
1008838,483841.01939800306
1008874,865667.8480378864
1012856,533795.7746793306
1001188,537868.1650647146
1001187,467775.36837581143
1008604,201025.60894216603
1014429,461691.11703067366
1002847,468223.06872383895
1001025,520794.90521883307
1015817,1035637.2387688983
1005642,487557.833169402
1006378,1264032.9882164397
1001069,776435.1828559014
1014222,400204.2648802761
1016125,694436.7181887107
1002759,251623.19353466085
1011156,612459.176564193
1011969,373075.99832144356
1001545,449701.5078285272
1017127,361404.8631873495
1002355,229904.23302846556
1014169,482179.8171429457
1008570,582701.376641787
1004005,1099319.35516431
1004894,567111.1451344143
1012897,531347.9998019147
1003477,366618.15754315373
1016230,691236.6457898387
1002997,239652.80985444848
1009934,304813.4633984913
1009074,683061.159764415
1017484,973943.5753490845
1008101,598499.8832126778
1002220,675471.1683155127
1015864,651693.7824676092
1014237,924143.1570280923
1002982,639001.9328246372
1009718,1254922.3115106425
1009757,478838.7923343117
1006687,1016826.6836389324
1014726,209623.66833501548
1002009,216096.5088008527
1013798,381225.390430702
1017131,563665.7096665225
1007602,402425.62071897986
1016980,1058485.3058702408
1005173,112832.30940009725
1016941,336840.82713311084
1002924,626602.3593005751
1009576,186766.42194885717
1002851,455533.63193339034
1008706,445510.2741884523
1017475,1125972.3806246552
1004393,119787.95372864719
1009382,988812.0121560831
1003761,344239.07159837906
1010699,478889.56940360606
1013530,442970.8024108359
1002399,486739.51955454913
1015545,406205.8475847784
1008940,683788.6398829991
1002871,165284.68338412192
1006334,121082.0982805315
1010723,396005.9381026157
1014722,239807.83463771406
1004260,926531.2831423518
1009453,651609.038290302
1002785,381344.3661678512
1010931,404115.4452426728
1002958,533561.4255030806
1017144,490877.484660938
1006265,384936.4218651241
1008271,758438.3619448014
1006945,467575.9801137233
1008172,438410.1873074425
1008449,693366.7135001497
1014495,482604.5226190064
1011614,923755.2866864899
1009895,505711.89780615957
1010979,684029.9840492273
1008507,417086.0485660541
1015957,449816.8086436932
1001535,300615.57897721877
1003583,676651.7461865076
1002687,793663.2091074359
1010112,433838.8934725206
1015560,562843.1011076642
1014494,423269.412300481
1011340,672562.5986766797
1000258,192988.33029961787
1003971,750361.7085751069
1001035,1242414.3535175547
1010408,417163.582738588
1010056,681619.1115969296
1009680,260123.89780700192
1014770,661750.6626817062
1015729,156033.827178437
1016113,390556.9505264176
1006018,152446.875638565
1000288,1034241.2596061651
1005715,192842.91405959532
1001051,705641.5638110439
1005120,1000123.1808716173
1016506,413182.75699598994
1015788,496264.85112334543
1012567,659427.6588379255
1005501,485425.9565361757
1015647,353545.70591288724
1006683,496771.09287082474
1010920,708116.8592431253
1008340,490851.69757353363
1006967,548192.3037543003
1014171,454762.3729630316
1012701,605024.5677554283
1000794,140814.39233199984
1011295,493048.8308063376
1006299,222014.32989138583
1008185,978760.4889643908
1014147,720696.6103301169
1005204,247861.32038529855
1016261,366323.3095320405
1006263,536803.0860693011
1015917,161342.714123744
1004785,1052388.4718662044
1006505,100544.61275521194
1011258,295351.50000097574
1000552,373824.19289892865
1014923,118300.81761586296
1007880,894380.8468580545
1015400,315690.3940508215
1009180,457490.6583628082
1013396,532232.6190618761
1001661,406359.52701722394
1016813,480626.60011938884
1012556,185123.38095609526
1015223,269258.8158953562
1005332,520209.82308615145
1004594,861376.5746626133
1007812,466062.7736540214
1011192,1364028.6675488006
1001841,399495.69564876263
1008180,577844.7552679946
1013870,493478.16378076887
1013079,563332.708613829
1014975,491086.4492309738
1004098,273498.3821067297
1008774,1294627.283950113
1003191,516765.2082416575
1009068,1053834.5239701685
1005009,797785.0036086328
1014303,804058.6816111915
1012081,950119.7880558143
1012925,211698.39740295496
1013875,545623.1165587013
1014159,196931.41293072057
1008231,436069.9553212624
1000863,170400.21624401573
1004737,775000.0911649348
1000902,702495.1076167707
1013830,288276.8733770655
1004371,557219.4982159287
1017294,804016.4146993076
1006380,505238.74807514995
1008036,507004.8431990851
1004739,375370.01064990315
1000942,315213.58873117535
1002715,412472.939335208
1011741,493917.16583525605
1011496,897368.3131762658
1004442,327935.6323936979
1007132,527553.3102103643
1004358,421185.54111464147
1002891,530519.6949147433
1013353,573608.2476949338
1016443,510882.37813562603
1003231,563725.9650572389
1004702,479833.18095274596
1004229,158360.21511822322
1004015,313464.99372999056
1010572,311468.46147565666
1001996,654871.2098135218
1009722,329445.3737334268
1006989,890030.5678360021
1005792,316202.84630802064
1002780,468523.9905292183
1005719,281671.58617936814
1004866,510753.0224797814
1002711,370584.56759400154
1016401,920899.8147457667
1006179,794980.1039322247
1008557,236865.44992782912
1008723,474373.58966981666
1006642,546399.2369231719
1014450,1025016.2511105615
1008241,1161436.3129064844
1006578,739849.1829130154
1007052,885664.7198117235
1010958,357681.60631459637
1017573,240337.01899437836
1009439,605075.1932343409
1016274,536566.3094662125
1001137,402115.77309203014
1000215,434426.99063737557
1012285,697005.7681918362
1014276,765991.941837005
1013694,902688.2496667075
1009251,868468.558630985
1009481,444831.5428996303
1007043,469913.0877748228
1012141,378895.05688230065
1009059,347055.49333601416
1010871,273395.39613337145
1010325,204404.40112426569
1001892,343973.45971677103
1008412,1287834.4118304064
1008786,291910.08820223773
1008526,959761.186114573
1016026,264296.5202579353
1002297,223462.52553068558
1004564,209772.9157719936
1014921,143850.40263222274
1009380,536940.6446476417
1004882,225376.13533852308
1012888,379423.6580995241
1000091,557292.615629136
1001235,1025777.3308533315
1010006,114492.83682836349
1015990,337106.777729974
1006666,698794.0471604505
1008012,763919.0959685933
1008022,358650.2978819812
1004670,612224.3023530373
1015794,1201232.3683670436
1007937,471961.7631056484
1010420,326520.92079380614
1003255,633919.7205869295
1005572,257121.1579867381
1006587,230074.29487744166
1004933,752839.3826249089
1015849,421875.315018901
1004704,116962.68479924188
1001633,480241.6259204172
1005861,679975.06265029
1013674,175103.20016704805
1005528,689121.4094563415
1004555,931527.5471377292
1004559,545685.7806028676
1001159,241239.42643141845
1000193,397728.18842624483
1009611,460247.27947300737
1016068,800573.1062487216
1014111,624670.2710434551
1014140,1011941.3349494094
1003803,568013.4721703145
1000474,529118.6194326571
1007635,450662.51516579324
1000666,736075.0585107988
1016664,494717.58949460957
1008787,332611.22233577963
1017418,299678.32775380334
1007575,313862.48665149265
1004543,596528.9014241922
1014053,1064221.5530917286
1007087,857003.082851391
1014764,405918.25608647557
1009695,451987.3238035598
1011012,172089.0257892029
1003139,717950.765540912
1013646,333538.91243775416
1002770,312521.53818345995
1009494,343369.43247516104
1005359,179878.87537468324
1006824,463437.5820528145
1002202,467108.64045993076
1001433,426981.5979307202
1005438,1151701.4400003967
1016060,245185.18516651462
1014376,997224.8441208646
1016690,556086.7937688961
1002392,913463.8512636154
1010672,270085.2344627227
1015019,443551.270060159
1000460,585523.2844917217
1000792,291963.86457259645
1000266,206616.10468294134
1006859,514439.9558549399
1000477,349549.53411237686
1005860,395284.60639244656
1012946,571176.5014273224
1011005,116502.98333926185
1002483,513649.8568494246
1005505,1158088.9398815196
1012215,690184.1384804775
1008248,293036.01771624334
1011694,1130398.008706952
1001453,288393.8405734377
1015557,474739.524707495
1009299,469726.77476540173
1007012,754050.4243109142
1016587,909131.7503093884
1011931,901155.2894770227
1013903,298567.0872916904
1009087,176830.34604381616
1002034,520792.1593374672
1007116,558342.3074559898
1016130,1352828.3453456373
1009212,436779.2990932337
1006644,1156741.6997179536
1011738,867172.0388021086
1004363,383221.9100243503
1002428,467728.9346018595
1001088,803350.9420611871
1003238,328503.741622186
1006042,377622.6906182233
1003625,1393263.7566391656
1013363,572786.1188315874
1002015,1208557.3751176088
1006408,280202.2403753749
1001411,444245.7379069778
1002762,161293.17372103332
1003285,607154.899830006
1016938,585992.3931872066
1006078,401811.43148026813
1016115,305418.68277403724
1000882,398218.53701911244
1000929,777173.2629773254
1002799,523292.4881926922
1002815,396119.9073348305
1011371,1040092.4914627903
1016625,819491.211449456
1011574,166148.13045713195
1011936,325659.26406388025
1013730,308032.247169059
1002143,811938.4821755909
1011452,752463.3858884198
1009384,684106.0187168336
1011071,359048.5172225135
1013508,815205.1469380871
1003833,455335.0898909485
1014611,517609.7846806393
1002336,1068915.5711599505
1000631,756912.3252365921
1001374,971155.7081065649
1012570,443353.54218013305
1003032,393370.06101486605
1014027,119620.22476689109
1015121,410158.695841741
1010746,306841.9112267844
1004907,514144.2461040229
1012477,822073.5038100912
1009751,158905.2485353742
1005212,1261786.2170889196
1004911,674431.6083397393
1001059,271237.3445038825
1004650,664793.7397611887
1012287,635165.6274705345
1003965,302765.69914585043
1009684,494010.52656422387
1006603,493969.23908712313
1003574,646899.9706413777
1012086,984946.35716844
1009892,371378.0019980447
1001697,1085093.5768418836
1012929,579996.6199108344
1006823,251963.6575084749
1002419,340204.3939630346
1009266,510866.1562879993
1003575,714879.0111544555
1013746,346655.93192124565
1015919,771385.7398319661
1011481,507055.0169905041
1006726,286881.4595735404
1010531,615673.5183238868
1000604,1006392.3494101799
1000601,656450.7449245227
1017020,181513.7758051688
1003117,463702.18993827864
1010985,858748.1341521728
1013934,439015.3785304768
1000140,312927.4411052356
1010207,296234.56963799655
1013666,472607.689904113
1013972,808574.0858421056
1004121,146707.28038170433
1002456,341733.5107569706
1003292,212707.496231755
1004387,997209.6740501821
1008853,499578.74606164655
1004437,281513.92071869987
1002272,829492.0339255708
1016387,667752.0798516041
1000596,230169.5039942394
1010329,176399.2915260606
1010762,659093.991234009
1003762,382093.6503055922
1011825,603370.8017377475
1015429,494161.20656009583
1005408,454419.5889937677
1014570,674907.2013512907
1005024,109812.15400853814
1006597,316487.2990491733
1017510,461804.7329917827
1015370,1044878.8544271315
1014556,625292.9922537641
1010108,456029.57654744084
1006184,395875.00931408297
1002171,155754.3179274759
1005064,266773.0281979722
1017434,1177838.736563284
1004351,441878.4343613821
1000510,1063278.182677226
1003834,334297.0305615005
1016859,1050747.9869357278
1012323,719560.4306891223
1003383,387341.1466515739
1012009,176614.75701798918
1000039,693488.3126127743
1009764,420639.79987801274
1006987,447957.49817685393
1009598,152501.86069708143
1017394,509498.3883559361
1009333,1221256.6045431613
1009865,551002.3831202331
1014258,784165.5386777071
1017356,431590.70558022097
1012182,530124.6850336922
1005691,187803.2849790397
1003976,1101738.2289398715
1006971,207511.0754911439
1001128,649991.5139424809
1012895,617796.1650201207
1007070,296621.46476608724
1016837,680883.7399176692
1010190,330446.57733166934
1004815,1305316.9721584695
1010916,1064753.4872621093
1011136,1086400.5559360813
1007306,957650.430300851
1009341,263313.9992189997
1004204,626450.8453942789
1006894,759308.06808773
1008985,1147964.6695554398
1013456,977890.5493910084
1002179,454782.0462447884
1012926,708954.4402817939
1001245,259402.0069229087
1012842,934134.5268906129
1006940,1271031.7428699634
1005827,171670.35304862986
1016849,1028124.1525403274
1003931,417821.96161027194
1002543,837020.0038824737
1016933,184640.49429964265
1012346,605526.2357536121
1001439,197868.71999853256
1008593,1057025.953224732
1010352,592042.1278267861
1009007,350828.89110346604
1010663,337137.2636893136
1014236,436685.1761244932
1012447,358150.7165532496
1002393,313052.68622017145
1013817,678035.1363897163
1012169,419366.1254496446
1013462,238895.08819263917
1000318,128403.88703381112
1008603,191873.55420657925
1016279,344815.27448618785
1000496,882057.1131704155
1001421,126022.80914727329
1008833,564965.276371848
1013397,524206.239138068
1008069,514855.78639005736
1013274,415780.3293942343
1012371,502519.8808309489
1014573,595967.3778588369
1006458,643496.382827649
1004065,569606.1562461383
1000392,459293.0717975284
1007965,356135.6332528733
1003649,760520.425775568
1001330,781026.8934717621
1013356,461553.84794618253
1017140,739617.4273295027
1008806,428272.73466647137
1009965,441347.3329836352
1012111,563188.8044498516
1000191,275683.39636987133
1017110,769123.9409029492
1002113,663098.6462064319
1000663,575464.4831914098
1006094,461179.9301786179
1013277,355536.5685332163
1012935,430373.0924042647
1006120,591913.2749647184
1016601,715785.6563207173
1008890,583832.8764881724
1005972,576143.1819732689
1008897,945182.1202699401
1015337,495285.758029806
1002408,469565.27206717705
1010815,177537.00312045196
1006969,329219.7268129388
1015480,406796.6110092089
1002966,224217.9230178231
1000451,438131.9017772042
1013268,282132.84002235177
1001214,327654.29531652963
1004267,474466.7317675627
1006851,438112.1811974447
1014190,564764.1770552561
1001390,947983.1591205026
1008384,215575.2058228726
1000633,645108.3924809123
1000058,1259989.4391797895
1015540,471492.36778421985
1001328,565247.8131902441
1010098,865054.6468801398
1013453,471396.91775091935
1014050,525928.1055170345
1004898,699654.4860107757
1009643,1018589.8499304986
1000408,300405.4788431879
1012606,269012.3949814717
1001322,1072147.0377128255
1011370,1106570.119054238
1014252,275853.3157661299
1003688,493672.7294674029
1002676,447696.87979632756
1010786,1433734.9751398969
1003204,1077729.4869600192
1012586,361826.51268706436
1016307,455004.32655650127
1001013,701476.069560421
1007174,455549.400486237
1013661,381357.5885630596
1009878,302124.76775086654
1001273,674976.5453139005
1000141,697645.8685443315
1002717,1053184.8777998476
1013588,411277.2025874481
1016843,445928.7394064986
1007911,265828.20847734454
1003453,143448.7852065645
1004400,457867.2295004014
1015056,491539.1161608005
1003245,949665.083036397
1012157,323045.7168722636
1015068,909108.7691792989
1000202,511907.6663902586
1013828,413547.82391948503
1005079,135108.5193020295
1005602,1009100.4478816834
1011057,335210.9534875738
1016785,349573.0905466499
1014405,898349.069906464
1003610,696257.0817248818
1001744,1092679.6604151987
1015441,230498.38386777425
1005750,365206.35390502005
1005579,323453.45965867065
1004075,397175.38031330006
1012705,656524.0403774809
1008980,169906.8774589213
1008628,320601.2860684731
1010183,657154.8313450511
1006947,249096.65775642922
1000475,368453.3141934804
1006019,364896.05382035614
1004355,210142.45764390513
1011207,1045306.3421945106
1006293,295473.02498109854
1000964,323351.87227068964
1009648,504224.46811104903
1005363,418055.01372376154
1010842,985677.6962932472
1016658,687035.3687158633
1008418,161636.6902026633
1003880,102079.50571325692
1016024,286771.82670561614
1011525,817518.98215524
1005833,723123.8036745747
1003391,187543.1833886556
1000815,451301.6907049665
1007898,267852.3946908876
1015070,335269.55026873876
1002654,909929.6960560319
1015925,746690.803690755
1006609,472625.02559192467
1011752,343983.73644015566
1015883,738799.939147663
1013113,674222.4051262863
1006382,451039.40814225376
1012811,1100452.7333252293
1006360,564039.8134039787
1005440,753740.0034735528
1005112,651315.9864488081
1008627,222780.70181687124
1009955,162667.48644093805
1000682,365624.2142584608
1008504,1108124.57991172
1005890,1084550.4287234105
1009781,834736.9106528687
1007261,320325.58153050445
1014321,1152013.883223598
1017245,357397.77123242914
1005357,280462.856960083
1016373,311834.4990617818
1008525,952350.9143443563
1016979,1174825.0097085426
1017102,892328.1344209706
1010922,381225.3993969654
1014904,227715.7902217052
1001274,537466.0958550757
1013738,214527.65814266153
1000038,591155.2203359697
1008641,337964.29040589056
1001133,278175.9146788444
1011205,1271265.187983259
1013969,392358.9292847566
1008818,369675.25562105956
1014654,235654.27513398937
1015153,955663.653136395
1008417,443408.97766226385
1006362,311326.5337015813
1014549,446562.3204312125
1017366,615377.2253709058
1000132,511212.3803800356
1006675,1320003.305431633
1009656,188732.88828500456
1002733,438965.9564038302
1003695,724614.4929774398
1002791,1122842.4483989552
1008900,481437.40755766566
1004201,195147.318402972
1003050,1160156.0262335797
1007896,329807.9776834148
1013900,427237.65396674135
1006447,461023.06259395764
1017063,319255.0556003805
1001222,384049.17015398893
1014305,286073.2406062221
1009329,542006.474460061
1008278,329241.6311151275
1011775,698665.9359599722
1003589,1226357.1719018025
1003818,512973.23030264734
1007458,833789.2078400456
1006670,1288099.7063492474
1007257,216664.65437532272
1007765,828708.422011215
1006289,331236.154960669
1011895,642936.1606282155
1012145,319849.1376950457
1012364,861586.337914374
1010114,424449.53725192463
1015374,266556.8660638754
1001102,415376.5880269781
1012481,496189.1487078496
1016017,1405798.7259628894
1008656,560066.0096927274
1002594,161289.97199182975
1007395,367946.63087477686
1008116,823443.9958809954
1013316,664202.8679210389
1005157,380644.9130813852
1005276,223537.10091767364
1017602,821576.9215267038
1013927,337360.4938561272
1002391,847892.4879987474
1016586,587158.1272863557
1014627,154991.6983749367
1013475,614305.8308985378
1008908,785558.5793172994
1013153,428359.75716170284
1012485,263426.36654892133
1011808,356652.77574608364
1006617,469270.50385971856
1001742,548988.0577693623
1004209,536509.3134666266
1002453,1184359.7208941379
1014157,785131.2907980983
1001793,375371.1208412004
1013238,181583.99310195248
1010326,782278.6851268747
1016597,509378.757623506
1009287,364370.3785632569
1006390,1008438.7756459261
1002072,811984.2452253373
1001524,390609.0162027989
1000233,364536.1916514568
1010899,532707.9582727316
1013066,230696.25656556583
1013684,218900.1969383593
1017103,494275.8889587249
1013993,906609.0882200571
1017192,356026.9495916653
1002813,134977.43980370884
1000445,742028.4061001362
1015764,520719.1482912668
1007031,301605.9128434576
1004101,487762.711566903
1015724,604567.8303079054
1014745,691504.5297370121
1012666,415242.84980125155
1011529,607422.972543294
1015943,178846.66991032552
1006729,301953.1964283902
1007472,501397.2412474248
1005062,202152.65470193443
1005683,593740.9347752953
1005013,1357011.963555806
1001138,517685.18251359166
1014851,465707.526148877
1014629,370773.8982949967
1017221,641110.2672223976
1006855,572287.0434474398
1003676,900689.3979806075
1006141,515327.72656237974
1015954,493934.3244517017
1012502,349782.8493605025
1000249,233135.09717751338
1011524,342917.19665984897
1012574,431529.7351856649
1014057,665771.2311520382
1008023,450253.9848189454
1002096,362585.9029336611
1005002,382489.2901517894
1014938,590534.2901177644
1012130,395631.42341979267
1010665,427674.0421529593
1007405,150075.89821711808
1000561,515913.3326272815
1013783,142209.78127370274
1009383,275188.53445800993
1010164,456156.6720507525
1014893,207535.55134939018
1016133,458688.9101262687
1007166,1022795.7782677383
1001884,197588.6529215719
1015959,1229265.7169451506
1009375,315929.42485319905
1002832,510516.59035117226
1014833,296472.5484450464
1008111,636167.7194086566
1009888,183213.6338111217
1002534,120467.67894681243
1014799,558339.0195982415
1006333,614166.5828487775
1005392,389280.2499052173
1009293,957287.2077929578
1011335,492394.456941105
1009448,436393.3278993691
1013329,491005.7346634652
1014242,503121.51975344395
1015288,363035.2643516583
1016688,314119.1010931363
1015159,273903.4833611464
1002063,1097761.064768133
1005978,380073.4752811583
1002578,234017.47419248012
1013144,383127.4418330269
1006632,549062.6012220088
1015589,975083.386419449
1003547,859831.8308997797
1008052,562542.552583538
1007858,733018.9884937819
1001972,270727.0045202591
1005317,522004.3062390985
1008346,365961.864898945
1005732,240511.14292056605
1003302,1005982.1322446303
1015436,992353.069557553
1008986,355092.0494847717
1009941,1024421.8311465384
1006798,735401.9714681507
1011257,164375.9525758248
1006160,179550.55710234705
1013514,778457.5703090965
1015096,326972.6075203093
1003344,380258.0906009127
1016309,225688.38212422398
1014439,462900.45265509904
1003968,102144.35066843443
1016392,696266.6455505303
1010554,894914.5170560005
1000985,397422.1174493635
1016657,707093.0733301805
1008075,446035.34550888935
1007342,1016732.7901061256
1012919,973365.7284847543
1002311,472258.63071054156
1007839,1330375.9339227634
1004339,525569.183400539
1008712,1091972.6554168498
1016881,685566.9666531732
1010848,789145.4632213787
1012731,348237.03418606264
1006191,334009.75121961074
1001565,498021.42557310924
1005800,267651.71176365984
1010969,364890.1160421773
1002471,757492.8762118715
1005087,710055.7329112481
1001611,404752.080085594
1010585,331555.76819182286
1000903,305649.9946884838
1016871,381075.64023925975
1009103,699405.5459955032
1001014,530137.5073040107
1009599,484486.4818497851
1001327,1091936.4985472532
1013470,366977.63959866355
1007518,865206.7691942378
1000625,441113.7743924745
1011169,728543.114307889
1006831,262119.12066788418
1004131,301753.8163700455
1005544,224005.30781044814
1011843,268302.3594916372
1010897,941517.2395843307
1005329,735049.2011127281
1012273,879832.7293256681
1006251,265148.5615832661
1015575,95064.61792749052
1006640,416942.8170563928
1011988,741626.0177055616
1000506,382177.00517971505
1004462,325080.9678909945
1001109,296263.85232802934
1012843,368294.87374602316
1007894,236038.510898883
1012017,230991.24698443926
1008347,413352.5464554221
1016606,415275.18425587856
1009071,835388.8599721962
1004835,1384142.306468101
1012757,971424.3116692732
1007319,573554.3749893875
1012101,875352.022243252
1001488,1142018.8561295145
1008626,882192.6677071186
1000165,502597.4013178712
1009966,482521.0134794737
1003524,438740.5244038141
1001693,173909.1858852998
1016457,1157333.3866381487
1010347,140946.53727178462
1006260,296279.5808714718
1014907,199104.89322554134
1009392,1072765.1109085006
1006993,596220.1123606095
1010734,224530.94854663673
1008285,253098.0421735963
1005458,313457.14729044685
1001483,255642.6194095188
1011531,454275.02017870476
1016384,179600.35991350785
1004937,895883.9205843273
1005221,342549.3139561349
1006604,295912.6132942279
1000969,602400.0100527607
1012755,471875.5065488743
1013175,185339.07027168968
1003462,368960.1827360912
1003599,723253.0119230454
1015821,685726.6174178456
1016158,519975.8288558626
1002742,308335.63486679277
1016123,629016.1221057682
1004724,1242503.7750227333
1009519,786195.3519627294
1016499,622568.9900561529
1012231,363343.0103901188
1005785,263230.00754022953
1014845,171370.1089127358
1000077,371912.760957359
1013341,1063521.8289154381
1001003,481143.53073287726
1000810,472270.7579072332
1016566,152739.1448559595
1001695,673910.8111417496
1007508,440691.132620517
1005037,215956.8618435542
1006255,376867.10542258335
1003452,876023.3414389297
1012529,235252.3143981034
1015646,430343.4506451573
1011457,563768.1509658297
1008832,531371.2626583657
1003819,239015.71177032104
1001454,434856.9763373527
1009805,597924.6161976709
1010283,791307.3208499079
1007284,1109615.886974872
1005725,279941.0567350548
1002318,1014147.4156920788
1010991,884635.680726132
1008356,228667.98545743382
1002314,694932.4956531443
1002413,560208.8994911553
1017537,235437.2542796721
1015694,476079.4659667951
1013850,207363.38142134578
1003059,387285.75378580275
1010999,365602.81825954333
1004438,179082.04081806153
1009675,470057.6244838788
1012583,524410.6604439712
1010319,496961.0745379632
1017273,542660.5328621957
1008296,518798.51378922584
1008372,1175423.5713320973
1004830,1051153.5873853841
1012523,638537.8930110193
1005048,556645.9066957587
1007722,402172.32531898766
1016906,515169.48618610005
1013101,317597.2644455959
1008729,281497.9774143543
1013193,528316.7204552867
1013809,227259.8564294021
1001373,144301.39178970232
1006693,946362.6715773235
1012565,897812.639485694
1016145,689908.9655397832
1000146,668328.3693291618
1007982,301170.3522801977
1008738,429139.0076787557
1010574,500337.83428842475
1014143,1285170.694839749
1006555,492726.7714161525
1011725,667273.4801624825
1009406,315044.2590591796
1009367,406623.58836856246
1005459,930236.6222589923
1017288,414142.73444567056
1002873,1057635.8291061518
1005466,594241.5484801119
1006496,105192.75056057224
1015144,228654.61626512988
1008614,427296.8617364976
1010816,942326.7036548166
1003750,487633.85911936586
1006347,470826.4572256593
1004507,438041.58377227874
1011000,675373.2666396451
1009709,245843.13613581983
1014320,411285.4723137878
1005364,637566.6597891531
1012657,142344.6924804592
1011355,359126.922920249
1004961,349773.95332998584
1010771,210814.08323632157
1001778,265076.67134630703
1015295,867043.0182154143
1013304,310275.58994396875
1005413,239104.05894539464
1016679,112921.90693329387
1003551,567264.9558521169
1009482,791660.558595788
1000270,600877.4578932427
1008055,530116.3047580146
1009999,673246.3216841182
1010310,352239.1301686922
1014712,917233.718343922
1012782,359240.57846186566
1010054,370405.7809770343
1004089,215219.00632998743
1015940,375610.99280576594
1000021,151592.50761507207
1007978,973765.0490520597
1005961,170472.33738508183
1008804,728014.351695495
1014909,533759.2626096219
1008195,580719.6461585524
1013614,424965.11493485374
1007917,398676.87835146644
1012881,565031.8434384279
1010269,643956.6591014307
1016241,171914.92837758875
1011400,253512.19530596022
1014322,360130.1066313726
1001178,526848.6125872144
1010775,163839.6128543204
1006475,250120.09967769447
1006314,710811.8202452705
1012904,339498.1437169645
1017252,169391.4092791344
1012603,518550.1967717775
1005944,858352.5555026756
1013073,523832.5017404627
1015898,391309.3566810281
1012250,337136.8784461989
1015338,386696.84453916084
1003510,219692.05205742008
1008355,593939.6873267636
1012032,356664.32959412824
1014456,418546.1703148082
1003572,250935.35335106554
1008202,238516.69427038805
1000373,410996.7120907106
1016408,274245.47953628714
1011267,1384902.6635816004
1014225,786189.6505103664
1007155,518532.1742126712
1001556,505071.02238739264
1005036,254018.5511475806
1008038,239297.87613430765
1010346,766058.2789156756
1004722,240314.18747207403
1006386,1081377.9533622926
1008010,345008.5062566119
1015844,272682.7208238348
1007702,746214.7667457232
1017396,277357.0008332084
1016910,790555.6926898786
1013885,468469.0200254467
1016266,539413.9275273997
1004518,258422.73503900832
1011491,531652.250770022
1003944,606463.5875671481
1013017,395211.3666664241
1001857,968463.1886315945
1016892,131746.55112786428
1003070,354761.01084430114
1001520,457299.74723952543
1001321,1312858.6438437197
1007072,385828.7036055287
1000264,360544.9437321158
1015671,574201.4045672066
1015770,389617.7156805496
1014139,574354.2145677371
1001306,168681.6917871995
1010685,545077.9316972832
1008861,1181403.3500350653
1003850,592431.0609703233
1009824,1215203.8872018633
1007688,982825.275707908
1015863,883887.3365854697
1006770,927514.7377795144
1013352,554994.4682681537
1000618,456899.4494315284
1014959,896704.0322070913
1002535,744100.4152806309
1012948,109732.34850576952
1000124,683033.8618282606
1005693,586337.5426047407
1008966,287307.634970173
1008037,351190.3084257223
1001732,965557.785906542
1011459,446937.5152759596
1015624,183521.78239490383
1013219,234737.77891459595
1008408,428551.2772742041
1015114,396501.9987575594
1004211,231576.6873260412
1006441,286654.7902330329
1004700,399464.3172369642
1016526,268465.05954254896
1010935,236107.8850853223
1006523,100815.95489855153
1008822,349847.63087577367
1003349,384990.82004860474
1012952,443550.331043064
1016237,1102483.1129411685
1013447,563840.9289901645
1013289,434406.5010121369
1013496,254095.46132846532
1011985,166316.89526010264
1008805,314491.7940871868
1014673,516891.6427094401
1010563,509598.4406294897
1013282,625258.5748741082
1004928,659958.1171105201
1015524,719186.6742379313
1012569,241566.08136852883
1017454,463795.80267127743
1007017,444051.4673997183
1010028,370092.01770144596
1000690,532957.5833077336
1015489,970147.4265282624
1006409,525426.6166960641
1001360,652930.9744640425
1013874,231952.60796617868
1008106,445359.0576776105
1016867,392214.74088576547
1016461,220405.16106656502
1011605,554407.1931118877
1009226,315476.88818530715
1005815,262182.7463884758
1013119,755710.5830819823
1011492,604869.67791865
1010252,885544.7448212369
1000400,780532.3344829823
1012451,521732.8603372396
1014324,730497.2951538392
1007369,432256.73210606055
1001848,392794.3667403836
1003587,917875.2817839535
1016876,274050.27390938194
1010353,233520.59277678764
1012097,492434.7247020299
1012208,328811.34850818466
1011135,258144.98298585913
1002327,956011.1147641515
1016280,302991.65042920545
1007298,396903.17131026764
1015546,945906.1221196695
1009219,505200.4905851547
1005954,825207.0446028081
1000419,588598.0498161616
1010432,745860.4641267466
1017133,412287.6440617118
1012299,433915.3555226329
1000567,302575.6749357163
1003955,368234.0942305
1004426,1113116.0128781227
1015612,771422.0750262054
1017114,208634.80419650587
1005761,288774.87875477725
1013760,879358.4358556297
1010720,797670.4588500004
1016208,902240.2945390977
1001710,1132198.815634969
1005126,331848.9413775302
1002619,444400.8053207511
1000779,247457.75360150952
1015564,258614.8618507514
1002613,113330.35132188031
1013563,554528.6865698862
1010286,447162.2280288149
1010180,936230.8325449846
1006992,558633.591188827
1013564,827531.6585281868
1014228,320155.3141943617
1014219,876642.2835604823
1006585,1266019.675571094
1014492,728647.16662694
1008522,234676.3922333111
1008752,155942.0965665979
1005916,325462.70553118037
1006629,865479.1549281981
1015685,379660.40679380385
1003206,108040.78840367349
1013597,1030827.418086339
1001992,676919.0444654182
1010043,592755.8443042291
1013343,344151.6586310067
1000087,633019.0941565374
1008358,528457.5008260759
1012383,121113.14868757241
1000533,398264.96240291337
1001546,432470.6752112618
1006462,433800.23730715096
1016132,428985.5334447133
1004850,1030311.7383475918
1007598,446217.64966765104
1016593,425927.8463092248
1009271,698486.54035845
1006913,363719.9091082562
1017369,175777.12373739659
1000695,295390.87578451954
1010383,303788.96382934274
1013337,844423.1730311626
1009671,716744.84436288
1004415,106555.11139259028
1005278,179181.0306039136
1010695,423724.51463991427
1000017,499113.8874664919
1003664,705070.840703256
1009571,545385.2353784408
1005581,895451.0192731366
1001009,708041.4063052301
1016708,888255.1444390967
1013833,625575.2417858933
1017502,191969.3176843405
1001479,377612.8305008667
1000712,568487.0393839943
1015143,506492.54222300043
1004372,493124.3568171593
1006958,1035970.8784910219
1001536,408010.19980979804
1015842,391007.9270190392
1002805,171433.86376344145
1017449,351541.88513165136
1005530,335611.28939802
1006880,958893.831457905
1005039,602216.0481377231
1004074,97301.90692687687
1003956,773347.6486010074
1011707,347967.48470632726
1011593,843813.0326479307
1011601,492535.78863613954
1005632,442729.02246066084
1003199,719285.1333009381
1005305,378422.75835222745
1012698,219918.23604830407
1005808,325090.2109080013
1011771,540945.2920099442
1005407,1035873.7570520368
1004738,236507.2513135237
1004826,998687.2402945354
1002186,397251.70544179576
1005365,478059.82278810267
1000951,336728.22111879155
1009700,410575.112651328
1004776,471729.0669971666
1013844,356160.91477414005
1000588,351719.6562722795
1000819,496178.94231211656
1002590,541926.4464793312
1003918,140845.3769135571
1011060,268466.3995995711
1015226,290854.8218366397
1000151,374182.0747429183
1008982,183432.31228677096
1012015,677873.4823942406
1010837,813017.6992386861
1017422,412080.9673716328
1004878,153042.8346919729
1001722,1460898.3554119782
1003536,482037.35795155127
1005681,369657.07611475553
1015082,398015.3427541341
1009149,943182.4031527807
1015582,948386.3147626382
1003116,884820.0313985003
1016438,278584.13331655087
1000746,362655.35922176123
1005923,383698.65803570853
1002979,650103.5192149604
1006174,376039.94445146876
1014454,340015.4234100876
1011089,205227.638700889
1013400,355968.893096667
1014115,290544.473368651
1014052,409023.4469514907
1007041,338776.0693669066
1016039,235205.4168385488
1007099,168286.98770948418
1002221,300872.8821358814
1000836,383053.957097734
1017005,208372.71286719356
1015594,324157.76972717035
1004171,479053.58710983326
1015319,537491.0471752749
1007617,1043372.4172782344
1017106,532999.3431745443
1004498,377906.38724302984
1011307,930184.3992833396
1016944,1164016.0852071268
1011739,363397.88344713114
1002093,453602.9284911053
1000546,501018.6859263307
1012936,591476.3746847932
1008709,584923.9098399866
1011595,561186.872485781
1010567,639797.8914744551
1006841,349739.0144375325
1002781,445212.5673175286
1008204,472745.06223584997
1014087,557302.960248392
1007971,263678.059313986
1007556,522631.4848284837
1014980,513591.1222894916
1004198,800574.3009853794
1002921,304770.0081544231
1003498,1501149.0072132188
1015105,1011477.9437881322
1002062,309506.0325789867
1013812,425339.5036635592
1016569,695489.0900778971
1006241,654330.4681094153
1013910,572821.8590697767
1014517,271284.43398878106
1003107,256106.24462708572
1017325,426028.38172662
1014455,233921.0417024599
1009038,382318.836819615
1008373,881732.783185201
1006669,675678.3705676732
1010933,180737.29335170734
1001208,208107.5502665747
1004491,690127.6545076316
1011578,346046.8509227608
1005598,1082934.3893989108
1005596,624330.9409867696
1014691,447812.30792535987
1004018,134435.4603207071
1013468,279027.1489864222
1009012,389821.78148022376
1008192,594504.6122595414
1013982,584055.041342081
1005892,911196.3541142475
1009940,1169768.2069705105
1004563,386062.67800828273
1006840,757280.1302206367
1006223,376464.56087209337
1012492,1268786.946405602
1011534,341713.15750673856
1009202,545237.5704685008
1001967,456029.8225659382
1007118,227739.7419740873
1003537,387971.749878552
1001887,403215.24103546573
1005816,367124.0026180148
1003148,662390.8886602783
1011609,480198.64010631805
1013072,774687.024287094
1016400,840736.3216869925
1015833,389593.10552551877
1015678,231157.80020305506
1017522,152688.07100190493
1010898,404382.66182309564
1015899,314848.3761951165
1015590,742482.7372169484
1004885,1075284.0644072809
1016434,469111.2905941085
1015128,609504.8210811585
1007081,511751.36008369294
1014993,883371.9063614759
1000289,242273.26187797397
1002955,114544.4278198754
1011598,481392.01076093595
1017060,272651.1939916143
1011643,1382953.301550472
1008064,770976.3590969539
1006540,731899.7460551164
1013512,342954.6834044021
1011586,1116865.2568159818
1007864,1096946.8432344357
1012227,725729.8663657714
1007625,324090.79801225255
1009355,295085.8508094445
1011293,968471.2858662355
1014433,317982.7488863969
1000499,336406.16766862874
1014010,482041.7942995035
1016981,320452.24202190083
1004009,918211.8795306238
1000587,1132458.358754302
1017125,1290878.0438736274
1016065,749262.0876193171
1013114,1230481.5692448234
1007728,453898.7604487702
1010351,1029849.0996451557
1008717,498703.32252061303
1008995,207001.30041574666
1001450,154700.06608355622
1006939,274270.75061625964
1002347,349343.11102293024
1010228,594781.9755155671
1004867,323056.2629093628
1001675,449652.2433054694
1008988,235677.07288943892
1014554,666940.5453040447
1016314,809763.2332789502
1009820,1238690.6428700276
1015609,771669.7313810635
1016896,310274.6782958169
1003057,374714.63100939564
1000639,958216.9017741579
1003172,596589.2425578195
1016560,258145.6954601112
1008514,275975.5171468391
1005876,556594.9738216127
1003210,479905.66209320544
1006878,910914.0470564312
1002107,401588.78381118004
1007313,718087.0572721931
1012026,475843.30510945816
1006202,658022.8100726042
1005429,519614.41676830384
1008727,859989.5618852645
1011362,718081.4099109852
1010670,281651.49783276435
1006053,152268.12984585998
1015789,236357.6821953415
1006236,319016.57008113904
1016600,573488.8897555013
1016394,230316.2091195588
1012770,280674.02005994413
1005780,645109.4625942911
1010196,106579.77099595245
1015386,863671.0717998036
1009030,145203.1215424701
1006328,411207.9616385914
1015142,1316460.2679013626
1015866,1088658.672797696
1005635,539476.1174191798
1007848,343910.3058240214
1013480,1037754.298537667
1010232,277423.3981997067
1002800,188852.92749380463
1007819,329380.93154061405
1005114,460074.6632452434
1000574,610882.2376637098
1014877,1183042.7167697023
1004364,647472.2612930645
1012057,479044.60734897736
1010464,660754.089492779
1001504,515624.43715633475
1002870,632625.7884109815
1015587,282328.9174435297
1008809,423575.29114076786
1001200,937775.6279445979
1017278,102070.4019139035
1010405,464888.0715839156
1006069,515712.01649963774
1002267,384259.8669146531
1001196,485608.7736193717
1015202,540594.483765011
1004513,350563.6454975206
1009228,284366.9650381883
1003638,598231.9237084135
1004480,484295.72201606265
1014850,172844.30252254612
1008240,822438.4037254961
1015269,657490.8584222039
1008302,257709.70350399293
1002549,284595.9483814186
1008549,384413.86540574767
1009848,418676.72381515085
1002353,728401.3246947126
1010129,184817.45814897944
1000216,208087.49030536038
1017474,460438.26277796
1000705,698020.6719382864
1003118,141136.52309079774
1013542,138627.11372320424
1016865,762848.5221561537
1002540,412827.3040656474
1008420,315322.52330259857
1015668,630300.0225337076
1015944,461182.97511440224
1000960,902476.9432484313
1002000,486296.1484730568
1001784,931047.2213549039
1016595,911019.3056777202
1017407,550925.7254465988
1010371,831183.3544198808
1009061,294225.8539470323
1000175,352762.9962623113
1004173,353273.13037635223
1014072,740143.9804636661
1010278,400231.7548669708
1006146,707491.1830162577
1006721,364036.65610986913
1010142,208149.56898102455
1007259,743817.7933105623
1004290,356141.60797117726
1015640,1390662.903897878
1016767,225207.6849620607
1005823,579755.1888799537
1009347,682796.9182547623
1016150,341334.2805023196
1017379,465216.47802272555
1016759,239582.13707462448
1006664,737577.5642718585
1005184,337105.6158885025
1014162,1259991.950016487
1015302,429689.286838119
1012734,245861.7126483259
1007159,368698.07652419375
1001716,554494.9594950064
1014839,447763.0790563301
1014224,1056481.434783072
1001768,207863.38045474942
1003742,151629.84044971335
1000227,355185.97476710123
1005493,523781.2897327803
1012985,150434.55115514525
1008612,137960.37819097517
1006187,333938.2574106197
1007302,694626.7060944755
1007899,315815.7784969765
1016510,159916.61239277056
1004691,443645.27846297645
1009893,1399040.1280239436
1012138,285087.7145426167
1001981,286544.1924993637
1008782,879946.340977472
1007679,439163.17997158726
1012348,541408.3038107916
1003960,1176781.0818050627
1003888,170039.83700488345
1013485,1010064.0430392149
1008816,403095.3067590982
1011537,1032279.0178238401
1008876,790265.8905970254
1004790,503696.7012412458
1015347,637890.2687808058
1007578,659510.5121213939
1002659,137901.2212790678
1009041,268376.8754507053
1004150,263376.4518460712
1003675,293882.17358120694
1000136,577730.7364094733
1014848,376487.455839256
1001918,1341874.2241847094
1002406,278319.70217967464
1000012,160822.15703237985
1006418,733722.605797039
1005790,1180742.3567621384
1012912,412721.23245933984
1006545,571171.4077139209
1009726,565056.8233212052
1010918,278493.19496079703
1002577,167745.79686772887
1010304,440812.095702933
1012223,179664.33326170777
1003623,383766.64956268296
1013626,737489.9042334738
1003647,1046535.0009466984
1006876,341065.0800667927
1015989,568578.9603990832
1000495,641472.6300070207
1007645,530207.7754146358
1009286,1133593.1633602653
1003809,386205.1460565911
1002556,652457.9835703116
1000605,205152.26134159928
1016057,954927.3958976887
1010834,882708.2853089729
1011779,405201.57945116266
1002359,204503.53962976724
1006789,353717.5263640568
1001062,444408.5298225381
1004138,448532.87618354213
1002585,1287686.1378923622
1015631,972752.4387981598
1000478,441263.4185471229
1013577,347678.8338969733
1010493,188751.94896685352
1010777,819102.6635224778
1010466,1375318.3627172105
1012464,338780.49230206
1004111,337091.326858483
1000620,309618.8110707883
1014754,330442.81218958704
1013432,537677.5737009681
1013689,652123.576153471
1015561,235872.68572533547
1008409,1042827.4667640198
1012355,259095.68587041018
1001485,232396.3591481157
1001046,1167318.7870809983
1002156,1025951.8431119738
1011902,192327.75336568165
1000161,263215.41128660756
1007380,499674.17750392284
1004469,630168.2956705572
1016934,474283.21929153876
1012450,544291.0630189761
1008029,741709.7968891753
1013550,556617.1165600442
1014715,1077526.0689798961
1006988,540483.5798507606
1007194,509774.6393075699
1014317,407614.62878832367
1017059,537268.1427606008
1005534,775321.8644133451
1004135,330946.24806564033
1013989,314628.2474169159
1000700,981113.1106858243
1012959,141007.79238950953
1002110,558723.1826784514
1010885,459216.34709021007
1008701,292866.084472689
1009183,415691.471213164
1004718,182391.43087302928
1016038,416534.6258133248
1008067,687042.9130436863
1017400,856014.9249706465
1008193,295804.8904700205
1006481,402313.39260357793
1010804,164816.7662117765
1014636,515210.89652816346
1007692,475036.836198306
1000943,550976.1846060359
1013984,695506.0990127532
1005232,1160172.4759498057
1002977,208832.24412615903
1016138,597192.3859189806
1009144,283546.8983197985
1011197,704117.253978808
1002692,447535.1544456291
1016562,419346.0616720898
1015712,374366.9996844156
1012766,963850.1789019562
1013578,168404.17439597615
1014096,339430.5438768579
1003726,343810.4682909818
1001316,425573.74593258614
1013251,997621.5431819427
1012368,395511.2264950811
1017303,561842.9078367869
1013384,627322.7496424413
1008026,187505.56375862905
1003810,582066.0084780506
1000072,702921.8760291102
1012572,1011029.6588872094
1013176,438501.33471750165
1009644,215952.93262207299
1012093,297303.8630445447
1002146,553938.9269953372
1015119,1218613.7270563846
1006828,662064.9665904181
1017569,148680.38191759185
1006932,364026.47503507126
1005686,1076408.970844456
1002846,780093.2182805445
1012066,440282.50027565454
1002917,757174.5351692381
1015985,204468.24426793633
1003369,172300.96234429287
1017532,359536.98091521556
1007481,565166.857688206
1009910,918997.3599986137
1016048,934501.7315417196
1000385,934858.8983821801
1004662,806553.7177458011
1003654,442917.95959574694
1008044,544751.5593834181
1013281,332857.9294620236
1001939,432025.6693607052
1010710,488527.79371890094
1012602,567497.9577786297
1012315,428583.24244692957
1015692,503816.40572218306
1010631,492534.41565505555
1007799,404814.4749252398
1011379,289362.2891336875
1004093,672866.2786763333
1016160,780969.996934292
1013012,341255.74538820004
1017171,411349.37917710835
1012139,371514.093113068
1017206,566304.7181839799
1002625,1006255.8536065563
1004165,886161.7994183215
1005810,253171.17727597142
1014932,1344790.7440056922
1007235,392252.424957628
1013411,228551.6182408034
1003954,1079403.8353671764
1016008,1006109.935955132
1011770,100717.0854516993
1004484,501833.63168527547
1008313,523320.38462502806
1005430,306217.07080153277
1007683,429036.0494716487
1014297,226403.81777097646
1003265,627815.4071099397
1017210,170559.80036576794
1013385,244265.07113042971
1004298,526061.7141465959
1013560,268102.153122938
1011106,650745.5416204638
1011391,596487.1343713877
1000173,601946.7481765597
1012270,526593.143166219
1013063,106522.58720828338
1003858,434645.92427223636
1008975,322255.32303707005
1002558,520875.0701055262
1010683,774355.6904142232
1006285,382169.94681835495
1000195,324821.5684465229
1008829,387861.30860472965
1017098,708941.3926866293
1009039,427386.6621449708
1000534,305913.89405439177
1015468,610937.3872001455
1005713,673169.7813284151
1010275,455214.0053819071
1000083,517781.02966583526
1007624,120608.62490274603
1015654,272344.57658961357
1016243,262589.9208321463
1012700,139021.12059946387
1014489,919844.8459885493
1013739,707881.4746234283
1008946,606058.7640591626
1010518,221947.3001002098
1016914,158166.83970629264
1002551,775812.9374202468
1010441,141764.66500542493
1012736,890199.7463151024
1001993,591062.1906380698
1005840,485661.524865409
1016565,530850.3178387991
1005124,720604.8917327302
1015672,832218.294931731
1009313,529983.0857679409
1011226,380119.81892804283
1014193,592069.2943151778
1012156,267836.57129367953
1004493,471736.11988258443
1001533,235843.39310073387
1016504,948482.5636560704
1002396,844421.247302445
1010613,374970.91642348794
1003627,921805.776615579
1006204,1005808.946729109
1011151,633945.5976867919
1013325,704685.2474234828
1011414,118005.71491254942
1002595,294246.941273497
1003046,268840.7329446236
1007621,244193.83443498344
1015710,1043725.6349651522
1017023,264416.23709612264
1007597,485252.0412862922
1013439,201211.5465988616
1006452,439474.50667658204
1007914,944229.3593881384
1003416,1069863.8444621358
1016854,1132746.0259118308
1015287,355667.04038620373
1000931,483982.7706873014
1017425,208935.13836115104
1010297,369602.0413040823
1010508,413886.3731236514
1006698,510856.4924430768
1004323,208038.00502921763
1007867,249061.34011432412
1011460,250011.05690381935
1010137,551309.5570677386
1016894,98943.11902276338
1016339,338847.82277725113
1015983,273822.1730335372
1017368,255424.2156898736
1000431,341685.5650746572
1016371,346330.07676595816
1012286,523298.3411094001
1004780,973035.7883568602
1009938,816146.9245316965
1007882,1018423.498111407
1004216,446279.73213351634
1012747,369916.19287460344
1003261,106004.3502066449
1012692,517592.02240510704
1008647,615433.9363992612
1015327,573661.9967472841
1006708,949748.1316473888
1000559,233389.3861615948
1014681,281183.99217483023
1000364,370584.1366495418
1014912,472590.23347651394
1015427,244030.1199934337
1004939,1255607.500843388
1011852,676216.6793046793
1001521,217170.5219193494
1013877,677698.3582561212
1004406,172966.39265949331
1013574,329456.31337031064
1016470,321517.2681166536
1017381,665716.2202584603
1013899,760738.6907051945
1001155,329671.630042892
1004963,366556.8758818789
1004096,395889.71272055816
1016134,475581.624512633
1004423,504860.0764330328
1017274,265117.65568245004
1008352,480893.7024348171
1013890,692000.7439644552
1016214,576426.6559862418
1012813,798818.6647836583
1013085,501094.85459681705
1003567,570663.0579079239
1008260,525439.6476509194
1002418,542487.8193676311
1001190,382358.5938088073
1008795,511988.686185383
1016936,300993.40244393423
1013796,566476.6717876794
1010915,441345.05896407424
1014100,783213.9957354021
1000569,597221.3020503161
1011018,856118.8975138197
1013686,289870.77478466486
1010151,451591.54686356254
1006148,444960.6113171219
1014255,259363.26847999726
1015026,1170022.89848397
1002666,267628.2716602257
1004405,461698.0630465959
1000111,1022049.2268305717
1004497,331528.2471258231
1004369,769419.1932067663
1005238,293545.31403983606
1012815,703248.159483728
1008569,1303807.8994807662
1000781,475162.9460907122
1004792,1157373.7750488701
1004296,323621.60185511084
1015227,504622.36843764596
1004327,1011218.8497927001
1001476,581078.3741082643
1006331,1286794.874797589
1001480,468101.86937962245
1014793,252957.77389579098
1006771,396191.0330484807
1015629,173795.44632529045
1011782,138151.57132163865
1005248,1081255.1188988893
1009085,188655.62274617786
1007983,564990.5228223496
1011580,396967.2230402596
1009097,413647.4798053568
1012016,595953.534674219
1007761,593942.3354661133
1009264,822358.2573305244
1007101,612787.6709121695
1000425,883235.4940615158
1016290,168061.374732219
1004624,412764.0510745065
1010950,683687.9099460344
1011138,480435.0488817497
1014655,921986.6165953431
1004634,475108.20674581133
1015656,542054.9764701257
1013735,125832.42391864184
1003945,825815.1212564813
1002417,704014.9044352683
1016723,334122.0284476882
1008621,300084.8592874074
1012436,512231.7354520642
1003467,1297597.4391260783
1003715,283970.6170803209
1003168,269419.12255769473
1001100,360870.0742353255
1003291,661907.3656449775
1002911,360174.7014580606
1008222,337405.2771072236
1000991,392838.91112205863
1003870,378263.84951155377
1010188,288989.9469612987
1010216,141699.92938965376
1002014,221008.4768503797
1015011,139221.2167934956
1008673,669953.0102898972
1002144,392262.8287142847
1017601,556950.5221830774
1015930,454840.1206968416
1015196,1161345.7716090498
1009552,580738.5239929538
1012211,726318.70132335
1001305,532202.5987664746
1006525,263888.8553681274
1014766,416221.65697875293
1000187,247615.7280089964
1003297,301275.38652589085
1011453,560962.9489782727
1006893,285657.6548462196
1009054,449694.40236115316
1009381,198397.5014762099
1009014,388091.7654559658
1001347,476172.28540141537
1010312,860553.8365603993
1003253,388064.3988832088
1012831,270609.5977043284
1004569,1073599.9943667594
1013410,498356.3465687061
1000171,208392.01179806763
1001734,555264.3531258772
1006946,372107.0089175764
1009078,369019.7377275875
1009309,356720.1936239262
1005431,700082.2037591451
1013302,458930.4116801271
1009769,1083766.9246246186
1007651,303952.69223869336
1004043,271450.6535787637
1013041,143944.065313738
1016576,345740.6529179284
1000661,160100.30593284318
1012775,590138.6218105665
1002512,420124.52015551744
1002114,360918.71591227956
1012924,557892.776096995
1009244,318358.96057138545
1004579,577168.1023760572
1002289,262669.20906036044
1006513,294951.7366874599
1014680,364279.470738985
1004869,448814.95005300886
1015075,1159809.761346387
1007402,520539.77345580916
1014964,518390.57362059137
1001559,307324.8860558638
1003347,1048436.1881841323
1000770,221781.089870816
1009241,339522.82426118065
1016483,216825.59137807356
1003455,363018.4020446356
1005344,543337.6334156557
1009079,318931.6156459826
1001702,729468.3643636445
1010171,568612.7943022769
1002192,563349.584833482
1001644,301802.8029136137
1003815,279614.90529405535
1013419,477179.11463697086
1006768,352889.97000521765
1013242,337515.96980981954
1006072,226977.26706843934
1015879,169285.950649269
1003371,261538.9676922469
1002552,309437.95826904615
1016538,360765.31583130907
1008679,392673.78818029043
1010502,97956.05109832177
1016528,1037409.0989527047
1007739,407302.6651118792
1002237,256709.58759286455
1002703,375378.752565507
1003841,768520.7452995792
1008183,471574.6680681094
1013369,713334.408230006
1002948,393423.53454961895
1015636,535716.1614190396
1014001,503449.7655760975
1016966,738694.9832785502
1008160,1356356.9877989604
1012235,320702.04562117707
1016157,429423.3129107022
1010689,290728.6986178717
1003740,202412.93641115224
1010308,839556.1790380921
1007343,1240705.0850517766
1012795,1079409.4449895706
1003877,409962.30170534377
1015272,353718.1681130803
1013234,453501.2178090417
1000843,360654.172860427
1000872,1237456.0570846593
1012360,310637.49540511187
1010525,215713.11193980102
1000990,672528.2796180124
1017222,222415.65952925765
1010015,419028.8012872978
1009515,1131507.367973354
1013028,328680.19685672596
1013657,600016.5358817934
1007387,667871.6391993627
1010545,452742.39657634136
1003844,408234.1603492375
1011144,1282109.99609387
1001743,328043.87218707433
1006097,421058.9507627741
1011911,213331.1739932421
1008827,896443.8967186005
1002051,585961.4536763993
1001889,1045947.8059235739
1012337,621096.1550536968
1006233,228188.70460074407
1004991,178039.95905136561
1003616,233508.0304682488
1002914,167407.72038283662
1002642,935316.6437765389
1004320,307982.6678757706
1012966,663389.5229097996
1000505,790650.4648625705
1001060,1376322.9378538006
1011045,271439.1083371524
1011187,238923.84003802738
1001180,283594.37373268494
1003429,559857.6428841387
1001329,748259.3477140049
1004607,620492.6464113392
1011651,392951.14937087835
1006531,256203.56471609423
1008545,423529.6045933233
1012424,1253773.6498552065
1008307,470997.9828085322
1014872,586624.5799817534
1002920,325013.70168707415
1015496,362636.2935096146
1008929,457356.56080082257
1007330,386398.5889048676
1010177,330699.5400992568
1016524,417691.52921112
1015755,448633.19403596973
1014937,767696.9834333819
1016337,176021.8406773747
1014795,960246.7555632528
1007690,404014.4269564027
1008487,283710.6871112775
1016967,526584.3910544807
1003907,95142.61859578615
1002632,488967.8336905863
1014367,719923.8823415261
1000672,116913.89835768091
1003501,1008904.9159710407
1015920,177172.28790587204
1001458,500275.9962227347
1015422,247266.1599977749
1017468,644272.8204832628
1017466,1212465.7878920112
1000449,305211.3732853425
1012593,564175.2694746058
1014259,347938.0734233106
1014782,676098.743337557
1005559,706010.1994059171
1004571,570635.9265628069
1006553,127688.38875606075
1005657,922795.9064259062
1014343,208317.33383657088
1014989,181317.10223368256
1004640,1093653.6458842973
1017605,151869.305233792
1006552,805975.1339640791
1015902,451362.900497535
1001298,801007.329760139
1006925,112672.80395197759
1002166,409247.0760714351
1016341,409070.8512528617
1005096,466710.0207435501
1002140,315000.2020756713
1016631,546491.2151810019
1015257,663220.6231963973
1002883,723817.9543887554
1014298,320015.51916014514
1000182,472733.5081496012
1000219,1008545.3541092492
1009020,334751.12007429294
1002090,249902.35689233872
1001243,1240008.4706224075
1013184,443935.2052051351
1007393,395527.23351894756
1012854,656718.6866876796
1016282,585583.2946737874
1014067,576545.3232537346
1000309,717999.7891793359
1000825,636841.3266895487
1017452,776262.4828290364
1000442,470262.30848345166
1007477,765661.9072333531
1012973,427427.5125581039
1011753,510356.23880688264
1013246,628429.7699679139
1014730,581241.8045214851
1016317,246462.72367675713
1005884,695258.9816195203
1005000,1016386.5569456059
1002712,791510.4156540015
1012293,998617.704432164
1009146,668051.8741485653
1012241,142826.00178357385
1006149,485246.23179940344
1015485,141743.96578685445
1006517,768418.6174350982
1006623,304408.43996071647
1004076,257877.59459420972
1005798,787631.6511122467
1001916,294668.26474163804
1005777,664177.9482922279
1014023,1326280.5072011442
1017057,709350.4566926729
1007039,490428.69780734315
1012975,449945.147396978
1007068,131331.836851254
1008998,821568.1273621933
1012014,376022.49726909224
1017077,499539.43119463226
1013134,536873.259322577
1009979,360800.24753637845
1015383,826293.5411562873
1014899,750600.7946670782
1010768,545071.5800210164
1013222,160830.00005740725
1011533,613910.2950655838
1006773,1187893.3385441818
1000315,1220773.9301894235
1012794,187403.05006211298
1002187,388112.4079586287
1006560,1323569.021114762
1002260,160902.8563306165
1002174,150451.5394844637
1014060,454352.7506936939
1017195,1322685.2642816373
1016953,784817.1416294795
1003867,433594.69544010924
1016382,675625.7234597601
1015583,340377.42993026064
1008936,227608.57935800354
1012277,441008.6727807435
1010333,874785.7499205536
1005309,885785.0012255813
1012695,401986.70763026195
1013236,829179.7970660984
1013535,414503.32344146963
1003377,545669.1301011072
1014039,544740.9380524072
1000103,616209.6356890887
1009540,945874.1832642613
1007632,214667.22473816795
1006500,257674.39426238555
1013985,703110.2374606578
1016929,990373.5957398571
1017535,895944.9155961182
1006709,207297.63852849216
1012339,289432.3695667301
1010082,426870.5090994063
1007220,385598.51553289435
1001065,587201.7306106532
1015035,458970.2319561498
1012352,335966.67415740096
1016027,701726.3432685601
1008447,254246.5375100118
1010458,633051.4789411806
1002245,365978.78548601555
1014990,411639.68164481217
1009957,822945.1890325161
1004730,235120.28394632353
1006435,621304.6469955681
1011682,411172.9126406958
1003933,684577.4422575217
1009988,1341389.621448106
1011819,1373269.9689331215
1006320,906839.2358297078
1008175,265001.95647880586
1002587,552433.7138676081
1001830,348736.7571210781
1016189,442257.742703694
1000325,339384.92347268143
1015408,586043.4527026973
1009845,1043226.9879336826
1010003,809649.1777814244
1017399,565251.8327827419
1009707,425589.38007749006
1013207,723276.0524379418
1001475,338796.0609353785
1016092,872780.6551830146
1013323,522342.7773827107
1013226,332536.633020903
1015256,629420.411950122
1016253,364850.6449135032
1015311,581218.9389839754
1000222,244150.3587153312
1005142,343913.6545171307
1014086,456530.93952193455
1010535,1136400.554846585
1014983,674172.0539800666
1005993,396252.49857423245
1012837,684010.1412075168
1005927,757326.5416762817
1007643,310445.1482951113
1000881,709944.0385153334
1008194,404330.0168463224
1001751,287601.8892103211
1015089,134189.04639115755
1001862,1172369.7925732199
1015703,602869.6554956767
1012404,658203.547285317
1010096,346366.6903012028
1003392,1012480.9271407013
1014936,528509.5313029945
1001776,521304.89598895994
1008808,510817.72145569674
1007290,523069.95780763123
1002560,424450.47875145497
1002147,438941.66706228774
1011848,559946.1694325593
1009929,405992.06355605886
1014853,835509.6322920329
1002934,501007.6510039644
1003426,487704.209046371
1002746,145186.53439311575
1012340,154916.68832665327
1000371,163459.4478945499
1008362,416506.5583070704
1007646,503797.0564469837
1012551,716475.9562452028
1014583,439990.18887128454
1006350,922134.5617847404
1017176,447854.96061584173
1006589,720084.4086545629
1005576,171206.275584249
1015249,329972.4514579576
1010947,1313963.279148046
1002294,147860.33856796104
1013188,747425.0481744001
1001906,337032.06785884127
1017393,1033116.0365320195
1014950,392258.0955251543
1004072,429994.21300760226
1005453,597534.7744937155
1014613,563337.5556185921
1015181,553416.6597533887
1009400,649484.5897881271
1008203,785298.9337488541
1006935,484163.38347365824
1001114,769656.4220148246
1013685,508502.49688327376
1006684,344683.9540971689
1012732,1036503.2961517323
1011899,255760.3806190937
1015721,715921.8446414255
1000255,863807.053916305
1010989,838286.9822827379
1014970,495756.4009412833
1016750,563733.2547546871
1009323,991741.5998869868
1005973,815307.0302081543
1011930,629281.7447910418
1000852,498909.1570337322
1016437,519128.7300614773
1012806,479203.3612729527
1002909,292289.6111172474
1006368,401174.99322978366
1008288,314604.79324105225
1007720,602433.962992961
1010731,481264.1616091101
1003513,560275.1899487323
1004845,439891.64945986663
1007984,409984.3109310952
1014855,815035.6681095448
1008326,125086.46838597037
1000004,333059.9644958694
1003544,387243.61738532013
1015360,180332.41617759928
1007127,231626.53118793585
1004304,184573.85466032496
1012324,582057.1096547864
1009803,704611.5426090531
1006618,378829.44346414274
1014436,375567.8937960936
1002601,509903.0208956431
1014645,455097.00782946585
1001186,298740.5741883237
1017120,730157.99623499
1007579,295693.7610746396
1001121,370575.54241369123
1013612,368792.1792110509
1001312,684240.4146196399
1009856,574422.4067967164
1014669,652394.466157067
1012239,431534.5336819114
1006476,313869.52313828625
1001024,839743.2641768436
1001194,265527.0398548893
1009005,244206.5715992401
1000816,547981.848931508
1002290,1099342.7512330795
1005170,579786.2251241314
1004140,498941.27417481446
1012409,92532.473301626
1008613,174659.34837969634
1000997,1123395.4094911304
1014753,293430.5367120461
1010378,275713.57876837923
1011420,225658.5203955782
1002940,747247.3741374463
1015738,1128988.5603043174
1014841,579286.1770969935
1002177,814704.5521630994
1009334,548967.6330316849
1015740,500578.5577151768
1000432,789232.9580207539
1011083,240780.9178324601
1016182,253260.39374269624
1014488,475648.3472379371
1004189,1058753.661561064
1002582,501760.8040791144
1005014,431760.22680839384
1008164,341688.50098106085
1005901,600352.6002646897
1004675,770837.7146559217
1016135,468907.6131149336
1008965,271338.86762956274
1008049,459902.3891631577
1009171,466211.06845763815
1005784,529504.4251159376
1001975,730089.1572955493
1009908,671701.9957046513
1014834,572432.3626782843
1009362,150457.52351513287
1006595,394853.03127118567
1005703,948721.8190341411
1008639,403972.4617124148
1004753,424158.0379413277
1012335,333973.017975371
1008472,410820.11647315917
1015759,514821.88941517915
1009882,1138345.366111268
1016093,550037.4767586053
1003160,153345.5967836924
1013441,541218.8637740137
1010882,1023020.1865674927
1010954,331813.2073604222
1010016,187057.8809036079
1007205,471990.86184867163
1001006,358490.6406538442
1013124,542769.1677337985
1007170,1126855.180266948
1003646,254904.33779582244
1011730,562952.4307402364
1003691,545636.9024166221
1000597,377087.8175302132
1003177,230621.86557316373
1009435,534838.6910859633
1012659,592558.5927920459
1006311,207899.21320212702
1003869,696351.3527737644
1015013,714045.7724471624
1009670,935107.9312480513
1002834,535160.2252498717
1012073,135049.04685481696
1007209,237640.6683159954
1000784,472880.96819355903
1003824,352252.6565971998
1004487,977827.064135104
1001217,894184.8074153801
1005718,245724.30059836488
1001844,1090607.864882152
1017190,1388601.290918534
1014749,646123.138087799
1005889,233706.58645736618
1014184,178007.02395793673
1010620,610612.191776231
1017234,675358.6498956134
1006064,388038.7806184694
1010240,650069.7274766281
1012521,738192.7802140168
1016923,807688.1346200441
1009777,272881.9453997511
1005001,1180733.8001205972
1013964,441998.48514327477
1004419,529132.7308179161
1008541,1003464.4542597967
1015209,244472.52286333562
1003592,624167.4147497752
1011989,316655.7496136951
1006384,1137133.0477520546
1014805,201714.53180131022
1013224,240321.5555637731
1006782,648851.050235919
1015278,220461.25478033398
1004942,497091.5734399579
1008407,621354.1656625229
1002901,193938.00149102497
1001378,529189.8717065763
1006868,248933.94970194978
1000203,485120.5090073839
1005913,294619.14558546286
1016988,181947.87480414784
1011816,612158.1722905866
1010784,613769.4879077042
1011172,169384.42520267397
1016760,218580.89380911368
1007786,225007.56980422905
1009625,620986.9171362807
1006668,454244.9271569914
1007367,121012.19650389344
1011549,461742.40675300563
1012067,1231052.07017309
1010150,614048.9712850045
1012030,445463.7314975283
1008040,316465.83433977613
1000649,408178.345284507
1014825,216429.1476170871
1006108,500928.8971702002
1004094,680918.7272349639
1014490,420433.94592743577
1014881,662973.1982451928
1010709,518874.953114516
1005492,276108.7089710413
1006477,876947.416273196
1005178,1099841.962496987
1015309,370854.96888187755
1004856,342800.610321723
1010064,209584.6887455292
1003519,930052.1209987657
1005700,340561.8006674782
1007559,494880.12650565186
1002432,200352.0965701286
1010273,392330.37735500553
1012938,450397.9102262914
1016343,290595.05848632794
1000486,407674.79503729235
1010021,411705.7760999542
1001736,456650.90188250056
1006927,229982.28525195774
1010480,437947.04505135963
1007780,815654.4417402868
1008390,316106.12084500067
1017008,199523.69533154517
1001490,219538.8828009279
1001563,666138.8564316169
1002224,793702.1162801464
1014769,341635.23919914203
1004732,378543.8322117784
1005836,534087.8921939749
1010348,263075.3760818254
1016627,986164.407904577
1004338,500865.80406413233
1002848,859871.0333653262
1013517,629704.507228958
1008978,304997.9000784457
1017289,679974.1815881613
1017179,164910.71238643877
1001567,587399.7572020962
1000138,220708.37652285647
1013882,567758.2049557483
1005258,382754.8122416105
1004736,827716.3424984794
1011986,795660.7623118593
1001713,472710.9474246961
1003495,556685.5816419106
1000600,1282304.4853350252
1002812,480019.8493325879
1005059,613403.8188401446
1004949,276069.3721674567
1016211,382686.81021450943
1002271,425206.8243249558
1010060,811059.5919836496
1001865,138219.66420366688
1002501,519503.11180838273
1002661,1249366.1231663453
1015233,900740.6159791194
1005953,177382.13115473065
1012146,131832.15712005945
1000127,224133.18605742647
1017442,432583.28998445993
1010509,377469.2643531036
1013764,559664.436066079
1014776,197591.1646985153
1006256,352507.6664488675
1012690,1056058.6268624174
1004036,954241.4847161366
1011249,1006592.8803999312
1000142,251355.0886419983
1004615,519573.8134697323
1010776,712600.8221911307
1009176,768446.0935294307
1002226,246506.19971525707
1013305,453234.50267877616
1008739,210578.19701352136
1014045,395995.5408981819
1016494,249824.08533809814
1014843,1242603.5953575752
1006659,616047.2621973995
1007074,616917.5326354848
1006679,780947.4433910197
1012055,505179.53870938375
1011671,338277.5872879786
1002228,453558.13209766673
1014300,574510.8621977492
1010675,655380.0261875091
1001530,620536.6565138189
1001434,316833.1129750302
1000238,768490.2728000996
1016313,156513.7310555527
1016508,210545.44122037938
1010961,258543.93209335068
1006196,385846.24490457546
1002722,223694.81455838
1008317,256816.38215907154
1008471,451200.0176310334
1011409,449435.37553083757
1005866,494975.4467193391
1003534,586689.4562849333
1004496,253129.6843861996
1006183,284332.9195674898
1007785,478725.8300333883
1009252,187218.40760852364
1017361,619417.5579938358
1009338,521856.7579850488
1007669,321908.1215450895
1000398,236991.05045313702
1004077,644156.6795390336
1002194,378281.95906972437
1003421,524355.9990399309
1001555,430457.7130002927
1012526,1015932.2011093202
1015772,607449.4224477968
1009004,287076.5537632696
1010288,456767.23220578494
1010481,415154.99729321897
1015897,522768.8780153552
1011264,258912.0522952341
1010666,267823.81111743633
1014339,358739.85138511873
1017431,394642.2709022882
1003871,812032.5932078107
1009047,825003.6500435214
1013774,856937.9999049419
1012916,519113.4722355937
1006968,413089.89454106305
1017305,149519.88762469852
1002162,323587.82835644885
1006335,248066.013049743
1013120,166257.6815680499
1003797,399072.8624825647
1002767,254060.5444127799
1015663,582670.0478149024
1017251,1011107.9586429368
1009277,987355.0350596515
1008631,687396.8712122953
1012133,663865.2134169803
1017051,1415423.7363976156
1008854,512548.1362772586
1007299,1269661.953694394
1007944,509015.1801771275
1011281,503148.44446758734
1001250,275231.4969422223
1008096,493067.84536115447
1008508,410855.0354999068
1015009,177463.96987258396
1007457,128063.4704565303
1004316,297560.0620775258
1015713,453685.60654080065
1011513,171270.40342981654
1011115,375716.5882458032
1000361,389180.1938256867
1011111,216834.8114725375
1008871,499588.1567813243
1017271,936060.6319466655
1001893,505332.0734310817
1005628,204641.77735325662
1017056,348314.8574417351
1013502,100806.17210612225
1000221,600252.2801151621
1012851,312585.4624549187
1001747,703478.3686971818
1015493,160103.48904702417
1010744,356519.7615860572
1011121,887736.4558892424
1013586,627732.6228739038
1014675,412776.3462176594
1007452,543340.6858709307
1009529,254681.90271677374
1013150,179111.5860968832
1005074,251837.11347143436
1011564,305418.16168501694
1009713,460923.87914869364
1008775,526350.7508047861
1000046,619756.424096638
1014234,225661.5143499614
1005191,385077.1477501922
1015580,462874.51879453415
1015213,334605.0441086488
1009502,1307213.6853076592
1009749,1180593.6462787082
1008349,238421.6683006882
1009943,633533.0356425763
1006106,481583.1130314585
1016031,449698.16005663585
1016588,136724.13632503973
1003863,542946.6212734507
1002789,1309746.7961455677
1012476,348419.99509339663
1014960,614406.250539988
1013565,897306.7035623748
1014232,1156659.1394961798
1006710,475851.73258278094
1001562,1004984.5551912637
1010751,546016.3255988564
1001278,665952.7593439405
1012306,740481.6309777497
1006853,546639.9645990431
1000113,690284.4620138261
1002688,692789.8202006062
1014082,211998.86564489128
1004436,272440.6062439151
1000854,1112253.735697032
1008839,989653.5012748288
1008993,174705.91489718863
1000274,730956.8503048955
1005684,406589.83801022416
1009716,198904.8368114495
1003776,525654.541268682
1005089,282371.07801850257
1015404,317724.1242431461
1011893,823099.5745206379
1001618,656729.6437363008
1005151,888966.6373594312
1005942,409671.91631269804
1005565,299191.9781214658
1014587,471497.73675152566
1001031,713096.432477517
1017239,168107.0621367129
1016839,694122.9720211076
1009546,661644.4039736965
1004152,434603.5710978107
1016421,374125.49446067587
1000641,479374.4305544184
1005573,382165.3413352692
1016888,1160841.49497779
1006732,466450.10587253864
1005756,316069.43324579997
1004978,272297.8506842647
1001650,235070.55287770007
1010845,331391.98546019994
1005920,311052.32470606983
1001513,544106.8327168002
1001630,312053.6825393515
1003329,263553.6547324457
1001456,356285.06123992323
1001161,734504.0018702141
1003023,201965.74229419001
1015563,135907.26513591257
1006001,253530.000233458
1011429,141881.8836488141
1004692,516957.97929390706
1009982,579623.5194374284
1012391,333669.4151708925
1014059,628151.8241521575
1014418,274215.2876233176
1006808,841441.3470145467
1006437,777379.7409386062
1006428,1196905.704881786
1010843,343924.36705217464
1011790,1164358.7265943105
1015742,224074.8872189803
1002212,948655.7328959114
1005197,852595.7516732787
1001647,1205916.8203759205
1014695,1085866.8537781623
1011173,621030.6767103334
1016927,1233315.8833069142
1013006,379320.78920768085
1008005,408564.64787992556
1015095,254095.46132846532
1012988,551026.0449244925
1003179,662167.3087076813
1016233,361924.69135416887
1012979,113894.89050245676
1009783,1154504.2766247652
1006676,322134.14761965437
1005148,466717.3432613063
1005527,475744.6282834053
1006790,809533.7215489575
1012078,254718.20795649392
1009415,429053.54304585553
1008931,570663.622751551
1014588,1025339.4589752667
1008250,306484.6447434175
1012947,343043.74689970625
1010154,420855.31733803096
1014653,431374.54468019446
1012561,853343.4491917763
1009340,615967.2306039501
1016362,332226.38669247663
1016029,178469.93753117134
1011823,170577.55957030208
1006933,251348.51700963484
1003423,236501.51601410666
1006983,1013905.2257487614
1007935,257073.62683157105
1001406,386545.4035842945
1010646,303888.59228729527
1015893,371526.0598245624
1012546,282262.1162459545
1005044,426613.4642782675
1010604,939892.3657663494
1001401,221249.19640081562
1002981,1025329.0195172188
1005216,607344.8171284241
1007115,638505.0365912163
1016864,450510.97568380093
1007818,349522.9677776022
1004132,495129.2873754271
1013780,225434.98623537435
1008742,551497.2597462704
1007461,425385.4901488142
1003113,934795.749620036
1015816,726678.3707938353
1006302,144512.82290271478
1010863,498744.34535785014
1003037,335341.32539939665
1006598,596067.8133859256
1011836,668749.8315688125
1006075,858731.0957955666
1013067,434888.1711161515
1016285,597117.1060406088
1017013,861783.0440209901
1015975,331215.9358805086
1014736,1106532.7476789283
1003196,464262.9473190475
1015081,444637.6855811333
1016693,418159.28991231415
1009572,1242055.4528163555
1016011,1018117.9306530317
1006237,386015.5100919496
1016623,543174.5005716159
1000883,685270.3436337445
1017560,775690.5841848237
1007766,289582.26968338655
1015336,227430.06877770912
1006215,623859.4144611987
1016006,565258.2274956953
1010212,205059.80329318577
1006473,1488230.1355360367
1002690,468702.4189521968
1016605,591265.1775997942
1004568,451573.9107251704
1013736,133535.77116032105
1012056,466682.7031483512
1009608,718422.7603008264
1014173,415892.02381251345
1014387,874647.3310467297
1004547,450243.90488580044
1011204,275595.88080532895
1014069,838297.3826374006
1013942,705881.3755057855
1017277,317876.2567521423
1010852,463004.50306184153
1003745,195787.20768491487
1005867,686650.04291217
1011756,974693.7103334799
1015924,487810.0408971383
1011837,274127.9107404801
1002836,970303.9846160503
1005442,421086.750545055
1013409,222747.8356661861
1011634,417560.2941958459
1010390,936105.0710091334
1017314,393875.30710663064
1006884,146119.86359102582
1015204,229603.93308730665
1017163,391431.30912425
1002222,482048.345003423
1009311,652882.1244751433
1014707,505648.5905585487
1002990,285075.35405034845
1001442,235162.85894447836
1006070,479335.35874907405
1000129,466348.5122529093
1007993,633624.3471062795
1016581,190040.42446174272
1014916,703254.7552388399
1003671,1031930.915025092
1007085,879700.9713281794
1016104,538761.1720553165
1005899,134114.3692753797
1009297,481681.94468090736
1000875,293646.4779543203
1002124,338427.42001206503
1002754,319490.1135509852
1005819,456011.1388727104
1010737,216897.17828127742
1002653,230456.52386839082
1011713,803551.6161167516
1007157,295197.9609731969
1005660,458582.2360789055
1003990,568721.6144989935
1011747,746370.4721141531
1012407,1155929.0237881332
1007924,281484.72642052535
1007541,365604.676622734
1000372,352269.06895807054
1016072,148476.69624445285
1001204,390947.5742121004
1009720,298898.32047237846
1010693,274314.90877751133
1011474,530271.4804129452
1017483,310396.6151542314
1004331,405589.61342342687
1013654,420635.4989229621
1015970,483963.8262297678
1005347,1125107.1308984966
1002786,642757.8903817354
1001058,301395.6652254086
1016170,419370.6543457807
1007976,614901.9762487926
1002263,249168.5748328067
1004788,242135.30490232518
1008091,537215.4442416728
1006321,600344.6333773731
1014869,1069467.1349317874
1011364,611703.3643625621
1002648,351619.885889508
1011098,477999.2361562357
1012626,1297516.8689384141
1016666,609170.9757000976
1016009,476827.95488438616
1016890,828009.792857555
1016519,308812.0292343047
1008371,151043.0649590393
1003017,572643.9033856058
1007662,280955.75318689685
1007464,993422.9628122991
1010986,474574.6428285176
1004011,647958.533913892
1002561,147460.51162356662
1010791,308941.5926394808
1011786,1162891.6582186052
1014142,534916.3319784849
1012439,274466.59200049797
1005234,824641.6329439364
1013971,822206.2967613054
1004678,376152.7470249217
1006056,743064.0864358122
1009706,440237.7562432953
1001028,403160.93162737443
1004765,394927.3592415671
1000968,277882.80713548185
1017307,388327.8122169235
1012820,622779.1613389015
1005832,1153502.682812833
1002048,362979.71303888614
1008174,660263.9705981077
1007495,881322.5207332316
1012640,272072.5759224982
1011262,362394.771996298
1016535,1156678.691626458
1017568,504584.8439426013
1015382,168477.31525497884
1005603,381813.6036382444
1010679,834150.8990280405
1007084,508670.3467613411
1014777,306749.4564078829
1000822,746292.7559215822
1006596,265910.3251664094
1011778,348308.68824785633
1004488,753581.2939665834
1016143,973441.712854859
1004642,327111.50468182267
1004873,343047.5940943301
1011190,443313.02102001203
1005200,274301.79834979883
1016264,1174975.8088931402
1000407,288025.8758135404
1004880,319106.2033355249
1017254,211257.90538312637
1015630,414441.0196106728
1006483,864800.9740905565
1012070,118242.32896582314
1000079,1081229.7897809243
1000761,590536.7658767843
1002798,1247234.9711171477
1010122,607518.059033854
1010268,354222.8494057621
1005515,1001918.5051240859
1000176,161212.82961657192
1001717,1163083.5146710195
1010968,279980.45246817765
1012446,195816.38657972947
1001209,932388.721758869
1007751,427132.76860087615
1009578,610005.0589627515
1010063,174383.17236479046
1014445,835012.2047038849
1006235,413877.2282924812
1005400,812759.6630050321
1010010,304338.0691127542
1000232,737884.1022380806
1011325,243617.3722278335
1007038,564296.8379111434
1001331,140450.95031096233
1008863,147504.8843811528
1009575,1255805.1162394604
1013464,1037539.3631004392
1012610,220649.027896999
1010226,500906.8799471573
1007522,447312.4089777909
1016081,511570.55645899434
1014597,472192.9154559859
1000669,735534.0362178289
1012647,792886.0832319257
1005508,374230.91937780316
1001685,802533.3036862549
1013152,266054.0013789932
1011061,282049.40471035347
1014348,310331.44772858993
1016034,860010.3287433557
1015616,576906.5999713913
1004628,267428.29004710197
1010118,625920.7183365031
1016148,532188.1412335979
1008076,1080438.560528985
1006697,1033815.4270682352
1000637,1043750.334687414
1011231,128725.3241795618
1014462,463995.9009765945
1003384,461758.6295614084
1012810,183202.622837281
1002198,123304.98858443694
1002448,519846.70526601793
1013552,558781.5680177282
1001594,477006.1481674212
1001070,328343.9384013746
1008258,699214.0615545765
1015806,505535.72924461844
1008239,531956.3502770955
1000174,233511.40575264578
1004969,866097.1156854675
1005562,1229218.4090042773
1003433,261832.47579484392
1009917,752785.0924193898
1007333,419089.3333876689
1013802,464789.07510150026
1001935,140200.46190081345
1011013,405337.5495277555
1007979,547382.6908881494
1013148,1091312.5048620047
1001590,1019749.4111487354
1005324,888252.388940541
1014915,903422.3051486022
1013440,886210.1492662099
1002497,874282.6576688243
1000498,566035.6367923728
1013940,461108.9967115217
1005504,573263.8592776465
1016212,225483.12342677606
1013399,415863.2266465976
1010318,342782.2359907834
1009331,920806.3066720016
1006875,316363.396816217
1011719,532126.659699071
1010609,731468.637693394
1016306,108528.80866889191
1005217,754112.4354249884
1006218,368834.1057339755
1012219,1001275.1634736786
1006460,142536.30409297117
1007089,381087.4204170984
1016621,486452.5033487603
1002435,404969.18859755335
1008664,757999.8280047021
1000110,675060.0792370404
1013056,620885.0970627359
1015255,863745.5120783
1000786,608001.4759000315
1005894,744724.9762761657
1008368,292786.9570658321
1005925,980276.7824148389
1017524,469773.30630485964
1014120,123657.49276000836
1006313,141192.71822258164
1009141,903714.6968920315
1008915,705337.1348863933
1004122,626659.1393245313
1016330,488568.78893942805
1002058,530972.9398820588
1001597,120488.54007343797
1004924,1075104.1437090794
1007582,453917.9295533885
1008002,551926.5044775999
1017596,1288135.8864564034
1001656,175126.37403267206
1009995,396031.4511540906
1000602,1265657.4188429718
1016650,355339.22677499946
1009081,694132.3539232094
1007706,385337.9570723381
1011347,251914.56848593196
1007008,736390.1220467339
1005968,137515.3546945835
1004458,224783.05762570974
1016766,784463.802829392
1015353,222947.43379226213
1004733,531939.9296550725
1004456,338597.0815603159
1011831,398007.967460647
1013991,189086.29078690367
1005591,181334.62318253188
1001116,852716.6902623049
1007447,1095115.684603518
1009975,885242.1562026184
1002115,533825.7120606006
1004361,549798.3940249492
1015655,828642.5261565953
1000269,173001.425413539
1010229,583663.2543933765
1014842,384340.82524205354
1015147,756091.4354218295
1006528,331050.96182336553
1007386,540175.2797780253
1015027,294550.1726794839
1015385,810631.0327676235
1014595,128892.10443126412
1010656,298617.17281865433
1015901,348777.9572179351
1000011,1224923.0833064592
1007467,186605.84014763267
1016561,849058.0492745058
1017592,290584.3170083781
1001669,575604.8939453383
1000153,663828.9474359228
1015525,430851.6689351056
1010248,256019.18483965966
1004264,867933.9225875398
1012681,318860.1062755241
1003243,226708.43902098658
1015160,510652.0071909358
1008261,362805.87585543515
1016439,1060111.2009502042
1004995,251314.43217536955
1005672,589067.6353374231
1013775,1136838.4955479547
1011327,380328.8451964658
1013349,736933.3993162435
1015837,266968.0194448779
1004190,448013.2215564067
1003463,283170.10334508057
1010682,663165.1587616288
1010982,404283.3698227132
1017041,1024799.324163015
1000346,240047.10782486846
1005213,474336.34174262144
1000177,661162.1794500608
1015579,817430.024942117
1005578,203205.82103067564
1000353,711624.0019009332
1013324,218645.06197060976
1011918,1093497.5873166837
1015786,253045.08469328054
1009901,304695.15672601457
1010583,732298.2109745209
1011399,329126.6884436409
1013714,283194.1145865156
1002450,1026200.584410108
1013344,1112039.700309145
1003781,184165.54656188455
1017299,156078.67923029303
1009385,296364.10967222176
1014846,685691.0073298776
1009863,204002.18762796657
1007204,108555.76465027305
1014127,1034344.7275113073
1000131,384505.40913598397
1009419,326452.006266835
1007050,896946.5819067153
1000549,418567.03711642406
1004941,578837.0008750256
1003984,443563.70217547705
1010103,290629.94902821997
1002282,652375.9583006821
1003108,800545.0438888244
1011263,1177105.4105001602
1005491,157520.33959561316
1002374,410548.5407484628
1000775,666502.9064067007
1011824,984331.9124015787
1012172,459922.72065305774
1005532,365224.1461927939
1016098,254156.5876052907
1008574,894807.3051877336
1005334,1376967.4390258892
1003361,549028.7404128669
1007121,266114.7737475659
1017048,368848.66185940686
1013702,326432.2780145357
1009859,602012.1509173312
1000406,430331.5824930425
1012151,363151.6368653771
1014693,541331.1400530863
1001366,1311241.6756324212
1011575,373562.88838968583
1014773,794397.3987716523
1003987,393636.08784960955
1008131,167105.9320713099
1000536,206754.7349107417
1001086,453616.4149795996
1005670,1021221.2218635707
1013675,558661.4111331791
1006013,256410.73970436995
1016490,518946.84786208003
1011300,820137.8101689086
1016707,1131895.910106901
1008376,366566.08312978956
1007086,1036990.2839156613
1001251,292814.9974116828
1009950,580154.9993891679
1016289,110606.65091073909
1003358,99555.81602230179
1008264,248870.15655217727
1008190,1165448.677115913
1012537,535078.2573953245
1013693,376644.5402722788
1004184,436404.3049430078
1008383,910707.3729490242
1002108,933279.9398763606
1007321,415427.37069604197
1007390,657536.1318387839
1008451,351011.514617837
1002949,330948.8050894844
1007100,369887.34714713437
1008756,134223.52048962904
1016453,649029.1359886617
1004489,478784.9688868947
1000292,489361.59253708355
1009952,711838.6559076216
1002201,351022.8668059141
1014642,388590.7045147133
1011175,1028041.6913782764
1003293,1332684.111197476
1006775,412399.4911317559
1002152,107396.6501237747
1015149,242848.98827344083
1009789,607407.97312008
1003736,1070193.952668039
1001785,848409.3291272218
1014311,524907.976265013
1017572,847933.1485664052
1014698,1352822.632891306
1002341,832825.8819404894
1007490,203167.96730829566
1006487,222716.73216454982
1001154,737924.4759906591
1009099,842011.0408941951
1011025,729503.5280519672
1006065,654231.5592163106
1011102,808437.988543805
1009324,415364.53969945834
1003504,482151.47032502387
1007548,399121.4871442774
1009685,137359.40922382992
1013163,221377.4025561607
1017591,141630.52900126437
1009816,491534.2360728459
1000229,131024.4423858574
1003123,258746.4836824063
1010850,153639.19046124004
1003290,527145.618547588
1016217,405139.22156444215
1006849,294915.481043488
1006008,254223.1908651959
1009221,226844.9460859566
1011557,249127.7135464832
1003784,746376.0481885471
1003220,989164.7305863695
1012740,270001.97947827267
1009774,1199614.9125020416
1010084,680408.5084704796
1011980,1320875.1691580063
1007377,447791.3031832007
1007961,791444.5415212181
1003321,887130.9675200041
1013893,454237.67309975735
1000106,766669.77528564
1000099,98281.056512694
1007778,376756.3273612818
1008887,554881.4227000828
1003299,257538.9855286112
1000324,684193.1137397188
1000006,606139.0400622233
1001930,669082.5273791209
1000910,1077496.1461876263
1015775,329154.49163679854
1015974,158247.04947233968
1017091,256743.1288550256
1009799,918532.9179123784
1008088,551346.5617153839
1002420,347485.5547592059
1010543,376356.97990320163
1000453,293398.99542271375
1014740,328769.9938979706
1017002,686850.862158562
1017291,337912.35079188284
1008132,166044.59015357477
1009128,393333.7284354797
1006461,808009.1826928296
1016183,510410.9732694413
1013947,380300.70469641057
1011958,528817.7911162642
1014910,455363.2038919909
1009920,505133.05979389057
1015332,343334.5725516821
1011065,663767.8468971896
1009386,218726.54003351484
1006203,333924.202446092
1009601,665275.1085424026
1003527,114530.02691204188
1012716,267811.95143054967
1002985,426411.228986608
1010425,327858.7875293065
1014635,345003.5396360826
1002305,385669.9227214471
1010052,991086.617156833
1005904,585397.9412044174
1007620,210761.05385619536
1011285,248334.72618405405
1006394,867178.1122548208
1010818,672775.3278828224
1000913,686304.6670119899
1003216,245868.36523519593
1014885,535480.9731837412
1017433,834582.2615688004
1010948,934223.1763533618
1010391,539386.9414560365
1007469,1216032.5506146615
1008083,273308.7676023503
1005548,186000.59391215807
1011085,561174.0193514528
1010887,517065.2428739901
1008880,491807.99948374537
1015537,364704.4274862741
1008348,507803.4436585714
1008437,162285.64250398517
1005224,149571.17843027512
1002437,493764.02239271183
1016909,1221489.146901376
1001113,960295.5094716195
1012508,391608.7386367517
1006999,303569.18876254145
1011170,177745.81935321976
1001139,301379.35469091055
1000428,664459.2287262124
1011994,383309.2311442547
1008024,548610.3363511706
1008778,365398.6235263093
1002422,675013.7777401129
1014531,297997.65142882237
1011558,950222.1102998453
1012382,529882.295392995
1009787,516966.5404370106
1008632,950889.9716477523
1013422,218303.7772392329
1011242,679183.3753238264
1008630,402738.17026731995
1010926,415755.8579694898
1012470,606907.7417274326
1010086,231572.123839921
1011413,370043.6226519601
1006743,450348.8708881435
1009939,800232.4864339049
1014370,582677.3751061199
1002972,330517.0797908169
1009088,304693.4464455421
1001539,1140455.2274197266
1001303,240015.8261098684
1011100,247296.31516007305
1013584,513944.2859201426
1004934,519239.09482548654
1013275,488677.85517567326
1007215,1032566.5502526744
1010773,623199.6668610865
1007837,317542.0812204782
1015937,330662.12791312736
1014294,1018302.1489197826
1007208,1217208.6338346286
1014819,191730.27748744862
1001774,816156.9625988599
1013895,572333.1579574116
1017370,153090.5367475661
1008115,545258.8710218855
1001752,610026.8861307321
1012482,1106357.0473780467
1016468,629856.0648093667
1013123,518868.2957007772
1003952,335097.01552953525
1003666,425286.00735379255
1002877,1076047.970465101
1017435,266314.8200378018
1004237,538605.7873162605
1011078,664176.731322484
1015683,700908.5448207242
1002137,188034.56248026836
1016059,510078.9238389194
1017069,905073.7986539273
1015900,595651.0877280567
1013801,523408.23582943814
1005320,660700.8492416489
1016331,777728.8912841877
1010865,533139.6465728766
1015203,945342.0799858505
1002840,620614.8912557545
1004310,426808.67974111
1013128,389444.99117411673
1000518,389854.57285147416
1006756,1344284.4282054668
1003994,352765.57674091513
1010862,100419.8713117256
1014395,221584.07445936117
1007030,619891.0962200651
1001340,516329.8293396976
1002127,477863.4018166087
1011180,274460.37139133824
1010708,790420.0539910448
1012385,573153.5642944027
1016721,263027.8501302982
1012527,499677.6567548882
1013856,412149.2669752498
1010745,485097.143062549
1004087,462764.371745657
1010673,601328.5492961634
1011114,414572.2247519922
1011033,415197.6093003415
1008332,197601.93700147732
1011150,241145.05891956022
1016920,519068.03796455497
1003687,489309.9488339795
1009727,213390.6105419116
1009058,268734.1463977751
1007762,380703.6697876905
1005065,636907.8621968353
1014868,439472.3525997854
1011159,393799.65279011824
1009343,494229.17174552364
1005676,817744.2386186151
1014049,771219.5145457514
1000890,312118.1334852422
1013665,337070.61895714176
1000382,218918.52729042983
1013466,145456.5402167852
1007977,570470.7003770545
1000160,511183.8062779474
1002538,716699.7633426694
1004951,404600.80255015125
1000243,536482.4122188484
1010396,684966.7156458267
1000469,707140.4746966122
1002262,345613.1998718433
1010299,858253.4691525091
1004919,1029823.5981461614
1001982,763949.1077232537
1000189,402015.6245224726
1016296,200355.79358756464
1009819,717065.4616980948
1010039,193385.41664916737
1008388,236520.79623043953
1012175,542430.7755719215
1003866,664600.5795974225
1014361,221605.07920050164
1006685,346848.6471531273
1004522,608014.5150682051
1003465,408712.72799584107
1004319,242416.09598924735
1001764,338819.8084627326
1013892,802577.3518714046
1012777,622388.032800008
1004929,362228.8467257031
1003609,422318.847831007
1006152,365319.7937948417
1009230,847684.9704009601
1016288,649964.4549073285
1005433,791827.6094561599
1006029,205539.3876726717
1015853,614247.1955047295
1000415,607342.4248698114
1007010,372169.43248834566
1011476,325432.36623822874
1014639,335286.90077483776
1001714,1235141.9945266135
1005788,389330.78529922897
1007323,143284.53305216343
1005690,883150.481407382
1002790,545061.926073523
1005734,527124.7674649258
1009703,247609.80974910667
1003287,1270350.6080418364
1003953,319372.5678472702
1008748,382669.1144341703
1006412,332934.4226995573
1011754,492385.7895076155
1004948,850283.996653263
1013824,329766.5746507621
1011891,394842.9650566629
1001803,675446.740964928
1015342,748992.4253131207
1004196,317386.60211107763
1002864,553114.0405816884
1003794,483513.34179419006
1007920,270598.17790404713
1015371,350528.701152295
1016467,426491.48694413266
1008141,409994.1678591743
1009925,582093.8722624955
1013601,996148.326490225
1015130,619255.1828643186
1001474,344935.8060945241
1008070,378080.38211150054
1002011,315276.70612460433
1005454,231558.23248294604
1012542,584727.7387623256
1014657,1210891.1453809023
1013420,400222.98542217485
1013793,646780.6528017245
1005381,497934.78378407256
1013126,364602.45698818617
1014784,389253.40027899825
1014269,148984.33329794699
1013465,216447.78710086358
1006102,144089.26774049623
1000472,333454.126042983
1007685,1289319.7725190872
1009207,444116.60585885035
1016689,449046.7754584114
1014007,334401.42327111034
1010437,416153.4712928784
1013785,278432.0238242488
1011019,174373.01576604755
1012553,359059.6966019685
1009223,371540.9970116168
1003593,674806.9270904375
1001463,1202203.6523247699
1007137,366643.5386337911
1010073,390057.7130846321
1009416,384175.1182599678
1015138,833550.565116566
1001158,565296.5083329632
1008547,716865.4638083386
1007820,593317.7542133908
1008834,660133.7694248437
1004669,240778.80215256076
1000013,276998.9557167897
1013283,166050.66291451364
1016851,237885.65907538743
1003356,441356.14289418655
1016465,441229.87564955547
1011964,570316.3091896318
1010602,721111.8641175086
1011230,249745.94544610972
1007122,356453.5023847204
1000418,160609.15581808356
1009148,206564.25835408366
1011581,815355.3091752146
1006847,730501.0012383099
1004981,594829.1369070609
1015358,1350934.1696895065
1011330,682894.0040683976
1012879,645834.1067941708
1010321,271294.6285737489
1017248,191768.17900564408
1004078,673431.0709555013
1013300,723824.8288319288
1009931,513799.40015718306
1009555,414317.3466388866
1009365,364993.9297154893
1003170,1328512.1341877675
1009196,223167.50317556123
1017514,202004.54266656822
1006904,337496.876313543
1016803,636586.5687759031
1015876,622747.8430199047
1010858,837486.1947120129
1008255,791367.861084352
1014373,298563.07539107837
1005987,1231017.7350771707
1001652,502177.9766189478
1001813,818990.805602311
1009496,681977.5226653136
1016863,354467.7528475464
1016270,1128109.1491416893
1006627,327063.65395447775
1001845,394634.0522994469
1004997,422259.6676618976
1015437,542015.6742817588
1013212,244704.84215115214
1005444,425205.6780329327
1011369,179300.6905841004
1002647,217813.8700632913
1011363,381731.52602004766
1005728,483335.3140529955
1009067,247104.009301167
1009209,719748.9000925111
1010132,99243.07561981886
1005856,588264.1020622825
1015543,303614.0592079484
1014502,1176177.4706382332
1002651,248299.66822927454
1000687,164668.8444269471
1006674,275188.0426897655
1001140,594228.8119249699
1012839,589721.4432730298
1010767,516421.14655325084
1009903,406590.43268254626
1010930,416376.7265545422
1003064,444602.34549244156
1014705,578491.4771966354
1015637,1077879.2447511116
1016514,249591.35672914874
1016768,1092801.4360056857
1015719,463739.2168897763
1013699,402687.79404611833
1014016,838556.691435205
1005141,944673.7890185679
1011294,347915.24441387533
1016116,236728.07133397108
1003375,675511.0144475678
1015516,417812.89189318096
1013220,831461.8204721174
1000377,506640.693492082
1002968,923104.8002924584
1001696,152839.79322057462
1015675,220261.83817720035
1013787,935211.44900665
1007909,372862.64075847785
1011810,195518.37621471484
1013544,531710.3599499209
1008155,276016.3575053605
1005740,526643.9788702622
1000494,360579.54895705305
1016110,247988.14261293557
1008577,931606.6814181284
1013761,307188.7929252014
1003927,570118.8878432285
1003890,582471.7770961766
1010413,521790.2285077987
1015044,973801.5007345423
1001938,656871.7308198401
1012723,756992.7568695806
1000740,663218.2647456188
1012022,1344712.8151989975
1009629,244719.852524409
1004877,476442.17979716585
1014889,503060.57528415957
1017349,295331.4624646014
1003792,403078.2625349649
1008486,189201.73301846793
1014231,478620.8746940839
1006582,461617.5193439077
1015510,399263.86192249873
1001589,755859.6040012975
1008008,773053.4093120589
1001054,144944.44820443034
1013896,645638.818864659
1011305,347682.1169619493
1007919,450506.59435761423
1017511,153566.63055292715
1016052,256810.26717613277
1012759,768696.1377021065
1001912,388768.5653198583
1004235,506282.79516110907
1015208,645605.6509435907
1011870,401556.3908637342
1012665,329322.2834907921
1001119,420295.3233471599
1009873,648783.237459364
1002526,1092808.137750505
1010459,340555.32079514366
1008629,772826.8221146391
1004382,807941.0073012891
1012984,214286.0380922003
1005726,153776.86819897674
1000096,525657.8746991969
1003774,452110.41869277944
1008914,646066.689070057
1008461,285087.42282372975
1004782,141830.52675214404
1003791,947652.1300571931
1013976,1010252.6919752
1003978,434317.72949326807
1017134,756944.3584973919
1014692,828547.3584239191
1008745,215890.899950522
1017561,515261.4812832496
1001129,435496.80393713445
1015536,647122.0484395633
1015508,528493.5732491406
1001355,209444.25070726962
1004449,410028.1843860762
1009261,502179.70332546823
1017158,154020.0160223144
1011328,324742.0303229244
1000635,942627.3503758431
1000542,545916.3330088982
1014444,521422.047532291
1010029,522271.3766817274
1013354,483822.51862412784
1001407,523620.4631789921
1002039,241247.70457923927
1015870,903969.1473295337
1007823,341747.7927600221
1003816,350452.76589877985
1001218,253033.02756074182
1001387,412305.99181183527
1010711,692159.991134001
1004105,417739.3458457554
1017296,227612.22696916483
1003705,873652.0083312991
1001230,734253.6563444454
1014289,766332.9857255352
1015284,974029.413311056
1009616,842860.9864018515
1007401,418303.3366748748
1012246,905785.0777237687
1016674,1023344.404412948
1011321,564239.3428164168
1009712,852793.8849480599
1004464,432117.2113398581
1004014,556811.0378235801
1001537,97710.3175341291
1000211,717201.3477143944
1006646,730173.5633420062
1009008,877737.2294765762
1000861,580674.8012239976
1007661,984226.6343729398
1005121,413074.5678594753
1001690,481326.1521868271
1009806,339250.5302452223
1000541,811728.1395044132
1005272,262000.60112853145
1002462,968726.0594465383
1008237,359729.7386108258
1005231,439266.64783076925
1016094,784648.8990232178
1008444,689469.1949887918
1015120,624884.6595278322
1007251,905497.0506460587
1000059,747173.1089574654
1007185,906863.902352547
1009836,499896.7827546269
1014026,379483.3128852914
1005296,463490.7329066136
1000286,434437.88959839434
1007178,635025.3120398168
1005311,623088.3901193581
1010023,1250209.1303643424
1000826,158642.1350735614
1013639,134795.83808267795
1015696,344913.2434919222
1006549,386119.75400850805
1013549,380577.71971091186
1000578,471836.57182266976
1015697,304975.246769644
1009669,595941.7428344358
1006498,357374.19898528326
1010047,244592.58499412678
1007523,402941.63205729146
1006153,311640.19289383513
1014165,219903.16699281568
1013171,610934.3092898601
1003767,449763.085020953
1006962,411731.22538377467
1015512,621951.116034635
1009312,600022.352010416
1002069,803143.1037724044
1004993,362977.97985252057
1015776,903162.4439500299
1012233,984369.6931684474
1010591,333896.47907565493
1008886,305618.2921175897
1009279,437456.998420705
1010245,94865.76984117506
1001117,326399.7897592492
1016203,977157.6874042316
1011198,713579.4972565642
1003552,367377.0254949492
1011766,435469.42260723317
1012267,377249.20070221124
1008831,176389.23690217352
1014641,398630.67239223275
1001324,644087.6850686334
1003620,217692.56378812375
1017413,211554.93434578797
1001576,407148.8972637141
1016742,551637.1769413124
1000299,651150.1290177503
1013936,308441.88699043373
1012063,292487.7684085778
1017246,669560.9449366108
1015110,437141.528802426
1016583,1074605.372162335
1002200,796895.9400304564
1015325,576300.6071551662
1017574,736993.6885075562
1014104,716036.5264859683
1000014,504950.55555195746
1005093,751302.8314781291
1012432,1257924.3019873726
1007838,1020839.7581840904
1006181,292705.028698724
1009319,641216.0660121389
1009953,278677.68380294
1011291,552328.3675016175
1013695,275540.23207229434
1003520,561395.8673213281
1004207,484989.5062468139
1000489,590228.0128039784
1013696,668308.5936588619
1006389,260255.69019447808
1009697,169847.9990083399
1002734,1008258.1427653787
1008300,825175.263572043
1014378,448406.5047046326
1014948,1152925.7222496406
1003009,1131840.7918924175
1000344,474844.93763410253
1011627,342138.4314149994
1011444,695235.8358286531
1007802,741517.0418183535
1003466,164363.3078489527
1017340,1092052.416467311
1000831,653013.8930795908
1005399,235688.51612329544
1016722,336223.1477997544
1006109,873791.6438501065
1007601,292891.9207297984
1015878,733620.3984498553
1009395,599775.3256955175
1001141,503375.9416313708
1013326,720056.2085519
1001477,264741.25543498487
1015407,195395.62150860572
1009817,291777.59469432954
1016734,245960.79408048562
1003446,236203.08357563664
1004786,392122.45236146846
1000031,389899.5049642502
1013143,672129.1589163825
1007514,109700.32628585248
1009998,275350.2774777291
1007897,679847.1463542475
1000897,830070.450610646
1005421,1161126.6163629629
1015421,585593.796235758
1009981,128806.07158550507
1002116,554489.3601688177
1005630,955753.4768595372
1009354,201435.26616685305
1011814,299506.8454192516
1005547,691326.4339708784
1003661,471947.05159835506
1015098,297083.75969295076
1009033,118002.60431853501
1013618,992083.8179804959
1012639,242866.62439365237
1012838,335281.51801901875
1001438,871969.6932806673
1011763,120347.50494830884
1006423,442909.6863062688
1012877,557336.0929684115
1012673,224990.47415525504
1009222,486751.6703489569
1004592,344017.3158905339
1004366,659867.6466214585
1016968,487333.18599624647
1002724,606005.224861867
1005375,311563.951620101
1015210,364542.0966414481
1008575,534510.1996686206
1008812,297861.003194477
1004952,346249.23193551815
1000332,1033040.8075170238
1012852,272857.3747105795
1000390,406375.6690038007
1015945,472797.6597213436
1009135,905545.2602814069
1000095,1244567.6850402465
1001859,601372.8405848483
1000853,647256.1647018805
1004425,686509.6646583467
1000386,361866.0860899886
1006101,493035.8589927213
1009841,505325.8578727027
1001148,597555.9183154322
1016567,512594.3801083985
1000413,388380.48791342916
1012322,416790.5557514196
1000284,419710.8805740532
1000820,341427.44808615174
1017108,611843.7835512932
1000973,269444.65165795956
1011270,271675.1191460552
1006425,473758.52649170783
1008672,917738.6877807988
1001676,602189.5265708046
1014772,378002.8931497259
1015502,270773.37204037444
1015306,123050.27411925777
1011567,1241803.1007898038
1006119,270656.28826692747
1013467,334010.9793402381
1008953,425861.5281342006
1000180,929341.7558713015
1016840,255657.44564870448
1009627,254499.4565594204
1015236,825975.2786985324
1015554,395017.4761401017
1001604,924091.7739890614
1015805,148479.46536118808
1000423,512998.9994087781
1010005,863523.4531320571
1005386,322157.58828700194
1000914,404917.55502171174
1008466,419795.22025366715
1011461,675520.7674067199
1001635,383142.25023532804
1015799,234018.7213335447
1006022,410185.6696830082
1002628,1063560.9634171517
1011216,499872.6785128211
1015810,409279.9861441031
1007687,261560.92917762997
1011406,581517.5207359246
1012469,366860.4250749625
1014421,1237368.1386140757
1000838,582252.8664952191
1013845,319278.8890305992
1014856,369053.05844148103
1004108,331071.6027667817
1006580,379827.47901045636
1005155,455072.35739356396
1012192,454339.5707291268
1014216,1211916.4608707717
1011884,259481.14245145425
1009136,359625.39116398315
1014634,561328.195501916
1010434,193704.105888838
1001890,1089906.1057763603
1015001,393831.5290805385
1013650,440841.5572185354
1003743,388695.7826792292
1003447,322967.6787461647
1001022,224517.37058796937
1013521,133221.9355449218
1009535,665921.6802806463
1007465,504803.3554274912
1014360,239658.6799267029
1007825,253722.35683008065
1006431,397997.50327195495
1017364,320710.146045422
1006134,172205.3216884784
1013202,289740.5571881679
1011069,776559.2402337645
1004742,344783.76644167723
1013790,503731.4777988158
1016955,305163.16806821513
1002814,266850.3913528443
1015443,441556.73641765583
1003782,141316.22622636147
1010800,901019.951887838
1005996,408265.9420355826
1012511,575058.7223639516
1005043,967951.5280161892
1004427,436474.12179496704
1007940,500667.7783496515
1005462,398718.2841409285
1001443,286404.616423944
1000242,829706.9193873613
1005304,180030.10430588352
1009808,436933.3101123163
1008972,416205.08171469753
1005552,443573.00468400854
1011924,239499.46731735472
1017562,357389.874143869
1002837,428616.7472209559
1005277,773852.3045404219
1000300,1274308.48639015
1015541,210567.69526763368
1012829,221755.0510338231
1012254,210650.46471764205
1008457,615779.8491349091
1009883,487039.8096299792
1007406,394035.16335561086
1009844,389883.36320184806
1012068,509055.72373309796
1000370,416723.9598564543
1016458,729786.8730801238
1012155,895883.8446851862
1009169,429324.4115115706
1008301,1138003.5952464258
1002984,364459.54172960273
1008085,427169.25739296485
1012779,375029.21976951946
1016262,213132.14048309188
1008295,398120.58488329337
1003438,175550.9251076769
1004091,538583.199519119
1005779,1369108.465681784
1008865,973384.0728679205
1009992,642021.7364924531
1011565,206136.50891269874
1013958,432955.5793922055
1009062,278323.2394095393
1015245,333369.82134276786
1009201,413340.195559337
1012319,970153.7203169329
1014678,349524.64107549906
1007545,177599.3719972917
1011220,371338.79522819706
1005373,1220490.9859571406
1010332,379176.2188844104
1004389,1352198.31709588
1004529,391256.3949795527
1013878,415995.87719958706
1004333,1143924.56525538
1009019,1327046.9780170154
1016308,359245.21347381815
1011323,531921.8141769962
1006701,1034367.7515772971
1009649,319560.56249032984
1009964,987939.7379683055
1013891,613287.1685085881
1010981,278161.59338171704
1016680,300239.0948653933
1008338,399171.49594492035
1013503,447587.0439476172
1017421,600234.9269238957
1002996,1052109.2455662973
1009493,730852.2080522198
1013414,585427.0806437001
1001185,375387.7974602056
1010578,359357.0648665684
1008675,810107.6332928507
1015093,965012.9751021094
1006045,626098.4086807914
1017383,1248155.9923046327
1009499,708506.5443215715
1012893,224007.6294152239
1004734,495700.4364551723
1016573,350786.06908180274
1012499,237815.49477074132
1002351,250995.23358382846
1002602,1052730.5001248836
1016472,202169.29381715035
1004259,449736.7277648181
1009204,487921.2821347691
1012405,359522.5044682907
1001447,623742.6625261232
1003143,681085.764153524
1004286,336449.45505889726
1009258,580481.5197035718
1001382,664354.5484835717
1014625,656476.9266391078
1015867,131122.98769602613
1014694,1073925.104424415
1006391,456675.7407350019
1002995,99855.19366277447
1002624,499193.83687832864
1006417,532148.6902221758
1001400,867703.4610336033
1013192,363647.45149055973
1010285,197877.82555852213
1006942,1204109.6368123305
1006936,429060.7063659805
1001203,259563.12410741017
1003515,512902.22770184086
1010980,579007.9440777593
1002890,412678.49121024
1002792,475826.16948585666
1011393,679514.1863919881
1016683,237965.229438715
1007756,318553.218708299
1017237,966969.405986192
1015091,119770.17083999237
1014954,185950.10805261068
1012809,526985.7065710573
1013533,332304.8631729123
1000508,795958.6995850181
1009818,1025711.1638349035
1016156,601569.4478497384
1017373,368805.20269667223
1011199,263692.3678802508
1007262,325551.5669114459
1011727,152631.73820203703
1015270,1063867.5482915328
1014976,852473.3789387034
1007616,334722.2561579168
1000117,1077197.0371273549
1014393,655912.8943135946
1001296,624284.6883311068
1017531,144471.1730843896
1016604,485060.5791174241
1012398,455887.129521692
1005595,834155.2582398595
1000520,318502.60275589104
1005172,1144455.8610053372
1011720,287537.3843674037
1010209,529108.7350546271
1009403,1105906.4264742672
1012194,1037942.7000981598
1006917,420597.6668695387
1010595,508338.40309422475
1012693,187258.1130143409
1012735,523123.4099650083
1016297,561836.8918726761
1010660,373845.95761407464
1002046,260783.55641021952
1001919,294043.0958353947
1001746,90758.71862364328
1001709,1392046.8524043048
1010890,726238.3150292829
1004960,675611.9815122718
1000814,850723.9023921259
1003187,442646.81151501945
1009002,916625.0715850489
1002017,164444.24230542994
1007942,152515.63558093805
1009785,360600.5886901243
1010446,184110.50294513328
1008992,607839.8158625572
1017146,386354.91676086903
1004918,539324.9694256972
1010855,323455.1115920556
1003260,517635.4990064247
1015194,160067.41878001558
1000662,903642.1489083814
1001314,184084.10908195123
1011576,363031.6491070236
1001663,268767.48099375376
1013712,916840.8532931989
1017143,739094.6625164221
1002583,1252073.859247813
1014110,229492.3630993405
1016007,1153834.991296255
1003719,151763.16283363974
1012003,1012062.263330396
1007758,594296.5824363997
1014302,661683.4929101251
1006586,538863.1600550376
1017250,275921.6924260474
1000197,643340.4165068408
1004992,372692.57652909437
1010929,348125.63624057773
1008528,422111.3529105599
1010104,1075141.590736883
1013449,183523.89226088338
1016016,878985.2090185372
1015292,627891.9887374012
1005692,336206.2927625818
1015704,241327.9689779203
1014499,354992.7720582804
1000603,1057691.6113331802
1005294,494375.6678718155
1016255,685782.5097517901
1017326,503648.940839234
1013592,1235160.4002995251
1003247,455629.36560718494
1004794,446776.20878694096
1001761,414821.19944129256
1004330,409419.9697006264
1007657,621995.0662690917
1012899,345868.277489784
1017342,319115.6307528306
1005912,748597.6890449823
1015795,279873.9150570756
1011026,688093.1807623314
1009327,421998.3053192803
1005711,417091.27436058794
1007076,395120.7656060751
1001213,722858.0085901336
1016386,528882.4842932492
1017182,420680.0107589614
1017214,246526.06039690715
1011840,236387.93864419984
1016474,492154.3992009289
1017588,480349.5196489797
1001283,325419.62606960436
1012089,348641.31314768683
1000957,506301.2530447826
1006173,189317.70472834966
1011583,204077.5217574554
1006221,512663.3316998205
1008014,735581.6772357739
1000757,564821.9213061527
1001339,210260.4381990619
1016872,364665.37430401385
1010300,255273.91582586686
1011904,159182.25165849272
1000563,171413.53506518074
1001544,196580.75409263375
1008144,548802.7455841278
1007027,719428.7539695144
1000720,887553.7406245454
1003205,951837.834861462
1009728,555334.1501833847
1017301,368002.4814878634
1016806,459887.36620269937
1000065,363422.07933972817
1011030,453882.26813191065
1006920,930269.9116004673
1006090,734559.8974700777
1012020,100506.32438969592
1015645,517353.6558418825
1014602,946138.935813647
1000899,801628.872184595
1000730,874491.1363068679
1001506,295004.58190107753
1011343,601681.782856485
1002557,342601.42468793376
1006630,1007747.3775193521
1009391,307810.97624793655
1003039,1172272.7002810023
1015796,483680.7193422058
1008859,346068.42921653914
1004297,125477.8867654847
1013473,460092.2186609633
1003322,446271.06070087774
1006379,377484.8216596421
1006098,677921.4882233794
1007351,914869.7527793883
1013166,492762.0593690866
1011081,540302.9915043361
1011527,672081.0168044551
1000068,422716.85269637994
1012530,500303.30789506534
1008419,339446.94989839755
1001954,476688.7304324673
1011515,1411753.8749546367
1016224,950642.4253185875
1002230,723296.1847722417
1006606,505765.0368878381
1012224,509983.6359082841
1002537,110876.89607812245
1006734,604649.1060255466
1013125,1040189.2789455617
1000938,897962.0945954929
1012312,408965.76907842036
1007005,1116774.8277963027
1002276,714492.8876327329
1005510,1344015.3590225617
1001999,449050.4968811891
1014441,240862.6250484776
1015299,464101.87159804883
1010601,761023.790924377
1003281,438964.4390228557
1003801,1201822.8884271865
1006035,362047.303997014
1013705,617082.9525569082
1009843,373231.436965364
1003014,1205000.9882855357
1012437,298725.6674080111
1002332,376884.5421087524
1001038,1112349.9326098475
1016829,361407.18879817287
1006228,449059.4779571807
1014247,203126.35350264935
1003410,318784.22820899583
1002122,274241.28551852395
1008592,525096.1737048264
1017211,285172.34507632355
1005687,507426.4237862354
1002035,484627.92829012824
1005556,486723.7350869157
1006392,285533.32577292103
1010152,1107680.961527329
1008963,998636.7505438443
1011632,454472.3292822308
1006130,1280885.8325721675
1004134,618130.8514332471
1002155,200291.55006157045
1015820,218701.9451368817
1016188,382898.1815153925
1014802,693293.3102963631
1011519,323136.6038842868
1000685,436663.199743698
1006571,296254.0236791698
1010793,708370.4447556239
1004421,806432.7205124291
1015701,1028443.8398496859
1004482,444585.0606503178
1013230,612137.140845396
1000295,266724.4574812875
1000884,610653.0443601662
1012457,364105.7232983204
1003015,245250.31247473948
1008942,467803.72065139125
1012729,368620.77312958636
1008973,303937.3404384176
1013490,586803.0942920464
1012999,801496.2802864638
1010393,256439.116575564
1009080,331353.3816409642
1014080,539429.2696705523
1002400,214568.35880950736
1010970,231198.1524027446
1009919,171717.26904787833
1001465,434136.97848555975
1001068,474522.24178731936
1010726,519930.0546293782
1001686,1112111.9010090204
1013083,655114.225369088
1003926,575433.4614788637
1008741,455637.81487167237
1000660,480492.8849080297
1011219,149993.0341739913
1001332,122282.96914757397
1017198,288887.15708026534
1004959,687881.5864350657
1007773,143727.79284475304
1011570,478903.92066667776
1009272,143377.48872650976
1003766,186101.4809176581
1003083,183503.2607851702
1003444,354194.5905497039
1008117,586262.3882719193
1015614,395446.8532891036
1004182,457017.56618321413
1007184,646423.5474866226
1005745,1114710.3226772312
1010966,665172.0608637807
1016356,246442.88871264446
1010605,536013.4594084546
1015401,486316.0681622823
1002459,259866.66568343595
1013407,326679.2119931783
1012161,532159.4781554367
1011607,174049.01919112031
1003586,452600.5739565371
1009874,279404.2536857726
1006599,730524.7149086962
1017333,703076.5753664523
1006963,500062.50683582266
1015122,753172.1675137683
1002957,226160.58669024173
1004657,348443.2950337115
1009160,453131.9415935039
1007847,458753.0353706299
1006902,413307.3758937847
1015376,676687.0637396883
1014708,394679.9210308299
1000575,283265.3965918772
1014310,174531.96894014085
1013221,343367.0401013656
1003092,321372.4742511736
1002691,416034.88402791484
1001375,1137839.8506365027
1016447,1320956.304275913
1010403,418899.9076162535
1005261,567394.1177513421
1007868,500519.0371364325
1002344,669365.508103513
1000945,535351.577159344
1014243,340112.9521468848
1006407,540614.3244286488
1002111,875145.0356495926
1004581,384124.7684505444
1000459,269982.99444045697
1007222,1236778.2191345019
1006357,1039161.4434389088
1010566,806451.9994766761
1002954,330429.92667996866
1000007,194520.13821209024
1006982,316196.13673936104
1000250,1090928.4581221999
1012703,257478.80761973452
1010702,335766.2792383367
1013749,1380166.3917511
1001291,652482.0076403356
1016991,1091778.202605842
1007267,468656.1058342747
1009025,232924.44630606452
1015076,1226370.2649004038
1010020,346561.4158228771
1009855,813509.896089826
1000976,807069.9007894367
1013987,974275.979292927
1009057,237185.27083209317
1011971,552527.1464524391
1009501,343441.8525529296
1010664,775239.1173989064
1008933,1068765.1548813446
1016710,436584.50319236406
1011876,334110.43489060306
1017419,421878.03142353473
1009162,474866.08630793216
1008399,529010.9807202717
1000145,136118.52749571175
1014838,264383.1577434177
1015165,226517.70308094815
1004183,805047.3510800018
1005443,323941.8238626359
1012363,583717.8213845646
1014774,643874.503844298
1005822,911436.527328416
1002944,232748.69531181364
1002682,847786.0920168974
1003146,244220.7076578989
1017428,594762.1791038793
1001487,759302.7354137099
1005717,639849.286253308
1012917,1124285.4806575887
1011506,965260.707266429
1007659,151522.14231686847
1004261,301221.3071498483
1001832,401952.99603517895
1010463,888069.646314259
1000331,1255692.6137239863
1000692,276754.2903348178
1001285,484331.21349789784
1010417,700472.1187770971
1000760,979454.1061583156
1005554,1266872.4973477712
1009470,283677.3491780133
1005656,177532.55964704044
1005380,682390.0164425267
1001885,796285.5772176217
1016318,495739.2951901741
1017416,454641.5898751184
1010373,680778.5645001371
1004977,166461.46067951617
1002178,239441.8806527874
1000933,145605.39477493177
1011979,500407.0389842261
1000466,715879.7942499402
1006030,383757.0694617829
1000244,176132.36552078283
1014402,875206.209279042
1015832,765035.3452723563
1010678,766857.8806536748
1006205,654829.3385749507
1001807,524249.8278945839
1010805,512136.62473902764
1007371,266771.28062067664
1009456,237614.98695228965
1012942,451408.5666559761
1013769,1158166.8891423086
1000840,496308.030309522
1005817,550279.0168301609
1014811,1059105.981307558
1005971,1289291.5782286485
1006352,305658.2697118355
1011641,828399.253959922
1012849,193485.5581023369
1005447,1091631.6442621592
1002328,177220.93043628652
1006137,498650.2500238241
1006011,838127.2227888259
1000279,711713.2729315214
1010507,859777.2897019312
1010360,126524.39537240667
1007229,1156076.9852518993
1010962,435255.37438628176
1014743,324388.87841898546
1012560,1184925.5214660347
1017161,312721.47333401535
1016492,121416.11938003621
1004544,398835.5677507499
1009586,404029.1403927711
1005850,482731.6637778742
1007800,660556.7833250901
1012120,230233.33744922248
1009423,344829.2201661192
1003048,1327614.3639999288
1009758,872210.8957848998
1006252,517606.03732875583
1009440,720389.9218245973
1006198,614230.338564396
1001310,470816.50190192054
1005706,263175.59116440924
1008425,648802.3012080293
1016381,185700.38531722425
1002229,361888.3965369338
1017595,480954.3287211258
1012996,600184.717996352
1004680,327764.3219455512
1004762,1270997.3897493868
1000144,652204.472770825
1016232,257284.9216772667
1016642,514922.24730844743
1004801,242917.46626685958
1014630,887474.1805584923
1008665,104570.60953808237
1009665,565911.0749548422
1011705,504841.660182649
1003223,510589.38411026757
1003543,168738.50831659156
1000348,448043.5182534732
1013827,520242.5890854218
1008433,293242.17057584424
1008560,608978.0031407826
1016476,764678.9877911904
1015977,432379.6835790803
1010416,542992.4298901588
1013799,994253.6332121154
1012944,836290.6939056787
1002572,904785.2435724525
1013598,1056504.723991537
1009351,402057.35404454224
1005685,459512.51056788076
1009842,539535.3775142943
1016322,182488.444154799
1014282,316107.65606427717
1010690,480715.999371769
1013444,1135500.7927167933
1010560,448743.09456004336
1009281,506901.95669734024
1005716,120154.44646534855
1008380,592226.7004305219
1007004,141309.9726530081
1013840,425621.23101739964
1002783,305128.33271574724
1016235,845795.7575689523
1015538,373504.48490286246
1002630,279446.8749876024
1016956,671581.2351411552
1001169,545366.1860498473
1004519,330421.5142395852
1007453,214352.6374228679
1003541,556912.6602775711
1000715,126320.52609918264
1015456,247034.03356466227
1014760,858551.5803268653
1002463,629333.6272719951
1017545,791575.9867440666
1012833,640665.3061286852
1011127,457366.07300832804
1016741,941019.8401037322
1006699,442236.79498167895
1004595,905335.8826728638
1009607,749916.4691035831
1017509,353451.1886762834
1014815,388486.9296670968
1016276,270790.2981510175
1015506,472257.8036466501
1012051,642154.4095577162
1008200,771943.7752707327
1010671,172031.34805351292
1002081,595108.8212020268
1007442,1325292.0694762873
1007283,1029240.8235638182
1011048,326317.0980461424
1012997,405091.1258144492
1013307,1273691.3951610837
1012162,524485.0792205408
1001688,737259.7339778304
1008030,601802.5221639909
1015357,303967.6899827121
1005975,270049.3889775489
1009524,739655.1891195494
1000366,466678.74822499766
1017363,1286086.9074331506
1010900,412715.3467243807
1015887,410173.76768452785
1006956,293487.4154110666
1002806,659920.6210576766
1002363,789912.4107391685
1014406,260151.7712103776
1004761,754135.5570828174
1014652,343728.2870351717
1002662,554681.1658550679
1009084,146044.31087608158
1000170,444844.7213248589
1003786,848995.3101233002
1013016,1017752.5582678504
1010883,502481.1037741851
1012024,845333.9349967609
1017505,616871.7604233272
1014706,915652.9370616538
1010846,1066639.5255544027
1007173,470104.0149389015
1001808,861807.8161639542
1014204,252942.44135380085
1009588,255517.8528353814
1007434,900182.3594822169
1002259,598744.001750513
1010639,505597.0169121299
1010256,331695.0808297053
1002131,1200472.7763442544
1014383,390751.707970445
1016487,309794.2757172923
1006242,160664.8172447075
1012375,128555.80041818277
1013930,1060068.0152172837
1001313,665398.5309129918
1015080,191478.326044954
1002244,373224.11892117764
1013992,363885.8323777875
1004620,191019.61827688088
1013263,632149.3414281827
1001605,114706.6479876398
1016832,685578.8012708928
1013177,902083.2125730467
1006081,333560.0286464793
1007654,243663.52628391766
1016751,974758.3093346352
1013295,354681.920156674
1014699,514766.3927412378
1015910,1302293.8051378133
1003133,505691.6229109785
1015199,937104.0604885021
1003997,282305.8022402203
1001502,1199458.9279758197
1012923,1350305.3144558766
1004591,679439.9582782154
1010627,228759.6907946158
1017230,240667.2893954343
1002510,991949.4249376752
1012403,360219.87708206
1007281,261449.65485958755
1011314,504508.20801393216
1009664,655552.1905554801
1005415,510508.4094784959
1014446,331047.43454767496
1013727,550966.2228971615
1006740,849458.222257211
1005625,263642.5566194081
1017536,467925.5351706853
1006281,485231.21488198877
1009968,870329.966068636
1013883,212801.4655280021
1015123,1263587.910623163
1005474,597539.6967776126
1009638,526929.3035779225
1014403,722560.9468989975
1002380,297790.25607563206
1005758,518859.05842237704
1007493,180932.58776822675
1013889,664984.3892610171
1009768,467268.7290780556
1017401,392625.15313318116
1000607,242056.2028598389
1000629,337629.7481510196
1002554,455041.36340816
1012238,582809.5912801559
1006700,277221.24209121754
1005441,569410.3816560999
1012044,292164.28657461
1009687,146045.9972826859
1004224,1173119.4553375752
1001489,491979.8343235731
1001821,1058974.1024949157
1011981,169180.7127151392
1017261,201138.91769258725
1016754,321729.55336786073
1016931,225752.06081446033
1002049,342487.294714799
1005016,365354.104019962
1000896,169537.94015913262
1007749,727310.7007651911
1003169,481538.7708336096
1016591,255601.9120509145
1001262,447464.65746155643
1015725,734330.6236554963
1000753,354577.65411340183
1006986,110969.29031507537
1017337,1080246.5414141545
1014206,223155.63120893182
1013386,274737.5544039186
1015618,911615.0831412208
1015716,198836.0065422804
1005747,1207677.1766615338
1001517,361396.27733948507
1005348,325871.7304768348
1009111,969405.3768486733
1011947,1198481.4227407393
1009159,788262.1892560545
1012714,600783.8541614655
1014411,239565.29714478998
1006997,690812.4280027543
1016164,415274.84541114536
1014480,414480.47010190296
1004789,471873.62050860195
1015622,286532.08504594484
1006620,436612.19795895636
1013777,1244154.0022915967
1010608,376201.7290017131
1004169,518220.2447167415
1015896,759932.5461765728
1004593,805615.0603813899
1006524,1430747.0944326578
1014208,539490.9900932204
1003856,360663.6711449123
1005354,456802.503935527
1003398,419256.109346105
1008028,386662.31980009953
1002670,1036072.0655567863
1014813,755584.4600668562
1012823,716671.0841049908
1007714,809524.3909031585
1002991,834607.7594110111
1013867,418811.50058563944
1015375,520785.91209946026
1007426,1179436.3749786816
1016249,1153634.6887016722
1004655,1108949.7617727793
1014340,141132.74105176848
1009899,414426.1127340605
1011374,1048510.8965562885
1005451,366766.006104609
1017257,401850.73185856326
1017441,391623.06133602525
1013651,347192.5868617981
1015527,310325.67551905906
1007955,396113.8868870723
1001681,189236.94771423793
1007844,670304.1648953233
1009604,293990.55117202067
1008499,143735.3844945481
1012894,344496.6869648102
1008462,434642.87146430573
1001221,835443.4672452763
1002675,999011.4244417553
1014346,270937.211891458
1012691,113892.12432162174
1008759,644677.8061944648
1003234,292298.62256193743
1016691,457687.93682332546
1003408,998327.6750288747
1005306,674884.3983963035
1012512,338899.3049942488
1005830,380782.5048659426
1001931,133681.4159804066
1005319,1259633.426440582
1016841,558353.49955621
1000594,382279.91920778586
1014790,207829.54471061053
1005957,439899.19617283455
1001619,497789.39750572393
1006113,840447.0530050405
1015412,973705.1050481569
1000845,832001.2641550798
1010544,432413.6460967066
1005985,748192.4987945548
1004414,332392.52036076266
1014750,744984.0902798962
1010559,967406.1925821124
1011532,583129.3151498385
1003922,365410.10730199143
1010474,243773.56808865228
1013656,1230982.8053930786
1015669,781195.7318627161
1003542,1339227.7145591888
1011161,413909.99682208814
1002700,404772.6872569659
1002301,899449.0534957271
1017446,379003.0898739464
1003244,228087.8286172719
1001670,270475.73929207306
1001822,265835.37697219104
1008789,226387.07384715634
1002771,584121.9431849672
1002744,485249.6640368228
1011238,435788.1706080797
1007219,235119.20211572334
1000168,664491.428442778
1014944,681233.0613587179
1011628,878527.1451382686
1009024,286089.3913500618
1013487,404630.7291425331
1004335,176987.53405800025
1016114,689899.0102152948
1002207,838760.5229801569
1015090,1261316.5507224435
1010460,491715.59454914805
1014307,146124.04938111894
1002377,485229.88687336224
1015425,589859.3014515096
1000613,784357.7843906016
1016550,440524.55989304464
1014145,181325.99213084075
1005342,531086.1399597165
1007328,457237.7038488261
1013835,1028155.514857835
1005088,1257136.79921758
1007590,151741.2311469434
1001603,436090.08867585857
1010831,1161386.1944836322
1000554,293512.171097672
1016352,202128.02596750305
1004695,422842.4820536961
1003564,289693.21076098754
1005019,1059652.9575794549
1009464,696597.7980238453
1017332,820987.0041291019
1013347,214503.72343811046
1000107,567775.4977380009
1002280,494760.6651586057
1005297,501202.4695376359
1015709,640730.312333102
1010359,1215186.4571607658
1015238,139790.74483772324
1006516,409661.27763805917
1001466,331784.9369999711
1010230,559376.9284939277
1005561,235570.82681893586
1004341,1122237.7945705766
1006326,342413.7141384157
1011695,308498.09261340066
1011990,1002920.1162797563
1005410,204235.7364786454
1007035,423659.67517490935
1014568,755074.2007668811
1013092,1113605.4016009914
1011490,366021.6304476061
1007345,303939.34553969954
1007435,491606.24370338646
1013669,1026587.7577357191
1009178,565182.6862583052
1015927,528574.3686007053
1001898,682804.1742107454
1015741,817546.2560622725
1002330,647120.7387187544
1011896,888424.2916489874
1001508,223985.60447112768
1013664,203396.87752007018
1013445,482874.11247906607
1006820,934296.2372063611
1008735,1103573.5763529437
1014981,362666.49822543946
1010257,407225.2468252219
1017600,474265.70970965887
1001096,583174.58021154
1016479,308740.04780091083
1008970,860787.4786444687
1012733,627835.3523442489
1013484,134582.40600521571
1000916,774870.3418513526
1008771,548697.5971005053
1008226,543797.4362094036
1010555,1178892.9405530256
1014117,244294.87621809766
1017284,938291.0688281285
1005176,227522.3964399862
1013523,500016.8498350399
1003648,1184186.3135088051
1015846,816412.4094203184
1003047,700303.2207526116
1013254,696554.6572818916
1008847,231971.24100717308
1001914,735199.0553619586
1001856,465784.0893554957
1000736,389019.03378435905
1011502,1032791.343696208
1000443,759529.2288608109
1013623,612929.9704421234
1003449,672280.3227494496
1010338,154627.23287116698
1010251,436821.5156341031
1003312,686405.6181580069
1000729,1264850.874827706
1010266,518203.6203128297
1011309,413149.1593554223
1010305,382218.97050574643
1017331,362102.35283468454
1017507,678953.683793856
1017521,923845.9481718822
1004542,1130468.6423116773
1008406,410606.6100136265
1000355,297006.97495683486
1007175,467992.76261079725
1005712,302963.02700088033
1007842,266904.97021846136
1004649,233289.52057761303
1011499,926331.7119460485
1013205,1265693.17336942
1006825,234969.82190053628
1001915,1054475.4696757214
1009753,575979.5611635384
1015173,392945.4146606814
1010402,440970.8116749391
1016728,852342.4606986097
1007703,709260.8269639366
1008857,299532.5127221459
1015913,265713.34579237236
1016166,179889.37384786445
1016834,936731.4102349585
1005388,409118.21514241525
1012209,547759.9610371809
1012685,610365.2132079058
1001416,731788.7653164862
1001276,223901.32330657393
1007382,407988.4309577519
1014732,441915.0184971292
1014164,1160836.7659019448
1001658,510896.58061965654
1011670,441115.4520504733
1010092,940316.5550530436
1002893,848037.0425688864
1012298,832186.9955643842
1008139,375715.7556932207
1006306,771078.9134010226
1001225,1273180.5207625797
1007211,256391.37055924223
1013332,479872.6440730699
1016187,307078.742937954
1007873,750850.8734991027
1002607,154588.45579986935
1005543,351680.12357099395
1011125,482580.9581461447
1012019,861169.8065981251
1013265,340261.47673358006
1006594,1388297.3894480222
1006398,414597.382493041
1003744,776555.4375187657
1000441,854708.9726020859
1009788,156236.9358885098
1002574,995878.3693386922
1007056,106840.87374546891
1015162,387692.0112923856
1011209,1018106.1674558343
1006446,550376.2182285463
1008784,587326.4450896931
1008884,512648.5652063373
1009182,1263998.7794346337
1005644,436759.3388302817
1003738,341599.6026325257
1010668,586571.0352938882
1006054,367087.67518383474
1006032,209427.00466019148
1002663,460596.600645645
1000440,487953.4335442533
1006432,302133.8932436836
1016321,335385.03913315135
1011064,500228.27350819873
1011024,566330.0546274239
1001083,757834.8501281088
1017199,570879.5053648822
1012418,608953.5414344635
1006624,374336.65264127625
1010336,1124461.102197047
1010657,456439.0474898131
1015626,304104.5233947457
1001012,808513.2382532059
1006219,284760.13285897067
1011977,1014661.0377688038
1009022,417188.94433594606
1012004,222870.59844750725
1016501,501463.22621833486
1006085,442824.7713344178
1005111,776126.1202328758
1005419,579085.9374505994
1015888,1075109.0630563938
1010705,1294470.7293486032
1016119,722790.0185879514
1008733,327364.4206896527
1008094,202765.51132766245
1001481,121252.0887139038
1010795,265209.65522845805
1012911,403220.59264619485
1010344,241920.0285512336
1009393,352663.3969160542
1002479,1097941.594769113
1009508,996832.2692673622
1010250,1142579.4505875178
1000787,769417.2627291699
1002446,673282.197294958
1003203,304698.7747690818
1017202,629527.0997703132
1012898,446572.298232218
1012545,348043.1748038984
1007365,359577.6053103204
1008517,358937.71272330644
1004188,1013307.7557606051
1011462,1180818.388129063
1014331,307802.2047143037
1011657,592775.7114966443
1005377,371726.84901730897
