zpid,predicted_price
1009018,354945.4671828306
1001436,675759.2181428123
1010988,278446.1890461723
1002184,427096.591123619
1015717,358343.11748617433
1001346,936785.6870645254
1006728,331409.17662922293
1002644,370511.8546888628
1009198,762336.509112593
1008339,532635.5574942392
1017567,480768.9393072747
1014281,658358.2473369974
1016770,723405.649106124
1007599,548410.1095512586
1015766,185860.82742935125
1011268,653842.2024666674
1015728,409372.16538564157
1005910,352564.50674158573
1012305,164161.87411617363
1000209,390461.3152828968
1011855,662174.8548693184
1012252,356817.79822000454
1010211,307521.63927488145
1006401,405729.3723103733
1009723,549209.1696946784
1013941,758270.437267346
1016219,655536.4823600418
1009350,514294.8448442055
1005071,455547.84292281285
1010399,320699.89159456955
1013189,332710.4003490074
1003138,741786.7002254761
1015723,276159.50295312
1006247,535690.6951133676
1007478,817483.396178063
1003685,417641.5190698862
1004764,211687.20830215284
1009233,491368.0635059325
1010893,326228.8719063273
1012091,523750.9101225033
1017092,886027.4793331831
1003069,258551.42284569753
1012178,234543.7415094318
1006136,279820.4500783982
1003701,341918.66422405647
1002491,375130.5609755947
1012167,202565.49027914356
1001683,418185.3471818762
1006785,434330.26999183523
1014002,180924.28837608715
1004666,491567.32895600644
1016954,624948.641437772
1012772,433456.63499074173
1010688,490793.97274247603
1012968,521275.5585798945
1001415,628194.609445499
1011748,480650.2605568731
1007073,362167.5541185484
1004221,243884.00448716833
1010651,737575.1201864063
1005362,278794.9229217882
1012256,265838.73218553956
1000135,496282.03659162694
1010219,334699.2143375475
1000261,657155.599595975
1003779,474938.78841786797
1007814,549580.0431792373
1017541,269183.543836327
1008693,193840.88000293903
1006051,557025.7105520561
1012475,455982.4937659856
1010967,709475.7269891843
1010153,361292.61447452236
1007854,458317.15826352284
1001543,294669.5450728914
1012709,379397.69619031856
1011522,464116.1367004649
1010467,482770.218384809
1016019,574213.7703027303
1011087,471835.1879833981
1011360,167358.92410780716
1011923,328062.4613671353
1013380,581020.2282097867
1010592,425702.4767239781
1011882,750668.344462074
1012814,617263.3121698657
1017039,373459.2663012147
1014089,420520.09057177545
1004163,447653.55582127324
1008400,359791.9651820308
1015904,565978.5733968397
1006975,534392.6165371403
1001501,381133.07928309625
1010533,630415.1784001193
1007574,346497.82616685674
1006887,391212.19788015535
1007117,687014.0339319102
1015872,739786.7533451318
1000949,610596.7738013101
1016984,277420.67947264895
1008493,612216.7292323299
1001066,363344.9462866909
1014890,470253.2038882909
1009150,427736.13354870974
1015445,677439.2834072843
1003773,595588.4062747909
1000521,637294.061355956
1009827,564645.1683194356
1007448,459124.45385415404
1004064,614139.609611165
1013351,452538.5481951321
1007934,1071797.9194008918
1005772,885167.2096350305
1012467,662174.488748861
1009678,734727.6797352927
1003903,513616.9906688071
1007368,391179.19961318176
1001019,338136.14460754325
1015956,702440.1725874578
1007676,832215.2440813975
1003862,547775.7853175191
1009421,412321.6789883792
1008790,321613.8878244351
1016222,228202.43441627515
1011510,324200.1094191791
1003760,453123.30539945135
1010095,547437.7173394017
1016848,608815.7732514325
1007981,525012.4030773017
1001863,590846.3941518111
1017279,491681.61103645194
1000210,683286.1409831123
1009220,500810.4741541979
1000670,917830.5581323932
1011975,326361.4866111207
1009650,408726.450039372
1012244,441300.7935064735
1004490,772104.5497396827
1008783,511446.08548344916
1013050,296500.8862204457
1014078,794581.8254326972
1014560,701769.146239921
1011972,597993.5600435399
1013813,205172.53172661393
1016790,421639.90033997217
1005284,268361.1336466307
1013954,341090.0496537901
1008243,679255.7288368435
1005551,613081.5349528199
1013022,249668.40383621928
1009326,323460.51632213715
1012559,287173.32779048994
1016326,287009.3070789269
1001392,435622.09825977136
1008539,243762.8706917157
1007707,434532.58680346824
1011195,320116.90877537534
1006858,157364.99695947382
1012325,481619.0946994467
1014033,448509.84664929635
1002285,570345.159756876
1008722,464608.1901281715
1005675,353913.5145268745
1000444,247299.45843754816
1007793,504579.84059618786
1013869,377265.6234039225
1002067,496302.07549502916
1000680,531879.409513786
1014261,190738.85815155512
1002004,332209.38601820555
1014357,341959.91231724387
1006564,332556.43189493945
1012486,480979.2901517554
1008327,292882.8574862947
1014927,485253.0298171983
1016358,384620.95667367504
1004321,451370.49004270736
1009489,419055.12640312157
1012778,315518.0160632518
1007474,502295.38950117194
1013121,499725.80544096703
1016128,446421.5656516424
1009970,315164.25095967256
1012507,204844.24656901383
1003514,538206.5182880518
1008680,418534.9892856526
1001048,710721.9320949693
1009306,710324.2751117008
1002808,338212.2121467084
1013767,644708.9771540224
1003098,564543.9522011868
1015467,677643.6325694555
1000732,488684.11408092757
1012332,482333.99773613893
1016463,331490.99922446243
1008306,360791.7546088021
1000082,661179.9451681174
1016942,395472.30526550626
1005131,187380.70329041284
1012116,522962.1995704207
1001352,446071.88005375944
1010888,813303.0643584793
1016602,491950.22995793866
1004492,368471.0221361335
1005418,623038.7530983476
1013371,374868.5202509699
1015183,412800.026144643
1005090,319780.68213075976
1016445,329060.7369519832
1011665,931964.3624294468
1008838,537854.36335534
1008874,751190.85838518
1012856,509647.56373104133
1001188,444379.6261767236
1001187,481315.5418777184
1008604,230781.64784350278
1014429,296657.0005490633
1002847,668233.2463807259
1001025,557621.0348208941
1015817,524468.890110271
1005642,368205.84275974677
1006378,807483.7053938411
1001069,389955.0940986539
1014222,319305.7140962416
1016125,543074.2155278339
1002759,388318.0941702646
1011156,624992.5571945278
1011969,363376.33023583516
1001545,447943.67276290484
1017127,381559.43560088496
1002355,371372.6947073502
1014169,433785.6097502355
1008570,339750.2057288954
1004005,980618.4071577982
1004894,509418.2494564377
1012897,545773.6346126276
1003477,396584.67844599404
1016230,554591.8808239077
1002997,351617.48307174526
1009934,319680.0250295852
1009074,521902.96941525384
1017484,753490.7123472594
1008101,797116.8449237477
1002220,493216.3730733528
1015864,517655.7064249778
1014237,763490.5893254996
1002982,507772.81097926677
1009718,1000328.2105089657
1009757,532716.6546613903
1006687,847074.5576343959
1014726,174815.15198953517
1002009,244365.5165794434
1013798,418046.6264184897
1017131,335613.15941210027
1007602,418674.72971812036
1016980,724445.3095293219
1005173,460398.0409363472
1016941,375620.30340185604
1002924,548285.4239053227
1009576,168982.0669008966
1002851,286317.33399928047
1008706,625848.3996062318
1017475,834342.5847001883
1004393,245353.59824829487
1009382,851639.7448600415
1003761,454744.81684690854
1010699,468536.3421308265
1013530,521510.4643354367
1002399,579486.0781575853
1015545,649749.6180038404
1008940,687540.3873628633
1002871,305101.41732921876
1006334,273459.10357657715
1010723,396895.84128526977
1014722,297426.1226271027
1004260,681453.0235448828
1009453,651242.6246584575
1002785,446040.89231249836
1010931,412758.61346770456
1002958,423098.9929538374
1017144,344582.6505801728
1006265,300050.0082987634
1008271,629863.6601730386
1006945,423516.05763323564
1008172,593867.2735507007
1008449,516660.9750214177
1014495,518396.0766692176
1011614,595207.1635374604
1009895,421575.48584625364
1010979,496895.12567133026
1008507,275431.3008298764
1015957,553254.2272283384
1001535,280789.9885928005
1003583,765152.2417098713
1002687,481087.0761384034
1010112,624720.1673909297
1015560,525180.0899997609
1014494,474883.42729156185
1011340,443536.18254381965
1000258,222147.97272443943
1003971,763181.2532666731
1001035,570522.604440686
1010408,379831.7623876813
1010056,616126.6707215324
1009680,353966.1264102227
1014770,414180.1732057511
1015729,322683.1936890563
1016113,384860.84688351804
1006018,396677.4699015571
1000288,460450.55286281364
1005715,216672.04753611566
1001051,605995.0172513569
1005120,875440.4113873318
1016506,462070.0689491425
1015788,718769.2681284663
1012567,527307.3138285264
1005501,387145.90666287777
1015647,302484.14115846367
1006683,480258.8444009474
1010920,531563.9747788234
1008340,553994.266550027
1006967,640530.638686177
1014171,474985.3911419642
1012701,664400.7887567444
1000794,336170.7935986304
1011295,319679.4440639095
1006299,259558.7014249857
1008185,935094.1603950056
1014147,618587.5281168374
1005204,423523.5938301933
1016261,490716.05379709403
1006263,463157.6028077096
1015917,252980.44365761944
1004785,659599.5917226621
1006505,325642.9757297275
1011258,397345.91368672514
1000552,506088.669124913
1014923,294594.5867393259
1007880,550208.685735962
1015400,493740.043426498
1009180,524474.1692814926
1013396,539852.6781465868
1001661,327779.2735347222
1016813,475238.8338395325
1012556,311060.209355676
1015223,386603.1652659158
1005332,694132.5066076695
1004594,851130.684093926
1007812,419512.22316206375
1011192,948699.5981324171
1001841,410210.91722531884
1008180,421994.06728311785
1013870,624818.2807055033
1013079,359383.52132502623
1014975,421065.166724092
1004098,395187.38630765135
1008774,1133571.8368430918
1003191,585690.6480907296
1009068,849062.0394913219
1005009,480140.52528975817
1014303,717534.0036255837
1012081,602288.643458724
1012925,343347.1906596581
1013875,522833.91748733725
1014159,206308.59068830666
1008231,495016.55951430177
1000863,228994.80720022213
1004737,568238.540992811
1000902,506912.85276933113
1013830,443045.8130071858
1004371,599038.6660005884
1017294,848484.5633568959
1006380,536887.4974570754
1008036,513864.2014533792
1004739,432778.65440644184
1000942,548130.9256339397
1002715,362470.98521472426
1011741,478208.251380272
1011496,784571.3486440333
1004442,341625.57689446176
1007132,365385.1766923637
1004358,418211.61221504177
1002891,484386.45053543366
1013353,218567.10423825606
1016443,468364.8258791405
1003231,333367.81104328093
1004702,455088.17720612464
1004229,236399.63951613093
1004015,429633.38049457996
1010572,328824.52513677196
1001996,593759.2296502353
1009722,343703.0634925046
1006989,709807.5133326926
1005792,304147.3343643255
1002780,334982.3919875939
1005719,299718.2938423581
1004866,680668.1972066414
1002711,368445.78950394015
1016401,485638.3409477703
1006179,517092.67442972097
1008557,224123.37499032912
1008723,523907.0312208596
1006642,520830.1739821348
1014450,1006535.6484348472
1008241,753986.2330955152
1006578,731418.3994639639
1007052,650320.738185903
1010958,572581.1230601734
1017573,371226.83273349685
1009439,484824.4254991227
1016274,413749.658645818
1001137,393763.84076973784
1000215,516221.9801390867
1012285,483789.77576557227
1014276,697022.7580273867
1013694,867001.3160034602
1009251,462561.18677373114
1009481,536146.3647175668
1007043,648453.22213585
1012141,675100.9576240386
1009059,532013.1243316393
1010871,525571.9721018673
1010325,470879.38411093113
1001892,486694.63621214236
1008412,623523.4849004549
1008786,409622.9176898794
1008526,771477.2045135433
1016026,328342.67418961495
1002297,229522.59182349642
1004564,344819.4791372629
1014921,465998.4888038663
1009380,654385.7385379113
1004882,278622.9869600948
1012888,400316.7602831397
1000091,724946.1880073132
1001235,801011.3250173103
1010006,333414.0508509638
1015990,271398.24546121963
1006666,457256.58257500443
1008012,516237.6462282605
1008022,407539.63267203677
1004670,461044.75025498297
1015794,1188550.5960956933
1007937,440802.7265893486
1010420,523892.1961805691
1003255,484013.74854534864
1005572,470911.5776295026
1006587,282351.48916066205
1004933,512666.02771958587
1015849,321386.811250888
1004704,199982.95244096345
1001633,677687.8781433131
1005861,914679.8448311422
1013674,464170.4475127203
1005528,430856.2128997651
1004555,1101739.6281420582
1004559,622572.6674271451
1001159,235516.28107879084
1000193,494461.04975729797
1009611,491133.4510495688
1016068,374091.67803705786
1014111,543786.8485656319
1014140,466635.946807455
1003803,444818.61318070436
1000474,532613.7970421585
1007635,418032.97387374943
1000666,799416.0331771814
1016664,387163.168168318
1008787,560074.8307969329
1017418,312931.7308257192
1007575,379131.4411026288
1004543,310750.0168109042
1014053,842098.8016681648
1007087,598139.8306231841
1014764,292395.4029830447
1009695,361618.18200468965
1011012,210579.24056270564
1003139,616920.8716400212
1013646,354832.7322434914
1002770,277112.71470711543
1009494,365866.6958604876
1005359,299105.2759585291
1006824,489241.38252633216
1002202,440750.23555107834
1001433,442377.92520365707
1005438,883493.7456155655
1016060,299474.84971119364
1014376,460863.18578498333
1016690,458611.4110354732
1002392,668253.0351949583
1010672,266291.83440050425
1015019,376292.522005842
1000460,343223.1065398405
1000792,512181.60762685264
1000266,384812.79476407263
1006859,408748.4679217752
1000477,678786.836396514
1005860,459764.2682786904
1012946,560733.0178228864
1011005,275706.73908518476
1002483,307433.9319970892
1005505,435178.21502672875
1012215,405933.4389762212
1008248,300009.7824864959
1011694,444594.21654155286
1001453,360227.5290667961
1015557,656666.9711514702
1009299,489154.90381817165
1007012,603823.656116458
1016587,522126.5463480366
1011931,560009.1065232381
1013903,295772.3098501654
1009087,201582.22982537953
1002034,452916.0038891652
1007116,778348.1328381534
1016130,864840.1773824212
1009212,443949.69020128396
1006644,584630.6865848518
1011738,467984.5675896942
1004363,389305.3455904993
1002428,585043.579804042
1001088,614351.3943806149
1003238,399400.1482316496
1006042,387281.53323652834
1003625,750698.1409553543
1013363,530192.1433565408
1002015,911866.8749041731
1006408,311068.5460538865
1001411,907354.959955617
1002762,257391.75533477744
1003285,485847.0489817235
1016938,451461.9306838837
1006078,574602.3898258184
1016115,359883.1457142157
1000882,415095.80714256834
1000929,613960.3700402374
1002799,553549.848886681
1002815,454294.6254830321
1011371,938784.4218255578
1016625,522647.73428283544
1011574,294804.7671306832
1011936,452009.2812939507
1013730,323701.1786112635
1002143,316258.604388338
1011452,511707.7798409714
1009384,531014.1393870336
1011071,493380.3228386418
1013508,751384.7486050272
1003833,466108.9298292953
1014611,438319.42372816085
1002336,619605.6390222786
1000631,611319.958991474
1001374,808327.2216186003
1012570,480663.47300541383
1003032,404715.43359959795
1014027,150979.27688762915
1015121,327907.754037867
1010746,393021.5147582684
1004907,563106.1635014769
1012477,638278.0526023111
1009751,533502.1773375213
1005212,395062.96588112094
1004911,524579.0686683786
1001059,319521.0240648342
1004650,503278.5858932426
1012287,706475.4639142257
1003965,347081.1781758839
1009684,468245.9180564114
1006603,318408.643276442
1003574,360930.52754676936
1012086,799247.787454034
1009892,390130.9643210039
1001697,1127153.8569252046
1012929,779617.5932652842
1006823,433364.5141934263
1002419,508061.74440978275
1009266,843982.7934342237
1003575,612091.3920234836
1013746,481179.50212668924
1015919,801540.9350968838
1011481,459352.4970660435
1006726,316603.8173840137
1010531,617704.3710871288
1000604,956702.3100383651
1000601,855573.6861806058
1017020,203381.69035694122
1003117,361787.1340840661
1010985,836303.4381155641
1013934,405382.0492125939
1000140,416184.6542881357
1010207,386105.2499013085
1013666,661978.7232772252
1013972,574420.3524358183
1004121,422726.03280304075
1002456,442079.92304102855
1003292,218635.31155501766
1004387,550628.5644140259
1008853,506036.6382788331
1004437,283253.99265742465
1002272,675508.7272944283
1016387,1080699.6908537282
1000596,546315.7233230494
1010329,282416.6562900014
1010762,550465.3710836862
1003762,245381.33121650195
1011825,506468.867116392
1015429,532648.5142871853
1005408,380725.503503284
1014570,518159.78295412986
1005024,177560.3347453826
1006597,482082.7705946051
1017510,463828.97160179913
1015370,973138.9009911143
1014556,542260.9413567632
1010108,759204.7578809551
1006184,444166.9074893395
1002171,285289.70420861954
1005064,359021.8477205498
1017434,632738.7405460712
1004351,283034.72543851344
1000510,450999.1209179142
1003834,366841.13045553316
1016859,929391.3201116141
1012323,461806.69855024334
1003383,362148.8439782176
1012009,420887.49260220956
1000039,509643.467541575
1009764,386280.0476906572
1006987,427596.9565431864
1009598,215959.18309460147
1017394,340118.8148008275
1009333,412220.1511287662
1009865,504776.2853972532
1014258,645967.1715822888
1017356,653583.810834835
1012182,484919.2413632283
1005691,345278.2532209374
1003976,1005524.8713571529
1006971,297738.6309229966
1001128,840145.0748920377
1012895,449374.9280380367
1007070,403679.19351128396
1016837,515330.89439298195
1010190,384194.4910972033
1004815,863469.2341422128
1010916,600494.7125187056
1011136,667191.6543343216
1007306,667361.3056388432
1009341,472223.7548042371
1004204,658142.3596742653
1006894,813736.4576541481
1008985,736706.8237977744
1013456,643060.6574715357
1002179,717096.1597984552
1012926,749369.790222516
1001245,229492.32881546346
1012842,684393.7464837579
1006940,863576.6400688034
1005827,333847.828249306
1016849,629273.0184520405
1003931,562479.1547503872
1002543,822724.3460566291
1016933,285618.3874942269
1012346,399149.61680965906
1001439,227853.77631898128
1008593,569478.4551639092
1010352,579153.6617291475
1009007,312188.5906803769
1010663,409874.4320227876
1014236,468825.241444711
1012447,292752.2711982178
1002393,472708.2226353288
1013817,433591.65893168113
1012169,322650.7439026805
1013462,356324.3859849975
1000318,197198.1243905895
1008603,277998.73973853723
1016279,409124.17134778417
1000496,527722.7938059109
1001421,286848.8838038526
1008833,682056.7058169622
1013397,502519.217746241
1008069,289093.12107954966
1013274,581984.0480418714
1012371,334568.4492319559
1014573,570717.4580307328
1006458,589414.2681620785
1004065,454220.91987132194
1000392,408224.9676108269
1007965,479094.43682235514
1003649,642924.3481533128
1001330,765359.9827577908
1013356,458182.650410664
1017140,518362.1618316141
1008806,432161.6391247828
1009965,340627.5864746323
1012111,356899.5568896889
1000191,418712.26965211215
1017110,493927.8779896897
1002113,603234.4018565796
1000663,414181.16245821223
1006094,502733.6232532024
1013277,380241.47484031785
1012935,313895.81001370226
1006120,609202.4093138577
1016601,682057.5516740684
1008890,498660.8909827381
1005972,557165.4453769115
1008897,892750.2197837711
1015337,413078.62840529694
1002408,500353.45812686795
1010815,248827.64220621478
1006969,297823.0535810833
1015480,335406.7692625215
1002966,266119.124462746
1000451,501441.28836369386
1013268,275130.56560441625
1001214,240086.72351896443
1004267,627140.675508249
1006851,355793.8160772236
1014190,707746.8766199184
1001390,732978.9644879397
1008384,399749.14862634416
1000633,475518.7451389787
1000058,1024097.4469733268
1015540,426857.1216309797
1001328,430291.30119322997
1010098,575247.9922388288
1013453,574888.142731271
1014050,619448.3298663736
1004898,505239.00376960076
1009643,687144.1934557473
1000408,453353.33737384196
1012606,329534.7429560898
1001322,610404.6517819877
1011370,957242.843099121
1014252,321265.66194508935
1003688,433113.4524065246
1002676,417021.5736213629
1010786,1125225.6136160947
1003204,571866.6881294573
1012586,622727.5523100236
1016307,478692.34218641254
1001013,418361.8285233323
1007174,670335.4590807736
1013661,456420.82828854205
1009878,417654.0157690277
1001273,948048.9275293767
1000141,419254.4453506765
1002717,886297.4522232711
1013588,479529.2552350503
1016843,491693.8336605816
1007911,200920.5696596057
1003453,180246.16439438114
1004400,438471.30010334356
1015056,420202.3739451463
1003245,593394.4493113237
1012157,504980.370500569
1015068,676030.8190382967
1000202,399045.50369335694
1013828,346921.82741811284
1005079,209785.9001793685
1005602,985195.262199643
1011057,445808.5723489223
1016785,335987.4191898458
1014405,586696.5818090222
1003610,700606.7074536557
1001744,562293.2423874069
1015441,364732.1447145892
1005750,625704.8889928614
1005579,347363.5414933391
1004075,445535.6597018534
1012705,363287.0815123005
1008980,248394.54792976202
1008628,333395.22443950776
1010183,598675.3318826524
1006947,257376.00238095687
1000475,293845.24670525733
1006019,408998.985079415
1004355,272857.8763589527
1011207,975526.615646431
1006293,471497.6854752011
1000964,239112.8213946275
1009648,579371.9451710302
1005363,392070.86930713995
1010842,584150.4832971469
1016658,694916.42361078
1008418,340706.84362946596
1003880,150313.9747897397
1016024,602562.2926897387
1011525,549594.0092092698
1005833,501022.1167898072
1003391,615785.7255149859
1000815,433499.5979321347
1007898,362400.83511363633
1015070,372907.61105910275
1002654,386220.82270589436
1015925,723401.711378373
1006609,378348.35752475564
1011752,367343.15095189406
1015883,644877.7580846717
1013113,625086.3743101457
1006382,433005.951955781
1012811,762140.0989485155
1006360,611828.2210622272
1005440,583969.9075226455
1005112,821878.0863361863
1008627,437474.3930460163
1009955,364687.0784556818
1000682,718859.8606320098
1008504,1014903.0895443605
1005890,805389.6918126998
1009781,630356.5168030574
1007261,255600.7924647089
1014321,532459.8696573377
1017245,521985.94345729286
1005357,639939.3027382657
1016373,358607.9929901853
1008525,711143.4648245961
1016979,990462.6516920768
1017102,326706.88562617113
1010922,395157.5615658892
1014904,364221.63185977726
1001274,493726.50888165674
1013738,204843.82889156588
1000038,302523.39186703105
1008641,401070.2021896691
1001133,296681.0096211624
1011205,857017.4964540825
1013969,419995.0712662067
1008818,344932.8499558915
1014654,383906.4517105805
1015153,1037721.1732039308
1008417,399276.4784158482
1006362,300114.2598937292
1014549,477500.9608592195
1017366,537655.5840197678
1000132,468053.09265187976
1006675,899454.7574282577
1009656,298198.57817581523
1002733,332285.6740504413
1003695,553009.0759157056
1002791,518723.2295301804
1008900,386790.02989022894
1004201,343304.25153071637
1003050,694004.2538051907
1007896,449547.7041475228
1013900,366322.24688530003
1006447,597469.3016408861
1017063,270247.28841125476
1001222,378422.2277371191
1014305,307428.62091801135
1009329,437618.82091263117
1008278,396980.9439112271
1011775,626700.4597114678
1003589,864183.8167997046
1003818,550072.3177132717
1007458,632638.0032363223
1006670,743115.391258103
1007257,266922.9084172234
1007765,464018.268932418
1006289,397768.3512262582
1011895,284437.1000344465
1012145,302234.65582784556
1012364,1166514.1976672136
1010114,522259.72952479374
1015374,570595.2760201806
1001102,467191.6224366081
1012481,454724.1495543937
1016017,1080410.6596991778
1008656,561994.3711651876
1002594,495005.07956173766
1007395,377937.3000511214
1008116,497935.7079532942
1013316,560987.3324308613
1005157,340625.0874525088
1005276,463184.7044692719
1017602,713573.1883442535
1013927,320859.99009693466
1002391,652995.2807632124
1016586,409290.234456392
1014627,237403.18785239657
1013475,436226.76323672617
1008908,535315.7399274383
1013153,408046.1519726303
1012485,511755.2644800118
1011808,358454.28262345184
1006617,541327.8494773246
1001742,515558.9947755308
1004209,807655.3366399911
1002453,756609.0896458718
1014157,765473.3400521118
1001793,480501.23179487075
1013238,298829.23693609773
1010326,787431.2312776396
1016597,458539.99248245236
1009287,378703.18454218423
1006390,573482.9278640618
1002072,663759.5826838928
1001524,422083.1330735401
1000233,271123.5230946297
1010899,857781.1379531269
1013066,230328.1774988803
1013684,293893.24142365466
1017103,659736.8651296509
1013993,402632.4541018838
1017192,532670.6938196608
1002813,249825.1351105905
1000445,530538.5111614062
1015764,497719.47678768705
1007031,753080.7848160986
1004101,385172.3445952204
1015724,457724.76369047334
1014745,688163.0127327852
1012666,446641.37834232795
1011529,456385.3412421369
1015943,227157.95264582487
1006729,451723.43052747415
1007472,544108.1609839842
1005062,353966.1264102227
1005683,465131.33086913323
1005013,906418.378070722
1001138,579920.4975285636
1014851,603384.7260685988
1014629,429683.87870345096
1017221,549192.7431276928
1006855,558285.8490626934
1003676,614597.0002972961
1006141,482504.34528742987
1015954,587854.8293067598
1012502,366294.2167263483
1000249,271108.2146937744
1011524,380169.13443497213
1012574,424038.83596834005
1014057,400156.41345606704
1008023,434602.2973782967
1002096,367146.6588848667
1005002,414915.1926026761
1014938,505017.98076651414
1012130,461181.2466706203
1010665,480155.91286578396
1007405,370773.26719872304
1000561,528413.1163206102
1013783,351565.0192079713
1009383,302837.33243647096
1010164,320789.0141033579
1014893,545058.3362047883
1016133,519688.80926602037
1007166,619187.8495113181
1001884,331410.3215937324
1015959,779471.1825771644
1009375,460139.04532206274
1002832,676887.2024583935
1014833,249052.3900142354
1008111,524899.1786068896
1009888,241382.89855859277
1002534,381726.38442702143
1014799,372514.12998821127
1006333,542345.3584574063
1005392,448591.31120026496
1009293,551916.2501731449
1011335,438936.16282312246
1009448,470021.0195949826
1013329,540213.0685858323
1014242,599274.0317580836
1015288,421634.0363108724
1016688,422724.16902021016
1015159,363914.35803631763
1002063,750696.1017571605
1005978,402263.78795778076
1002578,391445.0591278099
1013144,467171.91998302663
1006632,441766.07751860155
1015589,547430.6130929379
1003547,481414.18069975043
1008052,477946.2464892336
1007858,888092.728599396
1001972,314958.5509947276
1005317,536823.2384860098
1008346,254388.1035253626
1005732,543351.2959911079
1003302,516341.6757579657
1015436,725663.785961445
1008986,343529.8473938589
1009941,674374.086748145
1006798,533241.1053355878
1011257,238896.50033549516
1006160,278700.60853403254
1013514,429626.7971880522
1015096,342010.7119981226
1003344,457209.03094981425
1016309,239850.98370435316
1014439,579971.0771460604
1003968,252540.36699543076
1016392,610376.8798713998
1010554,608040.428640883
1000985,369848.7190052162
1016657,490687.877956968
1008075,479606.2970150896
1007342,692399.2490715127
1012919,794542.1588777939
1002311,459902.3351395425
1007839,903897.6285127323
1004339,510982.4424585378
1008712,753441.7666988015
1016881,479663.7902112845
1010848,1119133.0529487536
1012731,405739.24708735826
1006191,372873.68057499756
1001565,474999.3766400855
1005800,270110.567085383
1010969,368023.11792487657
1002471,434278.6337636344
1005087,686320.1224050514
1001611,625451.9753044955
1010585,483047.8670162793
1000903,488963.2915728786
1016871,449330.6948587139
1009103,491243.43156266864
1001014,622640.6404976292
1009599,564434.8244030718
1001327,1008339.4679099299
1013470,450132.29438948573
1007518,568874.0483462814
1000625,364984.78755296435
1011169,605510.4670969892
1006831,400211.1743977069
1004131,444367.21133405727
1005544,313260.3932311685
1011843,352396.31341849576
1010897,606458.6697687021
1005329,402797.0232566187
1012273,588653.707443141
1006251,301010.0657124399
1015575,140963.29012705086
1006640,336387.6102830371
1011988,582756.2908565258
1000506,413277.11698325543
1004462,306145.8307700078
1001109,237593.14930569552
1012843,314222.03702810727
1007894,235716.8365303395
1012017,397542.6391823802
1008347,516639.0451387535
1016606,468825.241444711
1009071,994031.7597740281
1004835,453371.26396670175
1012757,1001839.4620346709
1007319,481482.99003037426
1012101,570667.5096585272
1001488,353688.16475846
1008626,704430.5287930185
1000165,485024.67332899023
1009966,447643.9749220277
1003524,621927.3648696454
1001693,341814.1149887909
1016457,456512.07883493305
1010347,144882.44918651436
1006260,291681.9230875992
1014907,255733.59949632076
1009392,804404.3802401518
1006993,504422.6896908267
1010734,294700.5669048648
1008285,260362.6788537308
1005458,232899.64143876155
1001483,427609.43291603116
1011531,634698.5277546688
1016384,330605.17521443067
1004937,520877.7190872736
1005221,433125.21425667
1006604,484556.6908166386
1000969,335051.0316467893
1012755,465692.37228586624
1013175,221068.85949855397
1003462,458949.8490882342
1003599,525621.8388199018
1015821,527072.9908027584
1016158,365453.8635643213
1002742,569587.497438212
1016123,575476.0857668802
1004724,960478.5555153395
1009519,529766.4512793224
1016499,369667.3908689655
1012231,466068.0266352752
1005785,325730.3369077798
1014845,331843.1013880512
1000077,362076.03632095456
1013341,524957.2681007939
1001003,491186.2165475303
1000810,440901.4955958324
1016566,281445.86961555487
1001695,666263.9465691698
1007508,453615.6497656801
1005037,276931.3683678665
1006255,534135.4022914956
1003452,536500.8643783308
1012529,248756.59786075028
1015646,581210.530070504
1011457,368925.63216461183
1008832,549586.6470611494
1003819,374951.438096219
1001454,505301.52678744844
1009805,555524.3085995225
1010283,666626.3753674224
1007284,560003.5352483081
1005725,287796.00688455143
1002318,1047781.2669255974
1010991,599093.9470695856
1008356,274977.3572018191
1002314,511343.08462468215
1002413,465978.026808524
1017537,372669.88552054134
1015694,475154.2193589101
1013850,269559.6762235285
1003059,506447.6049089
1010999,274030.09249063226
1004438,282506.9203480131
1009675,398467.0043282076
1012583,556474.0186668478
1010319,495597.2613403353
1017273,656503.4234278313
1008296,944761.652075166
1008372,1401783.5696872345
1004830,971531.3185578967
1012523,497629.1469557512
1005048,414603.4481222847
1007722,477984.2789642746
1016906,308740.08289542806
1013101,314867.56914531323
1008729,456998.5270265559
1013193,452767.4043577195
1013809,331743.60542777856
1001373,187632.5473408558
1006693,477152.99654231814
1012565,577301.0506277279
1016145,856524.6045941917
1000146,558231.7640521028
1007982,321822.87071401294
1008738,494003.4953469168
1010574,541077.5775922968
1014143,722260.4899549667
1006555,473980.6662327109
1011725,481568.0304865059
1009406,244464.29506093694
1009367,436975.19136104634
1005459,757073.8165737566
1017288,429419.38178175746
1002873,638768.9541464291
1005466,458856.01010064397
1006496,403898.9699839658
1015144,277883.03975244536
1008614,334155.4078999009
1010816,983037.868396348
1003750,489071.66935641546
1006347,360001.74892701424
1004507,714744.3273290335
1011000,691750.9307400868
1009709,346473.86723116215
1014320,490640.6182634941
1005364,588125.7096128169
1012657,184563.5095621342
1011355,376752.4448787459
1004961,560687.5272660546
1010771,514028.1580103715
1001778,265835.3860877768
1015295,561891.9699023715
1013304,477661.4151227212
1005413,380456.3212000166
1016679,130127.14568490027
1003551,408487.1981147758
1009482,579345.3176402457
1000270,365203.39563929476
1008055,411575.97842214286
1009999,471574.3473179901
1010310,365724.9274437436
1014712,680376.5165582353
1012782,338114.2785100527
1010054,481687.72740151454
1004089,240526.19168722388
1015940,320799.8701102533
1000021,296287.3501242171
1007978,649331.2946786775
1005961,242549.8258611321
1008804,609089.4064822352
1014909,378414.8175213526
1008195,521073.45890175155
1013614,541002.858333969
1007917,619695.2846417528
1012881,311420.4233026101
1010269,445358.1300491311
1016241,277136.11431455286
1011400,177071.75552343516
1014322,309202.9378993758
1001178,577742.8057484705
1010775,441659.7136385618
1006475,334105.7320147922
1006314,642745.4081082403
1012904,515806.042446077
1017252,262246.530012668
1012603,631353.9082857231
1005944,1127290.65780925
1013073,680265.7734584411
1015898,461893.2226885412
1012250,767786.3343647465
1015338,431722.684420043
1003510,326455.58307192783
1008355,653205.7546242623
1012032,533712.738926478
1014456,436055.7239491365
1003572,363441.39909671666
1008202,333870.0051886984
1000373,468769.39094391
1016408,408413.9031739237
1011267,942666.4027007782
1014225,557132.2338032259
1007155,574331.6498244349
1001556,577498.5080031398
1005036,294074.7551531981
1008038,248096.71903261522
1010346,574495.6171160066
1004722,276365.3082314631
1006386,509845.8708805231
1008010,679129.4520501886
1015844,408413.082233212
1007702,700775.6411937482
1017396,330851.3127631359
1016910,526009.6124900583
1013885,483668.4272794278
1016266,456890.3907699099
1004518,238559.70869406674
1011491,535846.1099820385
1003944,510381.9048821923
1013017,339299.370529057
1001857,508409.4620911695
1016892,147252.83062943467
1003070,404808.36558335304
1001520,508165.554017037
1001321,638812.6837175434
1007072,485464.40549117164
1000264,333580.37067521183
1015671,296316.9201630481
1015770,550205.1581938117
1014139,623827.2568162815
1001306,560432.582149095
1010685,528107.622962592
1008861,731773.9938590245
1003850,324908.31252753973
1009824,872308.2789022328
1007688,445502.27892943367
1015863,520057.7293820065
1006770,539162.9633321261
1013352,902622.9278493017
1000618,510659.5048774499
1014959,461402.75936569105
1002535,498201.8647222981
1012948,269614.86338605493
1000124,884355.6972382745
1005693,479165.5772671368
1008966,387600.41770189843
1008037,388235.5666262652
1001732,497866.18505900673
1011459,423455.9562979811
1015624,362508.97339965566
1013219,301164.18145745486
1008408,499080.48371924163
1015114,447560.50229508535
1004211,290963.755594774
1006441,256133.67115123407
1004700,501267.52549828193
1016526,238914.8208196164
1010935,192144.8361307496
1006523,280210.02800585266
1008822,388321.3653528356
1003349,306010.48500037217
1012952,332856.9474386321
1016237,681395.6872445863
1013447,868246.3401257463
1013289,435184.6209869851
1013496,330330.30974024616
1011985,453040.32795686
1008805,551374.5159940552
1014673,401757.3837328628
1010563,480262.1689213826
1013282,444154.53799256723
1004928,595919.1657766723
1015524,557611.0337700576
1012569,305219.7419800578
1017454,414929.9383588765
1007017,498717.7604093705
1010028,465613.08625292184
1000690,308256.6421204351
1015489,576323.3891827889
1006409,586050.274906836
1001360,527782.3276878784
1013874,315166.15676242235
1008106,322170.75334955635
1016867,466622.1789199132
1016461,299691.04414361785
1011605,514421.7562923023
1009226,376250.2185158388
1005815,346114.72817285423
1013119,625921.0197440478
1011492,561800.407499741
1010252,470392.3996984462
1000400,726425.4015399797
1012451,876066.5062509917
1014324,607841.9952699238
1007369,461307.0545142217
1001848,486776.85124710813
1003587,632240.3368972405
1016876,400472.9931285753
1010353,239078.1248602709
1012097,417709.46369866095
1012208,454037.4956320385
1011135,336367.9239829045
1002327,361186.3953917214
1016280,534653.2589501374
1007298,407433.11737359886
1015546,739544.7741366841
1009219,475915.1661529746
1005954,555274.5031788471
1000419,547485.2342738616
1010432,577687.6815409056
1017133,263773.1447359834
1012299,632251.6755647861
1000567,312038.6124038898
1003955,415839.6774420017
1004426,863290.6137296424
1015612,613272.0840759026
1017114,424668.65439865715
1005761,749450.4810997122
1013760,462960.0968285737
1010720,451077.9383379659
1016208,1183646.8657223387
1001710,879194.769483482
1005126,371857.37917780585
1002619,480411.01314313756
1000779,308833.4241075904
1015564,373435.3533907096
1002613,167798.48687989407
1013563,433550.49562630133
1010286,577752.9503402073
1010180,471904.5665375025
1006992,412100.68926183635
1013564,538071.3290564716
1014228,251734.35694958086
1014219,709522.2949708753
1006585,527340.4915649
1014492,808204.9381650042
1008522,283713.41069815133
1008752,147560.80883815576
1005916,223800.7053725736
1006629,811479.9068555665
1015685,306737.6022164111
1003206,239000.8832705235
1013597,805223.0368701532
1001992,383844.2949589224
1010043,567717.5591970707
1013343,211299.21164506013
1000087,541034.1471593183
1008358,693759.9923806663
1012383,215591.97863630683
1000533,403199.9707601814
1001546,509608.97865719674
1006462,441331.7804643425
1016132,405873.1613156497
1004850,715330.8095654205
1007598,408572.10430407955
1016593,487182.76303576026
1009271,393037.66542720667
1006913,416513.4792841078
1017369,454827.7405400676
1000695,378946.9970107232
1010383,309732.40897610673
1013337,538074.0939035417
1009671,748119.7172123721
1004415,375150.28730325866
1005278,294483.59308701573
1010695,430161.8950141709
1000017,412724.7445814999
1003664,418927.51802909013
1009571,514012.764890414
1005581,703948.0522322038
1001009,502585.66795332043
1016708,618742.0373068609
1013833,320166.67277578026
1017502,382840.7612017657
1001479,412907.6710093329
1000712,607643.0823053514
1015143,539248.9622766135
1004372,566826.6705569685
1006958,557317.683311289
1001536,411148.9730491804
1015842,720981.2045206878
1002805,393742.1694935008
1017449,394863.4174378639
1005530,399439.46192643774
1006880,514043.48084423516
1005039,422088.7790323542
1004074,149594.37061716802
1003956,994380.126584033
1011707,578833.901379287
1011593,466321.7447727587
1011601,448222.9670318381
1005632,262293.4465974392
1003199,587257.2172871123
1005305,479932.5408966803
1012698,336320.2712983705
1005808,388977.70832167554
1011771,526119.1369104045
1005407,637022.1922771588
1004738,250003.07969956062
1004826,815877.073548737
1002186,387752.0726315456
1005365,378365.6005186237
1000951,480481.8667441137
1009700,510916.1807642691
1004776,748756.4008823003
1013844,328294.48356953746
1000588,354339.10014862765
1000819,655097.9943996575
1002590,397680.12002711557
1003918,362617.8728150083
1011060,348976.4418648008
1015226,458585.8679512634
1000151,283274.1717243477
1008982,466624.5091029531
1012015,614282.9554413431
1010837,599397.7920485062
1017422,420974.2322013633
1004878,198426.43154787616
1001722,1066936.4204795128
1003536,551912.0402448861
1005681,355983.7525268932
1015082,493780.55782017653
1009149,939205.3468918066
1015582,584048.768264489
1003116,829878.9780154497
1016438,310285.14078105084
1000746,384779.42543627747
1005923,357816.0187147949
1002979,504085.2934705537
1006174,454750.1548499013
1014454,355852.1875874916
1011089,308404.78781734506
1013400,317186.4879173265
1014115,504862.23683634616
1014052,484208.8676631375
1007041,335521.32775603345
1016039,281776.6576660929
1007099,354710.2352780537
1002221,299938.8052029645
1000836,491391.95375200297
1017005,495153.2273149924
1015594,381124.95217779663
1004171,461340.7316144269
1015319,304936.2029224582
1007617,760939.6248527014
1017106,625020.58266443
1004498,517879.21897855145
1011307,855010.4122009937
1016944,650157.921610452
1011739,238032.5754467199
1002093,523135.630261766
1000546,610747.5053455678
1012936,673250.2052921165
1008709,317555.66101011203
1011595,727516.5598371243
1010567,652368.6283084804
1006841,415849.24097410456
1002781,385080.9850114786
1008204,638530.4053118704
1014087,1021775.1951588537
1007971,297761.70804590447
1007556,464163.30234085623
1014980,485926.544229795
1004198,1180225.4824652516
1002921,321030.0332559656
1003498,477620.53540305054
1015105,605443.4308834518
1002062,462755.1830428488
1013812,578212.667151832
1016569,733570.5540284676
1006241,507233.9490398277
1013910,398093.6951457825
1014517,245267.9377073406
1003107,328599.10017453245
1017325,691079.7116628577
1014455,326302.72828657465
1009038,396887.80470670515
1008373,441115.981415412
1006669,789864.4976886164
1010933,210293.05906910627
1001208,360110.3164744246
1004491,581412.3971771465
1011578,349896.91997971485
1005598,648496.1532373292
1005596,473946.0044620592
1014691,468825.241444711
1004018,304336.18941773585
1013468,365462.1728776977
1009012,438092.1658482705
1008192,292589.512742621
1013982,601850.8095790233
1005892,1143840.3476940715
1009940,955062.5864960947
1004563,394095.0266110972
1006840,518976.7877610161
1006223,467259.92156001896
1012492,463202.9827262483
1011534,493686.4945801054
1009202,429484.62283353513
1001967,526386.7962904888
1007118,401386.21411351656
1003537,460110.9907239336
1001887,456582.48558908777
1005816,452611.12288909056
1003148,620258.4561472875
1011609,309468.754234387
1013072,629757.0243983356
1016400,339216.54112480616
1015833,434270.41747537284
1015678,344864.09232278925
1017522,385958.0434914281
1010898,513599.5927310833
1015899,421829.4489912639
1015590,412635.88107521256
1004885,535004.4969152183
1016434,532219.6580248666
1015128,698648.1544500785
1007081,520430.87573271914
1014993,670456.8692307844
1000289,354723.7839995749
1002955,269882.25465850986
1011598,547956.2733104958
1017060,363423.590270052
1011643,633418.9187078106
1008064,476367.10615619586
1006540,614854.4756553959
1013512,424083.61142740963
1011586,416232.24699844635
1007864,477854.50754006504
1012227,762588.5265386194
1007625,300682.62081676576
1009355,400243.10470103554
1011293,721149.8480563343
1014433,277246.1347685642
1000499,435570.9730707587
1014010,520470.23229555954
1016981,262468.1630849796
1004009,683193.928667291
1000587,689236.3492728077
1017125,626597.0558434151
1016065,367193.0997146484
1013114,455238.28931058914
1007728,532934.1080930317
1010351,817699.3869640722
1008717,274845.20993839635
1008995,271896.6526237883
1001450,154204.98505037278
1006939,296992.0321359136
1002347,367440.34138562495
1010228,578396.9615168718
1004867,337045.4329183346
1001675,617719.1946129083
1008988,293971.89595998195
1014554,459642.2338000641
1016314,510089.6411625065
1009820,421898.63700297347
1015609,513698.30228061974
1016896,337839.78117370117
1003057,439004.85532494116
1000639,520587.7432467395
1003172,366365.3654293628
1016560,345248.4706691881
1008514,390887.2058197878
1005876,313002.7442700976
1003210,444484.3447079086
1006878,550065.8337854282
1002107,465439.03786725964
1007313,501842.16211645165
1012026,514794.7240274637
1006202,307426.1112177979
1005429,912377.9765146356
1008727,677829.1771450107
1011362,684075.91810268
1010670,570728.3832342644
1006053,270313.6287045632
1015789,376984.59786113066
1006236,351555.7270674491
1016600,540071.5182955447
1016394,216070.3009382755
1012770,267799.81178266264
1005780,622954.0120378768
1010196,234480.78977197586
1015386,537435.0131117891
1009030,388715.4961245759
1006328,393600.5701924528
1015142,1109456.2816455697
1015866,747215.725069791
1005635,378158.09558603354
1007848,481033.34782889835
1013480,963037.3671641845
1010232,288033.38331039355
1002800,279736.2833613525
1007819,441169.2920578004
1005114,442785.3716726636
1000574,855474.2739257251
1014877,707713.2462915751
1004364,379791.17626363767
1012057,587341.4477216344
1010464,760719.0950361021
1001504,475738.6246199051
1002870,688794.4204361069
1015587,327937.4226714292
1008809,616697.7668610174
1001200,597387.4520361894
1017278,97290.64082403398
1010405,531222.8869045714
1006069,677100.2951541379
1002267,500762.9408244552
1001196,502793.0189721059
1015202,535790.3885118144
1004513,445604.1203703425
1009228,390834.93476384494
1003638,624722.5231826174
1004480,770176.1779020912
1014850,420084.7840555475
1008240,583121.1880225195
1015269,476537.1137355131
1008302,331163.89160571544
1002549,357198.42937515577
1008549,504725.3262136142
1009848,446672.1757464145
1002353,574917.7923926697
1010129,210539.4198355023
1000216,561216.7307019711
1017474,308189.0206764351
1000705,756752.4787731571
1003118,182636.23148116464
1013542,185485.0602633738
1016865,531422.8949720373
1002540,534216.4729455655
1008420,473211.0928160839
1015668,469222.290790709
1015944,292591.4007238205
1000960,618201.2487138854
1002000,462890.64860794775
1001784,553045.6825625977
1016595,764468.7711820971
1017407,498511.8466579951
1010371,804096.3409313681
1009061,344972.5490832392
1000175,413316.2667098974
1004173,480398.48157714633
1014072,277305.7388988965
1010278,419784.46992494474
1006146,609999.8136223841
1006721,447480.07472947356
1010142,343134.64139095123
1007259,480594.60105851747
1004290,326099.8047545132
1015640,600416.4584454771
1016767,298986.11914849887
1005823,551921.5274918075
1009347,432230.02019816975
1016150,395180.4781891259
1017379,385555.9734759706
1016759,240500.23092874186
1006664,692508.9330703394
1005184,287301.1733637923
1014162,877620.7895763726
1015302,559723.1920678333
1012734,386214.5085149965
1007159,369930.7774723194
1001716,589905.828888608
1014839,410690.0644653479
1014224,427350.2529041976
1001768,303463.28154764866
1003742,318395.7099514483
1000227,307199.82712652144
1005493,503427.8460575443
1012985,326867.4334664568
1008612,297942.7046688146
1006187,381369.29261872295
1007302,669008.0155420862
1007899,785975.1399274421
1016510,196442.52866191324
1004691,379484.08991632727
1009893,1162970.8581053768
1012138,460861.4056342015
1001981,357262.94395319716
1008782,573222.0688721397
1007679,450030.2212217787
1012348,647920.9989062975
1003960,678276.0893001594
1003888,311302.7203648017
1013485,686500.2731876752
1008816,439474.78735242254
1011537,751350.0908024345
1008876,712582.2342241929
1004790,585185.4554186875
1015347,761623.7607717011
1007578,704209.152197766
1002659,210027.26437548222
1009041,292899.323702665
1004150,366605.36075485527
1003675,259503.09991828247
1000136,720723.6841121543
1014848,536584.0490909254
1001918,518399.5716666041
1002406,280583.1620323872
1000012,311148.82685900567
1006418,422724.16902021016
1005790,737243.7153933368
1012912,505751.7455756971
1006545,397693.4924225403
1009726,634037.5914049691
1010918,272047.456918413
1002577,468942.4222089313
1010304,567951.0991004524
1012223,272940.1712134831
1003623,377446.3092791519
1013626,556918.2981469668
1003647,680316.6029459462
1006876,303636.8473809132
1015989,421774.1714216633
1000495,657223.6913282385
1007645,506694.5191904475
1009286,614867.0414317981
1003809,365209.870675304
1002556,584803.3421413602
1000605,344099.08473907434
1016057,425353.42167602666
1010834,917312.6853355531
1011779,500269.11111214553
1002359,268556.2113436537
1006789,555888.7538942253
1001062,762954.7146021426
1004138,446066.3268461279
1002585,616606.9318927113
1015631,602534.0461099177
1000478,553386.8905840438
1013577,716601.3281189385
1010493,383142.21424246806
1010777,1143960.2855133663
1010466,393452.63743607275
1012464,539232.21997114
1004111,467037.6400678053
1000620,338319.11912247824
1014754,419719.3876020014
1013432,531998.7008850613
1013689,465177.62999261636
1015561,267368.3987005018
1008409,688635.7879962476
1012355,191537.88145526103
1001485,246092.31201801097
1001046,603258.6153495655
1002156,1113976.7546353585
1011902,282911.3807912717
1000161,460411.32283722435
1007380,617718.6525487117
1004469,516843.63978973235
1016934,665490.8103186688
1012450,351679.7979670549
1008029,436390.5569151317
1013550,855492.1269458254
1014715,981577.8298024174
1006988,354916.3884064038
1007194,409615.65519230487
1014317,481678.27994223166
1017059,781299.1340540276
1005534,558279.8682071613
1004135,187058.1390756451
1013989,273192.32923919207
1000700,523822.9461871052
1012959,353758.8699643995
1002110,490067.50259282574
1010885,341261.81147060846
1008701,324158.33209635585
1009183,316352.325239801
1004718,149324.35574061173
1016038,356787.1056042016
1008067,554949.3731545211
1017400,431525.1306290131
1008193,467646.19671951834
1006481,491525.1680692545
1010804,221551.50770292955
1014636,680867.2922197167
1007692,299503.8384450151
1000943,552581.8012840388
1013984,441334.02706569503
1005232,780186.2959283602
1002977,261320.55886937515
1016138,492195.08441420447
1009144,345153.82697399124
1011197,631146.620575678
1002692,462315.7392254276
1016562,343314.28608197457
1015712,424093.7907296112
1012766,622143.5266003017
1013578,261444.3705256849
1014096,491179.9565893642
1003726,401862.94327354076
1001316,383442.89619271655
1013251,662164.962442315
1012368,437373.54500076803
1017303,510087.3710690208
1013384,545846.4014270374
1008026,376885.732090451
1003810,616657.40131467
1000072,699404.9327701953
1012572,898669.2942925696
1013176,307311.7061924401
1009644,379401.28243565216
1012093,303313.9878951977
1002146,477003.20091048715
1015119,988908.7730257771
1006828,375409.8976790434
1017569,284315.69025293324
1006932,498111.16080464184
1005686,378730.8906260897
1002846,965341.1927164017
1012066,475879.07925877924
1002917,570026.0434107374
1015985,303247.82417536475
1003369,222033.0521528346
1017532,397462.1568296234
1007481,376307.36216481845
1009910,389167.5014529477
1016048,797400.2838693928
1000385,865655.4536036194
1004662,352284.63755129493
1003654,417900.30674646946
1008044,495624.4377764092
1013281,357093.66620757675
1001939,573866.3289795825
1010710,480202.40585997957
1012602,442414.71458909556
1012315,621345.146485072
1015692,712640.9575793584
1010631,499619.5518799832
1007799,520205.8829873283
1011379,419099.38040466723
1004093,387529.0368808742
1016160,655137.4304425278
1013012,413745.59041116387
1017171,373045.1294704228
1012139,446441.1928781852
1017206,597907.4108117421
1002625,530866.56479519
1004165,502576.95413898607
1005810,357257.53601458314
1014932,623500.5934060164
1007235,421174.8606911358
1013411,282877.1665062904
1003954,850242.2850426671
1016008,544116.4573412378
1011770,351492.0531747671
1004484,562598.1975091777
1008313,286061.8946799651
1005430,464425.9236104363
1007683,462556.5352833564
1014297,218654.38158297003
1003265,479550.5164794826
1017210,371367.5538479002
1013385,459506.09245892277
1004298,507526.94887175097
1013560,355796.5324000224
1011106,795749.5739613889
1011391,339043.848673291
1000173,567062.9349581084
1012270,473745.6761345849
1013063,213444.2779909446
1003858,449945.3290073333
1008975,264251.17200550257
1002558,571281.936253713
1010683,507959.2398995298
1006285,393916.2805998684
1000195,473162.0555022151
1008829,299939.12899395765
1017098,454401.08405841206
1009039,334960.14397836756
1000534,387371.51087012334
1015468,519488.53157419845
1005713,408909.25772747013
1010275,440650.81923616154
1000083,507746.9815126097
1007624,373741.24275628035
1015654,494075.9071318321
1016243,258510.72272576837
1012700,316516.61370346317
1014489,523432.56302657287
1013739,690969.2652581583
1008946,643336.2872614745
1010518,295909.6527010648
1016914,209973.57328897592
1002551,377870.40964188764
1010441,211104.90560062078
1012736,613424.9549833386
1001993,424841.53363131755
1005840,512548.36496675166
1016565,580286.3014700442
1005124,444778.72943189245
1015672,675394.3014803161
1009313,455212.7786581453
1011226,338124.4108459457
1014193,461477.6661231407
1012156,651871.220890226
1004493,449623.13692063687
1001533,681425.491803448
1016504,557079.2149679803
1002396,448877.08946247393
1010613,408894.4069927209
1003627,508455.0150454445
1006204,506329.7893246628
1011151,962693.8926208531
1013325,501609.97162386
1011414,238144.45940122168
1002595,337738.69793236605
1003046,367753.2355789775
1007621,440515.30543587764
1015710,721199.4742875958
1017023,334015.2433069856
1007597,378173.0295099125
1013439,381598.8043999215
1006452,488997.8999541428
1007914,598303.5838976878
1003416,753646.4762055638
1016854,995474.9041367531
1015287,265031.61000189296
1000931,392099.54972112377
1017425,484837.87169176247
1010297,480560.1457928577
1010508,392449.8794010677
1006698,523798.3112807858
1004323,337626.1047755803
1007867,359767.14790497127
1011460,399624.4045798568
1010137,658912.2459421555
1016894,210829.2396865965
1016339,209344.9145299841
1015983,447931.38881166046
1017368,346970.0051587375
1000431,483500.64322225505
1016371,390892.9848132738
1012286,562718.7832698951
1004780,440166.35317403584
1009938,379918.5497384593
1007882,808054.9906110989
1004216,506305.84219810803
1012747,406585.3054717568
1003261,118848.43458716512
1012692,648165.2572199006
1008647,743735.4352180489
1015327,570117.6953039205
1006708,629663.7471722541
1000559,367111.2600676337
1014681,382916.38939381123
1000364,745464.1343594608
1014912,727726.8952000459
1015427,281160.7304685462
1004939,500488.4249429311
1011852,253384.07892770815
1001521,284105.72823989997
1013877,594300.2203522298
1004406,207484.45813293534
1013574,391797.1299766976
1016470,314850.33200835064
1017381,694218.2897265156
1013899,647779.358565251
1001155,348490.713618361
1004963,391440.85409532103
1004096,462250.72998893686
1016134,450284.1914426612
1004423,460984.4795863393
1017274,266614.8252158283
1008352,311974.54013436777
1013890,388711.44238495675
1016214,551449.1328748665
1012813,770900.3205922148
1013085,512214.23804332357
1003567,687644.778435692
1008260,690478.3790544275
1002418,810815.7723097963
1001190,514995.91900944355
1008795,603993.8938821304
1016936,177660.01633194945
1013796,438120.4619012042
1010915,655504.2248559472
1014100,756320.1062261901
1000569,516976.07635869004
1011018,761557.3235901818
1013686,442543.512174199
1010151,417574.15630193264
1006148,686844.0550270242
1014255,350754.92869689
1015026,1005748.6193607767
1002666,364251.56326113164
1004405,542745.9503240417
1000111,691041.3998734737
1004497,476764.21029680735
1004369,512404.9702170151
1005238,304017.50066918664
1012815,555217.6998873345
1008569,1285878.0058576965
1000781,419441.15771383303
1004792,773729.5811701037
1004296,296146.2787515648
1015227,530506.4499465886
1004327,366364.1042254982
1001476,365086.9497273735
1006331,471221.0111657919
1001480,498273.05962841527
1014793,437340.5215492192
1006771,642473.3580575675
1015629,430708.1206453338
1011782,133532.05625188307
1005248,1175501.6794071842
1009085,366811.8943108889
1007983,461815.80688241054
1011580,312484.4401944731
1009097,303122.5646522792
1012016,715322.6598185444
1007761,574281.9765948475
1009264,903167.5518894878
1007101,645981.2818975629
1000425,644011.113653575
1016290,235175.22405991267
1004624,456050.47388722934
1010950,534603.7589652692
1011138,482029.41492846265
1014655,444924.3210818998
1004634,382729.7915287041
1015656,394552.10343393974
1013735,247809.9198425749
1003945,492430.21611563035
1002417,511080.0741243777
1016723,562388.0247119209
1008621,375689.7730481196
1012436,395082.8641942166
1003467,1280392.5691215969
1003715,455374.47230636165
1003168,266922.0715877891
1001100,446804.8714938986
1003291,458880.70790839614
1002911,432621.81909997476
1008222,394435.9641490493
1000991,789772.3868671907
1003870,584542.3017589828
1010188,305300.1548465265
1010216,359347.1077966694
1002014,460211.1702804104
1015011,269576.3405761981
1008673,440942.47571368277
1002144,363984.7988208685
1017601,588929.3044648374
1015930,444073.9055763972
1015196,573344.0329367156
1009552,869530.2954715742
1012211,572740.1934184812
1001305,453940.208298871
1006525,379800.10342997714
1014766,370812.61138659203
1000187,389980.6828785555
1003297,502057.7138194769
1011453,521637.939681411
1006893,532348.7449952154
1009054,429874.86393817666
1009381,393499.7440343652
1009014,506552.9806574903
1001347,771667.9319043116
1010312,1042971.4126279484
1003253,527213.1023478342
1012831,369048.4639596397
1004569,689169.0646336528
1013410,563942.6702227427
1000171,294608.859717734
1001734,557555.6483230855
1006946,361678.2153172411
1009078,550205.0343703373
1009309,440968.7425180495
1005431,435127.286466616
1013302,448657.9264787665
1009769,845077.1001165572
1007651,311084.33658971963
1004043,327262.2504190161
1013041,260766.35894536108
1016576,417969.2119041096
1000661,221541.5540356074
1012775,467267.0582709612
1002512,447367.5098629356
1002114,533139.6505632474
1012924,381242.2343509877
1009244,321505.29080939305
1004579,662329.82069548
1002289,202738.73558401273
1006513,367255.6722020728
1014680,310404.24735793285
1004869,510654.4445353242
1015075,534628.7558504662
1007402,440205.2887389806
1014964,551047.8714748916
1001559,270053.65781787393
1003347,679111.9488201814
1000770,431654.02719362517
1009241,328017.8244902632
1016483,297512.5523734276
1003455,527512.0930397302
1005344,517763.06629250094
1009079,427002.0751741173
1001702,623188.7815984234
1010171,705250.8504233506
1002192,871726.9748786968
1001644,414546.266375949
1003815,386962.57424455706
1013419,603004.67131237
1006768,534556.5278737363
1013242,523212.5655534414
1006072,258950.28071604736
1015879,317444.0284370278
1003371,378521.7208179231
1002552,204042.8776573536
1016538,613266.0288969357
1008679,507966.97540113947
1010502,208124.3547057222
1016528,754006.6215558335
1007739,300099.6288332298
1002237,408191.8260926156
1002703,404244.42503532086
1003841,323468.42627630476
1008183,660717.025421872
1013369,510976.5882511743
1002948,346986.71112991153
1015636,533040.9404593102
1014001,530501.5560800486
1016966,513848.5034806493
1008160,1132036.96771735
1012235,347064.9536493688
1016157,454612.88792488043
1010689,304859.872801961
1003740,179293.85172877356
1010308,724340.0799873515
1007343,328685.56391901546
1012795,619514.9596463644
1003877,346154.61890209134
1015272,416777.34052598855
1013234,495361.00610804727
1000843,395499.43532972015
1000872,1017773.9965337124
1012360,465722.39090170374
1010525,368499.39216498786
1000990,339598.09848564165
1017222,194488.72767441202
1010015,548999.989880684
1009515,490137.6300504166
1013028,860013.5732635114
1013657,455003.76954102603
1007387,750292.17802028
1010545,253171.00207021466
1003844,489522.4681372551
1011144,649119.3505006139
1001743,496840.0580169227
1006097,501584.37282309623
1011911,286022.74582142546
1008827,482032.3873146603
1002051,476148.30174836575
1001889,692835.480957165
1012337,488300.725868463
1006233,274734.43577889237
1004991,336505.8722701184
1003616,362201.9420931896
1002914,423945.46392794943
1002642,637956.0194865135
1004320,457187.0740774322
1012966,432005.92903041653
1000505,773264.6379467554
1001060,708712.0250104305
1011045,232549.75590023753
1011187,278643.3839943542
1001180,378122.194937389
1003429,587494.5707781769
1001329,541229.1334859781
1004607,472959.3115985507
1011651,500092.6578490879
1006531,340660.4779160295
1008545,378464.8975782254
1012424,692558.6049799656
1008307,352782.30265354924
1014872,590433.1002806517
1002920,664049.459121255
1015496,369908.8073473728
1008929,422732.15286215453
1007330,441509.1618190916
1010177,511362.829719313
1016524,410005.139112399
1015755,428623.5536623636
1014937,699868.6568549961
1016337,470166.1851485095
1014795,862616.6552660741
1007690,396142.92788284505
1008487,444603.741565674
1016967,506351.88478787045
1003907,276966.7079547108
1002632,486323.4141187211
1014367,616283.3265728009
1000672,256683.54315650018
1003501,574021.6599235976
1015920,233369.21721107946
1001458,449528.0380817832
1015422,217351.76076857423
1017468,441343.2486894488
1017466,735295.5074965768
1000449,409681.1970159937
1012593,387495.9378207785
1014259,470257.64360674773
1014782,563807.6000458032
1005559,520460.32791560574
1004571,449124.639251329
1006553,485493.45231605374
1005657,762675.5942646831
1014343,208243.490822169
1014989,238248.0356792419
1004640,834967.2511606766
1017605,237611.20253068925
1006552,549703.7899705486
1015902,366645.2711835273
1001298,589225.0073067115
1006925,151605.45425071244
1002166,507990.6480448401
1016341,387093.1962696843
1005096,768643.3340774927
1002140,227539.81824564416
1016631,527842.0865174053
1015257,448778.1722325574
1002883,549028.5840718384
1014298,443209.118246263
1000182,383811.1725515348
1000219,494789.16062885005
1009020,364697.69623207283
1002090,563549.248746174
1001243,415657.00115838303
1013184,299449.80837196275
1007393,535714.8152885677
1012854,548490.3151415793
1016282,415375.6610020446
1014067,310228.58012032555
1000309,500986.33603979123
1000825,724200.9870254267
1017452,894809.8539009007
1000442,364737.4422749564
1007477,694496.9425194205
1012973,608224.2718282157
1011753,510940.25532774243
1013246,357480.9706740335
1014730,461278.4074593334
1016317,467985.4728241311
1005884,447681.28337657155
1005000,664727.4552748272
1002712,713955.9204908125
1012293,616011.8043473643
1009146,774808.7343676719
1012241,211404.19050786024
1006149,480237.89909386303
1015485,188927.0182115747
1006517,629335.458938278
1006623,274637.3896960379
1004076,274265.36102872
1005798,618665.6508233544
1001916,603731.109980586
1005777,352265.78562146507
1014023,737384.2592109259
1017057,652276.2192566668
1007039,526296.5974524169
1012975,391708.4000137976
1007068,292966.7401494799
1008998,480983.7596544375
1012014,409422.3698444827
1017077,780056.4447763512
1013134,665460.9658105943
1009979,550148.3520958832
1015383,483721.5294920105
1014899,664850.6112603713
1010768,544542.69228753
1013222,269867.7644249931
1011533,605464.0080697547
1006773,1311198.102686926
1000315,645672.6703083263
1012794,296674.43203576264
1002187,397353.75591803004
1006560,941580.6649721046
1002260,340854.002557583
1002174,364523.574309497
1014060,556260.4087212678
1017195,1136334.72397015
1016953,526530.9828737788
1003867,479463.5571275191
1016382,538678.3527116872
1015583,320945.07720779773
1008936,388619.4766108151
1012277,491742.1692227625
1010333,614188.7370137803
1005309,757330.1843489907
1012695,276328.97057467466
1013236,863275.4195600961
1013535,578083.7077731941
1003377,420372.10042536666
1014039,618002.0030610021
1000103,584515.2321128857
1009540,932144.3615165937
1007632,514739.69970285456
1006500,240051.66706152522
1013985,682508.1985930557
1016929,645353.3849685951
1017535,1026270.42688137
1006709,238872.58813218353
1012339,706319.7045127415
1010082,426243.05042178783
1007220,455755.06082511414
1001065,409047.23047109495
1015035,664293.3129649579
1012352,394225.850622601
1016027,558442.355363071
1008447,426610.9068015497
1010458,431235.5094374133
1002245,413159.6032047554
1014990,405184.358660284
1009957,1211837.9551915037
1004730,690593.4078706214
1006435,454441.2314722439
1011682,408305.04189585114
1003933,676632.2475139677
1009988,650759.0836228195
1011819,671183.4302075264
1006320,874733.0028205459
1008175,289499.262340972
1002587,543737.1916377373
1001830,430588.7974322263
1016189,415226.7071072605
1000325,535495.5246442729
1015408,406614.4693249071
1009845,850848.0534937115
1010003,519424.3772444676
1017399,519933.8043463282
1009707,373283.2704965977
1013207,621496.8078892382
1001475,419178.6197197158
1016092,504642.25654214085
1013323,492167.5487653928
1013226,289598.1138798797
1015256,471273.3151257785
1016253,393396.27613034216
1015311,416173.07388769794
1000222,554437.5855291262
1005142,610882.1068186404
1014086,355584.563415337
1010535,765159.3724238677
1014983,485539.991935984
1005993,346356.86794444005
1012837,675236.840542294
1005927,709053.3607834611
1007643,401072.1792983678
1000881,753822.2218572871
1008194,401766.039075533
1001751,366691.59494908946
1015089,256701.57883560762
1001862,877981.5789473118
1015703,343681.9190582049
1012404,760369.9844226802
1010096,371913.700674081
1003392,506137.19371828804
1014936,544085.6633442978
1001776,513809.0260004485
1008808,798542.5380352904
1007290,433532.2678722161
1002560,294857.39146339596
1002147,313315.32979086816
1011848,634325.7796704284
1009929,474138.95680575253
1014853,621790.8490767232
1002934,370408.4119599796
1003426,378384.0530131285
1002746,241019.74553162509
1012340,338021.1466264326
1000371,189677.38808605785
1008362,494045.0711154127
1007646,647110.476975928
1012551,664921.0367424738
1014583,362907.82617235533
1006350,684212.2821902307
1017176,460521.14260577335
1006589,483334.3331393459
1005576,303033.19589177344
1015249,386884.2519285824
1010947,766298.0606550768
1002294,246796.61539461763
1013188,676905.7344568141
1001906,492456.2856389359
1017393,642113.7817216861
1014950,368107.7841443395
1004072,371784.9078533441
1005453,408930.05756087706
1014613,444344.56218098843
1015181,402882.4019349678
1009400,390399.2515767607
1008203,414687.4535611661
1006935,522184.4375536924
1001114,537912.9348785485
1013685,551939.3714759004
1006684,386774.16654842946
1012732,853406.5886199937
1011899,298183.061368869
1015721,509686.3500402365
1000255,457712.9066580814
1010989,437749.55232376064
1014970,537122.5436831648
1016750,459354.67063983687
1009323,916482.9479509714
1005973,608570.0346198556
1011930,523142.9433329559
1000852,418678.0669339762
1016437,481726.55681139533
1012806,712535.9414575105
1002909,276508.71364971134
1006368,479711.62997302954
1008288,437547.4035515387
1007720,610703.1287554539
1010731,528990.8259493927
1003513,570407.7109281337
1004845,406604.9666461287
1007984,546409.8721282205
1014855,409640.290124364
1008326,175079.86044675575
1000004,521505.4231447428
1003544,442321.74394146644
1015360,382923.89492513373
1007127,292660.8824824409
1004304,237253.32801824607
1012324,396522.6234360029
1009803,601850.4880416216
1006618,337123.37137027126
1014436,387493.11151916574
1002601,608439.5418287631
1014645,466699.3415471192
1001186,374801.4136769259
1017120,866529.9925321497
1007579,588461.9043950955
1001121,466892.0906973322
1013612,405499.8502430497
1001312,528242.6065703906
1009856,376359.8112083936
1014669,538611.6198635533
1012239,503879.16790472256
1006476,478564.92862690263
1001024,334357.0025741247
1001194,225135.8564199552
1009005,240719.50448568165
1000816,323715.5188470664
1002290,509003.459848407
1005170,600275.3207611061
1004140,575960.1982822178
1012409,276677.68782566517
1008613,229395.82627119805
1000997,522494.1228316956
1014753,279785.0424793163
1010378,345178.5812886078
1011420,227436.60451457102
1002940,435467.98611575435
1015738,967524.917374278
1014841,916743.4442463744
1002177,527317.0428988625
1009334,643910.2197186784
1015740,736898.8197442148
1000432,715736.9789522417
1011083,332892.3060797227
1016182,327567.26170849777
1014488,750724.5029966191
1004189,775597.41605577
1002582,519855.79459289537
1005014,482848.1004751879
1008164,488751.913908632
1005901,676778.6517920669
1004675,851984.4853705588
1016135,398426.1047001026
1008965,497797.5622265211
1008049,498539.93071813043
1009171,431048.47130389203
1005784,464730.4912871165
1001975,512753.6084566228
1009908,718891.3961447658
1014834,586902.852597097
1009362,345984.87751317257
1006595,411715.3216863242
1005703,474149.06171756895
1008639,529587.0866588638
1004753,298557.71792985377
1012335,470363.6822125418
1008472,334921.3259684015
1015759,421194.1364378135
1009882,662467.4226502631
1016093,536134.0318592589
1003160,571419.6554100475
1013441,532589.9581398022
1010882,1067966.6094639427
1010954,629965.0076208786
1010016,169186.44950043282
1007205,572958.1981170591
1001006,571886.1104065208
1013124,662798.350159715
1007170,609346.6894859816
1003646,360935.79746443796
1011730,503809.66129511944
1003691,514127.5893690584
1000597,612324.1785808419
1003177,311803.2797995822
1009435,381675.69388218824
1012659,472267.65836177213
1006311,365112.8305653889
1003869,641212.8903076078
1015013,788084.2642032444
1009670,604078.9997603858
1002834,391285.9985552594
1012073,311785.7797012107
1007209,341629.3352952118
1000784,283745.2822250721
1003824,336980.8217678708
1004487,609283.9551155324
1001217,655906.7950621027
1005718,384517.2615011829
1001844,980194.766756466
1017190,1050584.9668939826
1014749,617167.7793648194
1005889,323958.87157498853
1014184,259460.91568292203
1010620,539860.7165276348
1017234,540187.1890295785
1006064,442141.788052651
1010240,321663.0490197534
1012521,752083.6155133981
1016923,759873.2273801691
1009777,368036.91115184024
1005001,1049215.4249741298
1013964,389025.0048327346
1004419,484037.4256968745
1008541,625205.0594376537
1015209,390706.3666253599
1003592,531208.0036353426
1011989,365275.0479685137
1006384,584284.2521348224
1014805,300660.13478525763
1013224,356610.3695672675
1006782,380003.8347429393
1015278,255318.82500834035
1004942,547188.9505589728
1008407,742721.5977731678
1002901,170487.57601682158
1001378,498857.80281117535
1006868,342932.1327524738
1000203,365227.140558753
1005913,343010.0230332553
1016988,268854.9335672299
1011816,474265.12273970403
1010784,469805.93754036893
1011172,285172.1402638229
1016760,379716.26611481555
1007786,331465.3708289063
1009625,683745.8504782191
1006668,498125.51577062963
1007367,183186.49908863133
1011549,468939.20103627176
1012067,388828.90937503614
1010150,349332.11926283984
1012030,454114.1662879765
1008040,285348.69557579013
1000649,349834.96596444736
1014825,288327.3861712563
1006108,678338.2882528895
1004094,443724.79000160296
1014490,408597.6316927379
1014881,403155.24777965527
1010709,456678.19079400157
1005492,336965.14060295146
1006477,638593.4295029406
1005178,834207.2887864482
1015309,444032.9713354261
1004856,434100.16022726975
1010064,301470.36909387633
1003519,511009.5863261612
1005700,479448.7414140815
1007559,464672.69123583176
1002432,643704.6401695155
1010273,673099.0037557866
1012938,583772.1979422088
1016343,275977.4637520299
1000486,334749.2525221812
1010021,393397.1652314309
1001736,264839.2736508663
1006927,442503.3621650507
1010480,468825.241444711
1007780,761426.974665745
1008390,344660.836872755
1017008,313837.22461821657
1001490,390049.9222563867
1001563,849360.7065306122
1002224,542428.8395618914
1014769,403051.7797706224
1004732,405162.0001343204
1005836,632890.1453869422
1010348,375507.976495638
1016627,508130.01750694064
1004338,747820.3957982052
1002848,671488.4926689753
1013517,554577.0493714475
1008978,314221.2068121983
1017289,693467.6281170597
1017179,442468.32531207456
1001567,557460.9681976226
1000138,443637.65517169493
1013882,524056.00283496775
1005258,317518.69375536195
1004736,461381.7027836155
1011986,384465.46723834757
1001713,339273.56569181266
1003495,529367.6970628377
1000600,1138081.6616663197
1002812,313424.3688052929
1005059,405620.1388298709
1004949,362799.701512007
1016211,688991.543789579
1002271,491912.3243618962
1010060,472118.0433740721
1001865,213252.55540065054
1002501,482673.8880538486
1002661,773833.8623730153
1015233,680395.1279303757
1005953,216813.75567938748
1012146,191080.45096633365
1000127,244801.38328992706
1017442,408941.70750144153
1010509,373003.9646606157
1013764,559785.3941787746
1014776,289768.12529314135
1006256,310562.5807786255
1012690,948166.4179270321
1004036,457474.84228206053
1011249,370751.76715750026
1000142,401079.2978357585
1004615,457614.26161796664
1010776,534805.8866443859
1009176,717674.3764118182
1002226,335701.9729629404
1013305,500423.03971516894
1008739,483259.95955986774
1014045,366041.5657253112
1016494,261537.5866095665
1014843,791822.6838471921
1006659,573867.1799913719
1007074,497790.9488757141
1006679,542636.133879037
1012055,497931.2466092103
1011671,426085.90054772695
1002228,383217.928799698
1014300,579801.7177668338
1010675,616884.4156917646
1001530,686602.4965265075
1001434,417490.85309630254
1000238,854417.960592528
1016313,218234.91139064255
1016508,310123.14860601694
1010961,521387.0741179041
1006196,672792.933633763
1002722,338621.33837932587
1008317,406825.39786722977
1008471,283375.3172926455
1011409,356512.909415224
1005866,579673.5338746045
1003534,561956.2131775252
1004496,285113.10383004515
1006183,215358.34139821725
1007785,586477.2116368066
1009252,325815.76763171336
1017361,563804.2512468818
1009338,558540.5198988552
1007669,353966.1264102227
1000398,268127.3157820453
1004077,399194.4091404385
1002194,513141.203694468
1003421,470063.3960230401
1001555,407349.9835661502
1012526,997665.3249439088
1015772,419240.17928121577
1009004,332360.63277749496
1010288,449723.3480620472
1010481,526521.4362530527
1015897,796348.4477759219
1011264,443233.1234917887
1010666,420257.6534653115
1014339,339529.5034523511
1017431,442312.4812944771
1003871,560982.9822460798
1009047,312657.4963516472
1013774,702850.8744100314
1012916,639846.1216641947
1006968,437752.2005060564
1017305,262926.6994032246
1002162,430832.07501513243
1006335,344922.0259416001
1013120,157417.78539313545
1003797,436992.1166542053
1002767,375597.7839958666
1015663,512822.17719189974
1017251,1041410.1886191125
1009277,729548.9487359845
1008631,522093.33582379355
1012133,685939.4591913878
1017051,558850.5957277551
1008854,466280.05132816895
1007299,773669.1647095244
1007944,433664.66301265854
1011281,677035.1933970336
1001250,489025.10744515754
1008096,623992.0435554254
1008508,427968.66467475425
1015009,267350.2250801303
1007457,160898.37158962368
1004316,324814.64265942713
1015713,430128.44120811083
1011513,195066.986138871
1011115,407100.16860967554
1000361,445335.96578877635
1011111,413262.64925426943
1008871,524203.6973912801
1017271,682141.54860338
1001893,619040.9117533809
1005628,363369.0678645681
1017056,290575.39698101504
1013502,153152.66522824828
1000221,619053.6739615459
1012851,225921.47757325077
1001747,384592.09767383634
1015493,339431.71219919913
1010744,523379.63168611325
1011121,613602.7514358043
1013586,392793.52097994526
1014675,404878.24130936636
1007452,550255.8207328825
1009529,361887.89164222335
1013150,257786.1468287945
1005074,294676.2665998147
1011564,371825.64596534777
1009713,308831.17574645247
1008775,343510.47352844884
1000046,482152.57529195974
1014234,744983.746094656
1005191,449243.94310722896
1015580,388310.26143618143
1015213,408744.2383307885
1009502,1061903.661281363
1009749,459870.4380246052
1008349,291507.40134421707
1009943,545225.4583893308
1006106,439942.69800542877
1016031,614260.0990585859
1016588,220722.4333162091
1003863,623388.3941131376
1002789,1345113.4501261243
1012476,446671.78259069804
1014960,848131.6867537703
1013565,906582.4964710376
1014232,815462.088306956
1006710,466128.4678215666
1001562,1028314.9875843428
1010751,396432.07457237254
1001278,440925.60668509186
1012306,576577.1175110516
1006853,450083.9855052851
1000113,542148.5523371826
1002688,630851.3138126433
1014082,289124.1374070034
1004436,285382.2522746792
1000854,437195.82613570156
1008839,753013.2481464023
1008993,193284.59749154907
1000274,460045.16861247516
1005684,294198.8740522913
1009716,220054.30375696032
1003776,483326.9493064692
1005089,280702.62208580476
1015404,502337.82616799825
1011893,548579.0514255222
1001618,537711.4530934137
1005151,826230.8521105323
1005942,571070.2360356785
1005565,477335.64007749426
1014587,478871.72531396494
1001031,456586.3050861587
1017239,283839.25768393755
1016839,466700.9808427222
1009546,632353.6276554643
1004152,422724.16902021016
1016421,344675.43766418635
1000641,475635.9342897977
1005573,328368.8854187021
1016888,528422.4950883741
1006732,329560.12455207657
1005756,352289.17853226006
1004978,302797.4304383685
1001650,251946.49167695123
1010845,402185.4765252722
1005920,429675.6563450492
1001513,485601.3546578372
1001630,545782.3403608836
1003329,372450.6231281851
1001456,475142.26298220985
1001161,672883.1622389202
1003023,264314.90164670773
1015563,142245.9636216141
1006001,338884.14176846104
1011429,213108.2261778534
1004692,582822.8257679743
1009982,441989.9391835421
1012391,310478.8439961097
1014059,646095.1762688998
1014418,277495.68090692186
1006808,590855.7327640201
1006437,772858.7442638306
1006428,863702.7658276086
1010843,393692.40661918715
1011790,1028153.6229576475
1015742,277032.8195710236
1002212,560783.1671471621
1005197,380160.6862593506
1001647,820806.3941492361
1014695,732301.4820976238
1011173,529859.9491968696
1016927,986236.5339532192
1013006,391020.04296551447
1008005,596427.4020934067
1015095,374735.2190494599
1012988,474120.5970460424
1003179,797270.4376470166
1016233,274829.0415131561
1012979,223196.64688092962
1009783,744503.0722741926
1006676,310531.01056591
1005148,579527.6226518423
1005527,429942.17767036485
1006790,488812.2791316182
1012078,362017.027444788
1009415,427064.9247393988
1008931,483741.87093270593
1014588,566629.6303115065
1008250,337875.11367217975
1012947,666848.2047411216
1010154,317072.3481171615
1014653,428470.0310654981
1012561,691504.2548413282
1009340,533464.1664454598
1016362,395034.94425447175
1016029,236020.06823301525
1011823,356360.76252873277
1006933,290691.0857186306
1003423,266829.04030612035
1006983,690758.3455372733
1007935,246127.07264778187
1001406,310112.63064779044
1010646,320292.90598423296
1015893,465007.83552721725
1012546,311637.91002583515
1005044,449956.5205153056
1010604,1017969.9946213651
1001401,230837.6054249592
1002981,546003.7809388957
1005216,415788.7101521317
1007115,609924.6084857376
1016864,578066.2174976298
1007818,401472.43127443217
1004132,377593.24540964357
1013780,329267.2579836131
1008742,456800.76331935154
1007461,533827.444470425
1003113,571142.7903637107
1015816,574706.0847849582
1006302,277777.9731396758
1010863,566458.4522177095
1003037,374054.91289110965
1006598,575330.4085776096
1011836,440048.95763503265
1006075,564504.7815287642
1013067,480400.70071014157
1016285,402493.34845890047
1017013,770896.2709232337
1015975,287948.4380791441
1014736,789218.7307984477
1003196,467413.91043949826
1015081,456958.4109723364
1016693,375615.74273110135
1009572,797779.268163621
1016011,685663.8850984285
1006237,326647.2645068867
1016623,529419.8931531655
1000883,673161.9856642425
1017560,930395.7222634006
1007766,372175.6430915351
1015336,202883.55763811685
1006215,321481.7011969744
1016006,596594.0934722759
1010212,295749.9669998986
1006473,891614.4016005747
1002690,445852.8842515115
1016605,450702.5844918639
1004568,656639.6723863936
1013736,373659.63069290004
1012056,550983.44016695
1009608,831744.2946369638
1014173,487183.25466877205
1014387,577505.7720846693
1004547,465512.2290917696
1011204,304617.3382634385
1014069,687171.2294608657
1013942,364275.0375791654
1017277,423630.4203047541
1010852,419197.3925148869
1003745,235081.11489747502
1005867,488452.3682716475
1011756,474197.5878106027
1015924,402454.17513914657
1011837,411960.16946243343
1002836,750741.7149941123
1005442,513093.32548161177
1013409,460164.4748599423
1011634,518813.8643977772
1010390,581912.3050107091
1017314,650386.330176866
1006884,181679.15044857282
1015204,467051.4524156736
1017163,559127.4519642548
1002222,354324.9965668726
1009311,633940.5633822134
1014707,349508.066572902
1002990,555313.228786334
1001442,331592.62412589334
1006070,397002.48094523035
1000129,386537.7187168951
1007993,426259.224724235
1016581,199760.49345894012
1014916,472346.46886786295
1003671,501414.05240321625
1007085,612571.8561810643
1016104,670944.5115689959
1005899,258993.0118131521
1009297,426605.99943046394
1000875,340020.97845826973
1002124,299968.2930884908
1002754,494529.5338512593
1005819,474611.2672207823
1010737,305529.71237520763
1002653,348743.1923648256
1011713,891115.011261012
1007157,451436.19855750614
1005660,480044.68877413176
1003990,592809.8744393991
1011747,378295.4592862212
1012407,551942.1318981005
1007924,302311.5171893687
1007541,671530.6276471181
1000372,347044.9108385783
1016072,275264.11440304155
1001204,517430.0414783905
1009720,309982.409854273
1010693,283994.0251943008
1011474,607691.0603691386
1017483,819298.5872830143
1004331,504953.36539521714
1013654,414135.3986470103
1015970,473358.12030788604
1005347,550699.0913637824
1002786,526475.4557933373
1001058,415458.6893164406
1016170,442580.58011877665
1007976,247020.0479956715
1002263,384369.15597554547
1004788,383741.59637427557
1008091,438039.9500951442
1006321,445676.6527450109
1014869,444475.3038983981
1011364,384737.82721807074
1002648,320621.8398168616
1011098,637661.3059110006
1012626,588779.7237125114
1016666,453159.97533784586
1016009,468543.3508577137
1016890,899159.0000246868
1016519,349631.32009956206
1008371,335925.76532687165
1003017,339183.1419459696
1007662,454099.92276670627
1007464,612676.8772796333
1010986,492860.57666498097
1004011,563056.9714380432
1002561,310173.2804650869
1010791,421701.1624337709
1011786,789787.3839612958
1014142,464324.6288298421
1012439,363331.2808117071
1005234,372750.0124544404
1013971,528143.3214856063
1004678,411253.17086349847
1006056,842025.8249016188
1009706,636699.6337560994
1001028,334070.5532906364
1004765,524711.4381610058
1000968,319252.13001870736
1017307,262242.86220448924
1012820,813549.2732853874
1005832,814254.2037175446
1002048,399525.9105061457
1008174,662812.7688164023
1007495,448414.237786073
1012640,297760.6416154072
1011262,389421.48002267873
1016535,434575.8651367786
1017568,389601.524343856
1015382,181718.0794076374
1005603,397228.6335402278
1010679,461505.38004323037
1007084,522126.4514373522
1014777,277314.01882148517
1000822,600735.7081312146
1006596,393796.5053320558
1011778,475677.451779377
1004488,686016.6686911044
1016143,828046.5394362621
1004642,361112.90012844076
1004873,512739.8067181935
1011190,382893.58774461644
1005200,255499.1971093132
1016264,609825.0831872588
1000407,377889.05170924193
1004880,361351.68841242127
1017254,510529.94928280707
1015630,476575.66257103375
1006483,599852.9398955201
1012070,123987.57110821776
1000079,569483.7881879578
1000761,651073.9989020684
1002798,609332.1058076782
1010122,428867.9081401096
1010268,389413.9581335619
1005515,733359.0804401658
1000176,525111.3712501903
1001717,624532.5616809061
1010968,310660.82803764445
1012446,179094.2581871996
1001209,515299.7079446075
1007751,441949.1490984669
1009578,362878.85248542996
1010063,373683.1069591845
1014445,686322.7278719499
1006235,346757.42566951446
1005400,554416.4429155156
1010010,449082.2164035298
1000232,512692.2467761374
1011325,251502.51298373632
1007038,398132.49460053764
1001331,170185.72843156522
1008863,139901.9761765887
1009575,850238.9653541686
1013464,823255.4884370879
1012610,322353.35015842185
1010226,428259.6042880124
1007522,483637.6752130023
1016081,372666.4719835428
1014597,544123.7362591942
1000669,892808.7864050858
1012647,652299.3820278967
1005508,343937.24194865447
1001685,621431.9596344708
1013152,273286.00781712064
1011061,323090.3332772767
1014348,408865.66505087545
1016034,580642.5055476141
1015616,568452.6718772431
1004628,639363.1292917379
1010118,526066.9417985326
1016148,583780.9136171407
1008076,1093311.8402614852
1006697,765929.8084407501
1000637,450141.39132503624
1011231,378756.1088387155
1014462,395594.16311177827
1003384,501881.99874414824
1012810,214320.22549359518
1002198,283033.45462532534
1002448,419707.5206221239
1013552,734402.7409578664
1001594,459189.83415307384
1001070,469495.08428456384
1008258,459195.6376988662
1015806,413186.8039313267
1008239,445545.25426524656
1000174,444561.30897946935
1004969,424468.3078162434
1005562,913410.2436264575
1003433,267601.60631205206
1009917,712578.4203325661
1007333,552547.0662288493
1013802,436046.4940213855
1001935,192295.48597599508
1011013,348459.432027034
1007979,687749.9908597695
1013148,623027.2442869588
1001590,670386.8829464051
1005324,675956.6416164403
1014915,827727.5791896778
1013440,567865.9403672486
1002497,491926.2402095075
1000498,364420.7833396465
1013940,341868.0176623432
1005504,390074.7160901741
1016212,506556.3689937614
1013399,440184.12844167434
1010318,381186.6333861926
1009331,792033.5158761003
1006875,215148.59976506076
1011719,592400.2550367366
1010609,509626.5342642278
1016306,225857.70214476055
1005217,510992.44072260323
1006218,502583.04558272526
1012219,694280.9216883013
1006460,196671.89160749366
1007089,539560.3151723845
1016621,610553.8553317166
1002435,662062.1144630936
1008664,753656.7614333327
1000110,559658.4361167515
1013056,472456.33117009397
1015255,390801.794254044
1000786,318396.00905437995
1005894,406275.4915449557
1008368,389770.8302228773
1005925,482874.52335419727
1017524,487953.2296527231
1014120,351599.52349170763
1006313,198833.57117773063
1009141,664156.8784646081
1008915,580740.9581704752
1004122,449633.4243318296
1016330,358995.12758834846
1002058,475388.5861096455
1001597,137631.84720454988
1004924,702467.5185255611
1007582,560408.8600733222
1008002,388253.23028454324
1017596,682951.0625878932
1001656,244273.07766447976
1009995,521799.44863247644
1000602,910697.4972529742
1016650,868878.052959698
1009081,453556.8130970863
1007706,583780.797807842
1011347,355385.8390214449
1007008,749775.9641516155
1005968,242709.62220058977
1004458,255305.38421760916
1016766,459872.2164920784
1015353,223211.66807594837
1004733,428932.7920555845
1004456,364311.9766969388
1011831,506005.37968027097
1013991,409953.0472805465
1005591,270895.4732157766
1001116,871801.09862861
1007447,665766.468971588
1009975,733769.1415590551
1002115,349613.90366530814
1004361,427272.9153230209
1015655,501653.0048943133
1000269,169196.96761503007
1010229,469723.9259853683
1014842,409067.2172648525
1015147,691989.433029934
1006528,384875.81756847573
1007386,447468.52214391483
1015027,165902.78973177297
1015385,596700.9020563392
1014595,190263.06935570395
1010656,341260.3943361005
1015901,441769.3285102711
1000011,738185.6554746334
1007467,368288.31387427443
1016561,773898.5100234224
1017592,350876.1866122747
1001669,423316.5867682068
1000153,388444.3231367265
1015525,536791.0238463824
1010248,350386.1065118969
1004264,729840.4273606705
1012681,282911.23144861026
1003243,207486.45532288533
1015160,773412.2891276528
1008261,212401.9630281663
1016439,898754.1667940035
1004995,253751.87517963
1005672,798061.5621928332
1013775,783182.967657118
1011327,344643.20445468306
1013349,530416.799943813
1015837,318059.042609571
1004190,516944.39685675694
1003463,349049.79813989566
1010682,825329.4736568063
1010982,344901.4539929755
1017041,635773.138426971
1000346,250223.48289426163
1005213,348804.7232607512
1000177,483556.4799359742
1015579,483050.732819265
1005578,425507.25088119914
1000353,548831.1111297479
1013324,557454.6486209433
1011918,770213.1870182235
1015786,244657.82733523447
1009901,426027.6237886847
1010583,333986.19822860946
1011399,375551.51851566846
1013714,396565.047083054
1002450,528550.7281350524
1013344,999934.3591447267
1003781,284303.28060909145
1017299,337939.481519671
1009385,573233.7024753197
1014846,324105.04816057906
1009863,297634.65212384507
1007204,189183.69256504628
1014127,660392.6211672097
1000131,547413.3672613654
1009419,429951.30182395485
1007050,615275.0927283855
1000549,505749.63526385033
1004941,817519.0533197122
1003984,360762.2534729163
1010103,454282.13254270545
1002282,526587.7439427106
1003108,530679.8259325481
1011263,902735.8897955957
1005491,280608.7894195313
1002374,673471.4667906174
1000775,812631.0674042805
1011824,710366.8751787347
1012172,433437.4655055248
1005532,247132.38665849782
1016098,336565.0876346176
1008574,552767.6599590164
1005334,538650.3421107373
1003361,532429.8713255433
1007121,383377.02497923543
1017048,440702.0752864101
1013702,367544.65149103815
1009859,548543.7824976639
1000406,313431.27434185275
1012151,511162.5521457842
1014693,475911.0040663475
1001366,529902.3785172291
1011575,562153.5315561182
1014773,516580.68912497256
1003987,496908.4384712685
1008131,325532.9448227334
1000536,198377.34166061739
1001086,384732.39965871326
1005670,1184448.5432463638
1013675,564492.9522176972
1006013,528623.5019239988
1016490,365581.6051807649
1011300,279565.06343656004
1016707,531263.0183258266
1008376,340138.07320915157
1007086,752476.3049646436
1001251,301361.35798920476
1009950,267585.49122849386
1016289,646129.9999404527
1003358,116173.91211522953
1008264,518806.422223094
1008190,818415.594245895
1012537,318638.62373866263
1013693,609558.6849279867
1004184,424445.3363053144
1008383,738102.5720246743
1002108,826070.6358210118
1007321,335286.44239700434
1007390,584014.9654983277
1008451,492273.0495410532
1002949,370942.1557526635
1007100,376638.95282385044
1008756,309496.447513594
1016453,1075585.7797165972
1004489,415395.6837173592
1000292,667194.0233852987
1009952,501025.1115791726
1002201,417024.85517371685
1014642,331350.0500655007
1011175,402738.0290713947
1003293,1292381.5636438937
1006775,339856.35590213916
1002152,281333.7001643515
1015149,198093.77670140067
1009789,382848.9576116278
1003736,945708.4400022468
1001785,602809.6425398159
1014311,529221.702865916
1017572,717364.1814979415
1014698,950680.2594078779
1002341,560667.0947945439
1007490,336275.20481659344
1006487,555569.587565397
1001154,492674.15208247356
1009099,492351.2329710086
1011025,600867.3723691821
1006065,580788.8955515514
1011102,415072.432288845
1009324,375108.8445652713
1003504,373874.6061810951
1007548,424191.67996602965
1009685,181179.9953183916
1013163,279967.8555164142
1017591,544623.419371015
1009816,460166.8432578547
1000229,221027.01644867504
1003123,249016.84208684068
1010850,231991.7804448779
1003290,509373.07291751046
1016217,662948.6489381512
1006849,596034.8087914697
1006008,721756.6430428983
1009221,211882.6650654414
1011557,378700.320630887
1003784,465149.3963144085
1003220,240692.0494586535
1012740,395866.3368515133
1009774,810551.698920741
1010084,564623.1849066888
1011980,1048305.2548351928
1007377,540579.6696940408
1007961,848300.170589758
1003321,560569.9948184448
1013893,581173.0619592465
1000106,664794.1325990343
1000099,150262.9766200452
1007778,352391.310905696
1008887,626208.9690779572
1003299,250444.86353303128
1000324,710533.2346483218
1000006,393676.2737394585
1001930,792580.4011184563
1000910,532290.0575338785
1015775,380676.4841102515
1015974,288344.8587202274
1017091,313452.32835845987
1009799,897030.6368820855
1008088,425502.5570065129
1002420,381871.96511977277
1010543,378631.33458251116
1000453,469049.631650948
1014740,393371.41833352105
1017002,496363.0503648329
1017291,515805.2708947022
1008132,144047.5008667642
1009128,239019.99097197282
1006461,517481.94224935066
1016183,435244.3832353238
1013947,324308.16133187566
1011958,525843.7906304392
1014910,471980.0985622293
1009920,801991.2882959493
1015332,478550.1119297199
1011065,579139.7105985993
1009386,316959.7911291628
1006203,312304.6817358222
1009601,669157.5581953075
1003527,201994.1356413719
1012716,415244.354163408
1002985,483844.49637800624
1010425,480289.6099605337
1014635,316880.3026212457
1002305,480331.5221043831
1010052,422552.1209259045
1005904,397897.2638031554
1007620,388700.17873838043
1011285,310486.2493736717
1006394,490829.0436986955
1010818,492278.96970336314
1000913,663623.9732085927
1003216,392839.46867609496
1014885,396128.62489428476
1017433,401012.52067686775
1010948,574256.0992769717
1010391,511840.3620024342
1007469,604223.6428254464
1008083,590937.0727102329
1005548,244406.01628786838
1011085,492228.99919401354
1010887,301417.60017799464
1008880,474786.1238341722
1015537,328383.026268253
1008348,365470.6954438976
1008437,296147.5625957945
1005224,649171.3977138106
1002437,453066.53986863047
1016909,777273.8000306423
1001113,716259.5903474917
1012508,385769.03018781956
1006999,385055.4218339332
1011170,348150.15126722434
1001139,318753.343792611
1000428,745815.7096939763
1011994,459883.44834938995
1008024,580261.0207036114
1008778,337826.1571854758
1002422,561577.3346781909
1014531,372884.3640794729
1011558,692070.6821308768
1012382,671258.6234262127
1009787,539902.9164416605
1008632,499299.0538142959
1013422,245341.7835954069
1011242,421945.03499837767
1008630,631176.5183325263
1010926,516127.32210175885
1012470,444416.37929877196
1010086,360055.04944262345
1011413,554582.1207888767
1006743,524329.783276591
1009939,591727.322541085
1014370,516050.63341192843
1002972,476371.90224035544
1009088,453824.8983451074
1001539,1055194.2106137362
1001303,338438.40822363866
1011100,290813.3940408047
1013584,443441.1971599241
1004934,712383.0675220247
1013275,284705.0580016085
1007215,770802.561203019
1010773,627561.9286202779
1007837,334859.5651112696
1015937,345393.42205466726
1014294,479598.1018532284
1007208,742125.8774055927
1014819,221617.45731081397
1001774,255068.13306685546
1013895,288278.2203246027
1017370,331136.68365214084
1008115,255715.96969943645
1001752,640222.3593688175
1012482,695741.1447061636
1016468,740674.2881691518
1013123,440368.8051192997
1003952,545221.7946076806
1003666,354269.14793492306
1002877,624928.7908982933
1017435,233308.63740504987
1004237,378596.00003278407
1011078,769281.7378016606
1015683,462572.02843272005
1002137,262442.84295852616
1016059,543587.7249749956
1017069,638411.552358544
1015900,456160.1407225394
1013801,398671.16240105487
1005320,534161.1857771721
1016331,771889.6705932205
1010865,632105.7518629257
1015203,842562.4845344253
1002840,433068.10540771723
1004310,624711.0921235653
1013128,427388.3431367646
1000518,470429.4254394384
1006756,366716.65795282344
1003994,659636.3884078481
1010862,100485.29247260159
1014395,243441.94475179064
1007030,385854.7467573995
1001340,486500.7424179683
1002127,402781.4462769339
1011180,345144.77518320363
1010708,512077.62266361184
1012385,371145.7766116114
1016721,537341.7832676284
1012527,550600.4970600525
1013856,327906.8093643055
1010745,506637.05259715894
1004087,621857.1968996575
1010673,598532.8002662479
1011114,418537.09075835504
1011033,446177.75348446314
1008332,198628.96653892403
1011150,287788.6983863197
1016920,439458.74362718896
1003687,547050.3508568362
1009727,285219.73835971963
1009058,309147.90966232243
1007762,312433.658556418
1005065,546924.9121978808
1014868,632065.546272323
1011159,361849.4621706356
1009343,477340.7276315699
1005676,719062.6316702124
1014049,784938.7352598343
1000890,450970.8575768651
1013665,301002.0070423514
1000382,345027.8506648569
1013466,154995.25101440446
1007977,654479.0257075446
1000160,604118.6400437795
1002538,488669.82864836085
1004951,590539.7960879575
1000243,487353.0940636354
1010396,825226.2694348275
1000469,675018.7842229129
1002262,466157.93590579065
1010299,1007820.3007388861
1004919,754989.7725166833
1001982,392010.32529648836
1000189,556423.0726172405
1016296,462078.53713487484
1009819,845054.0798888612
1010039,285227.1014535532
1008388,243171.12595714058
1012175,552730.1358577247
1003866,581657.2780902528
1014361,249847.8965312128
1006685,439227.4910918561
1004522,422354.5769094646
1003465,385203.1742941668
1004319,239220.2443293313
1001764,504298.7914847449
1013892,715224.8252352895
1012777,856727.5726862147
1004929,479921.6961418934
1003609,406869.15627233736
1006152,330314.8481129013
1009230,503871.01978456887
1016288,919200.9775945261
1005433,677896.4640755501
1006029,339784.3844500819
1015853,495065.3939542078
1000415,786661.9959994687
1007010,367796.8249280561
1011476,494429.1967328391
1014639,611997.9107294161
1001714,1010831.8547612367
1005788,462895.286267319
1007323,174650.37231622392
1005690,429167.36119473056
1002790,434264.50240692083
1005734,442874.4779992636
1009703,370644.4026072475
1003287,999815.0459643431
1003953,391305.08439772454
1008748,478106.6047015939
1006412,288387.93992567365
1011754,454719.9848277227
1004948,440417.54150332365
1013824,492891.97371737787
1011891,504053.1088574186
1001803,563653.3118325679
1015342,395171.9035674036
1004196,608956.1298119497
1002864,484973.60800343275
1003794,495951.88374609966
1007920,364846.68493490963
1015371,364156.4711099223
1016467,347541.7205848797
1008141,568011.0742381231
1009925,525160.879282767
1013601,548989.7334791019
1015130,483555.89466768986
1001474,347005.9718350295
1008070,551114.5782533734
1002011,304703.0622891878
1005454,448735.2401956564
1012542,675027.5660221865
1014657,615204.9831269983
1013420,447076.6405397462
1013793,897686.4579390782
1005381,403706.76527957874
1013126,461812.7869869902
1014784,519958.2427640261
1014269,250730.63548257906
1013465,497264.3675978256
1006102,307373.5301061879
1000472,344460.87751787645
1007685,862907.1435560627
1009207,620026.8849638525
1016689,293378.78363039484
1014007,414803.00344129564
1010437,475759.6594803549
1013785,592617.6222089912
1011019,229783.0684011011
1012553,324107.0583854131
1009223,360861.4632978171
1003593,713398.4644205475
1001463,782983.4742736296
1007137,493157.07392850606
1010073,661550.9261515905
1009416,404439.271201323
1015138,837767.5222859624
1001158,547219.9663578719
1008547,764007.4446381015
1007820,465392.14245067467
1008834,644980.7124893027
1004669,267056.8413623673
1000013,528015.2950103175
1013283,198419.3318035415
1016851,257591.50601503658
1003356,469114.1158233084
1016465,438666.6507245117
1011964,345453.46317738685
1010602,590335.3309511256
1011230,330995.1493217016
1007122,420467.4278085204
1000418,235085.8881745889
1009148,351165.3112237602
1011581,394516.8779182217
1006847,549422.499900654
1004981,494885.79561236134
1015358,960199.4790631733
1011330,628387.1131727928
1012879,543150.0487798252
1010321,510520.33108925173
1017248,377885.43703091337
1004078,803136.8759572647
1013300,424013.0765067444
1009931,606501.8741656871
1009555,501403.9067470468
1009365,481298.32038734073
1003170,727778.9711682664
1009196,287619.5338214213
1017514,433985.40863621514
1006904,353011.20447616774
1016803,518334.739149399
1015876,527432.8040966844
1010858,594824.3136206258
1008255,612515.6452668116
1014373,292601.5232360811
1005987,599861.1035369206
1001652,414329.22039115644
1001813,554449.124707107
1009496,437916.76297796995
1016863,415005.84135774773
1016270,809261.403593733
1006627,427438.3555554737
1001845,601597.4473561721
1004997,406635.8284014411
1015437,418741.54725228035
1013212,335979.41297304566
1005444,624766.7157012911
1011369,237126.31204139136
1002647,301344.03607369884
1011363,506778.17065576324
1005728,435675.2618466366
1009067,281211.70399111573
1009209,501099.11999096564
1010132,161632.8721505047
1005856,290006.42402210564
1015543,334935.1848640923
1014502,962724.3767314292
1002651,194805.3621513277
1000687,202427.0829557291
1006674,205555.78644308713
1001140,648296.3852948737
1012839,729303.4060097075
1010767,569415.0899801656
1009903,329509.1582259657
1010930,559459.9512014528
1003064,544970.9718529813
1014705,858428.1714855975
1015637,616541.5517947988
1016514,452359.6352925026
1016768,722726.650671096
1015719,415037.546451833
1013699,445138.81411889143
1014016,677443.2330470668
1005141,738417.0284277902
1011294,548894.6459855399
1016116,390631.4195320676
1003375,397691.0246356435
1015516,499724.9725867528
1013220,484100.7678669813
1000377,632558.410858981
1002968,779022.1343182755
1001696,231094.22974532496
1015675,328796.4958559208
1013787,683576.3003850506
1007909,346692.0924727409
1011810,270915.70365178515
1013544,722880.6473416245
1008155,293300.0264103699
1005740,490514.97553401376
1000494,214222.12100687655
1016110,305278.3893606801
1008577,508654.33593590243
1013761,444718.15806127
1003927,491637.4781367061
1003890,577330.7181405363
1010413,652868.9791643025
1015044,754149.064870232
1001938,438180.88339443493
1012723,686255.6405844287
1000740,601198.4326375311
1012022,906522.3433764454
1009629,487356.7044705794
1004877,404293.46640512196
1014889,643790.4037758798
1017349,366900.32820428733
1003792,508302.9970277792
1008486,352773.2687808775
1014231,320676.0176165403
1006582,428757.6294131929
1015510,429371.7302746998
1001589,845129.1175831591
1008008,424192.95293389476
1001054,207431.14680052822
1013896,710169.3282444965
1011305,414135.29815908766
1007919,515623.49611674756
1017511,319434.0881243986
1016052,464767.08754047635
1012759,788217.1546493561
1001912,417454.3663958778
1004235,469224.17505850707
1015208,557249.2206568468
1011870,385841.9152831474
1012665,310726.51152001624
1001119,441786.9257763787
1009873,455338.9644272706
1002526,958318.4012148187
1010459,368891.687307697
1008629,654318.4605441138
1004382,668170.1095445395
1012984,219131.55322458872
1005726,173771.0157113199
1000096,439330.1605474684
1003774,460201.8395719351
1008914,505071.83853266196
1008461,356129.9325366002
1004782,167425.70589241595
1003791,544485.219330656
1013976,874822.6508814709
1003978,445627.97882487695
1017134,848740.6728232525
1014692,394156.4088022931
1008745,374892.08374597767
1017561,561581.4202356918
1001129,281151.4925081274
1015536,504791.17598369747
1015508,536795.4183417179
1001355,261809.45736923898
1004449,465947.8034693747
1009261,505180.3587679654
1017158,220761.03452272154
1011328,456722.6954691186
1000635,850780.6722987228
1000542,485695.228367984
1014444,389934.21976945415
1010029,458215.17799673264
1013354,352040.57935446186
1001407,484524.65132001083
1002039,251163.9479687075
1015870,938129.675786337
1007823,437009.67096811894
1003816,348802.9215338884
1001218,334175.9202947364
1001387,483405.6777973996
1010711,690051.0242455382
1004105,530704.9083600668
1017296,267300.18388721737
1003705,642421.411103278
1001230,472203.75148932036
1014289,460907.06349093583
1015284,469360.7473169588
1009616,602635.2628966604
1007401,557918.779550424
1012246,601567.9131611196
1016674,478092.93115274096
1011321,486840.76089117955
1009712,627669.2592583091
1004464,397596.54077708576
1004014,686016.6776390837
1001537,121650.14055912248
1000211,551807.6284596073
1006646,518561.9042416558
1009008,317865.3616121508
1000861,658977.4231261575
1007661,594544.4366599619
1005121,442604.57491438795
1001690,770796.3234778816
1009806,300342.658667907
1000541,541722.7295590874
1005272,325943.85698781046
1002462,1077454.5905530856
1008237,538689.7957121739
1005231,392815.8665687055
1016094,544326.5527772119
1008444,515709.5393532154
1015120,373376.92238045135
1007251,553338.9541105364
1000059,583022.0201479621
1007185,599323.5083811616
1009836,498869.690480117
1014026,505429.940273352
1005296,533867.5625053655
1000286,456341.3344670862
1007178,624671.428768321
1005311,369768.2440817803
1010023,666944.9877287066
1000826,383698.123800009
1013639,182724.29123452996
1015696,289439.2541801668
1006549,188500.50995033293
1013549,260504.55891953144
1000578,562820.6522577201
1015697,361053.66694197257
1009669,439119.0232485531
1006498,398121.3615407383
1010047,359463.59606475156
1007523,467500.1540833498
1006153,265386.7782757196
1014165,455700.7511822003
1013171,470926.72928840574
1003767,630211.1846490949
1006962,427830.17220812594
1015512,671126.0103107255
1009312,491235.54017428425
1002069,595391.3456695653
1004993,470275.4707439003
1015776,550238.9379597198
1012233,740459.9320764827
1010591,220606.05701804094
1008886,430058.1207011787
1009279,496162.24948237446
1010245,180469.26850673885
1001117,345413.3354951777
1016203,713067.415261684
1011198,548386.8076871547
1003552,548308.80782815
1011766,512422.50155033934
1012267,325779.6384147551
1008831,387313.61410785816
1014641,383948.4005808287
1001324,383197.61081422947
1003620,446745.7397980969
1017413,343451.1652876801
1001576,363348.7756163866
1016742,427887.5608237138
1000299,447087.2027249199
1013936,276798.3673368124
1012063,340902.2171374645
1017246,596991.9387204236
1015110,419477.7714177498
1016583,634025.4089382797
1002200,808491.8648594341
1015325,469591.76019264513
1017574,495994.1963631215
1014104,631065.2908236744
1000014,623246.4876736486
1005093,512170.14947801735
1012432,834273.4541679986
1007838,764432.9747806626
1006181,347736.1443373954
1009319,497611.2040459575
1009953,258156.42804125824
1011291,510869.1938835355
1013695,340460.29601976374
1003520,498561.52763300465
1004207,390648.12292019377
1000489,787593.8123726024
1013696,663978.4494537143
1006389,531666.4934287304
1009697,354408.8683465697
1002734,932923.6250950709
1008300,879038.4605698613
1014378,419339.3295747589
1014948,442629.0801190539
1003009,1045855.4465744498
1000344,547748.7239048181
1011627,507354.20844203356
1011444,609207.1189882988
1007802,531099.8163080345
1003466,365258.86678634357
1017340,712942.0708186089
1000831,642611.8894349441
1005399,497703.47989725403
1016722,495789.0758792839
1006109,582701.8740889784
1007601,295136.2980210678
1015878,546535.056657594
1009395,466870.6943439475
1001141,547513.4304676105
1013326,677871.456839619
1001477,294519.31895881804
1015407,304332.10839692125
1009817,448481.7588993258
1016734,359972.7568943908
1003446,286908.6597179602
1004786,386884.2519285824
1000031,482986.49806265143
1013143,471956.99406501045
1007514,447190.79786511214
1009998,332283.49459691957
1007897,428305.15270336793
1000897,790839.351000344
1005421,979850.9396087846
1015421,630962.9535157619
1009981,287534.76573796803
1002116,716929.4862987465
1005630,459645.2333700608
1009354,317321.3300564726
1011814,537094.9517827447
1005547,705102.4571485351
1003661,466778.8378993072
1015098,287443.27865532745
1009033,272721.0877031477
1013618,409499.367505935
1012639,246892.5560718367
1012838,521852.0265456031
1001438,695097.2434490764
1011763,121660.23057130558
1006423,484396.941923321
1012877,473738.6764805865
1012673,303522.7180638955
1009222,546265.7907951118
1004592,486870.35327400186
1004366,497824.371689356
1016968,447019.1775603368
1002724,399983.73052354885
1005375,457229.6445136623
1015210,472367.49798219564
1008575,485820.3241325931
1008812,390911.69535276387
1004952,423955.7891489006
1000332,726706.0679132509
1012852,320328.60350329295
1000390,570638.4478430838
1015945,500043.167753723
1009135,317588.058494886
1000095,607870.4374721079
1001859,625459.7951968401
1000853,534468.7398824104
1004425,756610.715278925
1000386,517438.47957028844
1006101,579110.3055015461
1009841,562441.947511365
1001148,501402.97699106555
1016567,533449.9141490413
1000413,684598.5025156739
1012322,464711.1606676381
1000284,690645.4501145855
1000820,270389.64929638605
1017108,709379.943733838
1000973,188120.43588591958
1011270,328412.32687357016
1006425,378794.6708676603
1008672,481890.89285495086
1001676,620726.456902629
1014772,392737.4834968498
1015502,229965.56940671153
1015306,176112.01544196822
1011567,516370.83044861315
1006119,258760.65000842247
1013467,312645.19949186867
1008953,481691.85436670773
1000180,428773.6570180212
1016840,540093.7161544038
1009627,254260.3652970603
1015236,643209.3786463935
1015554,186790.22741855032
1001604,812949.2059231871
1015805,360182.129690561
1000423,443025.9296344238
1010005,558486.7145685308
1005386,347399.3907266821
1000914,366094.2495437005
1008466,463954.73543752485
1011461,467609.86315050645
1001635,626201.3095415574
1015799,269209.61067202967
1006022,456253.7854824187
1002628,592395.3172869976
1011216,322893.31147612404
1015810,312068.6437475539
1007687,250381.0381703928
1011406,482368.0970134284
1012469,373482.53616007656
1014421,1195443.0938054987
1000838,438792.80091997556
1013845,413103.42405732605
1014856,347616.61922343244
1004108,485525.52900616487
1006580,421925.2122652944
1005155,654471.3689870998
1012192,540407.9089478329
1014216,975868.9027406895
1011884,305266.0486614007
1009136,389690.90894033347
1014634,633053.4228072822
1010434,217111.7703416118
1001890,595563.3320971113
1015001,441972.33511456195
1013650,495389.5923118708
1003743,538603.0796173068
1003447,383306.4156067034
1001022,362779.71100576565
1013521,152031.71584254815
1009535,581111.5348304249
1007465,553458.3231865702
1014360,182906.1544778584
1007825,391339.8042791863
1006431,464496.6952477085
1017364,730495.2416495112
1006134,261356.108770759
1013202,320484.5692176462
1011069,685711.4083497676
1004742,386239.1156909671
1013790,428694.1449956051
1016955,299148.779388956
1002814,416320.44919506647
1015443,366083.86286126834
1003782,415315.98836568167
1010800,568967.6925715542
1005996,371798.99435141403
1012511,706343.4795813838
1005043,691657.6495420005
1004427,530774.192196461
1007940,387666.4861977235
1005462,409008.5180204986
1001443,301660.3494947343
1000242,762267.29631796
1005304,262663.3905939842
1009808,354050.3343273388
1008972,490358.8561782453
1005552,529753.4653806819
1011924,241568.56830250908
1017562,377287.30820083554
1002837,502571.40303961985
1005277,687610.0840593232
1000300,492792.61269179557
1015541,402479.7132005584
1012829,370784.8012546983
1012254,574903.6689237233
1008457,889364.2425236903
1009883,426911.2060876964
1007406,435214.2554556028
1009844,478893.9170987753
1012068,567392.8551615868
1000370,452381.27282060747
1016458,730990.4057843342
1012155,634765.1697446101
1009169,458783.4960951793
1008301,838452.2071952387
1002984,471597.225047636
1008085,644118.9508448729
1012779,451384.37156527594
1016262,183943.50485144547
1008295,359834.768418353
1003438,254614.01811681807
1004091,510655.7239111616
1005779,440529.92605014174
1008865,851856.5245694536
1009992,627360.8400979441
1011565,296832.9424448457
1013958,575522.5221663911
1009062,239565.2965903166
1015245,432654.9148553053
1009201,483212.67357679026
1012319,695495.8073872633
1014678,259353.6347348484
1007545,343186.5048894135
1011220,429801.077766699
1005373,870736.0285842213
1010332,538432.5794765397
1004389,902045.4080463073
1004529,536472.0599485058
1013878,492311.06413475133
1004333,768990.1466090918
1009019,613004.0099054254
1016308,348909.4326419743
1011323,513720.26170648617
1006701,527838.5531834413
1009649,395867.33572289627
1009964,573669.1010402095
1013891,575983.9244049129
1010981,429038.3939765437
1016680,560644.6283452694
1008338,408801.46088914206
1013503,435325.62118559494
1017421,538024.0685955811
1002996,468948.75680332724
1009493,588767.6416515338
1013414,518133.37267750804
1001185,314573.63217530627
1010578,460301.7113904762
1008675,690219.4817691065
1015093,632387.4045290767
1006045,471965.01336969266
1017383,508462.24558971426
1009499,449578.84383757657
1012893,287431.5863152022
1004734,763469.6782463109
1016573,463828.86151575827
1012499,461641.76690913003
1002351,359428.3205877188
1002602,662026.720487987
1016472,377398.46431689285
1004259,421611.73913908715
1009204,469590.29500813
1012405,347047.02321682766
1001447,268585.3837529269
1003143,527471.5079133864
1004286,370279.84823803743
1009258,475468.7879567254
1001382,293947.6454488909
1014625,333858.1299292809
1015867,252081.0153632887
1014694,735378.0020580242
1006391,437804.82069786993
1002995,219460.0452910205
1002624,358968.2820092716
1006417,510084.0213172409
1001400,1113442.419422986
1013192,303515.8960643646
1010285,254072.67703860434
1006942,1062538.683937153
1006936,440786.59391802084
1001203,346850.4496734441
1003515,442875.7206205689
1010980,605447.131574664
1002890,435903.87908314524
1002792,455130.42764532723
1011393,508851.81649205484
1016683,261475.8039673027
1007756,419455.0495537541
1017237,572311.9760698974
1015091,224513.35363747986
1014954,434286.72902006446
1012809,652362.2230978674
1013533,299523.17720665183
1000508,429841.4253280827
1009818,691723.9958252196
1016156,553377.507717484
1017373,664463.9553462282
1011199,376957.6865940241
1007262,383415.0449250331
1011727,329772.64224751596
1015270,618318.6755033907
1014976,614768.9208051034
1007616,318357.2512996824
1000117,623569.9194194956
1014393,794090.4106292359
1001296,859209.3999986328
1017531,362926.5120254144
1016604,355835.73099586397
1012398,658163.384893796
1005595,536554.0902883303
1000520,392244.83117794915
1005172,714902.9454868446
1011720,261994.20575576695
1010209,719886.2649075974
1009403,419105.4889136798
1012194,704634.715103846
1006917,630778.5095526904
1010595,301061.1493994866
1012693,317818.37105693965
1012735,559674.1181811607
1016297,697064.007940775
1010660,326819.6159148936
1002046,434995.54567269795
1001919,257852.05829370228
1001746,178599.05507949658
1001709,766581.3147204131
1010890,481105.26355773484
1004960,584234.6218988409
1000814,742911.5851371111
1003187,502865.85417463194
1009002,593797.6009270692
1002017,599124.907870373
1007942,551165.1515650873
1009785,380442.0900957025
1010446,324906.29338752315
1008992,716281.9129604811
1017146,345993.8312671227
1004918,513065.5250013379
1010855,314758.6289305352
1003260,447974.33070131537
1015194,388320.891611887
1000662,906268.0497653632
1001314,447226.1240899575
1011576,420432.57886640617
1001663,422014.890362537
1013712,678081.2470814304
1017143,682842.7234519989
1002583,741972.5455954721
1014110,298680.4560323382
1016007,1153279.116031687
1003719,204000.7401727099
1012003,807630.125851303
1007758,803786.9553892378
1014302,592291.3709621328
1006586,537871.6425869464
1017250,351435.6195800753
1000197,715720.977570433
1004992,710881.9931036533
1010929,361430.15126594005
1008528,428260.22563527
1010104,602456.1614309452
1013449,308375.22525949334
1016016,831280.1458845725
1015292,618058.8960091297
1005692,373980.88628979266
1015704,346045.836396162
1014499,493490.24271982606
1000603,910943.9833604405
1005294,475478.8335036484
1016255,478796.9962588244
1017326,677419.476279779
1013592,637999.7412414426
1003247,558055.5127855653
1004794,346629.17912242294
1001761,291631.8998290111
1004330,429182.82806405897
1007657,689974.9883025128
1012899,511157.7437491701
1017342,315352.07611579116
1005912,484860.579704397
1015795,296796.23948574736
1011026,745786.7842566159
1009327,377946.54707467183
1005711,394566.8749981056
1007076,405858.0192104833
1001213,694822.7670080678
1016386,558010.8910648262
1017182,381225.7144063665
1017214,524451.1032797059
1011840,560639.715189043
1016474,516043.1591646661
1017588,385439.53854387364
1001283,369384.702999877
1012089,598916.777739553
1000957,542632.3989636415
1006173,290213.9124285944
1011583,262721.54917194427
1006221,405263.94262654317
1008014,915280.2060538504
1000757,546804.2645239059
1001339,515556.63795900054
1016872,296939.1431794465
1010300,333953.39030868135
1011904,232129.31832803442
1000563,241756.90891059654
1001544,177903.55340246175
1008144,386887.43743822124
1007027,543586.3419828162
1000720,727107.4750368203
1003205,935232.576167277
1009728,380972.78585305804
1017301,324639.23438198067
1016806,572945.9944183895
1000065,339930.96616051364
1011030,496091.10190015915
1006920,551390.3473284404
1006090,592932.1885075973
1012020,269789.1113174943
1015645,599693.28843215
1014602,486603.584380377
1000899,413075.19365959964
1000730,374624.93209485547
1001506,185247.6565020149
1011343,541690.00185764
1002557,397464.8623654921
1006630,672388.1240394735
1009391,324106.3671376263
1003039,840516.0454033499
1015796,614563.5549703187
1008859,247916.32172971475
1004297,228142.45806340734
1013473,201550.3761679186
1003322,589840.8938452614
1006379,460430.20684734226
1006098,397291.0372353153
1007351,724639.5419967038
1013166,528341.5870523021
1011081,544974.5198489461
1011527,588528.5346994359
1000068,434229.1359429497
1012530,404567.01432863984
1008419,659755.0609039553
1001954,452796.8192290077
1011515,1301786.6967351101
1016224,593331.383619662
1002230,681728.1665406359
1006606,368183.7372144628
1012224,416032.0039225502
1002537,119482.75919597005
1006734,506913.61182626185
1013125,923699.8344604651
1000938,641034.262943571
1012312,595354.165558764
1007005,891268.6422672466
1002276,369481.0094753566
1005510,797449.2779820118
1001999,579156.2277822486
1014441,419555.4432181937
1015299,663531.8179431317
1010601,429237.18172058306
1003281,439676.1761767895
1003801,831720.6263396741
1006035,434876.3301999875
1013705,743130.2266120018
1009843,478020.23323018395
1003014,857620.4166465139
1012437,316591.6732419639
1002332,265285.2952007998
1001038,798312.5341364553
1016829,391888.06172034144
1006228,577951.9625417881
1014247,269577.37846278783
1003410,398680.0421215454
1002122,290158.4727924775
1008592,628516.1863822838
1017211,331776.4787072526
1005687,427996.65822398855
1002035,364901.93087219424
1005556,463606.0007978236
1006392,378930.08713488036
1010152,701348.1756459862
1008963,755742.4645541552
1011632,339713.90906763717
1006130,1100332.2344917767
1004134,549801.8973043838
1002155,240431.59765220675
1015820,351941.02584411297
1016188,402242.04674486304
1014802,717543.9930380438
1011519,339339.5428082179
1000685,533745.2942531091
1006571,429093.4096443081
1010793,563788.5081340045
1004421,759024.9308431842
1015701,843896.9122209148
1004482,420273.7995381468
1013230,517987.3768166131
1000295,587727.6893767325
1000884,466280.15137924085
1012457,514938.20306614495
1003015,275047.11201931024
1008942,481306.93921234284
1012729,609122.5954637168
1008973,328942.3861333781
1013490,533896.9763565246
1012999,564312.4358683955
1010393,327406.906049486
1009080,332966.66741166596
1014080,598479.1558420197
1002400,327374.6012912884
1010970,326570.5186675243
1009919,147956.86085878732
1001465,578407.7497807364
1001068,605485.2122580429
1010726,551604.7635121625
1001686,925704.5719634729
1013083,574955.5038358675
1003926,333604.1337139685
1008741,680956.9200503373
1000660,450507.9105935558
1011219,162572.98491635494
1001332,136757.38718730395
1017198,334726.071126328
1004959,483876.458152802
1007773,253812.81599787562
1011570,647450.1191405086
1009272,160641.79379498184
1003766,239573.4478808875
1003083,418776.87586148945
1003444,413475.8862223556
1008117,550721.2839703917
1015614,313698.3599967488
1004182,621427.89105244
1007184,387137.95781656314
1005745,724386.5466666147
1010966,549905.869998451
1016356,224654.63928189504
1010605,611382.1056322028
1015401,281386.7276438371
1002459,469525.87032874953
1013407,231893.37240169453
1012161,609248.7988622964
1011607,246300.66087786926
1003586,471661.9096592535
1009874,344825.3507907146
1006599,587372.5689253124
1017333,567700.5021879927
1006963,479341.40120754874
1015122,801621.464338894
1002957,315998.13671751914
1004657,383020.7486920523
1009160,678732.5536718385
1007847,510881.1652026287
1006902,370552.2544727357
1015376,649184.2511714142
1014708,752183.4750285267
1000575,432063.10499662807
1014310,326498.339575157
1013221,281204.75092286867
1003092,292329.47201120324
1002691,264965.78729861847
1001375,1036047.303097978
1016447,488629.080119563
1010403,475483.3413093741
1005261,611869.39378939
1007868,422065.27637585293
1002344,308671.81708861486
1000945,421741.18426446104
1014243,405988.69629889884
1006407,480428.3910325052
1002111,253943.5212639125
1004581,546996.3505358094
1000459,393248.604258375
1007222,919573.0354397425
1006357,630108.2433526572
1010566,555931.8961466422
1002954,355787.06210159755
1000007,244671.4693167954
1006982,442639.50008185493
1000250,762425.9328062392
1012703,570080.8550316402
1010702,364210.7127104107
1013749,558450.4424226478
1001291,323534.50583814015
1016991,972493.452559241
1007267,506083.56547761464
1009025,200047.39606696423
1015076,852115.6827200241
1010020,352093.9209803394
1009855,663143.1988387097
1000976,475858.0463694085
1013987,530618.4679813059
1009057,338554.39213518595
1011971,462979.37097107316
1009501,248984.29713154014
1010664,580088.5570099351
1008933,716201.1634133626
1016710,238338.47201318067
1011876,454354.4422450087
1017419,456755.5008892185
1009162,472077.0494411525
1008399,472628.4616691001
1000145,183805.4074683137
1014838,239102.23720629702
1015165,291474.00346009765
1004183,959807.3160799554
1005443,375605.9603667515
1012363,502447.00927008316
1014774,778794.8269667212
1005822,434153.3599995783
1002944,299629.7099800022
1002682,723709.0697584732
1003146,361118.0762219775
1017428,309655.7134275886
1001487,922172.9053612913
1005717,650897.5387180549
1012917,640125.0466384401
1011506,445339.60204674926
1007659,265543.67761255894
1004261,460012.92822088173
1001832,299121.60351213074
1010463,796155.9679180302
1000331,1005377.3118285695
1000692,318973.77559506247
1001285,621750.4054624651
1010417,716959.1407992136
1000760,826612.1756181316
1005554,976072.3108836815
1009470,240458.24682013658
1005656,258721.1075010062
1005380,691602.4015701971
1001885,397699.1433191897
1016318,407461.5588790041
1017416,304957.175048542
1010373,559621.7655833963
1004977,320082.74582284543
1002178,303863.595569734
1000933,413237.3724029138
1011979,402791.96871409327
1000466,750370.1488559998
1006030,520273.7895443876
1000244,234722.33980184866
1014402,875598.186018563
1015832,792044.0698289475
1010678,418763.2339730167
1006205,656741.9203894077
1001807,792160.9212331454
1010805,483724.8389673152
1007371,379679.4859763772
1009456,363786.0562972765
1012942,331261.5703921984
1013769,1301068.3293957494
1000840,480889.9833639964
1005817,348474.47106516315
1014811,521411.7487731669
1005971,655720.1340484752
1006352,337904.1156917646
1011641,728205.0434681728
1012849,224019.9404725175
1005447,671402.585218832
1002328,271786.43074782717
1006137,710724.3593225769
1006011,608492.9551487223
1000279,564608.5193813685
1010507,716482.4604466489
1010360,158747.3052761575
1007229,1308683.2564547881
1010962,480335.24648400745
1014743,349265.47218387923
1012560,966569.0531454297
1017161,308503.0980172012
1016492,107267.78034953999
1004544,518868.514064228
1009586,495551.39327734744
1005850,295714.757506503
1007800,627610.9395470313
1012120,239858.19537625083
1009423,247950.95452349435
1003048,939365.7937287578
1009758,413693.3545440243
1006252,431413.4914488498
1009440,698224.7688014939
1006198,548988.9382733562
1001310,551958.6412778553
1005706,470346.42437619186
1008425,353472.6553462238
1016381,449157.541530039
1002229,583404.5023167
1017595,400463.97431549424
1012996,496389.441496295
1004680,305068.78261385666
1004762,513626.3445530277
1000144,297689.78791702335
1016232,318616.44869399816
1016642,455891.1089242256
1004801,359326.7112216551
1014630,459874.39620649896
1008665,237411.982583533
1009665,675963.3954086049
1011705,417180.5178359398
1003223,456976.82610472495
1003543,363565.2787717651
1000348,370959.1936282138
1013827,505463.0101583803
1008433,281962.93822031707
1008560,697763.8947764321
1016476,766038.8567577285
1015977,566562.9778372725
1010416,534586.4719869704
1013799,532201.4457065281
1012944,634438.463240576
1002572,498657.6529950257
1013598,843224.3291963226
1009351,416644.8186764014
1005685,407531.2947877084
1009842,684821.6092618693
1016322,265939.0716964112
1014282,493418.1208173976
1010690,534082.2005858117
1013444,780571.3246540785
1010560,420613.47458686813
1009281,370125.4105501503
1005716,246882.28721273958
1008380,526599.6889875581
1007004,317240.4175215663
1013840,429998.45108548284
1002783,284900.5966535346
1016235,459602.939471102
1015538,600663.6387158518
1002630,377627.99259315414
1016956,864506.7245119519
1001169,584947.3479432468
1004519,367907.49962722167
1007453,409040.344559916
1003541,610514.2891763169
1000715,402375.6613462572
1015456,294692.4988705154
1014760,359024.6652815095
1002463,295946.06489975395
1017545,491428.4464110283
1012833,365621.60660565353
1011127,555791.6359921363
1016741,526636.9786695013
1006699,428873.0967474652
1004595,581338.0222567768
1009607,562621.1467807208
1017509,497427.0686356866
1014815,362396.5145280069
1016276,486395.269180633
1015506,707233.0060369908
1012051,644339.2484908662
1008200,806662.4957470564
1010671,549881.1687871662
1002081,732638.8505249884
1007442,1039210.7460917105
1007283,824359.6732882541
1011048,270899.7998002677
1012997,396465.2001716118
1013307,1005460.608431469
1012162,592561.465539499
1001688,621813.8168157005
1008030,483161.3105438215
1015357,354290.9607117553
1005975,306893.9906451445
1009524,517844.9892891175
1000366,412086.0483827967
1017363,964726.5679806777
1010900,402349.118486768
1015887,449242.5788169102
1006956,323261.60894988483
1002806,494226.7624969625
1002363,670518.7530730453
1014406,222210.71667896316
1004761,645726.9814607073
1014652,357252.7818641851
1002662,701945.6991529395
1009084,425254.11148650723
1000170,452863.3343655794
1003786,697890.8067648653
1013016,492653.31681498897
1010883,566259.5495239573
1012024,860193.3772107835
1017505,478272.23054969887
1014706,637352.9626581655
1010846,757949.5099353292
1007173,497073.3940220027
1001808,413164.7176171221
1014204,469190.1595731869
1009588,362067.22386755317
1007434,522913.93360485294
1002259,530055.939034828
1010639,355113.6627041952
1010256,373518.3071214127
1002131,814517.2683900871
1014383,500310.1112716001
1016487,383104.40825126704
1006242,401149.395081986
1012375,309865.64301510743
1013930,561967.0106020474
1001313,641540.1565781542
1015080,265927.42900435906
1002244,534568.1659471624
1013992,521430.0935515155
1004620,248433.82684193415
1013263,393975.0622554804
1001605,342633.1207565659
1016832,694183.0254654677
1013177,567154.7760864345
1006081,330297.0711668828
1007654,278013.4939241949
1016751,1036624.1239379286
1013295,355526.99148223095
1014699,518157.2024458265
1015910,535979.9927489562
1003133,437940.16308491904
1015199,657536.3295827182
1003997,472793.1354784681
1001502,846430.8020216619
1012923,687667.1903103387
1004591,505375.43752907263
1010627,422724.16902021016
1017230,393878.1633146006
1002510,693218.6119813821
1012403,400498.4437994183
1007281,366148.8453965772
1011314,457580.1787481464
1009664,571918.4428493568
1005415,401818.31952645606
1014446,474614.5554981087
1013727,553210.6450600943
1006740,512820.02671
1005625,480238.7314054801
1017536,505030.444845839
1006281,376148.9787813471
1009968,327183.20679053315
1013883,213456.86769380607
1015123,933650.6088076299
1005474,479503.92837663845
1009638,535168.0670237782
1014403,665955.6925264134
1002380,686433.9853379972
1005758,617466.3900792912
1007493,266785.0641463428
1013889,650295.6153699454
1009768,465622.98915042146
1017401,462148.5656510909
1000607,385377.94854520046
1000629,433958.9807854805
1002554,391375.04278718506
1012238,596391.3023043651
1006700,533487.8316682015
1005441,439198.2921307406
1012044,466866.3739604182
1009687,234154.47981321602
1004224,685653.9484775336
1001489,460955.0043023124
1001821,726378.2284788714
1011981,308537.8012875993
1017261,249357.7311359969
1016754,392514.6143923297
1016931,315697.65205713524
1002049,465243.80112911854
1005016,394888.96443377173
1000896,196517.63313173622
1007749,645735.8825561024
1003169,379331.009440681
1016591,202206.9729234894
1001262,515327.64916859363
1015725,391930.8976733756
1000753,424716.98605048214
1006986,229115.63232635573
1017337,707501.9696598025
1014206,424048.32756759896
1013386,352101.4150107105
1015618,596797.8319327421
1015716,273667.606596497
1005747,448129.02975256444
1001517,404287.41064910736
1005348,487043.4950685379
1009111,610203.311509704
1011947,404589.0008788159
1009159,473823.7447944359
1012714,565748.3858702672
1014411,224657.50512594683
1006997,497442.8215436623
1016164,382305.03901944455
1014480,436600.03451440675
1004789,358810.66790266446
1015622,530868.2177734888
1006620,504557.34690617636
1013777,607602.5562360636
1010608,508284.88265171624
1004169,348367.57664601156
1015896,342251.1699456914
1004593,571953.949412563
1006524,401091.9451656689
1014208,626947.153577707
1003856,321091.92253146815
1005354,298589.84182751144
1003398,363016.3243136578
1008028,530675.2785733917
1002670,753639.8166241621
1014813,687555.5088897882
1012823,692759.2391259576
1007714,485516.74225659686
1002991,290636.7284285872
1013867,495119.3611979205
1015375,539890.5849608526
1007426,624995.216411084
1016249,708067.6489466043
1004655,822708.0071062692
1014340,282555.20873984805
1009899,377601.7778798469
1011374,657217.4750033374
1005451,450230.9980531531
1017257,771970.7011124635
1017441,411083.6186463644
1013651,578228.0805148331
1015527,285602.73575614183
1007955,493131.24828881543
1001681,361170.26266895497
1007844,620752.3896748743
1009604,359507.84955027426
1008499,326905.97372490226
1012894,442718.26873846067
1008462,362210.47325497627
1001221,461209.5606687687
1002675,575597.576820334
1014346,436376.8764631539
1012691,280365.4714891046
1008759,410776.5743640918
1003234,306025.3051859872
1016691,564685.6240788037
1003408,1045010.3871108751
1005306,576568.0398370969
1012512,435814.66587787494
1005830,307713.82218262344
1001931,382555.15826707846
1005319,691944.1622876376
1016841,511146.3787097757
1000594,513457.9972249367
1014790,697503.0449918301
1005957,517558.21882391995
1001619,494243.5513878643
1006113,594289.8502154178
1015412,589991.6274837195
1000845,846000.5737039489
1010544,487848.05592361995
1005985,647306.9384529189
1004414,587055.48839266
1014750,520410.0356000171
1010559,630174.3753074798
1011532,631343.6343028564
1003922,473886.52530622156
1010474,306227.9117820434
1013656,857267.581076736
1015669,455733.5555822758
1003542,942815.1537254824
1011161,371836.2334804208
1002700,619553.2857852496
1002301,546954.4665475419
1017446,397346.14982664754
1003244,292206.4097023544
1001670,370071.0981797739
1001822,352289.29093969014
1008789,236608.59006689794
1002771,607657.0226671937
1002744,730221.7236992016
1011238,600028.8825863453
1007219,282382.5416311875
1000168,592330.5937358278
1014944,447214.9598590098
1011628,785265.3280712061
1009024,342401.84597736737
1013487,565338.7860186725
1004335,436047.7993758219
1016114,510838.176770169
1002207,502613.7836311937
1015090,728590.6232299234
1010460,527831.1482197663
1014307,361813.10224926594
1002377,375129.1237987853
1015425,508635.4792210538
1000613,443934.23408475396
1016550,298727.00947269704
1014145,501044.5513225453
1005342,390641.8985259442
1007328,463559.0190611516
1013835,603237.2715274559
1005088,801381.1924030691
1007590,222485.71627160575
1001603,386251.5826813754
1010831,792036.163532273
1000554,454035.22564869205
1016352,328914.7345782517
1004695,458031.1747030307
1003564,275769.5597489686
1005019,1035952.4958715694
1009464,535008.4375169948
1017332,505989.59992721264
1013347,323843.86400147603
1000107,354051.362395306
1002280,446137.62300976686
1005297,575999.0215150008
1015709,627445.6169180414
1010359,521346.96801547497
1015238,393894.25127186964
1006516,623568.1005932787
1001466,433847.38264378486
1010230,478617.4797955217
1005561,487184.01835456135
1004341,736675.218947463
1006326,295170.35993098095
1011695,379921.7763571811
1011990,959564.3777516742
1005410,372774.8908167562
1007035,388406.81753791386
1014568,804562.1301694416
1013092,763530.4155433849
1011490,395365.4456401827
1007345,456194.46021546045
1007435,491919.1099021377
1013669,600459.907083144
1009178,578172.1005975645
1015927,619066.3237290706
1001898,350052.9241540668
1015741,818515.5670077358
1002330,421746.7936473612
1011896,968508.082975295
1001508,296932.7569463693
1013664,446791.42862574937
1013445,496651.7841135167
1006820,865048.4624860366
1008735,478240.91187354544
1014981,426426.4679470792
1010257,339299.37961216166
1017600,537399.1716441091
1001096,400770.23470631934
1016479,414084.96576815506
1008970,487927.14334593713
1012733,653319.9842828909
1013484,420565.43297419813
1000916,763249.4322235652
1008771,803972.9628680203
1008226,424299.0917215173
1010555,514001.000200058
1014117,304488.5874046174
1017284,765660.952918789
1005176,273984.88552838675
1013523,612313.8200634329
1003648,657477.4328596276
1015846,715153.9014699855
1003047,954536.4593700324
1013254,487729.7320310464
1008847,637040.5648082442
1001914,786161.7144930619
1001856,396168.5487691675
1000736,533316.4411907645
1011502,775182.7264503312
1000443,476661.67463323113
1013623,625991.2115925208
1003449,506577.5371466518
1010338,244918.32924605435
1010251,419812.22866631317
1003312,652367.0940407608
1000729,1026423.3358126377
1010266,419419.4910488208
1011309,783435.2992925596
1010305,484888.8682358675
1017331,496629.76580774714
1017507,586659.5251063787
1017521,1148007.3379117786
1004542,417371.2700374108
1008406,425680.36604011414
1000355,478918.6091309673
1007175,466042.7874168148
1005712,299782.4665897247
1007842,330605.25494174485
1004649,581656.8861007658
1011499,508918.25961347885
1013205,853317.7569590019
1006825,207112.64743237765
1001915,842649.6744882761
1009753,497660.0363723598
1015173,463435.2327836673
1010402,303722.9611157243
1016728,774603.1763094674
1007703,616501.9514639134
1008857,301251.6600782544
1015913,257434.63439210743
1016166,560655.3805953601
1016834,647096.1188855601
1005388,436598.14892713417
1012209,466401.59345143
1012685,866963.7816975892
1001416,606057.7343416672
1001276,487179.8993427159
1007382,523718.56633539114
1014732,489203.34759069287
1014164,993396.2344715485
1001658,542259.493206457
1011670,441088.9377878647
1010092,831031.1888473824
1002893,607602.6882920618
1012298,416227.2182514439
1008139,367855.42028135806
1006306,834890.0688176241
1001225,846556.9967568251
1007211,436709.6391405361
1013332,513175.201140992
1016187,483379.96091636433
1007873,630852.9374289197
1002607,175661.7726222664
1005543,494042.68626412365
1011125,587221.1176702125
1012019,615040.2193024644
1013265,300783.17463176156
1006594,321388.7555786859
1006398,418653.2208625007
1003744,659527.2876603955
1000441,989162.9969313062
1009788,218355.8630083446
1002574,1117716.6356353126
1007056,279016.31581096246
1015162,440731.35893128224
1011209,469288.70636479417
1006446,734835.8643523573
1008784,536327.0366757696
1008884,513949.24320139695
1009182,902922.7586691153
1005644,489154.0747292248
1003738,422576.54418063496
1010668,454670.6893136051
1006054,433046.4029064419
1006032,347042.1675420437
1002663,625926.9443475066
1000440,484088.29569640727
1006432,316871.30005216325
1016321,547531.328609928
1011064,518635.0289006818
1011024,478970.1939567433
1001083,616408.3198109106
1017199,411084.8538552819
1012418,531499.631612758
1006624,469641.7910098711
1010336,653448.7324487928
1010657,615744.988805575
1015626,369509.727341508
1001012,631426.2258652752
1006219,367203.6937464866
1011977,926522.3048419821
1009022,381978.66431114153
1012004,288673.1444181836
1016501,347281.57098131673
1006085,462130.317727977
1005111,351763.5646656994
1005419,749921.947267731
1015888,654192.5046602531
1010705,751966.3752807155
1016119,641130.5145498146
1008733,715095.2044324775
1008094,265887.9286158407
1001481,276196.99934964284
1010795,488972.08924897725
1012911,401601.1106588516
1010344,304225.6398383836
1009393,378212.2867947764
1002479,524260.3301193993
1009508,514963.0040208469
1010250,696193.3839706179
1000787,806161.5269057368
1002446,503344.18886014173
1003203,427068.974117937
1017202,418834.12891730986
1012898,528206.9686045479
1012545,343958.72253405815
1007365,400730.16904615524
1008517,373418.08214293653
1004188,881160.5598041554
1011462,833567.9354552184
1014331,392448.52967436897
1011657,754810.9188657731
1005377,464601.446657677
