zpid,predicted_price
1009018,450099.7292995522
1001436,507540.236919042
1010988,424616.25340820104
1002184,450099.7292995522
1015717,450099.7292995522
1001346,450099.7292995522
1006728,450099.7292995522
1002644,450099.7292995522
1009198,450099.7292995522
1008339,450099.7292995522
1017567,450099.7292995522
1014281,475101.8993243069
1016770,450099.7292995522
1007599,657329.8172202552
1015766,293643.8455628899
1011268,450099.7292995522
1015728,396115.1563744784
1005910,802655.5966122624
1012305,450099.7292995522
1000209,450099.7292995522
1011855,450099.7292995522
1012252,624487.4245912117
1010211,671426.4470555318
1006401,475101.8993243069
1009723,453511.50409601827
1013941,450099.7292995522
1016219,475101.8993243069
1009350,475101.8993243069
1005071,450099.7292995522
1010399,475101.8993243069
1013189,450099.7292995522
1003138,450099.7292995522
1015723,475101.8993243069
1006247,450099.7292995522
1007478,450131.15060332103
1003685,450099.7292995522
1004764,475101.8993243069
1009233,450099.7292995522
1010893,450099.7292995522
1012091,450099.7292995522
1017092,450099.7292995522
1003069,439807.25360694143
1012178,475101.8993243069
1006136,450099.7292995522
1003701,242914.95189627423
1002491,450099.7292995522
1012167,450099.7292995522
1001683,450099.7292995522
1006785,605314.7097849156
1014002,450099.7292995522
1004666,450099.7292995522
1016954,450099.7292995522
1012772,485048.76785442047
1010688,450099.7292995522
1012968,450099.7292995522
1001415,450099.7292995522
1011748,475101.8993243069
1007073,419583.6301037095
1004221,475101.8993243069
1010651,475101.8993243069
1005362,450099.7292995522
1012256,475101.8993243069
1000135,459667.6011477933
1010219,279053.55597673904
1000261,450099.7292995522
1003779,450099.7292995522
1007814,475101.8993243069
1017541,450099.7292995522
1008693,450099.7292995522
1006051,450099.7292995522
1012475,450099.7292995522
1010967,450099.7292995522
1010153,450099.7292995522
1007854,450099.7292995522
1001543,475101.8993243069
1012709,450099.7292995522
1011522,450099.7292995522
1010467,450099.7292995522
1016019,450099.7292995522
1011087,450099.7292995522
1011360,475101.8993243069
1011923,450099.7292995522
1013380,403119.9680033208
1010592,450099.7292995522
1011882,462147.34744176443
1012814,450099.7292995522
1017039,450099.7292995522
1014089,450099.7292995522
1004163,450099.7292995522
1008400,450099.7292995522
1015904,664959.2551131397
1006975,450099.7292995522
1001501,408897.1159127607
1010533,450099.7292995522
1007574,324970.7164507187
1006887,450099.7292995522
1007117,450099.7292995522
1015872,564551.9259632735
1000949,450099.7292995522
1016984,450099.7292995522
1008493,450099.7292995522
1001066,450099.7292995522
1014890,450099.7292995522
1009150,475101.8993243069
1015445,465682.52638818027
1003773,450099.7292995522
1000521,475101.8993243069
1009827,450099.7292995522
1007448,450099.7292995522
1004064,450099.7292995522
1013351,357040.3154394739
1007934,450099.7292995522
1005772,450099.7292995522
1012467,477650.7000021341
1009678,450099.7292995522
1003903,450099.7292995522
1007368,450099.7292995522
1001019,450099.7292995522
1015956,450099.7292995522
1007676,450099.7292995522
1003862,450099.7292995522
1009421,477622.13366649
1008790,450099.7292995522
1016222,331358.49452729296
1011510,442759.33455684374
1003760,450099.7292995522
1010095,450099.7292995522
1016848,677934.479072246
1007981,450099.7292995522
1001863,450099.7292995522
1017279,542290.967855068
1000210,475101.8993243069
1009220,450099.7292995522
1000670,563674.7019393569
1011975,450099.7292995522
1009650,589772.4742614651
1012244,417175.6902491595
1004490,569346.8372264042
1008783,302101.8083223303
1013050,273967.6869063221
1014078,751936.4693129066
1014560,450099.7292995522
1011972,363905.7041261188
1013813,450099.7292995522
1016790,450099.7292995522
1005284,475101.8993243069
1013954,357597.9294739744
1008243,450099.7292995522
1005551,524567.1672799182
1013022,450099.7292995522
1009326,450099.7292995522
1012559,333062.57611404563
1016326,450099.7292995522
1001392,450099.7292995522
1008539,450099.7292995522
1007707,397495.1563376967
1011195,475101.8993243069
1006858,475101.8993243069
1012325,450099.7292995522
1014033,530299.8761999493
1002285,450099.7292995522
1008722,594500.484029229
1005675,450099.7292995522
1000444,450099.7292995522
1007793,450099.7292995522
1013869,419839.2279056502
1002067,473683.54829332116
1000680,450099.7292995522
1014261,450099.7292995522
1002004,382406.7570087396
1014357,512893.0285462421
1006564,450099.7292995522
1012486,450099.7292995522
1008327,450099.7292995522
1014927,475101.8993243069
1016358,423729.40497788176
1004321,450099.7292995522
1009489,450099.7292995522
1012778,450099.7292995522
1007474,450099.7292995522
1013121,450099.7292995522
1016128,393683.56532788684
1009970,450099.7292995522
1012507,450099.7292995522
1003514,475589.083771343
1008680,450099.7292995522
1001048,617535.6832701954
1009306,475101.8993243069
1002808,450099.7292995522
1013767,450099.7292995522
1003098,403452.04272679705
1015467,450099.7292995522
1000732,450099.7292995522
1012332,397491.10862315085
1016463,475101.8993243069
1008306,475101.8993243069
1000082,450099.7292995522
1016942,450099.7292995522
1005131,450099.7292995522
1012116,475101.8993243069
1001352,450099.7292995522
1010888,450099.7292995522
1016602,560016.7509907947
1004492,450099.7292995522
1005418,450099.7292995522
1013371,450099.7292995522
1015183,475101.8993243069
1005090,450099.7292995522
1016445,482039.57237144205
1011665,450099.7292995522
1008838,450099.7292995522
1008874,450099.7292995522
1012856,475101.8993243069
1001188,490778.260888994
1001187,450099.7292995522
1008604,428029.0348269754
1014429,450099.7292995522
1002847,475101.8993243069
1001025,842260.3471336969
1015817,450099.7292995522
1005642,450099.7292995522
1006378,450099.7292995522
1001069,450099.7292995522
1014222,475101.8993243069
1016125,450099.7292995522
1002759,450099.7292995522
1011156,450099.7292995522
1011969,450099.7292995522
1001545,450099.7292995522
1017127,450099.7292995522
1002355,450099.7292995522
1014169,450099.7292995522
1008570,475101.8993243069
1004005,475101.8993243069
1004894,449396.0921994909
1012897,450099.7292995522
1003477,475101.8993243069
1016230,475101.8993243069
1002997,450099.7292995522
1009934,450099.7292995522
1009074,558842.2622716728
1017484,450099.7292995522
1008101,450099.7292995522
1002220,450099.7292995522
1015864,450099.7292995522
1014237,471793.3770034395
1002982,450099.7292995522
1009718,443904.72274399805
1009757,450099.7292995522
1006687,475101.8993243069
1014726,450099.7292995522
1002009,475101.8993243069
1013798,450099.7292995522
1017131,450099.7292995522
1007602,450099.7292995522
1016980,475101.8993243069
1005173,491296.20707873453
1016941,513426.76666153653
1002924,450099.7292995522
1009576,450099.7292995522
1002851,450099.7292995522
1008706,450099.7292995522
1017475,450099.7292995522
1004393,450099.7292995522
1009382,450099.7292995522
1003761,450099.7292995522
1010699,526756.2273653903
1013530,701251.1746355526
1002399,450099.7292995522
1015545,510481.5085898092
1008940,450099.7292995522
1002871,450099.7292995522
1006334,450099.7292995522
1010723,450099.7292995522
1014722,450099.7292995522
1004260,450099.7292995522
1009453,450099.7292995522
1002785,450099.7292995522
1010931,450099.7292995522
1002958,450099.7292995522
1017144,475101.8993243069
1006265,486282.5689978486
1008271,475101.8993243069
1006945,475101.8993243069
1008172,661989.744261802
1008449,450099.7292995522
1014495,450099.7292995522
1011614,592118.4927177223
1009895,450099.7292995522
1010979,475101.8993243069
1008507,738741.5307862429
1015957,450099.7292995522
1001535,450099.7292995522
1003583,450099.7292995522
1002687,450099.7292995522
1010112,450099.7292995522
1015560,450099.7292995522
1014494,450099.7292995522
1011340,614952.3533461712
1000258,450099.7292995522
1003971,475101.8993243069
1001035,450099.7292995522
1010408,536816.2776004334
1010056,450099.7292995522
1009680,450099.7292995522
1014770,450099.7292995522
1015729,450099.7292995522
1016113,450099.7292995522
1006018,450099.7292995522
1000288,450099.7292995522
1005715,327464.1887808947
1001051,450099.7292995522
1005120,450099.7292995522
1016506,450099.7292995522
1015788,450099.7292995522
1012567,475101.8993243069
1005501,450099.7292995522
1015647,450099.7292995522
1006683,450099.7292995522
1010920,450099.7292995522
1008340,450099.7292995522
1006967,604992.7345037392
1014171,450099.7292995522
1012701,475101.8993243069
1000794,450099.7292995522
1011295,450099.7292995522
1006299,450099.7292995522
1008185,450099.7292995522
1014147,466576.36062297435
1005204,450099.7292995522
1016261,450099.7292995522
1006263,450099.7292995522
1015917,327257.9931141032
1004785,450099.7292995522
1006505,450099.7292995522
1011258,450099.7292995522
1000552,450099.7292995522
1014923,293523.398185821
1007880,450099.7292995522
1015400,357495.99394724716
1009180,475101.8993243069
1013396,450099.7292995522
1001661,450099.7292995522
1016813,366136.1782869856
1012556,356267.8685104558
1015223,450099.7292995522
1005332,628294.8285667088
1004594,367119.19299632456
1007812,450099.7292995522
1011192,450099.7292995522
1001841,475101.8993243069
1008180,369569.37619588844
1013870,383713.20204298414
1013079,450099.7292995522
1014975,475101.8993243069
1004098,475101.8993243069
1008774,450099.7292995522
1003191,450099.7292995522
1009068,837506.1470807876
1005009,450099.7292995522
1014303,450099.7292995522
1012081,450099.7292995522
1012925,447929.2268536895
1013875,470389.5745279712
1014159,450099.7292995522
1008231,450099.7292995522
1000863,483733.7808015918
1004737,450099.7292995522
1000902,450099.7292995522
1013830,450099.7292995522
1004371,450099.7292995522
1017294,450099.7292995522
1006380,615893.9162440699
1008036,554409.1985506106
1004739,475101.8993243069
1000942,475101.8993243069
1002715,475101.8993243069
1011741,450099.7292995522
1011496,810672.2534551172
1004442,450099.7292995522
1007132,450099.7292995522
1004358,475101.8993243069
1002891,450099.7292995522
1013353,450099.7292995522
1016443,450099.7292995522
1003231,450099.7292995522
1004702,450099.7292995522
1004229,475101.8993243069
1004015,450099.7292995522
1010572,450099.7292995522
1001996,450099.7292995522
1009722,450099.7292995522
1006989,800919.9711555105
1005792,475101.8993243069
1002780,450099.7292995522
1005719,282190.57913366373
1004866,311620.15336450416
1002711,450099.7292995522
1016401,417956.13326008164
1006179,450099.7292995522
1008557,450099.7292995522
1008723,450099.7292995522
1006642,450099.7292995522
1014450,450099.7292995522
1008241,450099.7292995522
1006578,450099.7292995522
1007052,453375.696044784
1010958,450099.7292995522
1017573,410392.3154819349
1009439,450099.7292995522
1016274,539338.9277157597
1001137,450099.7292995522
1000215,450099.7292995522
1012285,678958.4271973441
1014276,475101.8993243069
1013694,724921.8733357261
1009251,497420.70980982645
1009481,450099.7292995522
1007043,648128.8601469791
1012141,450099.7292995522
1009059,450099.7292995522
1010871,450099.7292995522
1010325,450099.7292995522
1001892,453229.1978096883
1008412,450099.7292995522
1008786,450099.7292995522
1008526,450099.7292995522
1016026,417357.35481308255
1002297,475101.8993243069
1004564,475101.8993243069
1014921,475101.8993243069
1009380,450099.7292995522
1004882,450099.7292995522
1012888,450099.7292995522
1000091,483701.3150891282
1001235,678232.2352071848
1010006,475101.8993243069
1015990,703399.033495819
1006666,450099.7292995522
1008012,450099.7292995522
1008022,442536.0392719222
1004670,450099.7292995522
1015794,475101.8993243069
1007937,459628.66120411333
1010420,475101.8993243069
1003255,450099.7292995522
1005572,450099.7292995522
1006587,450099.7292995522
1004933,450099.7292995522
1015849,450099.7292995522
1004704,475101.8993243069
1001633,484846.5179184646
1005861,450099.7292995522
1013674,450099.7292995522
1005528,450099.7292995522
1004555,450099.7292995522
1004559,475101.8993243069
1001159,450099.7292995522
1000193,450099.7292995522
1009611,450099.7292995522
1016068,450099.7292995522
1014111,450099.7292995522
1014140,450099.7292995522
1003803,450099.7292995522
1000474,450099.7292995522
1007635,450099.7292995522
1000666,450099.7292995522
1016664,450099.7292995522
1008787,450099.7292995522
1017418,450099.7292995522
1007575,450099.7292995522
1004543,752992.5087294239
1014053,533132.5462939459
1007087,723235.4668217298
1014764,480159.35486687726
1009695,450099.7292995522
1011012,335199.678297725
1003139,450099.7292995522
1013646,475101.8993243069
1002770,450099.7292995522
1009494,450099.7292995522
1005359,450099.7292995522
1006824,450099.7292995522
1002202,475101.8993243069
1001433,450099.7292995522
1005438,450099.7292995522
1016060,450099.7292995522
1014376,475101.8993243069
1016690,450099.7292995522
1002392,739926.0613451066
1010672,450099.7292995522
1015019,389812.84242489334
1000460,450099.7292995522
1000792,475101.8993243069
1000266,450099.7292995522
1006859,450099.7292995522
1000477,450099.7292995522
1005860,450099.7292995522
1012946,475101.8993243069
1011005,450099.7292995522
1002483,475101.8993243069
1005505,450099.7292995522
1012215,446498.48100682575
1008248,450099.7292995522
1011694,450099.7292995522
1001453,450099.7292995522
1015557,450099.7292995522
1009299,450099.7292995522
1007012,475101.8993243069
1016587,450099.7292995522
1011931,370776.17064410046
1013903,475101.8993243069
1009087,450099.7292995522
1002034,404459.45621692936
1007116,662307.1478203394
1016130,450099.7292995522
1009212,450099.7292995522
1006644,562954.057032576
1011738,450099.7292995522
1004363,450099.7292995522
1002428,475101.8993243069
1001088,490390.1214218521
1003238,450099.7292995522
1006042,450099.7292995522
1003625,499827.08028608194
1013363,450099.7292995522
1002015,475101.8993243069
1006408,475101.8993243069
1001411,450099.7292995522
1002762,487767.99480035814
1003285,450099.7292995522
1016938,450099.7292995522
1006078,680091.2906119765
1016115,450099.7292995522
1000882,450099.7292995522
1000929,751968.6351250634
1002799,450099.7292995522
1002815,450099.7292995522
1011371,475101.8993243069
1016625,450099.7292995522
1011574,450099.7292995522
1011936,284965.498919075
1013730,579109.0590301406
1002143,450099.7292995522
1011452,682671.0189711789
1009384,450099.7292995522
1011071,563609.0943155296
1013508,553813.2524477394
1003833,450099.7292995522
1014611,486461.86424533906
1002336,450099.7292995522
1000631,450099.7292995522
1001374,475101.8993243069
1012570,587120.9578042337
1003032,450099.7292995522
1014027,450099.7292995522
1015121,450099.7292995522
1010746,450099.7292995522
1004907,351654.3650863239
1012477,654097.0790832648
1009751,450099.7292995522
1005212,475101.8993243069
1004911,450099.7292995522
1001059,667889.1656594885
1004650,450099.7292995522
1012287,450099.7292995522
1003965,450099.7292995522
1009684,450099.7292995522
1006603,450099.7292995522
1003574,644915.5119211223
1012086,450099.7292995522
1009892,418607.01111605624
1001697,458366.1062164679
1012929,450099.7292995522
1006823,450099.7292995522
1002419,450099.7292995522
1009266,450099.7292995522
1003575,450099.7292995522
1013746,450099.7292995522
1015919,450099.7292995522
1011481,450099.7292995522
1006726,475101.8993243069
1010531,450099.7292995522
1000604,450099.7292995522
1000601,450099.7292995522
1017020,475101.8993243069
1003117,450099.7292995522
1010985,450099.7292995522
1013934,475101.8993243069
1000140,450099.7292995522
1010207,450099.7292995522
1013666,450099.7292995522
1013972,450099.7292995522
1004121,475101.8993243069
1002456,475101.8993243069
1003292,450099.7292995522
1004387,450099.7292995522
1008853,443567.68733345956
1004437,450099.7292995522
1002272,475101.8993243069
1016387,450099.7292995522
1000596,591955.7489997924
1010329,475101.8993243069
1010762,450099.7292995522
1003762,475101.8993243069
1011825,749384.807975317
1015429,450099.7292995522
1005408,450099.7292995522
1014570,450099.7292995522
1005024,388499.76680309116
1006597,450099.7292995522
1017510,448062.0852194832
1015370,450099.7292995522
1014556,450099.7292995522
1010108,421458.72528065107
1006184,475101.8993243069
1002171,450099.7292995522
1005064,450099.7292995522
1017434,450099.7292995522
1004351,450099.7292995522
1000510,450099.7292995522
1003834,450099.7292995522
1016859,498329.3379377535
1012323,450099.7292995522
1003383,450099.7292995522
1012009,450099.7292995522
1000039,432841.7349718238
1009764,408844.00540507113
1006987,450099.7292995522
1009598,322635.0121888881
1017394,450099.7292995522
1009333,475101.8993243069
1009865,450099.7292995522
1014258,450099.7292995522
1017356,475101.8993243069
1012182,293909.5294466418
1005691,450099.7292995522
1003976,475101.8993243069
1006971,475101.8993243069
1001128,450099.7292995522
1012895,450099.7292995522
1007070,316398.2974230471
1016837,777273.0464971275
1010190,450099.7292995522
1004815,450099.7292995522
1010916,575864.294742918
1011136,809889.4064794376
1007306,450099.7292995522
1009341,450099.7292995522
1004204,450099.7292995522
1006894,450099.7292995522
1008985,450099.7292995522
1013456,475101.8993243069
1002179,450099.7292995522
1012926,496445.29130167334
1001245,450099.7292995522
1012842,450099.7292995522
1006940,475101.8993243069
1005827,330911.5166931303
1016849,450099.7292995522
1003931,450099.7292995522
1002543,364323.9468250656
1016933,450099.7292995522
1012346,413801.77808037977
1001439,429843.591176032
1008593,450099.7292995522
1010352,450099.7292995522
1009007,475101.8993243069
1010663,450099.7292995522
1014236,475101.8993243069
1012447,450099.7292995522
1002393,450099.7292995522
1013817,450099.7292995522
1012169,395237.6116724711
1013462,450099.7292995522
1000318,450099.7292995522
1008603,450099.7292995522
1016279,450099.7292995522
1000496,450099.7292995522
1001421,473106.3930336547
1008833,450099.7292995522
1013397,450099.7292995522
1008069,450099.7292995522
1013274,475101.8993243069
1012371,450099.7292995522
1014573,744879.5029374678
1006458,450099.7292995522
1004065,450099.7292995522
1000392,450099.7292995522
1007965,450099.7292995522
1003649,450099.7292995522
1001330,762829.127189505
1013356,475101.8993243069
1017140,450099.7292995522
1008806,450099.7292995522
1009965,450099.7292995522
1012111,475101.8993243069
1000191,384130.14422749204
1017110,450099.7292995522
1002113,594786.3398315673
1000663,450099.7292995522
1006094,475101.8993243069
1013277,450099.7292995522
1012935,852415.7569968157
1006120,450099.7292995522
1016601,450099.7292995522
1008890,475101.8993243069
1005972,450099.7292995522
1008897,519176.4146332853
1015337,475101.8993243069
1002408,533944.4454171644
1010815,475101.8993243069
1006969,731653.8147118257
1015480,407276.4389271533
1002966,450099.7292995522
1000451,475101.8993243069
1013268,450099.7292995522
1001214,450099.7292995522
1004267,450099.7292995522
1006851,450099.7292995522
1014190,450099.7292995522
1001390,466344.93127302075
1008384,450099.7292995522
1000633,450099.7292995522
1000058,615079.2807334629
1015540,450099.7292995522
1001328,450099.7292995522
1010098,450099.7292995522
1013453,450099.7292995522
1014050,450099.7292995522
1004898,450099.7292995522
1009643,450099.7292995522
1000408,475101.8993243069
1012606,413616.3365148475
1001322,445614.6375378038
1011370,450099.7292995522
1014252,450099.7292995522
1003688,450099.7292995522
1002676,450099.7292995522
1010786,450099.7292995522
1003204,450099.7292995522
1012586,450099.7292995522
1016307,450099.7292995522
1001013,783288.2589537423
1007174,450099.7292995522
1013661,450099.7292995522
1009878,532673.7561670931
1001273,450099.7292995522
1000141,450099.7292995522
1002717,475583.56896113267
1013588,478815.0974571478
1016843,450099.7292995522
1007911,450099.7292995522
1003453,485313.6008091537
1004400,450099.7292995522
1015056,450099.7292995522
1003245,559055.6849253088
1012157,450099.7292995522
1015068,584412.0195523121
1000202,450099.7292995522
1013828,426307.24981830455
1005079,475101.8993243069
1005602,450099.7292995522
1011057,450099.7292995522
1016785,475101.8993243069
1014405,450099.7292995522
1003610,450099.7292995522
1001744,475101.8993243069
1015441,450099.7292995522
1005750,450099.7292995522
1005579,255467.19957154553
1004075,450099.7292995522
1012705,475101.8993243069
1008980,286969.86627339124
1008628,433412.49378055806
1010183,450099.7292995522
1006947,384645.1544663471
1000475,450099.7292995522
1006019,475101.8993243069
1004355,416388.7375797288
1011207,450099.7292995522
1006293,450099.7292995522
1000964,450099.7292995522
1009648,450099.7292995522
1005363,450099.7292995522
1010842,556004.2250551266
1016658,469683.77605882025
1008418,450099.7292995522
1003880,475101.8993243069
1016024,530057.6716678804
1011525,660355.8427370792
1005833,450099.7292995522
1003391,435138.29132989916
1000815,475101.8993243069
1007898,438901.7293139122
1015070,450099.7292995522
1002654,450099.7292995522
1015925,450099.7292995522
1006609,450099.7292995522
1011752,450099.7292995522
1015883,450099.7292995522
1013113,450099.7292995522
1006382,475101.8993243069
1012811,462478.79967203183
1006360,448953.81622341095
1005440,573064.1918505074
1005112,557937.9374387183
1008627,450099.7292995522
1009955,379128.8048347002
1000682,450099.7292995522
1008504,475101.8993243069
1005890,450099.7292995522
1009781,399348.1901840063
1007261,450099.7292995522
1014321,452543.1152735912
1017245,450099.7292995522
1005357,450099.7292995522
1016373,450099.7292995522
1008525,492127.7172901847
1016979,450099.7292995522
1017102,700366.7741178715
1010922,450099.7292995522
1014904,407585.3577568542
1001274,475101.8993243069
1013738,450099.7292995522
1000038,450099.7292995522
1008641,475101.8993243069
1001133,285059.1472896777
1011205,450099.7292995522
1013969,430001.6348845625
1008818,450099.7292995522
1014654,388439.2815855944
1015153,450099.7292995522
1008417,450099.7292995522
1006362,246375.91422404736
1014549,450099.7292995522
1017366,450099.7292995522
1000132,450099.7292995522
1006675,926926.5595032051
1009656,475101.8993243069
1002733,450099.7292995522
1003695,450099.7292995522
1002791,450099.7292995522
1008900,287982.65965700406
1004201,334521.7038699907
1003050,450099.7292995522
1007896,450099.7292995522
1013900,410120.23419389676
1006447,431587.0834293358
1017063,475101.8993243069
1001222,450099.7292995522
1014305,450099.7292995522
1009329,475101.8993243069
1008278,450099.7292995522
1011775,450099.7292995522
1003589,450099.7292995522
1003818,450099.7292995522
1007458,450099.7292995522
1006670,475101.8993243069
1007257,450099.7292995522
1007765,450099.7292995522
1006289,450099.7292995522
1011895,450099.7292995522
1012145,576265.6212022956
1012364,450099.7292995522
1010114,336891.64455289015
1015374,450099.7292995522
1001102,526355.3891191761
1012481,450099.7292995522
1016017,450099.7292995522
1008656,450099.7292995522
1002594,475101.8993243069
1007395,450099.7292995522
1008116,475101.8993243069
1013316,475101.8993243069
1005157,450099.7292995522
1005276,532085.9387905343
1017602,327161.89989364735
1013927,450099.7292995522
1002391,450099.7292995522
1016586,475101.8993243069
1014627,450099.7292995522
1013475,450099.7292995522
1008908,450099.7292995522
1013153,450099.7292995522
1012485,450099.7292995522
1011808,450099.7292995522
1006617,450099.7292995522
1001742,450099.7292995522
1004209,564955.5995657098
1002453,450099.7292995522
1014157,718655.513418168
1001793,450099.7292995522
1013238,450099.7292995522
1010326,475101.8993243069
1016597,450099.7292995522
1009287,450099.7292995522
1006390,450099.7292995522
1002072,450099.7292995522
1001524,450099.7292995522
1000233,450099.7292995522
1010899,450099.7292995522
1013066,450099.7292995522
1013684,450099.7292995522
1017103,450099.7292995522
1013993,450099.7292995522
1017192,450099.7292995522
1002813,450099.7292995522
1000445,450099.7292995522
1015764,450099.7292995522
1007031,450099.7292995522
1004101,450099.7292995522
1015724,523507.4641685863
1014745,450099.7292995522
1012666,450099.7292995522
1011529,450099.7292995522
1015943,450099.7292995522
1006729,585580.117222798
1007472,450099.7292995522
1005062,450099.7292995522
1005683,450099.7292995522
1005013,450099.7292995522
1001138,450099.7292995522
1014851,450099.7292995522
1014629,475101.8993243069
1017221,365490.24724248087
1006855,450099.7292995522
1003676,926960.1594732329
1006141,450099.7292995522
1015954,450099.7292995522
1012502,450099.7292995522
1000249,475101.8993243069
1011524,475101.8993243069
1012574,450099.7292995522
1014057,450099.7292995522
1008023,475101.8993243069
1002096,450099.7292995522
1005002,450099.7292995522
1014938,475101.8993243069
1012130,430786.86931306816
1010665,475101.8993243069
1007405,450099.7292995522
1000561,613432.2398150706
1013783,450099.7292995522
1009383,450099.7292995522
1010164,450099.7292995522
1014893,450099.7292995522
1016133,450099.7292995522
1007166,450099.7292995522
1001884,450099.7292995522
1015959,450099.7292995522
1009375,450099.7292995522
1002832,576270.7997854418
1014833,450099.7292995522
1008111,475101.8993243069
1009888,450099.7292995522
1002534,475101.8993243069
1014799,393584.196125892
1006333,450099.7292995522
1005392,417078.6443428503
1009293,450099.7292995522
1011335,450099.7292995522
1009448,450099.7292995522
1013329,450099.7292995522
1014242,450099.7292995522
1015288,423383.12579855847
1016688,340983.10916859517
1015159,570664.9388872872
1002063,619590.4754838111
1005978,450099.7292995522
1002578,450099.7292995522
1013144,475101.8993243069
1006632,450099.7292995522
1015589,450099.7292995522
1003547,450099.7292995522
1008052,450099.7292995522
1007858,645137.5304779342
1001972,367950.56307245756
1005317,387213.33236478
1008346,450099.7292995522
1005732,450099.7292995522
1003302,470222.442804802
1015436,475101.8993243069
1008986,475101.8993243069
1009941,450099.7292995522
1006798,450099.7292995522
1011257,363591.976028602
1006160,450099.7292995522
1013514,304157.4877024571
1015096,450099.7292995522
1003344,450099.7292995522
1016309,467974.3807142363
1014439,450099.7292995522
1003968,450099.7292995522
1016392,450099.7292995522
1010554,475101.8993243069
1000985,450099.7292995522
1016657,450099.7292995522
1008075,512941.96262231475
1007342,450099.7292995522
1012919,450099.7292995522
1002311,475101.8993243069
1007839,416529.315819006
1004339,450099.7292995522
1008712,450099.7292995522
1016881,450099.7292995522
1010848,405648.543311344
1012731,450099.7292995522
1006191,450099.7292995522
1001565,450099.7292995522
1005800,475101.8993243069
1010969,450099.7292995522
1002471,450099.7292995522
1005087,349503.874690213
1001611,527163.2325755861
1010585,450099.7292995522
1000903,695936.5397111953
1016871,450099.7292995522
1009103,450099.7292995522
1001014,450099.7292995522
1009599,688948.0078211385
1001327,450099.7292995522
1013470,450099.7292995522
1007518,450099.7292995522
1000625,450099.7292995522
1011169,450099.7292995522
1006831,355521.2878329185
1004131,394173.8064184976
1005544,475101.8993243069
1011843,450099.7292995522
1010897,450099.7292995522
1005329,475101.8993243069
1012273,450099.7292995522
1006251,450099.7292995522
1015575,450099.7292995522
1006640,450099.7292995522
1011988,512851.5115703113
1000506,450099.7292995522
1004462,475101.8993243069
1001109,450099.7292995522
1012843,274491.69404208555
1007894,450099.7292995522
1012017,373400.1122894436
1008347,450099.7292995522
1016606,475101.8993243069
1009071,450099.7292995522
1004835,450099.7292995522
1012757,450099.7292995522
1007319,450099.7292995522
1012101,450099.7292995522
1001488,434516.053521765
1008626,450099.7292995522
1000165,763422.2165293699
1009966,450099.7292995522
1003524,450099.7292995522
1001693,450099.7292995522
1016457,475101.8993243069
1010347,475101.8993243069
1006260,475101.8993243069
1014907,450099.7292995522
1009392,450099.7292995522
1006993,450099.7292995522
1010734,450099.7292995522
1008285,450099.7292995522
1005458,450099.7292995522
1001483,450099.7292995522
1011531,450099.7292995522
1016384,450099.7292995522
1004937,450099.7292995522
1005221,450099.7292995522
1006604,450099.7292995522
1000969,450099.7292995522
1012755,475101.8993243069
1013175,475101.8993243069
1003462,450099.7292995522
1003599,454581.4876697288
1015821,452559.4564548685
1016158,421762.928326279
1002742,543686.6207155106
1016123,475101.8993243069
1004724,475101.8993243069
1009519,450099.7292995522
1016499,485755.56161391514
1012231,269651.07309472945
1005785,475101.8993243069
1014845,450099.7292995522
1000077,450099.7292995522
1013341,450099.7292995522
1001003,383461.48591849237
1000810,450099.7292995522
1016566,450099.7292995522
1001695,475101.8993243069
1007508,531417.3952207268
1005037,510202.09420546633
1006255,450099.7292995522
1003452,450099.7292995522
1012529,450099.7292995522
1015646,450099.7292995522
1011457,450099.7292995522
1008832,450099.7292995522
1003819,450099.7292995522
1001454,450099.7292995522
1009805,450099.7292995522
1010283,772381.1404242353
1007284,450099.7292995522
1005725,290027.5800373689
1002318,450099.7292995522
1010991,475101.8993243069
1008356,450099.7292995522
1002314,471525.28180779517
1002413,450099.7292995522
1017537,450099.7292995522
1015694,616871.3624077651
1013850,450099.7292995522
1003059,475101.8993243069
1010999,450099.7292995522
1004438,475101.8993243069
1009675,450099.7292995522
1012583,450099.7292995522
1010319,475101.8993243069
1017273,450099.7292995522
1008296,450099.7292995522
1008372,475101.8993243069
1004830,450099.7292995522
1012523,450099.7292995522
1005048,450099.7292995522
1007722,450099.7292995522
1016906,450099.7292995522
1013101,450099.7292995522
1008729,450099.7292995522
1013193,416097.2789138597
1013809,450099.7292995522
1001373,450099.7292995522
1006693,460003.1956457189
1012565,441872.04126393044
1016145,450099.7292995522
1000146,450099.7292995522
1007982,450099.7292995522
1008738,450099.7292995522
1010574,475101.8993243069
1014143,659197.9803120544
1006555,450099.7292995522
1011725,475101.8993243069
1009406,450099.7292995522
1009367,450099.7292995522
1005459,450099.7292995522
1017288,450099.7292995522
1002873,450099.7292995522
1005466,450099.7292995522
1006496,325818.1602903286
1015144,475101.8993243069
1008614,475101.8993243069
1010816,450099.7292995522
1003750,450099.7292995522
1006347,426381.1489985034
1004507,450099.7292995522
1011000,693054.0011078081
1009709,291832.3500585105
1014320,450099.7292995522
1005364,450099.7292995522
1012657,450099.7292995522
1011355,450099.7292995522
1004961,450099.7292995522
1010771,450099.7292995522
1001778,372402.1096159428
1015295,465501.47540497844
1013304,450099.7292995522
1005413,372097.0588230123
1016679,450099.7292995522
1003551,408844.37685991765
1009482,450099.7292995522
1000270,450099.7292995522
1008055,450099.7292995522
1009999,574105.0002277136
1010310,450099.7292995522
1014712,450099.7292995522
1012782,450099.7292995522
1010054,475101.8993243069
1004089,475101.8993243069
1015940,450099.7292995522
1000021,317098.6240099387
1007978,606329.930718646
1005961,450099.7292995522
1008804,580699.8331191692
1014909,450099.7292995522
1008195,450099.7292995522
1013614,450099.7292995522
1007917,450099.7292995522
1012881,450099.7292995522
1010269,450099.7292995522
1016241,450099.7292995522
1011400,450099.7292995522
1014322,450099.7292995522
1001178,475101.8993243069
1010775,304142.5173068928
1006475,475101.8993243069
1006314,450099.7292995522
1012904,450099.7292995522
1017252,450099.7292995522
1012603,450099.7292995522
1005944,450099.7292995522
1013073,450099.7292995522
1015898,450099.7292995522
1012250,450099.7292995522
1015338,450099.7292995522
1003510,450099.7292995522
1008355,450099.7292995522
1012032,450099.7292995522
1014456,475101.8993243069
1003572,450099.7292995522
1008202,475101.8993243069
1000373,352879.23814944766
1016408,450099.7292995522
1011267,762383.8938443558
1014225,450099.7292995522
1007155,450099.7292995522
1001556,597015.7057062803
1005036,475101.8993243069
1008038,450099.7292995522
1010346,450099.7292995522
1004722,450099.7292995522
1006386,450099.7292995522
1008010,706392.6166529629
1015844,475101.8993243069
1007702,450099.7292995522
1017396,450099.7292995522
1016910,450099.7292995522
1013885,450099.7292995522
1016266,450099.7292995522
1004518,450099.7292995522
1011491,450099.7292995522
1003944,450099.7292995522
1013017,450099.7292995522
1001857,724894.395053014
1016892,450099.7292995522
1003070,330682.78208569577
1001520,627180.9766083218
1001321,450099.7292995522
1007072,351538.3275093291
1000264,450099.7292995522
1015671,450099.7292995522
1015770,450099.7292995522
1014139,450099.7292995522
1001306,450099.7292995522
1010685,450099.7292995522
1008861,450099.7292995522
1003850,450099.7292995522
1009824,475101.8993243069
1007688,540863.2388352873
1015863,450099.7292995522
1006770,586715.0266898333
1013352,450099.7292995522
1000618,450099.7292995522
1014959,450099.7292995522
1002535,450099.7292995522
1012948,393311.37119244685
1000124,381532.394840851
1005693,450099.7292995522
1008966,450099.7292995522
1008037,296292.4281191562
1001732,450099.7292995522
1011459,450099.7292995522
1015624,305617.4800255467
1013219,450099.7292995522
1008408,450099.7292995522
1015114,450099.7292995522
1004211,450099.7292995522
1006441,450099.7292995522
1004700,450099.7292995522
1016526,450099.7292995522
1010935,450099.7292995522
1006523,450099.7292995522
1008822,450099.7292995522
1003349,450099.7292995522
1012952,450099.7292995522
1016237,475101.8993243069
1013447,450099.7292995522
1013289,450099.7292995522
1013496,475101.8993243069
1011985,450099.7292995522
1008805,450099.7292995522
1014673,450099.7292995522
1010563,372349.5171334068
1013282,476977.6777883871
1004928,450099.7292995522
1015524,450099.7292995522
1012569,450099.7292995522
1017454,475101.8993243069
1007017,475101.8993243069
1010028,475101.8993243069
1000690,450099.7292995522
1015489,450099.7292995522
1006409,339509.74066178343
1001360,567710.7084211296
1013874,450099.7292995522
1008106,450099.7292995522
1016867,475101.8993243069
1016461,450099.7292995522
1011605,450099.7292995522
1009226,450099.7292995522
1005815,450099.7292995522
1013119,450099.7292995522
1011492,450099.7292995522
1010252,450099.7292995522
1000400,450099.7292995522
1012451,450099.7292995522
1014324,450099.7292995522
1007369,450099.7292995522
1001848,266622.4545858797
1003587,429829.05273590115
1016876,450099.7292995522
1010353,475101.8993243069
1012097,501081.13803543174
1012208,489746.168411631
1011135,450099.7292995522
1002327,450099.7292995522
1016280,450099.7292995522
1007298,450099.7292995522
1015546,450099.7292995522
1009219,450099.7292995522
1005954,852465.1424125514
1000419,388631.92814677267
1010432,530072.0259993972
1017133,450099.7292995522
1012299,374559.1079135307
1000567,450099.7292995522
1003955,348722.2201532669
1004426,450099.7292995522
1015612,356781.6401565417
1017114,450099.7292995522
1005761,450099.7292995522
1013760,450099.7292995522
1010720,450099.7292995522
1016208,450099.7292995522
1001710,730141.6472765527
1005126,450099.7292995522
1002619,467519.0771997757
1000779,450099.7292995522
1015564,450099.7292995522
1002613,475101.8993243069
1013563,450099.7292995522
1010286,450099.7292995522
1010180,475101.8993243069
1006992,450099.7292995522
1013564,450099.7292995522
1014228,363449.9676981893
1014219,450099.7292995522
1006585,482621.1214162559
1014492,760253.5741915979
1008522,450099.7292995522
1008752,450099.7292995522
1005916,450099.7292995522
1006629,475101.8993243069
1015685,475101.8993243069
1003206,450099.7292995522
1013597,450099.7292995522
1001992,450099.7292995522
1010043,459245.1036682107
1013343,318350.8649691764
1000087,432312.4950884437
1008358,475101.8993243069
1012383,450099.7292995522
1000533,450099.7292995522
1001546,450099.7292995522
1006462,475101.8993243069
1016132,450099.7292995522
1004850,450099.7292995522
1007598,450099.7292995522
1016593,450099.7292995522
1009271,572340.5421690657
1006913,579791.11364464
1017369,475101.8993243069
1000695,450099.7292995522
1010383,475101.8993243069
1013337,450099.7292995522
1009671,450099.7292995522
1004415,450099.7292995522
1005278,450099.7292995522
1010695,470690.7271635271
1000017,450099.7292995522
1003664,475101.8993243069
1009571,464655.77378691814
1005581,475101.8993243069
1001009,450099.7292995522
1016708,450099.7292995522
1013833,450099.7292995522
1017502,475101.8993243069
1001479,450099.7292995522
1000712,450099.7292995522
1015143,450099.7292995522
1004372,450099.7292995522
1006958,475101.8993243069
1001536,450099.7292995522
1015842,450099.7292995522
1002805,456717.53267813835
1017449,363568.9077074162
1005530,450099.7292995522
1006880,475101.8993243069
1005039,404720.8124216577
1004074,450099.7292995522
1003956,475101.8993243069
1011707,405034.5260653139
1011593,450099.7292995522
1011601,450099.7292995522
1005632,450099.7292995522
1003199,450099.7292995522
1005305,450099.7292995522
1012698,450099.7292995522
1005808,450099.7292995522
1011771,450099.7292995522
1005407,450099.7292995522
1004738,475101.8993243069
1004826,450099.7292995522
1002186,450099.7292995522
1005365,475101.8993243069
1000951,298574.95623691974
1009700,450099.7292995522
1004776,475101.8993243069
1013844,450099.7292995522
1000588,450099.7292995522
1000819,450099.7292995522
1002590,350643.762627973
1003918,450099.7292995522
1011060,450099.7292995522
1015226,450099.7292995522
1000151,450099.7292995522
1008982,587625.950400022
1012015,624195.9336844679
1010837,450099.7292995522
1017422,511963.82851804316
1004878,450099.7292995522
1001722,450099.7292995522
1003536,450099.7292995522
1005681,450099.7292995522
1015082,480787.03946158884
1009149,713536.0693184548
1015582,480073.0319349186
1003116,450099.7292995522
1016438,475101.8993243069
1000746,450099.7292995522
1005923,475101.8993243069
1002979,450099.7292995522
1006174,475101.8993243069
1014454,355228.00474255974
1011089,450099.7292995522
1013400,450099.7292995522
1014115,310780.3809979827
1014052,450099.7292995522
1007041,450099.7292995522
1016039,450099.7292995522
1007099,450099.7292995522
1002221,450099.7292995522
1000836,475101.8993243069
1017005,450099.7292995522
1015594,450099.7292995522
1004171,475101.8993243069
1015319,419659.71139724005
1007617,475101.8993243069
1017106,475101.8993243069
1004498,450099.7292995522
1011307,450099.7292995522
1016944,450099.7292995522
1011739,450099.7292995522
1002093,569353.8329800835
1000546,450099.7292995522
1012936,450099.7292995522
1008709,355233.836025946
1011595,649486.1714585092
1010567,493461.194837501
1006841,450099.7292995522
1002781,450099.7292995522
1008204,450099.7292995522
1014087,450099.7292995522
1007971,450099.7292995522
1007556,450099.7292995522
1014980,450099.7292995522
1004198,450099.7292995522
1002921,450099.7292995522
1003498,450099.7292995522
1015105,450099.7292995522
1002062,450099.7292995522
1013812,450099.7292995522
1016569,530234.2867062974
1006241,450099.7292995522
1013910,450099.7292995522
1014517,450099.7292995522
1003107,475101.8993243069
1017325,448758.0795496362
1014455,450099.7292995522
1009038,475101.8993243069
1008373,450099.7292995522
1006669,537411.4547385034
1010933,450099.7292995522
1001208,450099.7292995522
1004491,513584.4428088981
1011578,450099.7292995522
1005598,785557.0001400881
1005596,365607.2725040601
1014691,475101.8993243069
1004018,450099.7292995522
1013468,475101.8993243069
1009012,450099.7292995522
1008192,475101.8993243069
1013982,625095.4891196953
1005892,475101.8993243069
1009940,475101.8993243069
1004563,450099.7292995522
1006840,450099.7292995522
1006223,475101.8993243069
1012492,450099.7292995522
1011534,475101.8993243069
1009202,450099.7292995522
1001967,450099.7292995522
1007118,450099.7292995522
1003537,450099.7292995522
1001887,332898.33282938454
1005816,438727.36337871035
1003148,355011.33293307293
1011609,450099.7292995522
1013072,450099.7292995522
1016400,450099.7292995522
1015833,431241.7464737847
1015678,503831.3219729013
1017522,450099.7292995522
1010898,450623.6775758243
1015899,450099.7292995522
1015590,450099.7292995522
1004885,475101.8993243069
1016434,450099.7292995522
1015128,450099.7292995522
1007081,450099.7292995522
1014993,450099.7292995522
1000289,475101.8993243069
1002955,450099.7292995522
1011598,511903.19362682593
1017060,450099.7292995522
1011643,474041.5738215096
1008064,450099.7292995522
1006540,450099.7292995522
1013512,341298.1016348673
1011586,450099.7292995522
1007864,450099.7292995522
1012227,450099.7292995522
1007625,450099.7292995522
1009355,450099.7292995522
1011293,559742.2487932768
1014433,475101.8993243069
1000499,450099.7292995522
1014010,450099.7292995522
1016981,450099.7292995522
1004009,506152.3013560878
1000587,623993.3071459059
1017125,475101.8993243069
1016065,450099.7292995522
1013114,450099.7292995522
1007728,450099.7292995522
1010351,783642.5892620625
1008717,347659.76836161496
1008995,475101.8993243069
1001450,450099.7292995522
1006939,450099.7292995522
1002347,475101.8993243069
1010228,450099.7292995522
1004867,444203.43341965176
1001675,450099.7292995522
1008988,450099.7292995522
1014554,450099.7292995522
1016314,388926.94449893123
1009820,450099.7292995522
1015609,450099.7292995522
1016896,450099.7292995522
1003057,499748.35270139575
1000639,450099.7292995522
1003172,450099.7292995522
1016560,475101.8993243069
1008514,450099.7292995522
1005876,450099.7292995522
1003210,450099.7292995522
1006878,450099.7292995522
1002107,450099.7292995522
1007313,451096.9382356639
1012026,450099.7292995522
1006202,450099.7292995522
1005429,450099.7292995522
1008727,450099.7292995522
1011362,450099.7292995522
1010670,450099.7292995522
1006053,450099.7292995522
1015789,450099.7292995522
1006236,450099.7292995522
1016600,450099.7292995522
1016394,475101.8993243069
1012770,475101.8993243069
1005780,450099.7292995522
1010196,450099.7292995522
1015386,541365.2224198763
1009030,450099.7292995522
1006328,445556.5708010168
1015142,450099.7292995522
1015866,475101.8993243069
1005635,450099.7292995522
1007848,545255.4913462447
1013480,450099.7292995522
1010232,450099.7292995522
1002800,450099.7292995522
1007819,450099.7292995522
1005114,450099.7292995522
1000574,450099.7292995522
1014877,450099.7292995522
1004364,450099.7292995522
1012057,371301.7613731365
1010464,348744.0517214212
1001504,450099.7292995522
1002870,450099.7292995522
1015587,450099.7292995522
1008809,548754.5533812942
1001200,450099.7292995522
1017278,475101.8993243069
1010405,450099.7292995522
1006069,450099.7292995522
1002267,450099.7292995522
1001196,450099.7292995522
1015202,450099.7292995522
1004513,450099.7292995522
1009228,450099.7292995522
1003638,450099.7292995522
1004480,450099.7292995522
1014850,450099.7292995522
1008240,450099.7292995522
1015269,450099.7292995522
1008302,450099.7292995522
1002549,450099.7292995522
1008549,397912.2470445025
1009848,450099.7292995522
1002353,390800.3372492086
1010129,477621.72509624594
1000216,475101.8993243069
1017474,544742.3755056637
1000705,450099.7292995522
1003118,459983.2448569914
1013542,318561.8607106735
1016865,450099.7292995522
1002540,450099.7292995522
1008420,450099.7292995522
1015668,450099.7292995522
1015944,450099.7292995522
1000960,475101.8993243069
1002000,292714.63993232494
1001784,527541.5009837593
1016595,616256.0017187014
1017407,450099.7292995522
1010371,450099.7292995522
1009061,450099.7292995522
1000175,450099.7292995522
1004173,475101.8993243069
1014072,450099.7292995522
1010278,450099.7292995522
1006146,450099.7292995522
1006721,450099.7292995522
1010142,475101.8993243069
1007259,366683.93102189724
1004290,450099.7292995522
1015640,450099.7292995522
1016767,330534.99728836823
1005823,450099.7292995522
1009347,332651.2683841174
1016150,450099.7292995522
1017379,475101.8993243069
1016759,450099.7292995522
1006664,402278.75100578
1005184,450099.7292995522
1014162,475101.8993243069
1015302,450099.7292995522
1012734,450099.7292995522
1007159,450099.7292995522
1001716,450099.7292995522
1014839,450099.7292995522
1014224,468496.0663949968
1001768,450099.7292995522
1003742,265652.9076489824
1000227,450099.7292995522
1005493,450099.7292995522
1012985,433962.0848451258
1008612,263273.6543086775
1006187,475101.8993243069
1007302,450099.7292995522
1007899,450099.7292995522
1016510,475101.8993243069
1004691,572956.4441941994
1009893,475101.8993243069
1012138,450099.7292995522
1001981,259620.41087081385
1008782,450099.7292995522
1007679,475101.8993243069
1012348,475101.8993243069
1003960,475101.8993243069
1003888,388955.9822347622
1013485,393049.68966629717
1008816,397339.6716092574
1011537,450099.7292995522
1008876,712664.985745077
1004790,475101.8993243069
1015347,450099.7292995522
1007578,762106.1039602822
1002659,450099.7292995522
1009041,450099.7292995522
1004150,382770.71477604716
1003675,384653.7525854262
1000136,450099.7292995522
1014848,450099.7292995522
1001918,475101.8993243069
1002406,450099.7292995522
1000012,450099.7292995522
1006418,450099.7292995522
1005790,450099.7292995522
1012912,450099.7292995522
1006545,450099.7292995522
1009726,450099.7292995522
1010918,358009.2150782378
1002577,640097.7961241388
1010304,450099.7292995522
1012223,450099.7292995522
1003623,527995.2379819904
1013626,450099.7292995522
1003647,492374.7803398891
1006876,411198.14978548617
1015989,450099.7292995522
1000495,450099.7292995522
1007645,450099.7292995522
1009286,450099.7292995522
1003809,450099.7292995522
1002556,950498.5036327477
1000605,336344.71326851886
1016057,450099.7292995522
1010834,450099.7292995522
1011779,450099.7292995522
1002359,450099.7292995522
1006789,450099.7292995522
1001062,450099.7292995522
1004138,450099.7292995522
1002585,450099.7292995522
1015631,475101.8993243069
1000478,450099.7292995522
1013577,450099.7292995522
1010493,475101.8993243069
1010777,450099.7292995522
1010466,450099.7292995522
1012464,450099.7292995522
1004111,450099.7292995522
1000620,450099.7292995522
1014754,374418.476071587
1013432,406839.347476014
1013689,450099.7292995522
1015561,450099.7292995522
1008409,450099.7292995522
1012355,447427.15112746105
1001485,292077.90542905737
1001046,637626.8351608646
1002156,450099.7292995522
1011902,344748.81394352764
1000161,450099.7292995522
1007380,450099.7292995522
1004469,450099.7292995522
1016934,450099.7292995522
1012450,450099.7292995522
1008029,508284.14189586905
1013550,450099.7292995522
1014715,450099.7292995522
1006988,450099.7292995522
1007194,475101.8993243069
1014317,450099.7292995522
1017059,475101.8993243069
1005534,600101.3366082703
1004135,475101.8993243069
1013989,327492.4201462202
1000700,450099.7292995522
1012959,438973.502524867
1002110,529408.6239389888
1010885,450099.7292995522
1008701,352237.8870317027
1009183,450099.7292995522
1004718,383712.4905319972
1016038,475101.8993243069
1008067,450099.7292995522
1017400,450099.7292995522
1008193,450099.7292995522
1006481,450099.7292995522
1010804,450099.7292995522
1014636,450099.7292995522
1007692,450099.7292995522
1000943,450099.7292995522
1013984,475101.8993243069
1005232,450099.7292995522
1002977,475101.8993243069
1016138,450099.7292995522
1009144,475101.8993243069
1011197,450099.7292995522
1002692,450099.7292995522
1016562,450099.7292995522
1015712,450099.7292995522
1012766,450099.7292995522
1013578,450099.7292995522
1014096,475101.8993243069
1003726,450099.7292995522
1001316,475101.8993243069
1013251,450099.7292995522
1012368,366554.701577061
1017303,268729.4109145122
1013384,516082.3101749839
1008026,450099.7292995522
1003810,450099.7292995522
1000072,450099.7292995522
1012572,630622.3960551962
1013176,450099.7292995522
1009644,475101.8993243069
1012093,450099.7292995522
1002146,450099.7292995522
1015119,475101.8993243069
1006828,450099.7292995522
1017569,450099.7292995522
1006932,450099.7292995522
1005686,471909.2342171987
1002846,475101.8993243069
1012066,450099.7292995522
1002917,635644.370926763
1015985,450099.7292995522
1003369,475101.8993243069
1017532,450099.7292995522
1007481,450099.7292995522
1009910,450099.7292995522
1016048,789064.4944772326
1000385,450099.7292995522
1004662,413851.6116856341
1003654,450099.7292995522
1008044,450099.7292995522
1013281,450099.7292995522
1001939,450099.7292995522
1010710,450099.7292995522
1012602,452278.60867097013
1012315,450099.7292995522
1015692,450099.7292995522
1010631,450099.7292995522
1007799,475101.8993243069
1011379,475101.8993243069
1004093,440275.6966274773
1016160,570001.6228969351
1013012,450099.7292995522
1017171,475101.8993243069
1012139,450099.7292995522
1017206,450099.7292995522
1002625,450099.7292995522
1004165,450099.7292995522
1005810,450099.7292995522
1014932,450099.7292995522
1007235,450099.7292995522
1013411,408768.6257264009
1003954,475101.8993243069
1016008,738379.3933775797
1011770,450099.7292995522
1004484,450099.7292995522
1008313,450099.7292995522
1005430,450099.7292995522
1007683,450099.7292995522
1014297,450099.7292995522
1003265,450099.7292995522
1017210,450099.7292995522
1013385,450099.7292995522
1004298,450099.7292995522
1013560,450099.7292995522
1011106,450099.7292995522
1011391,453520.2199496633
1000173,761268.5517551424
1012270,475101.8993243069
1013063,450099.7292995522
1003858,450099.7292995522
1008975,450099.7292995522
1002558,450099.7292995522
1010683,450099.7292995522
1006285,450099.7292995522
1000195,415492.9385189276
1008829,450099.7292995522
1017098,661782.1641073402
1009039,338399.7951366091
1000534,376275.1630502582
1015468,450099.7292995522
1005713,450099.7292995522
1010275,450099.7292995522
1000083,450099.7292995522
1007624,475101.8993243069
1015654,325973.8728074993
1016243,450099.7292995522
1012700,450099.7292995522
1014489,450099.7292995522
1013739,588415.5757641555
1008946,450099.7292995522
1010518,475101.8993243069
1016914,450099.7292995522
1002551,359920.71063485247
1010441,450099.7292995522
1012736,475101.8993243069
1001993,450099.7292995522
1005840,450099.7292995522
1016565,475101.8993243069
1005124,708112.0477234602
1015672,450099.7292995522
1009313,450099.7292995522
1011226,475101.8993243069
1014193,450099.7292995522
1012156,450099.7292995522
1004493,702692.6363085577
1001533,450099.7292995522
1016504,450099.7292995522
1002396,499283.1355708311
1010613,459799.331559664
1003627,450099.7292995522
1006204,450099.7292995522
1011151,450099.7292995522
1013325,450099.7292995522
1011414,450099.7292995522
1002595,635613.4521655468
1003046,496931.24566620606
1007621,450099.7292995522
1015710,450099.7292995522
1017023,450099.7292995522
1007597,450099.7292995522
1013439,450099.7292995522
1006452,450099.7292995522
1007914,450099.7292995522
1003416,450099.7292995522
1016854,475101.8993243069
1015287,450099.7292995522
1000931,450099.7292995522
1017425,512257.1080000598
1010297,598885.6672710647
1010508,450099.7292995522
1006698,537336.2835831871
1004323,450099.7292995522
1007867,450099.7292995522
1011460,450099.7292995522
1010137,450099.7292995522
1016894,450099.7292995522
1016339,450099.7292995522
1015983,450099.7292995522
1017368,609271.7267551431
1000431,450099.7292995522
1016371,566911.2020694632
1012286,475101.8993243069
1004780,450099.7292995522
1009938,475101.8993243069
1007882,450099.7292995522
1004216,355645.986179938
1012747,450099.7292995522
1003261,450099.7292995522
1012692,450099.7292995522
1008647,450099.7292995522
1015327,450099.7292995522
1006708,466059.7501699786
1000559,450099.7292995522
1014681,403346.77682350454
1000364,536824.076690559
1014912,450099.7292995522
1015427,450099.7292995522
1004939,696544.3684783712
1011852,450099.7292995522
1001521,450099.7292995522
1013877,450099.7292995522
1004406,475101.8993243069
1013574,450099.7292995522
1016470,450099.7292995522
1017381,457920.423389763
1013899,450099.7292995522
1001155,475101.8993243069
1004963,450099.7292995522
1004096,450099.7292995522
1016134,450099.7292995522
1004423,450099.7292995522
1017274,475101.8993243069
1008352,450099.7292995522
1013890,450099.7292995522
1016214,475101.8993243069
1012813,450099.7292995522
1013085,450099.7292995522
1003567,450099.7292995522
1008260,450099.7292995522
1002418,450099.7292995522
1001190,450099.7292995522
1008795,450099.7292995522
1016936,450099.7292995522
1013796,450099.7292995522
1010915,450099.7292995522
1014100,450099.7292995522
1000569,518145.4381688105
1011018,450099.7292995522
1013686,450099.7292995522
1010151,450099.7292995522
1006148,339594.6616663889
1014255,450099.7292995522
1015026,450099.7292995522
1002666,450099.7292995522
1004405,450099.7292995522
1000111,450099.7292995522
1004497,296548.82417698676
1004369,695478.1467861778
1005238,450099.7292995522
1012815,450099.7292995522
1008569,583987.8202856806
1000781,475101.8993243069
1004792,450099.7292995522
1004296,450099.7292995522
1015227,360118.9664723485
1004327,450099.7292995522
1001476,450099.7292995522
1006331,450099.7292995522
1001480,565495.9257503046
1014793,450099.7292995522
1006771,450099.7292995522
1015629,450099.7292995522
1011782,450099.7292995522
1005248,462242.0679192975
1009085,330074.0439206693
1007983,475101.8993243069
1011580,450099.7292995522
1009097,450099.7292995522
1012016,450099.7292995522
1007761,538780.0356742296
1009264,450099.7292995522
1007101,450099.7292995522
1000425,450099.7292995522
1016290,450099.7292995522
1004624,475101.8993243069
1010950,554813.5899338762
1011138,450099.7292995522
1014655,450099.7292995522
1004634,475101.8993243069
1015656,450099.7292995522
1013735,450099.7292995522
1003945,450099.7292995522
1002417,450099.7292995522
1016723,450099.7292995522
1008621,450099.7292995522
1012436,450099.7292995522
1003467,475101.8993243069
1003715,450099.7292995522
1003168,450099.7292995522
1001100,450099.7292995522
1003291,450099.7292995522
1002911,475101.8993243069
1008222,450099.7292995522
1000991,403355.26899342256
1003870,511009.28812640306
1010188,450099.7292995522
1010216,450099.7292995522
1002014,450099.7292995522
1015011,450099.7292995522
1008673,450099.7292995522
1002144,475101.8993243069
1017601,475101.8993243069
1015930,450099.7292995522
1015196,450099.7292995522
1009552,450099.7292995522
1012211,450099.7292995522
1001305,475101.8993243069
1006525,450099.7292995522
1014766,450099.7292995522
1000187,304182.56515227765
1003297,450099.7292995522
1011453,450099.7292995522
1006893,450099.7292995522
1009054,450099.7292995522
1009381,450099.7292995522
1009014,450099.7292995522
1001347,450099.7292995522
1010312,450099.7292995522
1003253,450099.7292995522
1012831,450099.7292995522
1004569,450099.7292995522
1013410,658865.977929173
1000171,450099.7292995522
1001734,450099.7292995522
1006946,277772.87177196133
1009078,450099.7292995522
1009309,450099.7292995522
1005431,450099.7292995522
1013302,475101.8993243069
1009769,450099.7292995522
1007651,450099.7292995522
1004043,450099.7292995522
1013041,450099.7292995522
1016576,475101.8993243069
1000661,450099.7292995522
1012775,450099.7292995522
1002512,450099.7292995522
1002114,450099.7292995522
1012924,450099.7292995522
1009244,450099.7292995522
1004579,450099.7292995522
1002289,450099.7292995522
1006513,475101.8993243069
1014680,450099.7292995522
1004869,450099.7292995522
1015075,795445.7048562726
1007402,450099.7292995522
1014964,450099.7292995522
1001559,413380.7897395424
1003347,559172.038216213
1000770,437041.81765684177
1009241,450099.7292995522
1016483,475101.8993243069
1003455,450099.7292995522
1005344,450099.7292995522
1009079,475101.8993243069
1001702,475101.8993243069
1010171,643955.015169283
1002192,450099.7292995522
1001644,450099.7292995522
1003815,450099.7292995522
1013419,391900.6615145704
1006768,450099.7292995522
1013242,450099.7292995522
1006072,450099.7292995522
1015879,299277.68695374194
1003371,475101.8993243069
1002552,450099.7292995522
1016538,578118.7367090759
1008679,450099.7292995522
1010502,450099.7292995522
1016528,450099.7292995522
1007739,475101.8993243069
1002237,450099.7292995522
1002703,390924.1939184691
1003841,450099.7292995522
1008183,475101.8993243069
1013369,450099.7292995522
1002948,475101.8993243069
1015636,450099.7292995522
1014001,581172.5057312144
1016966,450099.7292995522
1008160,450099.7292995522
1012235,450099.7292995522
1016157,450099.7292995522
1010689,475101.8993243069
1003740,475101.8993243069
1010308,475101.8993243069
1007343,450099.7292995522
1012795,450099.7292995522
1003877,475101.8993243069
1015272,450099.7292995522
1013234,337716.1725778578
1000843,450099.7292995522
1000872,470533.5000781004
1012360,450099.7292995522
1010525,334687.74458439497
1000990,387816.06230098143
1017222,450099.7292995522
1010015,450099.7292995522
1009515,445388.7969837034
1013028,450099.7292995522
1013657,450099.7292995522
1007387,450099.7292995522
1010545,502386.1834387521
1003844,604360.4066846757
1011144,450099.7292995522
1001743,450099.7292995522
1006097,475101.8993243069
1011911,475101.8993243069
1008827,450099.7292995522
1002051,450099.7292995522
1001889,450099.7292995522
1012337,450099.7292995522
1006233,450099.7292995522
1004991,475101.8993243069
1003616,450099.7292995522
1002914,450099.7292995522
1002642,457595.039356979
1004320,450099.7292995522
1012966,391660.13979276177
1000505,835728.6049266655
1001060,450099.7292995522
1011045,450099.7292995522
1011187,450099.7292995522
1001180,450099.7292995522
1003429,520898.68220827775
1001329,450099.7292995522
1004607,450099.7292995522
1011651,450099.7292995522
1006531,366556.0757358241
1008545,450099.7292995522
1012424,872970.8971287074
1008307,450099.7292995522
1014872,450099.7292995522
1002920,802567.9515584281
1015496,269458.65265695733
1008929,450099.7292995522
1007330,450099.7292995522
1010177,450099.7292995522
1016524,461500.5452064612
1015755,475101.8993243069
1014937,725079.6523095621
1016337,296687.3154928784
1014795,475101.8993243069
1007690,450099.7292995522
1008487,450099.7292995522
1016967,423562.0426005622
1003907,364904.8020171436
1002632,450099.7292995522
1014367,450099.7292995522
1000672,188181.68177890146
1003501,450099.7292995522
1015920,450099.7292995522
1001458,470327.40433101665
1015422,307430.1609845134
1017468,450099.7292995522
1017466,450099.7292995522
1000449,475101.8993243069
1012593,566916.7606314836
1014259,475101.8993243069
1014782,450099.7292995522
1005559,450099.7292995522
1004571,450099.7292995522
1006553,417799.92763438873
1005657,450099.7292995522
1014343,475101.8993243069
1014989,304365.5408967682
1004640,450099.7292995522
1017605,450099.7292995522
1006552,469179.63211074076
1015902,450099.7292995522
1001298,450099.7292995522
1006925,450099.7292995522
1002166,450099.7292995522
1016341,450099.7292995522
1005096,450099.7292995522
1002140,450099.7292995522
1016631,475101.8993243069
1015257,450099.7292995522
1002883,450099.7292995522
1014298,450099.7292995522
1000182,362960.0731159445
1000219,446996.78410464764
1009020,475101.8993243069
1002090,450099.7292995522
1001243,450099.7292995522
1013184,450099.7292995522
1007393,450099.7292995522
1012854,457035.1501208764
1016282,450099.7292995522
1014067,450099.7292995522
1000309,612786.5951340544
1000825,489263.08921155037
1017452,450099.7292995522
1000442,450099.7292995522
1007477,450099.7292995522
1012973,643472.4092015526
1011753,450099.7292995522
1013246,643686.2120334053
1014730,450099.7292995522
1016317,224945.3777715112
1005884,450099.7292995522
1005000,450099.7292995522
1002712,450099.7292995522
1012293,450099.7292995522
1009146,450099.7292995522
1012241,450099.7292995522
1006149,450099.7292995522
1015485,450099.7292995522
1006517,475101.8993243069
1006623,450099.7292995522
1004076,450099.7292995522
1005798,450099.7292995522
1001916,450099.7292995522
1005777,450099.7292995522
1014023,624199.3556976218
1017057,450099.7292995522
1007039,450099.7292995522
1012975,299889.3370559442
1007068,450099.7292995522
1008998,450099.7292995522
1012014,450099.7292995522
1017077,475101.8993243069
1013134,568383.9277764793
1009979,450099.7292995522
1015383,450099.7292995522
1014899,450099.7292995522
1010768,450099.7292995522
1013222,475101.8993243069
1011533,450099.7292995522
1006773,475101.8993243069
1000315,437434.61042408826
1012794,450099.7292995522
1002187,475101.8993243069
1006560,450099.7292995522
1002260,487980.7432512143
1002174,361249.5373448804
1014060,450099.7292995522
1017195,563472.6327360077
1016953,450099.7292995522
1003867,450099.7292995522
1016382,450099.7292995522
1015583,450099.7292995522
1008936,450099.7292995522
1012277,441727.8720417714
1010333,450099.7292995522
1005309,450099.7292995522
1012695,450099.7292995522
1013236,450099.7292995522
1013535,450099.7292995522
1003377,450099.7292995522
1014039,475101.8993243069
1000103,450099.7292995522
1009540,861554.616519153
1007632,450099.7292995522
1006500,450099.7292995522
1013985,450099.7292995522
1016929,450099.7292995522
1017535,450099.7292995522
1006709,450099.7292995522
1012339,475442.8493990109
1010082,450099.7292995522
1007220,450099.7292995522
1001065,450099.7292995522
1015035,475101.8993243069
1012352,450099.7292995522
1016027,538225.1992217252
1008447,450099.7292995522
1010458,450099.7292995522
1002245,450099.7292995522
1014990,450099.7292995522
1009957,450099.7292995522
1004730,450099.7292995522
1006435,579698.6163494261
1011682,450099.7292995522
1003933,450099.7292995522
1009988,676021.3633873919
1011819,450099.7292995522
1006320,450099.7292995522
1008175,475101.8993243069
1002587,450099.7292995522
1001830,450099.7292995522
1016189,450099.7292995522
1000325,495630.0870490449
1015408,450099.7292995522
1009845,450099.7292995522
1010003,450099.7292995522
1017399,450099.7292995522
1009707,408362.18765487825
1013207,450099.7292995522
1001475,450099.7292995522
1016092,450099.7292995522
1013323,489564.32708340284
1013226,450099.7292995522
1015256,475101.8993243069
1016253,450099.7292995522
1015311,450099.7292995522
1000222,450099.7292995522
1005142,450099.7292995522
1014086,494519.036905125
1010535,842260.3471336969
1014983,450099.7292995522
1005993,450099.7292995522
1012837,475101.8993243069
1005927,475101.8993243069
1007643,450099.7292995522
1000881,450099.7292995522
1008194,529263.1099160915
1001751,308271.7359186982
1015089,541152.6200675522
1001862,450099.7292995522
1015703,450099.7292995522
1012404,450099.7292995522
1010096,450099.7292995522
1003392,450099.7292995522
1014936,475101.8993243069
1001776,450099.7292995522
1008808,475101.8993243069
1007290,450099.7292995522
1002560,450099.7292995522
1002147,450099.7292995522
1011848,643345.5429268102
1009929,792481.7448086342
1014853,448579.63646040746
1002934,450099.7292995522
1003426,542594.7376437499
1002746,475101.8993243069
1012340,450099.7292995522
1000371,329509.7981218848
1008362,450099.7292995522
1007646,450099.7292995522
1012551,450099.7292995522
1014583,479284.6327370002
1006350,450099.7292995522
1017176,358912.7865902848
1006589,450099.7292995522
1005576,450099.7292995522
1015249,450099.7292995522
1010947,450099.7292995522
1002294,521063.55432783894
1013188,450099.7292995522
1001906,450099.7292995522
1017393,719261.6218148611
1014950,450099.7292995522
1004072,450099.7292995522
1005453,417350.34543965856
1014613,450099.7292995522
1015181,450099.7292995522
1009400,704871.5610015809
1008203,450099.7292995522
1006935,286173.61510409694
1001114,562881.4082954815
1013685,475101.8993243069
1006684,450099.7292995522
1012732,468910.478503691
1011899,475101.8993243069
1015721,450099.7292995522
1000255,450099.7292995522
1010989,450099.7292995522
1014970,327737.93295803526
1016750,450099.7292995522
1009323,450099.7292995522
1005973,450099.7292995522
1011930,450099.7292995522
1000852,475101.8993243069
1016437,475101.8993243069
1012806,776130.2809996419
1002909,450099.7292995522
1006368,450099.7292995522
1008288,450099.7292995522
1007720,475101.8993243069
1010731,450099.7292995522
1003513,450099.7292995522
1004845,450099.7292995522
1007984,450099.7292995522
1014855,523791.93476966943
1008326,475101.8993243069
1000004,475101.8993243069
1003544,450099.7292995522
1015360,450099.7292995522
1007127,475101.8993243069
1004304,450099.7292995522
1012324,450099.7292995522
1009803,475101.8993243069
1006618,450099.7292995522
1014436,450099.7292995522
1002601,450099.7292995522
1014645,450099.7292995522
1001186,406469.4210707095
1017120,450099.7292995522
1007579,518112.6718889592
1001121,450099.7292995522
1013612,450099.7292995522
1001312,450099.7292995522
1009856,450099.7292995522
1014669,450099.7292995522
1012239,450099.7292995522
1006476,450099.7292995522
1001024,515229.5430536935
1001194,475101.8993243069
1009005,450099.7292995522
1000816,414990.7757024803
1002290,450099.7292995522
1005170,450099.7292995522
1004140,379576.94624440826
1012409,450099.7292995522
1008613,437289.6170214253
1000997,450099.7292995522
1014753,450099.7292995522
1010378,450099.7292995522
1011420,450099.7292995522
1002940,450099.7292995522
1015738,450099.7292995522
1014841,450099.7292995522
1002177,450099.7292995522
1009334,558929.9342732616
1015740,450099.7292995522
1000432,450099.7292995522
1011083,419197.82681129343
1016182,450099.7292995522
1014488,450099.7292995522
1004189,450099.7292995522
1002582,447214.0894546714
1005014,340256.06152443786
1008164,450099.7292995522
1005901,475101.8993243069
1004675,450099.7292995522
1016135,450099.7292995522
1008965,450099.7292995522
1008049,450099.7292995522
1009171,450099.7292995522
1005784,450099.7292995522
1001975,450099.7292995522
1009908,450099.7292995522
1014834,721631.9338573214
1009362,420541.5242820656
1006595,475101.8993243069
1005703,445908.1443105206
1008639,450099.7292995522
1004753,407115.89008756576
1012335,450099.7292995522
1008472,450099.7292995522
1015759,475101.8993243069
1009882,458168.5650953487
1016093,450099.7292995522
1003160,658185.8545912069
1013441,450099.7292995522
1010882,450099.7292995522
1010954,450099.7292995522
1010016,277135.12108982285
1007205,450099.7292995522
1001006,475101.8993243069
1013124,450099.7292995522
1007170,615598.8649302109
1003646,450099.7292995522
1011730,838365.397177873
1003691,450099.7292995522
1000597,530153.58265426
1003177,450099.7292995522
1009435,450099.7292995522
1012659,450099.7292995522
1006311,461821.6862235082
1003869,601585.2882954427
1015013,450099.7292995522
1009670,450099.7292995522
1002834,450099.7292995522
1012073,475101.8993243069
1007209,450099.7292995522
1000784,450099.7292995522
1003824,450099.7292995522
1004487,475101.8993243069
1001217,352074.9334927073
1005718,327741.4456840208
1001844,450099.7292995522
1017190,475101.8993243069
1014749,450099.7292995522
1005889,450099.7292995522
1014184,450099.7292995522
1010620,475101.8993243069
1017234,450099.7292995522
1006064,546550.4700058227
1010240,475101.8993243069
1012521,637947.6945662721
1016923,450099.7292995522
1009777,450099.7292995522
1005001,450099.7292995522
1013964,450099.7292995522
1004419,450099.7292995522
1008541,450099.7292995522
1015209,450099.7292995522
1003592,450099.7292995522
1011989,450099.7292995522
1006384,475101.8993243069
1014805,475101.8993243069
1013224,450099.7292995522
1006782,450099.7292995522
1015278,450099.7292995522
1004942,475101.8993243069
1008407,533602.3406693579
1002901,475101.8993243069
1001378,475101.8993243069
1006868,450099.7292995522
1000203,450099.7292995522
1005913,464447.141836077
1016988,475101.8993243069
1011816,450099.7292995522
1010784,450099.7292995522
1011172,450099.7292995522
1016760,450099.7292995522
1007786,450099.7292995522
1009625,450099.7292995522
1006668,450099.7292995522
1007367,450099.7292995522
1011549,525355.8143114658
1012067,450099.7292995522
1010150,475101.8993243069
1012030,475101.8993243069
1008040,450099.7292995522
1000649,450099.7292995522
1014825,450099.7292995522
1006108,450099.7292995522
1004094,450099.7292995522
1014490,450099.7292995522
1014881,433753.71427587525
1010709,450099.7292995522
1005492,450099.7292995522
1006477,475101.8993243069
1005178,677310.4202963661
1015309,445147.17633773695
1004856,450099.7292995522
1010064,450099.7292995522
1003519,450099.7292995522
1005700,560804.8703327825
1007559,450099.7292995522
1002432,357109.80130521825
1010273,450099.7292995522
1012938,475101.8993243069
1016343,450099.7292995522
1000486,450099.7292995522
1010021,475101.8993243069
1001736,450099.7292995522
1006927,450099.7292995522
1010480,475101.8993243069
1007780,450099.7292995522
1008390,475101.8993243069
1017008,450099.7292995522
1001490,450099.7292995522
1001563,450099.7292995522
1002224,450099.7292995522
1014769,475101.8993243069
1004732,450099.7292995522
1005836,532938.5249369176
1010348,450099.7292995522
1016627,450099.7292995522
1004338,511469.25307250564
1002848,450099.7292995522
1013517,475101.8993243069
1008978,450099.7292995522
1017289,450099.7292995522
1017179,496450.9249629368
1001567,475101.8993243069
1000138,450099.7292995522
1013882,450099.7292995522
1005258,475101.8993243069
1004736,450099.7292995522
1011986,596244.7329823554
1001713,450099.7292995522
1003495,412762.05769710534
1000600,586355.1530598305
1002812,475101.8993243069
1005059,450099.7292995522
1004949,478746.9680985369
1016211,450099.7292995522
1002271,542476.5204481428
1010060,450099.7292995522
1001865,475101.8993243069
1002501,450099.7292995522
1002661,568840.4730342772
1015233,450099.7292995522
1005953,450099.7292995522
1012146,450099.7292995522
1000127,450099.7292995522
1017442,450099.7292995522
1010509,450099.7292995522
1013764,450099.7292995522
1014776,475101.8993243069
1006256,450099.7292995522
1012690,450099.7292995522
1004036,450099.7292995522
1011249,475101.8993243069
1000142,450099.7292995522
1004615,496256.6688655558
1010776,509363.82058592286
1009176,450099.7292995522
1002226,450099.7292995522
1013305,475101.8993243069
1008739,475101.8993243069
1014045,532111.1847649165
1016494,383626.62475150404
1014843,450099.7292995522
1006659,450099.7292995522
1007074,450099.7292995522
1006679,450099.7292995522
1012055,551059.7484580585
1011671,450099.7292995522
1002228,450099.7292995522
1014300,475101.8993243069
1010675,450099.7292995522
1001530,585515.2356852428
1001434,450099.7292995522
1000238,450099.7292995522
1016313,450099.7292995522
1016508,450099.7292995522
1010961,450099.7292995522
1006196,450099.7292995522
1002722,450099.7292995522
1008317,450099.7292995522
1008471,552112.3856767499
1011409,450099.7292995522
1005866,450099.7292995522
1003534,658303.1602343122
1004496,450099.7292995522
1006183,340186.6677788049
1007785,594242.9305360522
1009252,450099.7292995522
1017361,450099.7292995522
1009338,529341.5270761766
1007669,450099.7292995522
1000398,409184.1711081041
1004077,508536.2269858815
1002194,450099.7292995522
1003421,331736.25739201286
1001555,450099.7292995522
1012526,450099.7292995522
1015772,450099.7292995522
1009004,450099.7292995522
1010288,450099.7292995522
1010481,450099.7292995522
1015897,450099.7292995522
1011264,475101.8993243069
1010666,287476.2529923849
1014339,390706.1328048148
1017431,345986.51789434353
1003871,475101.8993243069
1009047,450099.7292995522
1013774,450099.7292995522
1012916,450099.7292995522
1006968,450099.7292995522
1017305,397645.17713225924
1002162,450099.7292995522
1006335,450099.7292995522
1013120,475101.8993243069
1003797,475101.8993243069
1002767,450099.7292995522
1015663,450099.7292995522
1017251,709338.7582645919
1009277,450099.7292995522
1008631,450099.7292995522
1012133,450099.7292995522
1017051,450099.7292995522
1008854,450099.7292995522
1007299,450099.7292995522
1007944,450099.7292995522
1011281,450099.7292995522
1001250,450099.7292995522
1008096,450099.7292995522
1008508,381669.52521212056
1015009,450099.7292995522
1007457,450099.7292995522
1004316,475101.8993243069
1015713,450099.7292995522
1011513,450099.7292995522
1011115,450099.7292995522
1000361,450099.7292995522
1011111,396262.33595756546
1008871,450099.7292995522
1017271,475101.8993243069
1001893,450099.7292995522
1005628,450099.7292995522
1017056,450099.7292995522
1013502,450099.7292995522
1000221,450099.7292995522
1012851,450099.7292995522
1001747,450099.7292995522
1015493,450099.7292995522
1010744,450099.7292995522
1011121,450099.7292995522
1013586,417698.5998303193
1014675,475101.8993243069
1007452,450099.7292995522
1009529,450099.7292995522
1013150,293857.61996997724
1005074,450099.7292995522
1011564,475101.8993243069
1009713,552525.8839311956
1008775,450099.7292995522
1000046,450099.7292995522
1014234,344017.75752292934
1005191,450099.7292995522
1015580,450099.7292995522
1015213,368039.3309743469
1009502,475101.8993243069
1009749,450099.7292995522
1008349,475101.8993243069
1009943,450099.7292995522
1006106,407595.59276748286
1016031,450099.7292995522
1016588,450099.7292995522
1003863,450099.7292995522
1002789,475101.8993243069
1012476,450099.7292995522
1014960,450099.7292995522
1013565,475101.8993243069
1014232,450099.7292995522
1006710,450099.7292995522
1001562,450099.7292995522
1010751,390404.0715893554
1001278,507539.1159105332
1012306,450099.7292995522
1006853,475101.8993243069
1000113,450099.7292995522
1002688,450099.7292995522
1014082,450099.7292995522
1004436,475101.8993243069
1000854,590137.2579444799
1008839,450099.7292995522
1008993,450099.7292995522
1000274,507616.68376049603
1005684,460490.5297097534
1009716,450099.7292995522
1003776,450099.7292995522
1005089,450099.7292995522
1015404,450099.7292995522
1011893,450099.7292995522
1001618,450099.7292995522
1005151,821865.3902021516
1005942,590572.2324727792
1005565,567438.802786187
1014587,475101.8993243069
1001031,475101.8993243069
1017239,450099.7292995522
1016839,450099.7292995522
1009546,450099.7292995522
1004152,450099.7292995522
1016421,341925.8119417984
1000641,450099.7292995522
1005573,475101.8993243069
1016888,450099.7292995522
1006732,505579.77028687357
1005756,450099.7292995522
1004978,450099.7292995522
1001650,450099.7292995522
1010845,450099.7292995522
1005920,526307.9558099598
1001513,450099.7292995522
1001630,479682.7537411961
1003329,475101.8993243069
1001456,450099.7292995522
1001161,450099.7292995522
1003023,450099.7292995522
1015563,475101.8993243069
1006001,450099.7292995522
1011429,475101.8993243069
1004692,450099.7292995522
1009982,450099.7292995522
1012391,450099.7292995522
1014059,475101.8993243069
1014418,450099.7292995522
1006808,450099.7292995522
1006437,450099.7292995522
1006428,450099.7292995522
1010843,450099.7292995522
1011790,450099.7292995522
1015742,306947.6086293325
1002212,450099.7292995522
1005197,450099.7292995522
1001647,450099.7292995522
1014695,450099.7292995522
1011173,388304.31778326246
1016927,450099.7292995522
1013006,341288.4166481199
1008005,450099.7292995522
1015095,475101.8993243069
1012988,450099.7292995522
1003179,450099.7292995522
1016233,578387.6613842397
1012979,450099.7292995522
1009783,450099.7292995522
1006676,486497.4134383432
1005148,450099.7292995522
1005527,450099.7292995522
1006790,450099.7292995522
1012078,475101.8993243069
1009415,450099.7292995522
1008931,450099.7292995522
1014588,479617.46667475847
1008250,475101.8993243069
1012947,450099.7292995522
1010154,475101.8993243069
1014653,450099.7292995522
1012561,450099.7292995522
1009340,450099.7292995522
1016362,336548.7709670394
1016029,450099.7292995522
1011823,450099.7292995522
1006933,450099.7292995522
1003423,475101.8993243069
1006983,475101.8993243069
1007935,450099.7292995522
1001406,450099.7292995522
1010646,335695.9438540626
1015893,450099.7292995522
1012546,475101.8993243069
1005044,450099.7292995522
1010604,377713.429389648
1001401,450099.7292995522
1002981,478026.07262527145
1005216,450099.7292995522
1007115,442482.41997747315
1016864,450099.7292995522
1007818,475101.8993243069
1004132,450099.7292995522
1013780,429348.7566415777
1008742,450099.7292995522
1007461,450099.7292995522
1003113,531520.9011079667
1015816,450099.7292995522
1006302,450099.7292995522
1010863,450099.7292995522
1003037,450099.7292995522
1006598,531462.6222339277
1011836,450099.7292995522
1006075,450099.7292995522
1013067,585147.3846348538
1016285,450099.7292995522
1017013,475101.8993243069
1015975,475101.8993243069
1014736,450099.7292995522
1003196,450099.7292995522
1015081,450099.7292995522
1016693,450099.7292995522
1009572,450099.7292995522
1016011,441993.53081514256
1006237,450099.7292995522
1016623,475101.8993243069
1000883,450099.7292995522
1017560,450099.7292995522
1007766,450099.7292995522
1015336,450099.7292995522
1006215,450099.7292995522
1016006,439504.7282183577
1010212,450099.7292995522
1006473,475101.8993243069
1002690,356183.5406106743
1016605,450099.7292995522
1004568,724622.6749514856
1013736,475101.8993243069
1012056,475101.8993243069
1009608,475101.8993243069
1014173,450099.7292995522
1014387,417005.7295840208
1004547,450099.7292995522
1011204,450099.7292995522
1014069,450099.7292995522
1013942,450099.7292995522
1017277,450099.7292995522
1010852,450099.7292995522
1003745,429285.4830454031
1005867,450099.7292995522
1011756,732342.8286244107
1015924,450099.7292995522
1011837,450099.7292995522
1002836,450099.7292995522
1005442,450099.7292995522
1013409,450099.7292995522
1011634,475101.8993243069
1010390,450099.7292995522
1017314,490602.8123971787
1006884,450099.7292995522
1015204,450099.7292995522
1017163,495662.08552991244
1002222,533406.2431827957
1009311,450099.7292995522
1014707,475101.8993243069
1002990,362227.89068406186
1001442,450099.7292995522
1006070,352152.76385893987
1000129,450099.7292995522
1007993,450099.7292995522
1016581,450099.7292995522
1014916,450099.7292995522
1003671,475101.8993243069
1007085,585982.8729581569
1016104,475101.8993243069
1005899,450099.7292995522
1009297,413520.5826777641
1000875,450099.7292995522
1002124,450099.7292995522
1002754,449253.2453447933
1005819,500413.7819028328
1010737,475101.8993243069
1002653,352718.95970004675
1011713,450099.7292995522
1007157,450099.7292995522
1005660,450099.7292995522
1003990,450099.7292995522
1011747,450099.7292995522
1012407,450099.7292995522
1007924,450099.7292995522
1007541,450099.7292995522
1000372,354861.9764957022
1016072,271604.0397505925
1001204,450099.7292995522
1009720,450099.7292995522
1010693,450099.7292995522
1011474,450099.7292995522
1017483,509483.9764031175
1004331,450099.7292995522
1013654,450099.7292995522
1015970,450099.7292995522
1005347,583013.9717959373
1002786,526055.5858266295
1001058,452720.03290012525
1016170,475101.8993243069
1007976,475101.8993243069
1002263,450099.7292995522
1004788,450099.7292995522
1008091,475101.8993243069
1006321,450099.7292995522
1014869,657048.4745423577
1011364,450099.7292995522
1002648,450099.7292995522
1011098,450099.7292995522
1012626,521078.17568229616
1016666,436947.42532287515
1016009,664397.8720654078
1016890,450099.7292995522
1016519,326865.4562323001
1008371,450099.7292995522
1003017,450099.7292995522
1007662,450099.7292995522
1007464,450099.7292995522
1010986,450099.7292995522
1004011,622519.2586345618
1002561,400521.38760731224
1010791,326439.16762950044
1011786,450099.7292995522
1014142,450099.7292995522
1012439,450099.7292995522
1005234,450099.7292995522
1013971,716677.6174333451
1004678,475101.8993243069
1006056,450099.7292995522
1009706,450099.7292995522
1001028,450099.7292995522
1004765,450099.7292995522
1000968,450099.7292995522
1017307,450099.7292995522
1012820,413332.1894159688
1005832,1079940.219758545
1002048,450099.7292995522
1008174,475101.8993243069
1007495,450099.7292995522
1012640,450099.7292995522
1011262,450099.7292995522
1016535,450099.7292995522
1017568,420170.1544812582
1015382,475101.8993243069
1005603,450099.7292995522
1010679,450099.7292995522
1007084,450099.7292995522
1014777,450099.7292995522
1000822,450099.7292995522
1006596,450099.7292995522
1011778,450099.7292995522
1004488,432630.4059263043
1016143,450099.7292995522
1004642,450099.7292995522
1004873,475101.8993243069
1011190,450099.7292995522
1005200,450099.7292995522
1016264,450099.7292995522
1000407,475101.8993243069
1004880,475101.8993243069
1017254,450099.7292995522
1015630,450099.7292995522
1006483,450099.7292995522
1012070,450099.7292995522
1000079,475101.8993243069
1000761,450099.7292995522
1002798,450099.7292995522
1010122,511440.90823537175
1010268,450099.7292995522
1005515,450099.7292995522
1000176,450099.7292995522
1001717,450099.7292995522
1010968,450099.7292995522
1012446,475101.8993243069
1001209,450099.7292995522
1007751,450099.7292995522
1009578,410886.6814672149
1010063,450099.7292995522
1014445,547062.1440873878
1006235,450099.7292995522
1005400,450099.7292995522
1010010,475101.8993243069
1000232,493747.33203876
1011325,450099.7292995522
1007038,450099.7292995522
1001331,475101.8993243069
1008863,475101.8993243069
1009575,475101.8993243069
1013464,475101.8993243069
1012610,450099.7292995522
1010226,450099.7292995522
1007522,450099.7292995522
1016081,450099.7292995522
1014597,450099.7292995522
1000669,450099.7292995522
1012647,475101.8993243069
1005508,450099.7292995522
1001685,401629.36646671715
1013152,279201.1831841901
1011061,450099.7292995522
1014348,450099.7292995522
1016034,450099.7292995522
1015616,593760.7899411919
1004628,450099.7292995522
1010118,450099.7292995522
1016148,475101.8993243069
1008076,674459.5559294007
1006697,450099.7292995522
1000637,557262.5827457088
1011231,373593.46316888044
1014462,450099.7292995522
1003384,450099.7292995522
1012810,450099.7292995522
1002198,475101.8993243069
1002448,450099.7292995522
1013552,429486.39754741255
1001594,513481.984954643
1001070,450099.7292995522
1008258,450099.7292995522
1015806,389195.47967764304
1008239,450099.7292995522
1000174,450099.7292995522
1004969,475101.8993243069
1005562,355599.6872372746
1003433,450099.7292995522
1009917,475101.8993243069
1007333,450099.7292995522
1013802,450099.7292995522
1001935,390378.81132260786
1011013,450099.7292995522
1007979,450099.7292995522
1013148,635298.3037439155
1001590,475101.8993243069
1005324,428489.01372912107
1014915,450099.7292995522
1013440,450099.7292995522
1002497,375852.85622722044
1000498,450099.7292995522
1013940,450099.7292995522
1005504,572869.1643198483
1016212,450099.7292995522
1013399,450099.7292995522
1010318,450099.7292995522
1009331,450099.7292995522
1006875,450099.7292995522
1011719,450099.7292995522
1010609,450099.7292995522
1016306,450099.7292995522
1005217,450099.7292995522
1006218,450099.7292995522
1012219,450099.7292995522
1006460,450099.7292995522
1007089,450099.7292995522
1016621,450099.7292995522
1002435,450099.7292995522
1008664,712942.8858781464
1000110,661331.5808472165
1013056,475101.8993243069
1015255,450099.7292995522
1000786,450099.7292995522
1005894,450099.7292995522
1008368,385358.92867010436
1005925,450099.7292995522
1017524,450099.7292995522
1014120,398742.0021953243
1006313,450099.7292995522
1009141,450099.7292995522
1008915,450099.7292995522
1004122,597611.5670536489
1016330,390536.02717488626
1002058,471793.3770034395
1001597,450099.7292995522
1004924,450099.7292995522
1007582,475101.8993243069
1008002,450099.7292995522
1017596,450099.7292995522
1001656,450099.7292995522
1009995,450099.7292995522
1000602,475101.8993243069
1016650,475101.8993243069
1009081,450099.7292995522
1007706,589380.1747298425
1011347,450099.7292995522
1007008,501639.77523317694
1005968,450099.7292995522
1004458,450099.7292995522
1016766,426597.2665975475
1015353,450099.7292995522
1004733,450099.7292995522
1004456,333418.8368216573
1011831,450099.7292995522
1013991,450099.7292995522
1005591,450099.7292995522
1001116,450099.7292995522
1007447,450099.7292995522
1009975,450099.7292995522
1002115,450099.7292995522
1004361,450099.7292995522
1015655,450099.7292995522
1000269,450099.7292995522
1010229,450099.7292995522
1014842,450099.7292995522
1015147,475101.8993243069
1006528,450099.7292995522
1007386,580561.5422343723
1015027,450099.7292995522
1015385,625733.7606201236
1014595,450099.7292995522
1010656,450099.7292995522
1015901,450099.7292995522
1000011,450099.7292995522
1007467,450099.7292995522
1016561,475101.8993243069
1017592,475101.8993243069
1001669,450099.7292995522
1000153,450099.7292995522
1015525,450099.7292995522
1010248,450099.7292995522
1004264,475101.8993243069
1012681,475101.8993243069
1003243,450099.7292995522
1015160,450099.7292995522
1008261,450099.7292995522
1016439,450099.7292995522
1004995,450099.7292995522
1005672,450099.7292995522
1013775,484068.4885921041
1011327,450099.7292995522
1013349,511244.9702562243
1015837,450099.7292995522
1004190,450099.7292995522
1003463,330702.3008954837
1010682,450099.7292995522
1010982,361636.48665488116
1017041,450099.7292995522
1000346,450099.7292995522
1005213,450099.7292995522
1000177,450099.7292995522
1015579,450099.7292995522
1005578,468570.1173461645
1000353,450099.7292995522
1013324,536401.827458925
1011918,673114.7226140591
1015786,456163.0345744013
1009901,450099.7292995522
1010583,695872.722198664
1011399,475101.8993243069
1013714,450099.7292995522
1002450,589715.4781534717
1013344,450099.7292995522
1003781,450099.7292995522
1017299,322132.4397855201
1009385,450099.7292995522
1014846,762800.906458543
1009863,450099.7292995522
1007204,254846.5956280069
1014127,450099.7292995522
1000131,475101.8993243069
1009419,450099.7292995522
1007050,450099.7292995522
1000549,450099.7292995522
1004941,450099.7292995522
1003984,450099.7292995522
1010103,428824.7115195768
1002282,450099.7292995522
1003108,450099.7292995522
1011263,450099.7292995522
1005491,475101.8993243069
1002374,450099.7292995522
1000775,450099.7292995522
1011824,450099.7292995522
1012172,450099.7292995522
1005532,450099.7292995522
1016098,409663.6934004628
1008574,475101.8993243069
1005334,647522.5733986767
1003361,450099.7292995522
1007121,450099.7292995522
1017048,450099.7292995522
1013702,450099.7292995522
1009859,368836.90822649474
1000406,450099.7292995522
1012151,375664.9415432521
1014693,450099.7292995522
1001366,450099.7292995522
1011575,450099.7292995522
1014773,602761.1631365459
1003987,450099.7292995522
1008131,450099.7292995522
1000536,450099.7292995522
1001086,329654.3674135426
1005670,450099.7292995522
1013675,475101.8993243069
1006013,450099.7292995522
1016490,450099.7292995522
1011300,450099.7292995522
1016707,450099.7292995522
1008376,450099.7292995522
1007086,282370.43769613426
1001251,552312.9497854316
1009950,450099.7292995522
1016289,450099.7292995522
1003358,450099.7292995522
1008264,475101.8993243069
1008190,450099.7292995522
1012537,450099.7292995522
1013693,450099.7292995522
1004184,643645.7824555071
1008383,450099.7292995522
1002108,450099.7292995522
1007321,450099.7292995522
1007390,391428.77677383414
1008451,450099.7292995522
1002949,450099.7292995522
1007100,450099.7292995522
1008756,450099.7292995522
1016453,450099.7292995522
1004489,450099.7292995522
1000292,475101.8993243069
1009952,450099.7292995522
1002201,450099.7292995522
1014642,569481.060453769
1011175,450099.7292995522
1003293,475101.8993243069
1006775,475101.8993243069
1002152,450099.7292995522
1015149,450099.7292995522
1009789,293104.7555346313
1003736,857918.2260819506
1001785,487139.7752599012
1014311,450099.7292995522
1017572,450099.7292995522
1014698,450099.7292995522
1002341,450099.7292995522
1007490,450099.7292995522
1006487,547256.4571811478
1001154,766849.9771750673
1009099,450099.7292995522
1011025,450099.7292995522
1006065,450099.7292995522
1011102,450099.7292995522
1009324,450099.7292995522
1003504,450099.7292995522
1007548,475101.8993243069
1009685,348755.13104379154
1013163,475101.8993243069
1017591,417654.2685107791
1009816,450099.7292995522
1000229,450099.7292995522
1003123,493194.12020325044
1010850,450099.7292995522
1003290,450099.7292995522
1016217,450099.7292995522
1006849,360626.6072114061
1006008,753401.0608330364
1009221,304472.9826318942
1011557,450099.7292995522
1003784,450099.7292995522
1003220,450099.7292995522
1012740,475101.8993243069
1009774,568688.4978479455
1010084,475101.8993243069
1011980,501661.13450348575
1007377,450099.7292995522
1007961,475101.8993243069
1003321,474008.15305638296
1013893,391052.94401284866
1000106,450099.7292995522
1000099,299164.9196663687
1007778,450099.7292995522
1008887,475101.8993243069
1003299,358259.51233380614
1000324,450099.7292995522
1000006,450099.7292995522
1001930,692679.9969764596
1000910,706657.8973077098
1015775,450099.7292995522
1015974,450099.7292995522
1017091,581839.5600442963
1009799,475101.8993243069
1008088,475101.8993243069
1002420,409707.89755891985
1010543,450099.7292995522
1000453,450099.7292995522
1014740,450099.7292995522
1017002,424962.44739274436
1017291,325869.7572684879
1008132,475101.8993243069
1009128,450099.7292995522
1006461,450099.7292995522
1016183,450099.7292995522
1013947,672392.0418975245
1011958,476959.0662520857
1014910,450099.7292995522
1009920,450099.7292995522
1015332,450099.7292995522
1011065,450099.7292995522
1009386,475101.8993243069
1006203,450099.7292995522
1009601,625290.3242668796
1003527,370436.34474767314
1012716,511529.4577884175
1002985,450099.7292995522
1010425,450099.7292995522
1014635,450099.7292995522
1002305,475101.8993243069
1010052,450099.7292995522
1005904,475101.8993243069
1007620,473893.9736832085
1011285,475101.8993243069
1006394,590141.1483372725
1010818,475101.8993243069
1000913,450099.7292995522
1003216,450099.7292995522
1014885,450099.7292995522
1017433,450099.7292995522
1010948,450099.7292995522
1010391,450099.7292995522
1007469,450099.7292995522
1008083,450099.7292995522
1005548,450099.7292995522
1011085,450099.7292995522
1010887,453338.5628568189
1008880,450099.7292995522
1015537,450099.7292995522
1008348,450099.7292995522
1008437,450099.7292995522
1005224,407964.8352461255
1002437,475101.8993243069
1016909,774021.7330934383
1001113,450099.7292995522
1012508,450099.7292995522
1006999,450099.7292995522
1011170,450099.7292995522
1001139,450099.7292995522
1000428,526283.9389975417
1011994,450099.7292995522
1008024,448728.58011222124
1008778,425525.6576772331
1002422,582554.380712725
1014531,450099.7292995522
1011558,681596.8343399597
1012382,500214.09767183237
1009787,450099.7292995522
1008632,450099.7292995522
1013422,450099.7292995522
1011242,475101.8993243069
1008630,450099.7292995522
1010926,475101.8993243069
1012470,450099.7292995522
1010086,450099.7292995522
1011413,450099.7292995522
1006743,450099.7292995522
1009939,450099.7292995522
1014370,339764.02041732654
1002972,450099.7292995522
1009088,450099.7292995522
1001539,450099.7292995522
1001303,475101.8993243069
1011100,581724.0170572874
1013584,475101.8993243069
1004934,450099.7292995522
1013275,450099.7292995522
1007215,450099.7292995522
1010773,450099.7292995522
1007837,450099.7292995522
1015937,475101.8993243069
1014294,906230.1273457087
1007208,557608.8634013144
1014819,475101.8993243069
1001774,450099.7292995522
1013895,396856.37307781645
1017370,450099.7292995522
1008115,450099.7292995522
1001752,570210.6513466239
1012482,475101.8993243069
1016468,366048.6720514179
1013123,450099.7292995522
1003952,450099.7292995522
1003666,450099.7292995522
1002877,587035.2150945236
1017435,450099.7292995522
1004237,450099.7292995522
1011078,450099.7292995522
1015683,450099.7292995522
1002137,450099.7292995522
1016059,450099.7292995522
1017069,450099.7292995522
1015900,450099.7292995522
1013801,450099.7292995522
1005320,475101.8993243069
1016331,475101.8993243069
1010865,410152.02025521593
1015203,450099.7292995522
1002840,450099.7292995522
1004310,450099.7292995522
1013128,475101.8993243069
1000518,450099.7292995522
1006756,450099.7292995522
1003994,475101.8993243069
1010862,450099.7292995522
1014395,497616.9011636444
1007030,450099.7292995522
1001340,365979.296060284
1002127,450099.7292995522
1011180,450099.7292995522
1010708,450099.7292995522
1012385,450099.7292995522
1016721,558455.1447207537
1012527,475101.8993243069
1013856,450099.7292995522
1010745,450099.7292995522
1004087,450099.7292995522
1010673,450099.7292995522
1011114,450099.7292995522
1011033,450099.7292995522
1008332,475101.8993243069
1011150,450099.7292995522
1016920,450099.7292995522
1003687,450099.7292995522
1009727,450099.7292995522
1009058,385255.8663508246
1007762,450099.7292995522
1005065,450099.7292995522
1014868,450099.7292995522
1011159,450099.7292995522
1009343,450099.7292995522
1005676,450099.7292995522
1014049,544928.0026596728
1000890,359070.11348563887
1013665,450099.7292995522
1000382,450099.7292995522
1013466,363746.0785714068
1007977,450099.7292995522
1000160,450099.7292995522
1002538,450099.7292995522
1004951,450099.7292995522
1000243,475101.8993243069
1010396,475101.8993243069
1000469,450099.7292995522
1002262,450099.7292995522
1010299,678152.1625373152
1004919,450099.7292995522
1001982,475101.8993243069
1000189,450099.7292995522
1016296,256288.26938278586
1009819,475101.8993243069
1010039,450099.7292995522
1008388,475101.8993243069
1012175,450099.7292995522
1003866,450099.7292995522
1014361,450099.7292995522
1006685,489359.9011994689
1004522,449978.2960805518
1003465,450099.7292995522
1004319,450099.7292995522
1001764,534473.4643870747
1013892,450099.7292995522
1012777,450099.7292995522
1004929,468135.0995030162
1003609,450099.7292995522
1006152,450099.7292995522
1009230,450099.7292995522
1016288,450099.7292995522
1005433,450099.7292995522
1006029,475101.8993243069
1015853,475101.8993243069
1000415,380845.96729226154
1007010,320958.71445327223
1011476,450099.7292995522
1014639,450099.7292995522
1001714,450099.7292995522
1005788,450099.7292995522
1007323,450099.7292995522
1005690,450099.7292995522
1002790,447168.00104356755
1005734,463556.3477265848
1009703,509850.6146410063
1003287,864483.2547873986
1003953,450099.7292995522
1008748,450099.7292995522
1006412,450099.7292995522
1011754,450099.7292995522
1004948,350873.31464817526
1013824,450099.7292995522
1011891,450099.7292995522
1001803,450099.7292995522
1015342,450099.7292995522
1004196,450099.7292995522
1002864,450099.7292995522
1003794,541261.1340795241
1007920,450099.7292995522
1015371,475101.8993243069
1016467,450099.7292995522
1008141,419898.75554130354
1009925,444261.4857355299
1013601,475101.8993243069
1015130,450099.7292995522
1001474,450099.7292995522
1008070,455008.53885313374
1002011,450099.7292995522
1005454,450099.7292995522
1012542,450099.7292995522
1014657,450099.7292995522
1013420,450099.7292995522
1013793,450099.7292995522
1005381,356357.6072415482
1013126,450099.7292995522
1014784,450099.7292995522
1014269,475101.8993243069
1013465,408844.34071017336
1006102,362592.4934348801
1000472,450099.7292995522
1007685,450099.7292995522
1009207,450099.7292995522
1016689,450099.7292995522
1014007,450099.7292995522
1010437,475101.8993243069
1013785,450099.7292995522
1011019,450099.7292995522
1012553,450099.7292995522
1009223,475101.8993243069
1003593,422783.25598824
1001463,450099.7292995522
1007137,450099.7292995522
1010073,475101.8993243069
1009416,450099.7292995522
1015138,450099.7292995522
1001158,450099.7292995522
1008547,450099.7292995522
1007820,475841.45149256004
1008834,505839.52852367616
1004669,271168.4507064205
1000013,343974.63813747955
1013283,450099.7292995522
1016851,450099.7292995522
1003356,475101.8993243069
1016465,475101.8993243069
1011964,450099.7292995522
1010602,450099.7292995522
1011230,450099.7292995522
1007122,256764.9978660915
1000418,417151.4185149353
1009148,450099.7292995522
1011581,544404.4568779174
1006847,450099.7292995522
1004981,450099.7292995522
1015358,932902.0217653777
1011330,450099.7292995522
1012879,393574.5901057756
1010321,450099.7292995522
1017248,450099.7292995522
1004078,450099.7292995522
1013300,319082.69163389347
1009931,450099.7292995522
1009555,450099.7292995522
1009365,450099.7292995522
1003170,450099.7292995522
1009196,450099.7292995522
1017514,532351.9002787387
1006904,450099.7292995522
1016803,450099.7292995522
1015876,450099.7292995522
1010858,583807.7511891718
1008255,450099.7292995522
1014373,450099.7292995522
1005987,450099.7292995522
1001652,450099.7292995522
1001813,450099.7292995522
1009496,639117.3927577381
1016863,450099.7292995522
1016270,440286.5483042101
1006627,475101.8993243069
1001845,450099.7292995522
1004997,475101.8993243069
1015437,450099.7292995522
1013212,450099.7292995522
1005444,450099.7292995522
1011369,475101.8993243069
1002647,450099.7292995522
1011363,296572.70706737036
1005728,450099.7292995522
1009067,450099.7292995522
1009209,450099.7292995522
1010132,450099.7292995522
1005856,450099.7292995522
1015543,475101.8993243069
1014502,450099.7292995522
1002651,475101.8993243069
1000687,450099.7292995522
1006674,450099.7292995522
1001140,450099.7292995522
1012839,475101.8993243069
1010767,474151.0220327365
1009903,475101.8993243069
1010930,450099.7292995522
1003064,374976.28261790355
1014705,450099.7292995522
1015637,450099.7292995522
1016514,450099.7292995522
1016768,450099.7292995522
1015719,622021.1489489593
1013699,450099.7292995522
1014016,450099.7292995522
1005141,413502.545975557
1011294,450099.7292995522
1016116,475101.8993243069
1003375,450099.7292995522
1015516,475101.8993243069
1013220,450099.7292995522
1000377,383540.730973936
1002968,695934.9393379556
1001696,339596.22634682653
1015675,450099.7292995522
1013787,475101.8993243069
1007909,270099.402109388
1011810,450099.7292995522
1013544,450099.7292995522
1008155,450099.7292995522
1005740,450099.7292995522
1000494,450099.7292995522
1016110,450099.7292995522
1008577,475101.8993243069
1013761,450099.7292995522
1003927,475101.8993243069
1003890,450099.7292995522
1010413,450099.7292995522
1015044,467220.15697661124
1001938,450099.7292995522
1012723,475101.8993243069
1000740,514068.0632223657
1012022,450099.7292995522
1009629,450099.7292995522
1004877,450099.7292995522
1014889,450099.7292995522
1017349,475101.8993243069
1003792,450099.7292995522
1008486,302988.7215390752
1014231,450099.7292995522
1006582,475101.8993243069
1015510,450099.7292995522
1001589,450099.7292995522
1008008,450099.7292995522
1001054,186973.03690555622
1013896,450099.7292995522
1011305,640301.112199309
1007919,450099.7292995522
1017511,450099.7292995522
1016052,475101.8993243069
1012759,450099.7292995522
1001912,450099.7292995522
1004235,475101.8993243069
1015208,427061.99798717885
1011870,450099.7292995522
1012665,306209.93426898756
1001119,450099.7292995522
1009873,450099.7292995522
1002526,450099.7292995522
1010459,460519.1632596574
1008629,475101.8993243069
1004382,475101.8993243069
1012984,450099.7292995522
1005726,450099.7292995522
1000096,450099.7292995522
1003774,450099.7292995522
1008914,450099.7292995522
1008461,450099.7292995522
1004782,450099.7292995522
1003791,353038.18510018074
1013976,450099.7292995522
1003978,540474.1900230007
1017134,450099.7292995522
1014692,450099.7292995522
1008745,450099.7292995522
1017561,450099.7292995522
1001129,259039.44265771366
1015536,450099.7292995522
1015508,450099.7292995522
1001355,450099.7292995522
1004449,485495.44430531847
1009261,450099.7292995522
1017158,450099.7292995522
1011328,450099.7292995522
1000635,536826.4059892097
1000542,450099.7292995522
1014444,450099.7292995522
1010029,475101.8993243069
1013354,475101.8993243069
1001407,450099.7292995522
1002039,450099.7292995522
1015870,475101.8993243069
1007823,450099.7292995522
1003816,475101.8993243069
1001218,450099.7292995522
1001387,475742.3228985821
1010711,475101.8993243069
1004105,450099.7292995522
1017296,450099.7292995522
1003705,450099.7292995522
1001230,450099.7292995522
1014289,450099.7292995522
1015284,450099.7292995522
1009616,450099.7292995522
1007401,475101.8993243069
1012246,589421.102414874
1016674,450099.7292995522
1011321,646692.7357652619
1009712,450099.7292995522
1004464,450099.7292995522
1004014,487231.21170572325
1001537,450099.7292995522
1000211,450099.7292995522
1006646,450099.7292995522
1009008,624728.8137537278
1000861,450099.7292995522
1007661,450099.7292995522
1005121,450099.7292995522
1001690,450099.7292995522
1009806,450099.7292995522
1000541,450099.7292995522
1005272,450099.7292995522
1002462,450099.7292995522
1008237,450099.7292995522
1005231,383196.8722587172
1016094,450099.7292995522
1008444,475101.8993243069
1015120,561952.417372134
1007251,450099.7292995522
1000059,353311.9477848362
1007185,450099.7292995522
1009836,450099.7292995522
1014026,475101.8993243069
1005296,450099.7292995522
1000286,445761.9493248028
1007178,450099.7292995522
1005311,450099.7292995522
1010023,693126.8543882208
1000826,450099.7292995522
1013639,485037.7653237207
1015696,450099.7292995522
1006549,450099.7292995522
1013549,450099.7292995522
1000578,450099.7292995522
1015697,450099.7292995522
1009669,450099.7292995522
1006498,450099.7292995522
1010047,450099.7292995522
1007523,450099.7292995522
1006153,475101.8993243069
1014165,296577.23591373244
1013171,942077.5606406046
1003767,450099.7292995522
1006962,450099.7292995522
1015512,490933.8683627022
1009312,475101.8993243069
1002069,450099.7292995522
1004993,450099.7292995522
1015776,437925.20310736523
1012233,450099.7292995522
1010591,450099.7292995522
1008886,475101.8993243069
1009279,350391.451866405
1010245,450099.7292995522
1001117,475101.8993243069
1016203,450099.7292995522
1011198,475101.8993243069
1003552,444367.562237038
1011766,450099.7292995522
1012267,450099.7292995522
1008831,274868.34679860476
1014641,450099.7292995522
1001324,450099.7292995522
1003620,481388.10448052216
1017413,450099.7292995522
1001576,450099.7292995522
1016742,450099.7292995522
1000299,450099.7292995522
1013936,450099.7292995522
1012063,450099.7292995522
1017246,450099.7292995522
1015110,475101.8993243069
1016583,450099.7292995522
1002200,475101.8993243069
1015325,450099.7292995522
1017574,475101.8993243069
1014104,450099.7292995522
1000014,450099.7292995522
1005093,450099.7292995522
1012432,475101.8993243069
1007838,464190.1549320386
1006181,450099.7292995522
1009319,454071.1564476879
1009953,357016.1734450737
1011291,634229.1537030886
1013695,450099.7292995522
1003520,663938.3535327446
1004207,450099.7292995522
1000489,450099.7292995522
1013696,450099.7292995522
1006389,450099.7292995522
1009697,312692.98090403987
1002734,450099.7292995522
1008300,475101.8993243069
1014378,348314.428450058
1014948,524839.9234469199
1003009,475101.8993243069
1000344,383215.54816464527
1011627,608089.1092001948
1011444,450099.7292995522
1007802,556936.4243706762
1003466,450099.7292995522
1017340,589159.793251327
1000831,545035.9417086169
1005399,450099.7292995522
1016722,456367.7524360977
1006109,450099.7292995522
1007601,450099.7292995522
1015878,554387.4664267191
1009395,362628.8518050426
1001141,450099.7292995522
1013326,450099.7292995522
1001477,250605.90112599923
1015407,450099.7292995522
1009817,450099.7292995522
1016734,360543.0509687136
1003446,475101.8993243069
1004786,450099.7292995522
1000031,475101.8993243069
1013143,450099.7292995522
1007514,525470.755400544
1009998,450099.7292995522
1007897,450099.7292995522
1000897,475101.8993243069
1005421,450099.7292995522
1015421,450099.7292995522
1009981,450099.7292995522
1002116,450099.7292995522
1005630,450099.7292995522
1009354,450099.7292995522
1011814,450099.7292995522
1005547,450099.7292995522
1003661,450099.7292995522
1015098,475101.8993243069
1009033,450099.7292995522
1013618,806320.8338694598
1012639,450099.7292995522
1012838,362760.39300933224
1001438,450099.7292995522
1011763,475101.8993243069
1006423,450099.7292995522
1012877,450099.7292995522
1012673,450099.7292995522
1009222,450099.7292995522
1004592,412977.38572393305
1004366,450099.7292995522
1016968,450099.7292995522
1002724,475101.8993243069
1005375,450099.7292995522
1015210,450099.7292995522
1008575,450099.7292995522
1008812,611762.4070032482
1004952,450099.7292995522
1000332,450099.7292995522
1012852,450099.7292995522
1000390,450099.7292995522
1015945,428586.57190143934
1009135,596674.2705516457
1000095,450099.7292995522
1001859,373383.72650711326
1000853,450099.7292995522
1004425,550803.4168188316
1000386,450099.7292995522
1006101,450099.7292995522
1009841,450099.7292995522
1001148,450099.7292995522
1016567,369068.7334877831
1000413,450099.7292995522
1012322,450099.7292995522
1000284,540493.6422511679
1000820,450099.7292995522
1017108,450099.7292995522
1000973,450099.7292995522
1011270,376535.7124582239
1006425,475101.8993243069
1008672,499693.0396943215
1001676,450099.7292995522
1014772,450099.7292995522
1015502,450099.7292995522
1015306,267778.03123306093
1011567,450099.7292995522
1006119,450099.7292995522
1013467,450099.7292995522
1008953,450099.7292995522
1000180,870927.6044997744
1016840,450099.7292995522
1009627,475101.8993243069
1015236,475101.8993243069
1015554,450099.7292995522
1001604,475101.8993243069
1015805,469497.9294513134
1000423,450099.7292995522
1010005,450099.7292995522
1005386,450099.7292995522
1000914,450099.7292995522
1008466,452041.41555240937
1011461,450099.7292995522
1001635,450099.7292995522
1015799,450099.7292995522
1006022,450099.7292995522
1002628,450099.7292995522
1011216,420901.83311396296
1015810,450099.7292995522
1007687,475101.8993243069
1011406,450099.7292995522
1012469,475101.8993243069
1014421,504635.01581728406
1000838,450099.7292995522
1013845,450099.7292995522
1014856,774055.9152553993
1004108,366463.72311440395
1006580,450099.7292995522
1005155,450099.7292995522
1012192,488055.4580563596
1014216,850898.1314074247
1011884,450099.7292995522
1009136,450099.7292995522
1014634,475101.8993243069
1010434,475101.8993243069
1001890,475101.8993243069
1015001,450099.7292995522
1013650,450099.7292995522
1003743,450099.7292995522
1003447,450099.7292995522
1001022,452729.68705702707
1013521,475101.8993243069
1009535,450099.7292995522
1007465,450099.7292995522
1014360,450099.7292995522
1007825,384485.18214258424
1006431,412695.1681112023
1017364,632586.7103034278
1006134,504379.78219568153
1013202,475101.8993243069
1011069,450099.7292995522
1004742,450099.7292995522
1013790,475101.8993243069
1016955,415516.54478574684
1002814,450099.7292995522
1015443,450099.7292995522
1003782,450099.7292995522
1010800,488116.88999497576
1005996,450099.7292995522
1012511,450099.7292995522
1005043,475101.8993243069
1004427,450099.7292995522
1007940,450099.7292995522
1005462,475101.8993243069
1001443,450099.7292995522
1000242,450099.7292995522
1005304,312017.03104515007
1009808,450099.7292995522
1008972,515272.5915059413
1005552,450099.7292995522
1011924,475101.8993243069
1017562,462602.2930454716
1002837,450099.7292995522
1005277,450099.7292995522
1000300,450099.7292995522
1015541,475101.8993243069
1012829,450099.7292995522
1012254,451247.65093575104
1008457,450099.7292995522
1009883,450099.7292995522
1007406,450099.7292995522
1009844,450099.7292995522
1012068,450099.7292995522
1000370,388882.8025496985
1016458,450099.7292995522
1012155,450099.7292995522
1009169,475101.8993243069
1008301,450099.7292995522
1002984,475101.8993243069
1008085,450099.7292995522
1012779,450099.7292995522
1016262,475101.8993243069
1008295,475101.8993243069
1003438,450099.7292995522
1004091,600656.0306099918
1005779,450099.7292995522
1008865,765824.0735860824
1009992,886861.9463434962
1011565,475101.8993243069
1013958,450099.7292995522
1009062,450099.7292995522
1015245,450099.7292995522
1009201,450099.7292995522
1012319,450099.7292995522
1014678,450099.7292995522
1007545,450099.7292995522
1011220,475101.8993243069
1005373,450099.7292995522
1010332,475101.8993243069
1004389,706068.4741744183
1004529,450099.7292995522
1013878,450099.7292995522
1004333,450099.7292995522
1009019,450099.7292995522
1016308,450099.7292995522
1011323,450099.7292995522
1006701,450099.7292995522
1009649,450099.7292995522
1009964,450099.7292995522
1013891,475101.8993243069
1010981,450099.7292995522
1016680,450099.7292995522
1008338,450099.7292995522
1013503,475101.8993243069
1017421,450099.7292995522
1002996,450099.7292995522
1009493,450099.7292995522
1013414,596894.6793134793
1001185,438282.13341097266
1010578,450099.7292995522
1008675,483114.61815869075
1015093,538423.0954702991
1006045,468451.6111361224
1017383,450099.7292995522
1009499,450099.7292995522
1012893,450099.7292995522
1004734,731432.4283656771
1016573,331483.25057477294
1012499,450099.7292995522
1002351,271821.9274388088
1002602,475101.8993243069
1016472,450099.7292995522
1004259,487843.13560120977
1009204,488947.39829779166
1012405,450099.7292995522
1001447,450099.7292995522
1003143,450099.7292995522
1004286,450099.7292995522
1009258,450099.7292995522
1001382,556265.9623221259
1014625,450099.7292995522
1015867,450099.7292995522
1014694,450099.7292995522
1006391,450099.7292995522
1002995,450099.7292995522
1002624,475101.8993243069
1006417,450099.7292995522
1001400,450099.7292995522
1013192,450099.7292995522
1010285,450099.7292995522
1006942,664785.3375740731
1006936,450099.7292995522
1001203,415974.8460602426
1003515,450099.7292995522
1010980,475101.8993243069
1002890,450099.7292995522
1002792,475101.8993243069
1011393,450099.7292995522
1016683,450099.7292995522
1007756,450099.7292995522
1017237,475101.8993243069
1015091,450099.7292995522
1014954,450099.7292995522
1012809,450099.7292995522
1013533,386291.23681986675
1000508,315951.35967314505
1009818,450099.7292995522
1016156,454871.3079924507
1017373,450099.7292995522
1011199,475101.8993243069
1007262,316075.24039814505
1011727,450099.7292995522
1015270,780975.8609960042
1014976,450099.7292995522
1007616,450099.7292995522
1000117,475101.8993243069
1014393,450099.7292995522
1001296,475101.8993243069
1017531,450099.7292995522
1016604,450099.7292995522
1012398,475101.8993243069
1005595,450099.7292995522
1000520,450099.7292995522
1005172,559545.4499888687
1011720,279201.1831841901
1010209,450099.7292995522
1009403,475101.8993243069
1012194,579512.8606403664
1006917,475101.8993243069
1010595,444272.9810935864
1012693,450099.7292995522
1012735,450099.7292995522
1016297,450099.7292995522
1010660,450099.7292995522
1002046,450099.7292995522
1001919,450099.7292995522
1001746,450099.7292995522
1001709,450099.7292995522
1010890,475101.8993243069
1004960,450099.7292995522
1000814,450099.7292995522
1003187,450099.7292995522
1009002,475101.8993243069
1002017,450099.7292995522
1007942,450099.7292995522
1009785,475101.8993243069
1010446,475101.8993243069
1008992,450099.7292995522
1017146,475101.8993243069
1004918,450099.7292995522
1010855,450099.7292995522
1003260,450099.7292995522
1015194,450099.7292995522
1000662,475101.8993243069
1001314,475101.8993243069
1011576,450099.7292995522
1001663,450099.7292995522
1013712,881508.563155393
1017143,450099.7292995522
1002583,450099.7292995522
1014110,475101.8993243069
1016007,450099.7292995522
1003719,450099.7292995522
1012003,450099.7292995522
1007758,303594.31664325966
1014302,450099.7292995522
1006586,851707.7884235091
1017250,475101.8993243069
1000197,450099.7292995522
1004992,450099.7292995522
1010929,450099.7292995522
1008528,450099.7292995522
1010104,657418.1173340433
1013449,426344.7256181714
1016016,450099.7292995522
1015292,403283.10920516256
1005692,450099.7292995522
1015704,450099.7292995522
1014499,416129.499782396
1000603,475101.8993243069
1005294,516714.30990803376
1016255,450099.7292995522
1017326,450099.7292995522
1013592,450099.7292995522
1003247,450099.7292995522
1004794,450099.7292995522
1001761,450099.7292995522
1004330,450099.7292995522
1007657,450099.7292995522
1012899,658296.1637101767
1017342,525761.9177241563
1005912,450099.7292995522
1015795,292077.90542905737
1011026,355130.0338581381
1009327,450099.7292995522
1005711,454218.1700242691
1007076,475101.8993243069
1001213,450099.7292995522
1016386,450099.7292995522
1017182,450099.7292995522
1017214,371858.7005746649
1011840,450099.7292995522
1016474,450099.7292995522
1017588,450099.7292995522
1001283,470032.77161996375
1012089,450099.7292995522
1000957,475101.8993243069
1006173,770353.5021146716
1011583,450099.7292995522
1006221,450099.7292995522
1008014,450099.7292995522
1000757,450099.7292995522
1001339,450099.7292995522
1016872,542625.6714373968
1010300,450099.7292995522
1011904,475101.8993243069
1000563,364463.2076712331
1001544,450099.7292995522
1008144,450099.7292995522
1007027,450099.7292995522
1000720,475101.8993243069
1003205,450099.7292995522
1009728,450099.7292995522
1017301,399705.36250012676
1016806,450099.7292995522
1000065,450099.7292995522
1011030,475101.8993243069
1006920,450099.7292995522
1006090,450099.7292995522
1012020,450099.7292995522
1015645,450099.7292995522
1014602,659002.3021151427
1000899,450099.7292995522
1000730,475101.8993243069
1001506,450099.7292995522
1011343,456776.33737655514
1002557,450099.7292995522
1006630,475101.8993243069
1009391,350226.0130697338
1003039,450099.7292995522
1015796,450099.7292995522
1008859,876044.3965990307
1004297,457221.6504011663
1013473,450099.7292995522
1003322,450099.7292995522
1006379,450099.7292995522
1006098,450099.7292995522
1007351,769939.0910064067
1013166,450099.7292995522
1011081,619827.8667353783
1011527,450099.7292995522
1000068,475101.8993243069
1012530,450099.7292995522
1008419,450099.7292995522
1001954,450099.7292995522
1011515,475101.8993243069
1016224,589068.913986713
1002230,475101.8993243069
1006606,450099.7292995522
1012224,700011.3769418525
1002537,335909.94545428036
1006734,450099.7292995522
1013125,475101.8993243069
1000938,569146.7247811498
1012312,450099.7292995522
1007005,450099.7292995522
1002276,475101.8993243069
1005510,836838.9436186705
1001999,450099.7292995522
1014441,299497.3706317336
1015299,450099.7292995522
1010601,450099.7292995522
1003281,450099.7292995522
1003801,450099.7292995522
1006035,450099.7292995522
1013705,450099.7292995522
1009843,450099.7292995522
1003014,450099.7292995522
1012437,475101.8993243069
1002332,450099.7292995522
1001038,450099.7292995522
1016829,532738.2861738682
1006228,484864.00758258026
1014247,450099.7292995522
1003410,395132.92703705956
1002122,475101.8993243069
1008592,475101.8993243069
1017211,471012.21594129846
1005687,475101.8993243069
1002035,450099.7292995522
1005556,488141.8277749737
1006392,450099.7292995522
1010152,450099.7292995522
1008963,475101.8993243069
1011632,646813.3973913183
1006130,475101.8993243069
1004134,475101.8993243069
1002155,450099.7292995522
1015820,468078.8332379319
1016188,450099.7292995522
1014802,450099.7292995522
1011519,450099.7292995522
1000685,450099.7292995522
1006571,424010.56908275007
1010793,583270.8680873244
1004421,450099.7292995522
1015701,450099.7292995522
1004482,450099.7292995522
1013230,450099.7292995522
1000295,450099.7292995522
1000884,450099.7292995522
1012457,524033.295953885
1003015,357800.792155689
1008942,397139.7300812347
1012729,450099.7292995522
1008973,450099.7292995522
1013490,603843.9019576723
1012999,839264.2383077908
1010393,450099.7292995522
1009080,729473.6355177003
1014080,450099.7292995522
1002400,450099.7292995522
1010970,450099.7292995522
1009919,475101.8993243069
1001465,450099.7292995522
1001068,475101.8993243069
1010726,450099.7292995522
1001686,450099.7292995522
1013083,450099.7292995522
1003926,450099.7292995522
1008741,450099.7292995522
1000660,450099.7292995522
1011219,450099.7292995522
1001332,450099.7292995522
1017198,450099.7292995522
1004959,475101.8993243069
1007773,450099.7292995522
1011570,450099.7292995522
1009272,220102.51645915175
1003766,450099.7292995522
1003083,450099.7292995522
1003444,450099.7292995522
1008117,450099.7292995522
1015614,450099.7292995522
1004182,450099.7292995522
1007184,245052.22041941778
1005745,450099.7292995522
1010966,450099.7292995522
1016356,475101.8993243069
1010605,450099.7292995522
1015401,450099.7292995522
1002459,500708.83924117056
1013407,450099.7292995522
1012161,450099.7292995522
1011607,450099.7292995522
1003586,450099.7292995522
1009874,450099.7292995522
1006599,450099.7292995522
1017333,450099.7292995522
1006963,450099.7292995522
1015122,450099.7292995522
1002957,725334.9433081406
1004657,450099.7292995522
1009160,450099.7292995522
1007847,389915.8544713051
1006902,450099.7292995522
1015376,450099.7292995522
1014708,475101.8993243069
1000575,483774.0866121558
1014310,475101.8993243069
1013221,450099.7292995522
1003092,475101.8993243069
1002691,450099.7292995522
1001375,450099.7292995522
1016447,450099.7292995522
1010403,450099.7292995522
1005261,450099.7292995522
1007868,396823.6235101821
1002344,450099.7292995522
1000945,475101.8993243069
1014243,450099.7292995522
1006407,450099.7292995522
1002111,450099.7292995522
1004581,544194.8671419871
1000459,384038.99302365945
1007222,595228.6040513538
1006357,450099.7292995522
1010566,472673.4541944615
1002954,475101.8993243069
1000007,428288.69180252653
1006982,450099.7292995522
1000250,450099.7292995522
1012703,558576.8317469012
1010702,475101.8993243069
1013749,450099.7292995522
1001291,450099.7292995522
1016991,450099.7292995522
1007267,450099.7292995522
1009025,450099.7292995522
1015076,450099.7292995522
1010020,450099.7292995522
1009855,510183.8563905466
1000976,571149.6279792192
1013987,450099.7292995522
1009057,475101.8993243069
1011971,475101.8993243069
1009501,450099.7292995522
1010664,450099.7292995522
1008933,450099.7292995522
1016710,432730.2700419255
1011876,379977.38795280195
1017419,486545.92881167185
1009162,450099.7292995522
1008399,450099.7292995522
1000145,264223.67699810595
1014838,450099.7292995522
1015165,368301.33458816854
1004183,450099.7292995522
1005443,450099.7292995522
1012363,450099.7292995522
1014774,450099.7292995522
1005822,450099.7292995522
1002944,352870.0226989457
1002682,450099.7292995522
1003146,450099.7292995522
1017428,450099.7292995522
1001487,475101.8993243069
1005717,475101.8993243069
1012917,450099.7292995522
1011506,450099.7292995522
1007659,450099.7292995522
1004261,450099.7292995522
1001832,450099.7292995522
1010463,450099.7292995522
1000331,450099.7292995522
1000692,450099.7292995522
1001285,475101.8993243069
1010417,450099.7292995522
1000760,450099.7292995522
1005554,475101.8993243069
1009470,368025.3568372233
1005656,450099.7292995522
1005380,450099.7292995522
1001885,402571.3781981627
1016318,633321.5359229518
1017416,450099.7292995522
1010373,450099.7292995522
1004977,329280.2873756398
1002178,450099.7292995522
1000933,450099.7292995522
1011979,450099.7292995522
1000466,475101.8993243069
1006030,597689.6847190179
1000244,450099.7292995522
1014402,450099.7292995522
1015832,450099.7292995522
1010678,475101.8993243069
1006205,514067.23842122493
1001807,475101.8993243069
1010805,450099.7292995522
1007371,450099.7292995522
1009456,614064.9351744988
1012942,450099.7292995522
1013769,651780.7556255152
1000840,504506.0693406585
1005817,450099.7292995522
1014811,475101.8993243069
1005971,450099.7292995522
1006352,450099.7292995522
1011641,475101.8993243069
1012849,450099.7292995522
1005447,475101.8993243069
1002328,450099.7292995522
1006137,338414.93045850046
1006011,450099.7292995522
1000279,402365.59414750856
1010507,450099.7292995522
1010360,216463.60901591927
1007229,450099.7292995522
1010962,450099.7292995522
1014743,450099.7292995522
1012560,450099.7292995522
1017161,450099.7292995522
1016492,475101.8993243069
1004544,475101.8993243069
1009586,475101.8993243069
1005850,450099.7292995522
1007800,475101.8993243069
1012120,253844.46379933786
1009423,450099.7292995522
1003048,475101.8993243069
1009758,475101.8993243069
1006252,450099.7292995522
1009440,450099.7292995522
1006198,450099.7292995522
1001310,450099.7292995522
1005706,450099.7292995522
1008425,475101.8993243069
1016381,450099.7292995522
1002229,450099.7292995522
1017595,325422.0697260172
1012996,450099.7292995522
1004680,450099.7292995522
1004762,450099.7292995522
1000144,450099.7292995522
1016232,308388.150281518
1016642,450099.7292995522
1004801,632284.8010531784
1014630,450099.7292995522
1008665,450099.7292995522
1009665,450099.7292995522
1011705,450099.7292995522
1003223,450099.7292995522
1003543,450099.7292995522
1000348,450099.7292995522
1013827,450099.7292995522
1008433,450099.7292995522
1008560,589192.5237260902
1016476,450099.7292995522
1015977,450099.7292995522
1010416,450099.7292995522
1013799,475101.8993243069
1012944,825712.8408858145
1002572,450099.7292995522
1013598,450099.7292995522
1009351,450099.7292995522
1005685,629505.8699604851
1009842,450099.7292995522
1016322,450099.7292995522
1014282,447929.4504308199
1010690,475101.8993243069
1013444,450099.7292995522
1010560,450099.7292995522
1009281,300158.0249907551
1005716,450099.7292995522
1008380,450099.7292995522
1007004,450099.7292995522
1013840,249517.25581562906
1002783,421446.7355983899
1016235,695729.0833243658
1015538,450099.7292995522
1002630,450099.7292995522
1016956,489302.5822207313
1001169,489161.79051666264
1004519,450099.7292995522
1007453,403301.34562249214
1003541,619544.6917938929
1000715,450099.7292995522
1015456,450099.7292995522
1014760,450099.7292995522
1002463,422842.4472495277
1017545,486927.84720447013
1012833,450099.7292995522
1011127,475101.8993243069
1016741,450099.7292995522
1006699,647518.2787948434
1004595,450099.7292995522
1009607,450099.7292995522
1017509,450099.7292995522
1014815,450099.7292995522
1016276,450099.7292995522
1015506,450099.7292995522
1012051,450099.7292995522
1008200,592590.294948188
1010671,470657.8791583746
1002081,532052.1628246646
1007442,475101.8993243069
1007283,450099.7292995522
1011048,450099.7292995522
1012997,450099.7292995522
1013307,450099.7292995522
1012162,450099.7292995522
1001688,450099.7292995522
1008030,655837.6681070941
1015357,475101.8993243069
1005975,475101.8993243069
1009524,371635.2541785953
1000366,450099.7292995522
1017363,734924.1685436226
1010900,450099.7292995522
1015887,491178.89245324617
1006956,450099.7292995522
1002806,450099.7292995522
1002363,450099.7292995522
1014406,450099.7292995522
1004761,450099.7292995522
1014652,450099.7292995522
1002662,450099.7292995522
1009084,408436.8754980389
1000170,450099.7292995522
1003786,390260.84881170286
1013016,450099.7292995522
1010883,450099.7292995522
1012024,450099.7292995522
1017505,429677.9646999116
1014706,450099.7292995522
1010846,450099.7292995522
1007173,660079.0745758553
1001808,322050.92350644985
1014204,450099.7292995522
1009588,450099.7292995522
1007434,450099.7292995522
1002259,437657.4530056165
1010639,450099.7292995522
1010256,450099.7292995522
1002131,623244.6802172854
1014383,328409.3425203681
1016487,450099.7292995522
1006242,242727.15708928675
1012375,450099.7292995522
1013930,475101.8993243069
1001313,450099.7292995522
1015080,450099.7292995522
1002244,666436.5309393143
1013992,610367.5877510624
1004620,475101.8993243069
1013263,475101.8993243069
1001605,450099.7292995522
1016832,450099.7292995522
1013177,450099.7292995522
1006081,475101.8993243069
1007654,450099.7292995522
1016751,450099.7292995522
1013295,450099.7292995522
1014699,450099.7292995522
1015910,494077.7451915479
1003133,450099.7292995522
1015199,450099.7292995522
1003997,450099.7292995522
1001502,450099.7292995522
1012923,450099.7292995522
1004591,450099.7292995522
1010627,333273.1708436582
1017230,392696.5613218188
1002510,773124.6927131398
1012403,450099.7292995522
1007281,475101.8993243069
1011314,450099.7292995522
1009664,458526.20520891325
1005415,450099.7292995522
1014446,450099.7292995522
1013727,447812.7809358545
1006740,450099.7292995522
1005625,450099.7292995522
1017536,450099.7292995522
1006281,450099.7292995522
1009968,450099.7292995522
1013883,450099.7292995522
1015123,450099.7292995522
1005474,450099.7292995522
1009638,455879.73390700395
1014403,450099.7292995522
1002380,450099.7292995522
1005758,450099.7292995522
1007493,450099.7292995522
1013889,450099.7292995522
1009768,450099.7292995522
1017401,450099.7292995522
1000607,450099.7292995522
1000629,450099.7292995522
1002554,450099.7292995522
1012238,450099.7292995522
1006700,371304.88072566094
1005441,670156.1417754615
1012044,323391.296687661
1009687,450099.7292995522
1004224,450099.7292995522
1001489,484485.7414605182
1001821,686636.9029545321
1011981,450099.7292995522
1017261,475101.8993243069
1016754,450099.7292995522
1016931,450099.7292995522
1002049,475101.8993243069
1005016,450099.7292995522
1000896,450099.7292995522
1007749,450099.7292995522
1003169,441359.54937215924
1016591,450099.7292995522
1001262,450099.7292995522
1015725,450099.7292995522
1000753,450099.7292995522
1006986,450099.7292995522
1017337,791499.765070636
1014206,475101.8993243069
1013386,484001.15715420555
1015618,352257.5990632813
1015716,450099.7292995522
1005747,450099.7292995522
1001517,450099.7292995522
1005348,450099.7292995522
1009111,450099.7292995522
1011947,450099.7292995522
1009159,450099.7292995522
1012714,450099.7292995522
1014411,450099.7292995522
1006997,450099.7292995522
1016164,450099.7292995522
1014480,363618.22787469096
1004789,450099.7292995522
1015622,416831.4715515683
1006620,311682.6286134954
1013777,450099.7292995522
1010608,450099.7292995522
1004169,450099.7292995522
1015896,450099.7292995522
1004593,450099.7292995522
1006524,475101.8993243069
1014208,475101.8993243069
1003856,475101.8993243069
1005354,361943.9007774672
1003398,367032.7092303241
1008028,450099.7292995522
1002670,450099.7292995522
1014813,450099.7292995522
1012823,450099.7292995522
1007714,475101.8993243069
1002991,450099.7292995522
1013867,527271.9581165672
1015375,450099.7292995522
1007426,918582.5849792405
1016249,450099.7292995522
1004655,475101.8993243069
1014340,321340.9904200015
1009899,450099.7292995522
1011374,475101.8993243069
1005451,450099.7292995522
1017257,475101.8993243069
1017441,450099.7292995522
1013651,450099.7292995522
1015527,313317.71203203476
1007955,475101.8993243069
1001681,450099.7292995522
1007844,450099.7292995522
1009604,450099.7292995522
1008499,450099.7292995522
1012894,475101.8993243069
1008462,450099.7292995522
1001221,337597.544720238
1002675,475101.8993243069
1014346,450099.7292995522
1012691,553613.2651020942
1008759,450099.7292995522
1003234,351335.38889374904
1016691,489353.88750893273
1003408,450099.7292995522
1005306,445399.29187874
1012512,415484.0201798082
1005830,450099.7292995522
1001931,475101.8993243069
1005319,450099.7292995522
1016841,450099.7292995522
1000594,450099.7292995522
1014790,333626.4007784146
1005957,450099.7292995522
1001619,450099.7292995522
1006113,450099.7292995522
1015412,450099.7292995522
1000845,531430.3158432553
1010544,450099.7292995522
1005985,450099.7292995522
1004414,431369.24782163644
1014750,450099.7292995522
1010559,627567.2118563055
1011532,450099.7292995522
1003922,233376.3447644867
1010474,450099.7292995522
1013656,426509.4799122578
1015669,450099.7292995522
1003542,450099.7292995522
1011161,475101.8993243069
1002700,475101.8993243069
1002301,560841.4206966656
1017446,450099.7292995522
1003244,450099.7292995522
1001670,359974.97301236383
1001822,416921.1662560634
1008789,450099.7292995522
1002771,450099.7292995522
1002744,486593.13319892116
1011238,468665.6953313438
1007219,450099.7292995522
1000168,450099.7292995522
1014944,450099.7292995522
1011628,475101.8993243069
1009024,450099.7292995522
1013487,450099.7292995522
1004335,486370.93832907
1016114,458973.9951382449
1002207,450099.7292995522
1015090,450099.7292995522
1010460,475101.8993243069
1014307,450099.7292995522
1002377,404535.9610502514
1015425,504287.3303631272
1000613,450099.7292995522
1016550,450099.7292995522
1014145,450099.7292995522
1005342,450099.7292995522
1007328,450099.7292995522
1013835,450099.7292995522
1005088,450099.7292995522
1007590,450099.7292995522
1001603,353420.99107693863
1010831,450099.7292995522
1000554,450099.7292995522
1016352,450099.7292995522
1004695,450099.7292995522
1003564,450099.7292995522
1005019,475101.8993243069
1009464,450099.7292995522
1017332,450099.7292995522
1013347,432906.3617002935
1000107,450099.7292995522
1002280,450099.7292995522
1005297,450099.7292995522
1015709,304010.8710886778
1010359,691671.916100249
1015238,450099.7292995522
1006516,475101.8993243069
1001466,450099.7292995522
1010230,450099.7292995522
1005561,450099.7292995522
1004341,450099.7292995522
1006326,450099.7292995522
1011695,450099.7292995522
1011990,450099.7292995522
1005410,450099.7292995522
1007035,450099.7292995522
1014568,450099.7292995522
1013092,450099.7292995522
1011490,475101.8993243069
1007345,450099.7292995522
1007435,475101.8993243069
1013669,414053.182504251
1009178,450099.7292995522
1015927,561763.9739212377
1001898,450099.7292995522
1015741,450099.7292995522
1002330,450099.7292995522
1011896,450099.7292995522
1001508,475101.8993243069
1013664,450099.7292995522
1013445,450099.7292995522
1006820,450099.7292995522
1008735,450099.7292995522
1014981,450099.7292995522
1010257,450099.7292995522
1017600,475101.8993243069
1001096,676379.1181511942
1016479,315381.3631643623
1008970,450099.7292995522
1012733,450099.7292995522
1013484,291235.9840085933
1000916,450099.7292995522
1008771,450099.7292995522
1008226,450099.7292995522
1010555,556488.7320794098
1014117,450099.7292995522
1017284,450099.7292995522
1005176,450099.7292995522
1013523,450099.7292995522
1003648,475101.8993243069
1015846,450099.7292995522
1003047,450099.7292995522
1013254,450099.7292995522
1008847,450099.7292995522
1001914,450099.7292995522
1001856,450099.7292995522
1000736,450099.7292995522
1011502,450099.7292995522
1000443,450099.7292995522
1013623,643955.015169283
1003449,450099.7292995522
1010338,450099.7292995522
1010251,450099.7292995522
1003312,450099.7292995522
1000729,450099.7292995522
1010266,450099.7292995522
1011309,450099.7292995522
1010305,450099.7292995522
1017331,450099.7292995522
1017507,450099.7292995522
1017521,589970.101701975
1004542,363071.09468252974
1008406,475101.8993243069
1000355,450099.7292995522
1007175,450099.7292995522
1005712,475101.8993243069
1007842,450099.7292995522
1004649,340182.3632970209
1011499,450099.7292995522
1013205,714175.1928151011
1006825,450099.7292995522
1001915,475101.8993243069
1009753,450099.7292995522
1015173,450099.7292995522
1010402,450099.7292995522
1016728,450099.7292995522
1007703,450099.7292995522
1008857,475101.8993243069
1015913,450099.7292995522
1016166,450099.7292995522
1016834,450099.7292995522
1005388,475101.8993243069
1012209,450099.7292995522
1012685,450099.7292995522
1001416,450099.7292995522
1001276,450099.7292995522
1007382,450099.7292995522
1014732,450099.7292995522
1014164,450099.7292995522
1001658,450099.7292995522
1011670,475101.8993243069
1010092,450099.7292995522
1002893,450099.7292995522
1012298,450099.7292995522
1008139,450099.7292995522
1006306,492212.13670428045
1001225,450099.7292995522
1007211,450099.7292995522
1013332,450099.7292995522
1016187,450099.7292995522
1007873,450099.7292995522
1002607,450099.7292995522
1005543,450099.7292995522
1011125,450099.7292995522
1012019,450099.7292995522
1013265,450099.7292995522
1006594,468873.50146467716
1006398,450099.7292995522
1003744,450099.7292995522
1000441,450099.7292995522
1009788,450099.7292995522
1002574,450099.7292995522
1007056,450099.7292995522
1015162,450099.7292995522
1011209,450099.7292995522
1006446,450099.7292995522
1008784,450099.7292995522
1008884,475101.8993243069
1009182,450099.7292995522
1005644,475101.8993243069
1003738,450099.7292995522
1010668,450099.7292995522
1006054,450099.7292995522
1006032,450099.7292995522
1002663,420900.4322768562
1000440,450099.7292995522
1006432,450099.7292995522
1016321,450099.7292995522
1011064,450099.7292995522
1011024,450099.7292995522
1001083,527023.0374068645
1017199,450099.7292995522
1012418,450099.7292995522
1006624,548481.1529949453
1010336,450099.7292995522
1010657,450099.7292995522
1015626,450099.7292995522
1001012,475101.8993243069
1006219,450099.7292995522
1011977,450099.7292995522
1009022,255312.65930307744
1012004,475101.8993243069
1016501,450099.7292995522
1006085,450099.7292995522
1005111,450099.7292995522
1005419,450099.7292995522
1015888,475101.8993243069
1010705,701782.1043997024
1016119,622624.0296713134
1008733,450099.7292995522
1008094,450099.7292995522
1001481,450099.7292995522
1010795,450099.7292995522
1012911,450099.7292995522
1010344,450099.7292995522
1009393,427825.425705436
1002479,450099.7292995522
1009508,592942.6456504522
1010250,450099.7292995522
1000787,450099.7292995522
1002446,543811.3596186151
1003203,450099.7292995522
1017202,302109.4231712956
1012898,730233.2484005822
1012545,371532.83712687384
1007365,459682.7573792605
1008517,459682.7573792605
1004188,459682.7573792605
1011462,459682.7573792605
1014331,567305.406285314
1011657,459682.7573792605
1005377,459682.7573792605
