zpid,predicted_price
1009018,498820.4795469115
1001436,678691.922023543
1010988,490465.8128616305
1002184,271619.0245424883
1015717,334468.7966505395
1001346,617106.0139575558
1006728,118797.66789022756
1002644,280791.7438830647
1009198,757534.4898760804
1008339,525632.5654115569
1017567,550853.7749429218
1014281,640331.614893291
1016770,919464.3563968448
1007599,413299.98568445415
1015766,170866.74252363265
1011268,536346.4779142245
1015728,211973.2031252048
1005910,553464.1509638932
1012305,148703.12909516002
1000209,334831.55795374356
1011855,929896.9884569533
1012252,769969.9569134983
1010211,182377.66496790454
1006401,528467.4693516146
1009723,614826.2328185308
1013941,836265.1271499869
1016219,539088.2121523452
1009350,891274.0735449401
1005071,873958.0499069227
1010399,444553.67692831147
1013189,210684.6158086895
1003138,986366.4552967852
1015723,288844.9487940844
1006247,408884.0615490257
1007478,1026831.9417322325
1003685,1056171.6484338199
1004764,207044.76440159138
1009233,369786.50098843593
1010893,428654.2644107886
1012091,1398670.967563723
1017092,1234242.3170979666
1003069,157921.4434001938
1012178,147871.40595777606
1006136,207718.75814645187
1003701,254731.8063010532
1002491,133797.27468652645
1012167,185914.05317150432
1001683,1178647.9740789593
1006785,311959.8455536167
1014002,139131.20894796532
1004666,474363.9248877591
1016954,648970.1757282357
1012772,471622.7966335983
1010688,561215.39904743
1012968,416622.4830984397
1001415,938950.9026733136
1011748,585501.1037822267
1007073,445232.40730627417
1004221,108123.22745742195
1010651,1109651.614911572
1005362,318559.47419309465
1012256,335835.0199251281
1000135,947549.9886482148
1010219,436196.7055252979
1000261,844575.6972434871
1003779,525759.97917969
1007814,664115.6403099215
1017541,277068.248619999
1008693,218396.75924272466
1006051,504420.13354893273
1012475,347098.6353942159
1010967,673700.7331559879
1010153,303487.8136168941
1007854,1048798.0404452768
1001543,145115.09847537163
1012709,336199.1623882338
1011522,451152.2157310099
1010467,436516.57075108314
1016019,506995.9772414814
1011087,562773.5371470066
1011360,178486.28196517343
1011923,486102.7401890455
1013380,705065.7997885097
1010592,602730.7878641362
1011882,255488.65107035305
1012814,301612.7822852254
1017039,633056.1503734267
1014089,496699.4502457536
1004163,607815.0869065026
1008400,320353.7588243999
1015904,590636.1475864283
1006975,604110.5445182438
1001501,430764.0286151899
1010533,330935.7308184631
1007574,1333678.1118920126
1006887,364985.37165011856
1007117,836073.4466878391
1015872,1120122.4270063702
1000949,483385.62986193446
1016984,206725.831321503
1008493,1040437.1783052464
1001066,819857.0449702812
1014890,434933.8266761285
1009150,347413.528193667
1015445,514855.05917773437
1003773,479564.40441744495
1000521,733467.8824476621
1009827,340902.179698806
1007448,584250.6345478044
1004064,803092.2707502249
1013351,271709.8408738302
1007934,967219.2584558442
1005772,810443.3982570973
1012467,713116.2154784488
1009678,724548.9516309687
1003903,540055.6982948584
1007368,666961.3513645707
1001019,484883.78530691506
1015956,1141710.1444892425
1007676,631983.4067369888
1003862,395450.198895974
1009421,484303.30725736823
1008790,242344.19724705926
1016222,165813.44463418788
1011510,500742.5896358385
1003760,157183.38913008547
1010095,706392.2247015709
1016848,553268.5998163702
1007981,723284.3872078393
1001863,493211.85510031006
1017279,721439.6326496077
1000210,704992.9588461368
1009220,380924.13420325634
1000670,1042874.9779085552
1011975,455340.43102187396
1009650,253151.74843277392
1012244,497477.4563922515
1004490,867665.0467140786
1008783,569127.9510117489
1013050,205771.46623755922
1014078,593435.8825531071
1014560,461334.6327612206
1011972,874016.0811826166
1013813,107344.84271447155
1016790,454670.38756151387
1005284,193006.61178529463
1013954,272006.9530349032
1008243,550076.1465280155
1005551,547907.9205589562
1013022,253801.33784882634
1009326,374859.61763048655
1012559,316834.21393147996
1016326,622331.5089067294
1001392,373463.3348967452
1008539,140376.33900423307
1007707,446981.85012741375
1011195,196323.36826370485
1006858,114080.6380404443
1012325,703427.2466259948
1014033,534870.1827208851
1002285,698150.3305355398
1008722,811697.3419158297
1005675,277770.1486979584
1000444,292256.60297434684
1007793,380981.65048214374
1013869,340100.2384555474
1002067,763986.1060397568
1000680,434241.43633769784
1014261,144630.11618748392
1002004,199551.96473784625
1014357,321226.2559162914
1006564,323871.76618268155
1012486,474122.4522252253
1008327,288929.9503063528
1014927,500201.50921627326
1016358,496057.11746069987
1004321,658071.9501975422
1009489,567382.1229808988
1012778,513738.5010498743
1007474,1233582.190968178
1013121,396087.0948184593
1016128,206022.00320930948
1009970,428349.3778050797
1012507,390048.9422148912
1003514,561304.4767320353
1008680,403477.2364774572
1001048,721111.2559255338
1009306,1006101.2920359189
1002808,282915.75771850813
1013767,665886.986532634
1003098,729626.1027874688
1015467,1027020.6595427205
1000732,567386.8045209998
1012332,502653.6495896434
1016463,195692.72667271318
1008306,501344.4840608051
1000082,221012.2973549856
1016942,332093.6238567743
1005131,239459.48195579043
1012116,339788.14555242134
1001352,362677.92439407494
1010888,922184.6110869742
1016602,453632.4217207435
1004492,256364.65834710168
1005418,689766.1296129926
1013371,174648.54453891006
1015183,429417.3520641929
1005090,292558.5782062453
1016445,565028.9899490912
1011665,1153639.1584276934
1008838,491667.5105259935
1008874,862475.5366924147
1012856,530065.6374721301
1001188,533369.1840219432
1001187,459004.6183853935
1008604,195934.61020432776
1014429,452782.0820428489
1002847,469741.0373090596
1001025,518676.32917806593
1015817,1011836.1594422681
1005642,483906.4075610328
1006378,1267027.8859397438
1001069,789906.4752698647
1014222,407982.2811129092
1016125,695119.6881666257
1002759,244710.8462814028
1011156,614861.0079537184
1011969,368830.0816475125
1001545,446907.2460920124
1017127,363061.78550339764
1002355,231542.75040055707
1014169,479098.23521208524
1008570,570007.3826430065
1004005,1088288.7835723239
1004894,549931.9053967446
1012897,536750.2074080113
1003477,365693.60639755527
1016230,718421.4276285503
1002997,241167.1198236171
1009934,307709.6628877469
1009074,679053.0557057109
1017484,954400.2809516657
1008101,588101.5642234059
1002220,677842.461059734
1015864,639484.0022432689
1014237,960523.8881795526
1002982,646700.7162587827
1009718,1242414.277732995
1009757,473615.2711676098
1006687,1013800.4947095808
1014726,204069.59603338773
1002009,211615.04229966103
1013798,378746.4952074224
1017131,568539.4120545754
1007602,392978.3815164795
1016980,1055225.6518877696
1005173,116159.61160259032
1016941,336785.41886032687
1002924,634437.1973703763
1009576,186989.39831541796
1002851,469050.0529067616
1008706,443031.1889773987
1017475,1136054.1512925385
1004393,115864.41430702986
1009382,998735.8807787197
1003761,351548.68162581767
1010699,467460.10406167805
1013530,457369.7953049762
1002399,464577.187506596
1015545,410238.62826802477
1008940,664447.6953790024
1002871,166161.28877921938
1006334,112754.56013667281
1010723,415822.38673180057
1014722,235997.871176608
1004260,908094.7916682466
1009453,660409.1056769168
1002785,364577.758194772
1010931,420313.4630671232
1002958,524344.4825541708
1017144,491123.0928584701
1006265,389862.94228194625
1008271,762914.1587202512
1006945,472670.6119503705
1008172,434422.0554477922
1008449,691197.318087416
1014495,474904.1520756233
1011614,931916.7187555897
1009895,489161.4230314656
1010979,677607.7499741692
1008507,413999.2024204815
1015957,446395.254100169
1001535,296143.04016434704
1003583,658158.5394821531
1002687,788870.11725126
1010112,428262.8394907932
1015560,563939.6873453143
1014494,430711.83614013257
1011340,691394.1706546261
1000258,193787.7773252862
1003971,768885.8612959078
1001035,1241064.9694028432
1010408,415768.1078777235
1010056,679538.2891870461
1009680,276917.099826062
1014770,640325.6064670619
1015729,152756.1962005226
1016113,395653.3980327266
1006018,154905.5266835774
1000288,1034745.262529927
1005715,192825.33712439792
1001051,708622.2683488294
1005120,980184.7822945984
1016506,412804.3883218785
1015788,500059.74264959624
1012567,664557.659322117
1005501,467940.55174429645
1015647,353138.44088038226
1006683,496440.8999987187
1010920,722254.2532176655
1008340,482550.80730583123
1006967,562600.7448401981
1014171,449039.9970316001
1012701,602533.4428904011
1000794,145965.66178670584
1011295,493679.117086728
1006299,222994.58046064177
1008185,1000865.4411072858
1014147,706162.0467886202
1005204,249494.15945720059
1016261,365790.48588820396
1006263,521105.3126168778
1015917,156496.1800147579
1004785,997969.3271420562
1006505,99078.97833100859
1011258,295410.50908375456
1000552,371604.4148520892
1014923,112325.04558252452
1007880,840431.1826565224
1015400,318905.963015704
1009180,453760.7527258803
1013396,530123.1884533013
1001661,391313.5314956787
1016813,468490.7923421625
1012556,175619.25187718714
1015223,274947.23649648036
1005332,514406.8296945005
1004594,875247.6611322529
1007812,467768.48122948693
1011192,1366915.6589088207
1001841,402065.27657395357
1008180,555737.9899743246
1013870,491007.1460278366
1013079,555743.5084664627
1014975,489258.7352548566
1004098,275488.2743168643
1008774,1300171.3122079335
1003191,520032.6877262409
1009068,1078443.4799483833
1005009,773751.5367593927
1014303,792193.5717891989
1012081,954437.8063338468
1012925,209998.95754208375
1013875,540912.6962202893
1014159,202095.2821336042
1008231,436703.1315427036
1000863,171404.8413489712
1004737,761211.2247559088
1000902,720605.2121736377
1013830,286248.8244734817
1004371,546459.3425994265
1017294,747280.432425942
1006380,497131.1802635135
1008036,506761.38882854703
1004739,379615.03562519467
1000942,316419.27358701115
1002715,388867.18837435654
1011741,506049.8042615735
1011496,892628.0915632182
1004442,329291.46437861887
1007132,524152.96949205076
1004358,414019.4001499006
1002891,528654.9239493962
1013353,578344.311895356
1016443,508850.7457947193
1003231,568577.3197265344
1004702,470551.84543050634
1004229,158909.5848272217
1004015,308611.73072193266
1010572,309153.0194311519
1001996,659327.7439750844
1009722,328616.05828753154
1006989,874128.0870774501
1005792,311670.2730306749
1002780,487430.4091833694
1005719,285419.3437827894
1004866,511305.76302885555
1002711,373743.2914020236
1016401,974605.1426895638
1006179,756791.6807263533
1008557,247735.12849531183
1008723,483336.052439463
1006642,563350.7313089193
1014450,1033936.858981819
1008241,1145790.5274671826
1006578,734151.6163314559
1007052,910326.3940362255
1010958,344763.1929040196
1017573,237208.20982092852
1009439,582478.1114808214
1016274,469826.57336866896
1001137,395874.9186024699
1000215,439679.0149485172
1012285,705615.4085392891
1014276,774191.0680694706
1013694,883716.6964085537
1009251,893720.8998652863
1009481,429404.3507927088
1007043,475455.1936803486
1012141,378380.8053305903
1009059,350124.2816582799
1010871,277022.0312197572
1010325,193192.4421581107
1001892,343744.1470343901
1008412,1321522.6394349383
1008786,294271.415627366
1008526,965341.1570827459
1016026,262549.2940571459
1002297,223960.6569780773
1004564,210397.7887021255
1014921,129516.31283478341
1009380,529195.6208882204
1004882,227999.44708729803
1012888,378361.0539928281
1000091,577717.5012313421
1001235,1036411.0301104828
1010006,116271.26867017779
1015990,349652.7822829356
1006666,666034.7707258328
1008012,773822.8443671023
1008022,357638.9664601384
1004670,591610.6592990663
1015794,1227566.3384850498
1007937,481157.73687258776
1010420,325685.72315725917
1003255,632572.6322117678
1005572,257292.2508257272
1006587,229635.3240182225
1004933,746172.915977613
1015849,430260.3878636283
1004704,112530.70463280944
1001633,480135.80574497336
1005861,690638.9668912534
1013674,171914.94836756957
1005528,680424.9373663686
1004555,935707.1716547934
1004559,561917.3964811631
1001159,236906.68534586034
1000193,385545.1731920326
1009611,458254.28613438626
1016068,782567.2649366217
1014111,640698.0412961832
1014140,995197.8522369282
1003803,574560.640728127
1000474,524698.0728187476
1007635,456305.62102162186
1000666,723957.601719786
1016664,505335.33291686454
1008787,327089.6118196146
1017418,288628.8094855094
1007575,309208.6500347687
1004543,568547.0072538594
1014053,1043256.6855897963
1007087,868350.3560482461
1014764,409416.2902616474
1009695,453104.6451934615
1011012,162872.65229223808
1003139,724555.9784938232
1013646,333640.86284551467
1002770,308624.5197288053
1009494,350626.71521298005
1005359,181164.40253271497
1006824,482363.5188134403
1002202,472089.206731139
1001433,436087.9821371141
1005438,1170917.9841872351
1016060,247889.5226574479
1014376,990925.6591934205
1016690,571810.422887929
1002392,859589.0564435823
1010672,258950.9578821395
1015019,452695.9034818214
1000460,584593.8871902677
1000792,305110.23078212474
1000266,208234.83078607844
1006859,517819.11688405025
1000477,344213.1266036479
1005860,389790.52924452577
1012946,550305.5531436913
1011005,113884.40008517608
1002483,509063.57803063415
1005505,1176135.2911581004
1012215,704095.9246729731
1008248,291203.04638956586
1011694,1136938.5969552873
1001453,292416.20577320165
1015557,468061.0843469512
1009299,468932.7927617342
1007012,763699.7592084546
1016587,905237.7473458466
1011931,911428.8809906708
1013903,289689.0425698025
1009087,177512.41464532513
1002034,517499.1467426618
1007116,549295.9724611933
1016130,1397904.1254149277
1009212,428148.7994582116
1006644,1162746.4212078247
1011738,856296.6900377705
1004363,382280.42174948985
1002428,466432.5667228817
1001088,794861.3991466772
1003238,330953.8146608775
1006042,363933.951706717
1003625,1445435.8625042771
1013363,563952.2595723614
1002015,1175005.613821932
1006408,287228.2197538
1001411,446670.95322438085
1002762,155604.25665293136
1003285,593919.3443073109
1016938,595467.6143121326
1006078,404226.0236247284
1016115,302480.575456423
1000882,400332.6795891255
1000929,776924.3225999624
1002799,548357.9625692383
1002815,395870.20985826117
1011371,1054140.5029490837
1016625,843490.5606864961
1011574,164639.55898287843
1011936,323383.4188112719
1013730,303468.88224685704
1002143,768761.0082308039
1011452,764666.7259674252
1009384,679591.6360665128
1011071,357510.41202935664
1013508,803896.1706341107
1003833,463392.00978293084
1014611,504815.9282307771
1002336,1061822.4362903459
1000631,758199.9948337346
1001374,947213.220961449
1012570,451703.52671930124
1003032,384465.4394801132
1014027,113907.67930337021
1015121,397852.26054590056
1010746,308627.34628978255
1004907,518397.7437254505
1012477,800976.5383962995
1009751,167192.42845968076
1005212,1285339.1563354686
1004911,680722.4083006858
1001059,280266.8061129566
1004650,679444.9655714757
1012287,623919.9913766216
1003965,305811.22039112373
1009684,493248.29701397073
1006603,496758.3452200755
1003574,659472.0157566646
1012086,975452.9979266466
1009892,379248.9980148796
1001697,1102376.2704021644
1012929,587548.7538938404
1006823,249729.59185356626
1002419,332038.5152175693
1009266,503348.33573649783
1003575,710069.1172135476
1013746,349977.62212717
1015919,759393.9095164712
1011481,507134.39809537877
1006726,285948.2432171225
1010531,618087.9542700561
1000604,1010662.6741889964
1000601,654984.2649702994
1017020,187160.98714281557
1003117,463216.9035370714
1010985,833541.507684004
1013934,441254.5266032145
1000140,314837.5771678454
1010207,296360.5260606697
1013666,471054.69806650997
1013972,810594.7767735822
1004121,151457.32627280967
1002456,346496.58961007214
1003292,213343.41134673794
1004387,1046095.1828706481
1008853,489280.8787750279
1004437,288168.33551947953
1002272,837092.963188714
1016387,664568.5078181764
1000596,229793.0967759419
1010329,168439.06094901773
1010762,659391.7547169119
1003762,376453.5676703641
1011825,599733.8597117508
1015429,479247.3827307766
1005408,453512.8326949736
1014570,685565.9057370846
1005024,111350.24848581463
1006597,324950.2305789776
1017510,463799.85987837054
1015370,1055836.653675639
1014556,602621.1278357767
1010108,450825.2574076094
1006184,395955.0052129943
1002171,157042.59311477517
1005064,270974.74513160466
1017434,1238856.1652747004
1004351,436207.773117798
1000510,990200.0982069067
1003834,331835.0807761708
1016859,1005306.9118564592
1012323,695590.3179093789
1003383,374356.6147763135
1012009,170996.12156081357
1000039,688317.802557399
1009764,405704.5529272466
1006987,446616.94900515047
1009598,150256.60179141595
1017394,507541.1613732357
1009333,1197599.853616497
1009865,557508.8711257185
1014258,788151.8693261589
1017356,416684.4799668082
1012182,532662.3670294216
1005691,184321.6573265285
1003976,1135923.0982132629
1006971,205151.97043565183
1001128,631730.6900522311
1012895,613521.2181876943
1007070,299902.6799774639
1016837,706886.4421825275
1010190,326047.1756842067
1004815,1282705.4758376302
1010916,1077167.364716017
1011136,1103227.3811160545
1007306,978375.7260324894
1009341,272722.6787455458
1004204,641661.5758348266
1006894,755647.8414086814
1008985,1185407.2769915487
1013456,964030.150117342
1002179,458282.74286271934
1012926,673468.6147255024
1001245,253925.2073111082
1012842,918715.4090606219
1006940,1252714.7381812446
1005827,174958.63360678777
1016849,1017838.4188790802
1003931,428800.47755389044
1002543,836752.7762573938
1016933,183809.83242563333
1012346,592666.5263628538
1001439,199823.67861456855
1008593,1090672.7481157621
1010352,601537.5371076635
1009007,358769.49005830724
1010663,335057.7136168644
1014236,425795.66940018383
1012447,358894.08488560974
1002393,318583.89227696846
1013817,687381.5614712675
1012169,422034.1456797962
1013462,242321.92641508894
1000318,129329.59571317009
1008603,190953.63167353033
1016279,343306.89978621167
1000496,894486.4553226265
1001421,120405.43109187552
1008833,570122.1229985094
1013397,512748.4161736483
1008069,516994.5102564449
1013274,423184.168576994
1012371,514100.79932118277
1014573,584884.9404366764
1006458,645340.1206448182
1004065,566653.0414773598
1000392,461964.75510289596
1007965,349817.9011104561
1003649,779768.9409781803
1001330,784219.024455234
1013356,465768.71254647535
1017140,754245.0739690573
1008806,434214.64064282784
1009965,422193.6943024127
1012111,561898.9961039006
1000191,275632.00709843653
1017110,785958.2376303317
1002113,651892.861963828
1000663,591220.9674393799
1006094,454717.2844883477
1013277,348000.11384426925
1012935,439143.00709639635
1006120,602330.1935759963
1016601,726305.4184359423
1008890,569477.145574518
1005972,578251.2513630951
1008897,975061.5889544429
1015337,492250.34246978344
1002408,476067.39325675834
1010815,178180.60843018885
1006969,322823.5590651802
1015480,405113.9655521999
1002966,228257.76380933204
1000451,436164.3442603173
1013268,285134.7592496585
1001214,330487.986418055
1004267,472595.8578741949
1006851,437087.25650287286
1014190,576579.324843993
1001390,949537.1257652201
1008384,219284.97623448135
1000633,637911.6629034643
1000058,1278665.8788356471
1015540,463141.57465608674
1001328,555237.3402090201
1010098,863263.228670047
1013453,470242.64877709706
1014050,520278.1459997193
1004898,703894.8873831094
1009643,1024140.3651930296
1000408,308134.9378625516
1012606,273428.24378931656
1001322,1054271.4659675234
1011370,1112742.8139102506
1014252,274548.7178069999
1003688,495460.62851769576
1002676,458396.00980653625
1010786,1455309.7069197015
1003204,1082879.4160824358
1012586,358445.07176460477
1016307,447364.5970241486
1001013,675256.4821986022
1007174,451945.42284312105
1013661,364811.84541376884
1009878,288863.51785879955
1001273,656238.5432655918
1000141,687194.8171312849
1002717,1026177.4750916004
1013588,426962.60011185944
1016843,449951.4270078307
1007911,269687.1357047837
1003453,141209.71098980462
1004400,455149.63788911497
1015056,481574.1242111483
1003245,985054.5257795466
1012157,320477.58224492223
1015068,893662.3358620234
1000202,491692.662335876
1013828,421686.11141520686
1005079,130026.1084748909
1005602,1004121.6924612981
1011057,336695.74623613287
1016785,344387.9009864051
1014405,912266.1512023808
1003610,676560.4495612866
1001744,1080190.1762112237
1015441,245172.81717283593
1005750,360936.58077088173
1005579,318483.35283013445
1004075,413468.6508263998
1012705,645223.4541006611
1008980,175637.72473776113
1008628,313394.4011722412
1010183,655814.0421603998
1006947,253233.53420759173
1000475,369026.132435573
1006019,368373.694744237
1004355,210427.3331588919
1011207,1017640.0221506464
1006293,286256.48340846517
1000964,315356.209243869
1009648,496739.77236759145
1005363,420548.762177585
1010842,971652.0725205735
1016658,665465.5449899718
1008418,162013.99269461233
1003880,88454.5558423213
1016024,298458.6302267659
1011525,804144.7035284233
1005833,716981.0982880641
1003391,193308.26900950537
1000815,447899.89657933125
1007898,260215.64582820854
1015070,347374.44882889086
1002654,880169.7970579288
1015925,724762.7942975854
1006609,479212.29093979124
1011752,344648.14016359276
1015883,762986.5365726962
1013113,698929.0826730931
1006382,455293.072793075
1012811,1056127.8880147724
1006360,565648.9099887322
1005440,766112.7893790319
1005112,641700.2842026597
1008627,223627.61773228121
1009955,153244.23021487473
1000682,367778.3994201608
1008504,1092411.9994903717
1005890,1052586.8331832436
1009781,835957.1243785812
1007261,317583.545755829
1014321,1171164.4524708258
1017245,348622.08848936646
1005357,283313.1921628042
1016373,315413.16076408245
1008525,941275.9030588621
1016979,1179008.941992221
1017102,896151.7356014033
1010922,383777.20952428126
1014904,228700.45866136174
1001274,533392.2505830002
1013738,215745.69819967987
1000038,598276.2209024738
1008641,331276.5586353163
1001133,276633.6403413921
1011205,1245168.8280059863
1013969,391628.44023301336
1008818,371016.659275071
1014654,235779.18220864105
1015153,950537.4657420419
1008417,434788.7065758082
1006362,309230.26176042494
1014549,439624.02619375876
1017366,620708.6426124282
1000132,521024.7910217891
1006675,1338273.508363609
1009656,182622.3310392842
1002733,421325.46085000015
1003695,702158.3905512213
1002791,1146534.0604283833
1008900,487966.4732400158
1004201,203633.270016402
1003050,1184980.6368505126
1007896,332525.8064602246
1013900,433082.13815329573
1006447,463694.8450965439
1017063,319652.4152346268
1001222,385734.0476735413
1014305,295783.68046954053
1009329,515760.1889730347
1008278,336786.73190370534
1011775,695039.8135673762
1003589,1233957.9196567321
1003818,515743.1514910287
1007458,826812.1624844639
1006670,1293478.3168036577
1007257,216276.29629329967
1007765,804396.6324663004
1006289,329083.9398958018
1011895,681035.0233517996
1012145,330039.1917594454
1012364,887249.5195212788
1010114,425564.85361471906
1015374,267400.37531349517
1001102,403725.9880871998
1012481,483664.7495619868
1016017,1410462.8149357517
1008656,539199.3233923807
1002594,159242.02394016972
1007395,369525.3888103572
1008116,831136.3176028095
1013316,666692.5455736982
1005157,391416.18850831664
1005276,229932.5575137681
1017602,821604.4615930425
1013927,351617.9126595505
1002391,871159.2240965081
1016586,595022.3686363228
1014627,158704.31134657192
1013475,603939.3899034034
1008908,772427.7779682863
1013153,449748.85762551177
1012485,259302.28497188364
1011808,344364.53075913904
1006617,462787.8485519852
1001742,546720.6311685609
1004209,540024.9361439658
1002453,1152288.0184486627
1014157,779054.1106691333
1001793,374213.83450632164
1013238,185365.1356113872
1010326,786854.1688460646
1016597,513757.71737665526
1009287,359037.39994346333
1006390,1014387.7330270691
1002072,819502.787813748
1001524,396082.3021686125
1000233,365514.3760519981
1010899,538529.4149454362
1013066,223434.40086318908
1013684,214174.33912542902
1017103,499782.10123225354
1013993,913773.753256449
1017192,356936.04830600915
1002813,133303.2012684735
1000445,738754.7829466691
1015764,538655.3098782285
1007031,302874.26851772243
1004101,466718.47616826143
1015724,609191.6819371808
1014745,684313.3082072799
1012666,415444.32557368977
1011529,614849.5690998762
1015943,182353.43191926455
1006729,306118.0051780827
1007472,503229.06650263525
1005062,193318.93336241643
1005683,606574.2411165036
1005013,1364110.2024797995
1001138,518372.1828767586
1014851,459180.36692473665
1014629,370333.4388864667
1017221,640358.9273280317
1006855,585000.6054810085
1003676,921658.9447106742
1006141,513095.17804647447
1015954,512979.75633054465
1012502,335904.15262730705
1000249,230475.87502656854
1011524,345155.7964495511
1012574,437733.74859401584
1014057,668713.9461271685
1008023,448356.64997783076
1002096,368714.18720569223
1005002,387904.2719944021
1014938,587634.685108727
1012130,398987.23244096333
1010665,428082.6020912729
1007405,149904.00444499543
1000561,518379.5074979618
1013783,144926.71256734311
1009383,278015.32881922333
1010164,454360.5457717843
1014893,204212.7716470947
1016133,464489.1166729426
1007166,1011594.9709741325
1001884,196708.68840543597
1015959,1270649.733400443
1009375,312841.82100779464
1002832,510126.4657589057
1014833,295726.48166174605
1008111,629444.4432319696
1009888,185540.49751689218
1002534,119956.12617544562
1014799,574756.9732250499
1006333,610041.5826255111
1005392,384617.51538494404
1009293,969735.9385759244
1011335,477220.92165326874
1009448,442496.13859199354
1013329,484812.4232496405
1014242,512552.74285035353
1015288,363600.8697455452
1016688,310583.210553569
1015159,274663.17912677984
1002063,1091504.4648052577
1005978,370175.17031386454
1002578,225538.19173607885
1013144,381308.0191612632
1006632,539139.5501713663
1015589,980512.6767856912
1003547,850147.7806499088
1008052,552437.8726091769
1007858,747714.2222774413
1001972,269786.356944433
1005317,524520.8469921132
1008346,360111.66535354074
1005732,239545.40495107198
1003302,987040.9350172215
1015436,1000962.9141711029
1008986,348067.980894803
1009941,1018042.7178009388
1006798,719858.0184667279
1011257,162551.7802127685
1006160,178879.6035876289
1013514,778716.414512535
1015096,318368.639316565
1003344,388608.3898871729
1016309,229683.53628640555
1014439,470416.3785750914
1003968,102307.5846390349
1016392,692260.2590043547
1010554,893298.0801123958
1000985,389448.10276296205
1016657,705876.0957700248
1008075,452206.74140214367
1007342,984519.418683751
1012919,1003517.4611956541
1002311,474401.73758427985
1007839,1352895.6080285897
1004339,523750.29574086843
1008712,1044785.3593336783
1016881,666632.0494507846
1010848,788871.7144271324
1012731,367647.38584892056
1006191,331474.6818104925
1001565,502266.08312073885
1005800,266127.367085557
1010969,370075.2592041448
1002471,753586.0636556452
1005087,709052.0339736553
1001611,399553.5417080708
1010585,331442.8862499205
1000903,303113.49323728733
1016871,386828.0285015469
1009103,694386.2709000759
1001014,537053.0787469111
1009599,489584.0884990687
1001327,1073891.6973585093
1013470,373190.7460020301
1007518,892912.3947587819
1000625,437045.8931456134
1011169,736640.8637063525
1006831,268030.14301575796
1004131,302594.42398208875
1005544,218811.55417014606
1011843,267412.56566379726
1010897,935237.8861152534
1005329,727867.6401173149
1012273,858294.2742360261
1006251,260340.34470727615
1015575,87208.72634536846
1006640,424613.37607863947
1011988,721632.8218199941
1000506,377489.4491388469
1004462,325282.3495452902
1001109,300147.3211685728
1012843,373333.44421539793
1007894,241391.11901301812
1012017,231872.50031529897
1008347,436777.5691347333
1016606,402072.4615445754
1009071,856505.5380200519
1004835,1385002.5128814825
1012757,947432.9152232128
1007319,559306.1479823957
1012101,905043.7570061439
1001488,1167774.2537884738
1008626,898717.2199421148
1000165,501874.059560321
1009966,482907.59813813155
1003524,441329.85769550723
1001693,172086.8278331298
1016457,1128891.7352920827
1010347,138910.87063102273
1006260,295433.9601221507
1014907,212355.88370380455
1009392,1062024.4808758069
1006993,597508.5934151622
1010734,224647.84258528735
1008285,251939.3606443287
1005458,320358.52046350215
1001483,248213.1310275917
1011531,452519.9762590547
1016384,181413.60660233095
1004937,915749.5928903789
1005221,344075.515478888
1006604,302267.91694848
1000969,594135.7303926579
1012755,466865.2697275078
1013175,184250.54363038336
1003462,367180.79284877644
1003599,700047.1140927514
1015821,690582.2067326563
1016158,521411.6047525985
1002742,307094.0756657374
1016123,614457.1492519351
1004724,1195245.4813779972
1009519,766588.7860603827
1016499,617830.4118417598
1012231,363095.73120193573
1005785,273000.022615469
1014845,176409.05507895802
1000077,370766.31846396124
1013341,1036204.389670792
1001003,483323.1250805004
1000810,484391.5347189185
1016566,161604.03677898506
1001695,714124.4428580593
1007508,440522.43579152814
1005037,218895.70761265786
1006255,377142.27312257205
1003452,878935.4964484216
1012529,241738.6606438981
1015646,434532.20314350864
1011457,584665.7227534505
1008832,546713.746867471
1003819,238914.27727418861
1001454,435817.5475843719
1009805,602498.0783339946
1010283,802340.4777864678
1007284,1114752.1153396238
1005725,284538.5879626196
1002318,1004528.5899381943
1010991,895856.6035075394
1008356,229400.40337075604
1002314,689823.7602778563
1002413,563754.791944059
1017537,235468.15456577716
1015694,476731.53605751187
1013850,208978.1176148312
1003059,371993.59671293676
1010999,367189.34455656074
1004438,168747.94965499156
1009675,457920.73012837314
1012583,519422.1624793704
1010319,499627.77064754674
1017273,549270.0101468717
1008296,526820.6741246674
1008372,1200757.2157016478
1004830,1038812.6922141339
1012523,612003.9885027156
1005048,560609.8342804833
1007722,401343.8434699958
1016906,541546.7415106437
1013101,316222.59009637946
1008729,277530.67732492427
1013193,527733.7352418214
1013809,231266.4692822091
1001373,145101.5544938025
1006693,958369.9413202592
1012565,899997.7838291215
1016145,714505.4457367497
1000146,682745.7677608242
1007982,304915.11022544565
1008738,442416.7954895254
1010574,516997.03876070963
1014143,1280808.3057630542
1006555,493583.95985122625
1011725,657299.511672624
1009406,314745.23072301206
1009367,403361.05207735
1005459,900966.0629429767
1017288,410152.9947004112
1002873,1036754.448955814
1005466,590823.1574819862
1006496,103111.93121211286
1015144,226870.230153765
1008614,422058.24382202886
1010816,911857.6004735911
1003750,502089.82030294783
1006347,474444.18800709554
1004507,440934.33940653433
1011000,665754.0825884051
1009709,243236.65573657613
1014320,414750.8422752081
1005364,646416.788115939
1012657,141409.7274271408
1011355,362552.5596630782
1004961,351705.08579536556
1010771,211154.398810112
1001778,271348.81925876305
1015295,835897.674922937
1013304,309361.23350171564
1005413,235713.57830656308
1016679,115596.5944919447
1003551,562388.5587412091
1009482,802788.9792242364
1000270,585585.9633443512
1008055,533951.8562135651
1009999,649836.8769775889
1010310,347753.7304925086
1014712,932684.3534124854
1012782,357771.54397958826
1010054,366180.2832834381
1004089,214866.5685323556
1015940,382752.6094812777
1000021,149017.1129684563
1007978,1017317.2864786864
1005961,166177.95406762647
1008804,727623.3366933643
1014909,528551.1096732502
1008195,572062.8411578817
1013614,427182.46838254697
1007917,397956.0894472014
1012881,586334.6373049279
1010269,644994.3529712532
1016241,170319.88125950957
1011400,255662.54701092013
1014322,359562.84673051856
1001178,559815.9471067503
1010775,167414.0663279166
1006475,250380.12866357228
1006314,718602.3250233448
1012904,337509.74700877577
1017252,170132.2013932661
1012603,515560.2491011546
1005944,834189.2038542095
1013073,547368.3194609619
1015898,388609.8048501021
1012250,330831.9481119857
1015338,384551.25684189086
1003510,222382.80543708784
1008355,595712.4720356576
1012032,359314.7449866935
1014456,419243.5575871221
1003572,247007.66631108787
1008202,237799.5155393441
1000373,412466.9427520581
1016408,275613.49519757705
1011267,1418425.2239904224
1014225,765944.7154878752
1007155,532609.3495501422
1001556,493670.05993596493
1005036,256935.2270633319
1008038,242533.07194643398
1010346,795513.3040035901
1004722,241435.7131049812
1006386,1119837.5089871183
1008010,347859.55849173584
1015844,274250.3385878766
1007702,723536.2568566948
1017396,274596.3193156295
1016910,777097.1399611172
1013885,471104.369872289
1016266,533547.4234821568
1004518,250599.93722597547
1011491,535993.1583161651
1003944,627431.2463570045
1013017,392171.9919897116
1001857,965844.2361568073
1016892,129679.04502821993
1003070,365077.80973647855
1001520,463820.47960744967
1001321,1351691.9627308107
1007072,386798.82416785706
1000264,357618.88379255065
1015671,581780.8999801007
1015770,386251.7932642979
1014139,584941.2326109859
1001306,170649.12445906896
1010685,541250.7140003416
1008861,1201176.634541627
1003850,630268.4112838663
1009824,1224151.936187005
1007688,946865.8107830721
1015863,877747.953813759
1006770,898365.9603218221
1013352,543982.5589792675
1000618,456997.5427002741
1014959,895931.8138865042
1002535,733620.593841865
1012948,108519.81542012069
1000124,678676.6142897385
1005693,597848.946715866
1008966,284195.0230779244
1008037,342789.68360427395
1001732,947268.8757466185
1011459,460904.49676482286
1015624,186108.99145832504
1013219,239856.91599934935
1008408,440849.5942599699
1015114,377785.6759469649
1004211,232415.24249302302
1006441,272074.8525018884
1004700,418353.9828817323
1016526,272135.8937641688
1010935,235071.127410047
1006523,96255.63081369242
1008822,343311.70162323164
1003349,389252.7377467925
1012952,446991.7663992701
1016237,1130088.9298646098
1013447,565290.0224379813
1013289,431723.9485101004
1013496,242092.5816168013
1011985,157550.45996461733
1008805,318103.94284195354
1014673,512046.1929864693
1010563,515758.6869218951
1013282,630955.1491138961
1004928,672774.0766247615
1015524,699925.7990810485
1012569,244791.1723426992
1017454,464354.39693432755
1007017,426267.2150424215
1010028,378176.27160183253
1000690,520755.89372902893
1015489,1017115.5245596835
1006409,517030.18790481874
1001360,644300.5037361983
1013874,237146.00655071688
1008106,448297.2555002502
1016867,397629.4575891141
1016461,221887.9829059108
1011605,557125.3446369946
1009226,314793.44679663243
1005815,261068.30112750185
1013119,757909.004728658
1011492,594147.7136921022
1010252,897003.9809632491
1000400,787993.6057509185
1012451,520519.5999211924
1014324,720235.4640791296
1007369,413986.55294577644
1001848,383165.07565191516
1003587,935034.2712551681
1016876,262766.2031779463
1010353,242701.3328464055
1012097,507231.55233449966
1012208,322384.73376057576
1011135,250168.00103918737
1002327,904067.5403624453
1016280,304629.43214450637
1007298,406910.9704560316
1015546,923020.9017112147
1009219,528155.9579765754
1005954,841712.7047109664
1000419,567700.0918308742
1010432,743621.6799463104
1017133,428551.9460922562
1012299,435501.8633400666
1000567,306625.57052706345
1003955,356571.4152974997
1004426,1143676.4457838018
1015612,763423.2321573951
1017114,216353.6059613398
1005761,278350.40273243404
1013760,910112.840836681
1010720,802400.9629146449
1016208,915048.1799285255
1001710,1128226.018591904
1005126,336483.95908718964
1002619,462437.82258943364
1000779,247200.55783622642
1015564,260188.51511185282
1002613,109371.98110692401
1013563,555150.5452814748
1010286,450108.7898565212
1010180,933908.3450192127
1006992,555342.0799976164
1013564,813051.0416277399
1014228,315446.10119663336
1014219,839275.5089358856
1006585,1256137.4822026365
1014492,744926.6106607476
1008522,228958.38005192732
1008752,160474.4231881004
1005916,334474.83167319006
1006629,876636.6566552334
1015685,370910.3763330301
1003206,98047.58237737027
1013597,1023595.8959379109
1001992,673302.4935138309
1010043,589354.6619352084
1013343,340096.2947805053
1000087,638008.3400716677
1008358,525247.270224187
1012383,119624.79465420912
1000533,408880.88726232003
1001546,453087.1941893355
1006462,429250.80786893785
1016132,421224.14220861625
1004850,1026783.3215037336
1007598,434256.9760111842
1016593,424393.85756111715
1009271,670857.3416132743
1006913,366328.3315157437
1017369,174032.69475088854
1000695,280428.4938993978
1010383,303403.14775284106
1013337,832515.7983416126
1009671,697261.146535325
1004415,100848.12664527321
1005278,171262.71907925067
1010695,416934.0079460404
1000017,484220.41615664976
1003664,709674.0431643825
1009571,540967.3377378051
1005581,903644.6495406611
1001009,722796.2765817242
1016708,859806.7894069803
1013833,643662.3706460675
1017502,189967.06800687624
1001479,381534.2092097715
1000712,569966.1352763271
1015143,495226.3244231627
1004372,474933.02200990036
1006958,1023864.358067825
1001536,424730.5237883928
1015842,405086.0253444992
1002805,174120.18052814752
1017449,348029.8494190268
1005530,342159.3517614043
1006880,924881.542501374
1005039,602652.3954156268
1004074,90672.45355612627
1003956,761451.3916835622
1011707,344989.05510332837
1011593,836835.7272462259
1011601,490640.1528611658
1005632,451409.67159237084
1003199,707827.3119921836
1005305,371440.80883347313
1012698,219503.14429987714
1005808,332359.9315905672
1011771,548541.9566947139
1005407,1007513.9399334932
1004738,235351.16292796598
1004826,985016.133810139
1002186,398458.28343456466
1005365,471693.383367806
1000951,338426.88957341755
1009700,398744.1836284091
1004776,453664.7488397687
1013844,361676.0659675744
1000588,356198.23555600183
1000819,496339.76997403905
1002590,558338.674061278
1003918,140015.38444844278
1011060,272583.8024289033
1015226,297255.8031067359
1000151,368406.70201822993
1008982,190439.8221291917
1012015,680730.0244724796
1010837,815311.2318332216
1017422,417171.96412481565
1004878,151125.62703348778
1001722,1494994.191832437
1003536,499040.8134900165
1005681,366415.22708746913
1015082,401766.9028301569
1009149,961808.1604805464
1015582,903628.055829803
1003116,875636.2383896797
1016438,276648.8943330777
1000746,352811.9322832591
1005923,371319.70054763876
1002979,640387.969116531
1006174,373972.2676886191
1014454,342556.49647416914
1011089,202835.10384849
1013400,364514.8777751808
1014115,304187.10619275237
1014052,415674.9794324525
1007041,348915.4472921739
1016039,239790.00259602183
1007099,173950.01781823277
1002221,303008.1909299664
1000836,389856.41578394256
1017005,204613.58468686003
1015594,320119.3941240869
1004171,491077.4075883673
1015319,537506.6550260504
1007617,1043835.6677057786
1017106,550580.7913460697
1004498,369480.9344798733
1011307,902884.5437597071
1016944,1143022.4812347065
1011739,356228.17180199106
1002093,473211.3004918105
1000546,494759.86366092094
1012936,587753.851067972
1008709,617953.2600285307
1011595,561225.6660328959
1010567,612291.4533997867
1006841,348105.3602217244
1002781,437815.56884416845
1008204,466621.5835365849
1014087,580703.4328319372
1007971,262958.7452752431
1007556,513538.7335732165
1014980,520779.31381285406
1004198,795966.0062959477
1002921,310951.2639871703
1003498,1534976.5169184215
1015105,1031202.9097326853
1002062,303515.0383594435
1013812,420076.39699260716
1016569,675384.8576126602
1006241,659659.3082430025
1013910,544008.0823772748
1014517,271764.20819603634
1003107,250540.1303662146
1017325,432722.5075366994
1014455,235289.24998310674
1009038,396526.6118395546
1008373,875977.680623778
1006669,668459.374110447
1010933,175467.96385827515
1001208,203910.4395767475
1004491,662295.084539655
1011578,356589.6185649504
1005598,1054374.952874476
1005596,603462.7911324138
1014691,437595.774804
1004018,134165.935471055
1013468,279520.8382831354
1009012,394510.8753638858
1008192,592962.2340783632
1013982,586405.8891607003
1005892,929247.43802812
1009940,1149313.8339682352
1004563,383487.275295854
1006840,753623.7144335874
1006223,376721.4909727008
1012492,1318586.7903376375
1011534,345617.3496149157
1009202,549332.3776331922
1001967,454803.7426641598
1007118,226710.0142306622
1003537,390192.0138189504
1001887,403970.6019319064
1005816,364055.1508846425
1003148,658464.8263370643
1011609,496801.37492179906
1013072,815417.9001306144
1016400,860727.6138632946
1015833,395498.81619525776
1015678,230868.3047312792
1017522,140815.4812073712
1010898,406038.0642845779
1015899,318394.18844367133
1015590,749593.6601382287
1004885,1072908.938136895
1016434,479796.7734829536
1015128,615279.0809172948
1007081,504480.5841125363
1014993,892214.9761951312
1000289,239009.24825366007
1002955,113916.11041957977
1011598,479749.1375827125
1017060,278460.614967012
1011643,1397774.555833136
1008064,775819.6289114644
1006540,731223.8986724836
1013512,344066.9510363902
1011586,1136557.054868517
1007864,1081629.896342196
1012227,695314.2881076746
1007625,316868.116698412
1009355,293783.3113870931
1011293,987359.3398909647
1014433,308721.2723351395
1000499,338339.7016348796
1014010,506357.88230881386
1016981,309454.8722769958
1004009,926893.962505797
1000587,1092729.5605198632
1017125,1316110.8913640466
1016065,752697.5674247186
1013114,1223240.7122185081
1007728,461518.36370796995
1010351,1003743.6650135823
1008717,482511.1051587017
1008995,208428.9889279502
1001450,151633.011071344
1006939,272545.0722947925
1002347,342076.7469949468
1010228,608064.4284815448
1004867,324167.04311663134
1001675,462707.7672833121
1008988,231667.79221877235
1014554,625003.2310887881
1016314,785146.5970391809
1009820,1262689.2158354775
1015609,792344.9755342936
1016896,315087.2310411663
1003057,376893.3310743597
1000639,938339.566241593
1003172,610732.3847550346
1016560,257707.96972270234
1008514,273329.1351713186
1005876,561765.2640726523
1003210,492744.07466158
1006878,880928.4500563709
1002107,400044.071678372
1007313,705259.3702448944
1012026,473148.6260501885
1006202,657024.3696889967
1005429,505236.662041454
1008727,842640.6382805629
1011362,703963.5043800109
1010670,282149.5946315673
1006053,153797.0720570737
1015789,237921.36381004617
1006236,320923.8999658943
1016600,565529.3304748046
1016394,229454.4241662894
1012770,280498.6007983204
1005780,645032.506888588
1010196,104794.88088814789
1015386,895383.4772572834
1009030,139462.58491216006
1006328,404552.21970478527
1015142,1335963.6900188504
1015866,1109718.1021541746
1005635,537317.9213621112
1007848,334627.8491764738
1013480,1049738.4462100405
1010232,278279.982843997
1002800,184643.69340482532
1007819,330938.0346799574
1005114,460669.6375501624
1000574,607934.6842885175
1014877,1181084.0785671081
1004364,654972.6267004578
1012057,465744.7350817112
1010464,660998.7095551441
1001504,514951.5230049824
1002870,651506.7229883854
1015587,288493.601714984
1008809,425796.9262197381
1001200,951406.0347943187
1017278,99611.41170790762
1010405,468069.5896167874
1006069,521332.4568476828
1002267,379466.62526153756
1001196,477032.99788252567
1015202,527744.5892768992
1004513,349344.9430842314
1009228,280956.775787699
1003638,584330.4514874166
1004480,493459.54838629754
1014850,169562.0083420068
1008240,839775.7405987674
1015269,607756.7199850437
1008302,259133.0000227289
1002549,273994.10352577746
1008549,378503.2562329523
1009848,417727.4643696146
1002353,718441.4244065968
1010129,185131.4378651094
1000216,209613.53935709447
1017474,457129.96543626534
1000705,721837.5373675493
1003118,138906.51141433275
1013542,138423.06392803902
1016865,766399.8606217054
1002540,408878.9713592189
1008420,312969.1275876672
1015668,633726.0791734623
1015944,460036.76800034975
1000960,874076.8343083325
1002000,491226.80366256484
1001784,901855.0730072381
1016595,897600.4379125573
1017407,542666.2288110732
1010371,843370.4025433629
1009061,285616.5234950064
1000175,349078.94652240054
1004173,349068.74439293676
1014072,755018.154296361
1010278,367155.6267359431
1006146,694773.6538696509
1006721,358999.4163141665
1010142,214147.24099884642
1007259,757912.1430537209
1004290,363746.3426506926
1015640,1430502.6514631414
1016767,220721.9452183611
1005823,593165.405437512
1009347,696553.9861986199
1016150,339981.516034818
1017379,470114.79457282956
1016759,237650.9814274441
1006664,746494.0405140274
1005184,333261.6020894664
1014162,1266818.6043341905
1015302,434817.9235784501
1012734,249078.71126886233
1007159,370218.4359842034
1001716,550725.1278277956
1014839,435128.25161863706
1014224,1109116.4493494784
1001768,201081.00225010028
1003742,150077.49044207577
1000227,356061.99321124697
1005493,522421.7257027988
1012985,154160.64967558882
1008612,140435.53852855082
1006187,334195.3637948351
1007302,713165.2124568468
1007899,314363.14209066244
1016510,162639.4570956693
1004691,430339.42734012747
1009893,1415977.907990469
1012138,310279.1546921539
1001981,288554.1215461092
1008782,896003.4533901263
1007679,443846.5716071139
1012348,522731.60901667824
1003960,1190206.5150937932
1003888,166639.25517567064
1013485,1015059.4115925359
1008816,404240.6058245589
1011537,1043875.8095688161
1008876,778507.7515813091
1004790,496310.0024215568
1015347,629278.9342976284
1007578,678023.0856024266
1002659,142297.04058294208
1009041,273919.7478555999
1004150,264009.2440974322
1003675,302708.2142363464
1000136,587958.3178870168
1014848,381179.7948288683
1001918,1360714.8700665566
1002406,287181.2340921845
1000012,160243.1500754641
1006418,739721.9672514455
1005790,1159414.1791338634
1012912,412522.36753419356
1006545,580619.1446950153
1009726,567220.9246888338
1010918,283905.5059868108
1002577,168566.58433624174
1010304,450132.0916325929
1012223,180680.97399622086
1003623,387448.0761028167
1013626,732509.359656942
1003647,1022605.480070201
1006876,345556.02073000564
1015989,584259.8395802901
1000495,635267.8826154332
1007645,523252.85635749006
1009286,1147823.898999736
1003809,383314.49515706126
1002556,655505.1154600973
1000605,209853.75586871803
1016057,947763.3228892697
1010834,873167.9534946101
1011779,417315.98913129565
1002359,205309.39929405676
1006789,358129.1497241445
1001062,439894.05210669327
1004138,461718.284742942
1002585,1288783.3728460157
1015631,966133.5723856329
1000478,443052.7293878498
1013577,348966.0531770813
1010493,188119.64811601286
1010777,808990.6158470047
1010466,1388680.3531555284
1012464,343144.41566151154
1004111,353387.7051927086
1000620,309739.9697676043
1014754,333974.2462984406
1013432,553772.8045037395
1013689,666299.9435627597
1015561,241729.03905191546
1008409,1055532.034240171
1012355,258251.58948597842
1001485,232985.53746732275
1001046,1180448.861341275
1002156,1006694.5021354157
1011902,192237.12820665853
1000161,271259.0852228608
1007380,492718.71586529916
1004469,635076.5724880223
1016934,480175.11000074865
1012450,548040.3471220852
1008029,726371.5068514643
1013550,542758.041213194
1014715,1067702.2561198033
1006988,524381.3671938918
1007194,508719.72330110165
1014317,410454.221590347
1017059,537682.7028417015
1005534,755689.471499132
1004135,330367.49779269716
1013989,313090.60512432846
1000700,966140.4417266934
1012959,139010.26019869206
1002110,561139.3347369183
1010885,453783.83737200213
1008701,295634.7052447033
1009183,418485.2753206155
1004718,173997.75229792
1016038,409942.7108984343
1008067,659433.9593703334
1017400,867157.47743196
1008193,286436.8731674792
1006481,396973.3928960893
1010804,163203.23593919355
1014636,516138.486560017
1007692,466835.06337591173
1000943,548327.7631555612
1013984,673428.0459849975
1005232,1173378.4534361043
1002977,213340.1282798829
1016138,599982.2817171754
1009144,285123.108960771
1011197,710941.880778455
1002692,450356.52920045593
1016562,440564.11611178936
1015712,392347.7001925912
1012766,953027.4898696616
1013578,169046.2663915027
1014096,341272.95892399095
1003726,348856.4249203861
1001316,436251.6253120175
1013251,1035195.0764279661
1012368,401119.2310966011
1017303,560277.3266201563
1013384,626301.1064179717
1008026,180351.28706026022
1003810,571905.4309415448
1000072,687884.2745867418
1012572,986365.8607982025
1013176,429236.03229054564
1009644,219301.8561113443
1012093,303746.33595735196
1002146,552189.2384754013
1015119,1216647.584248379
1006828,678804.7253138607
1017569,149008.68631043204
1006932,361555.5091749417
1005686,1094248.760128162
1002846,751145.0579785965
1012066,441967.0880679577
1002917,738043.1594047785
1015985,198724.44040364964
1003369,178372.82151425036
1017532,352228.6908896661
1007481,567449.6185420856
1009910,866601.0298984145
1016048,930234.4134328235
1000385,924228.6804190236
1004662,806853.4130222334
1003654,444926.22724441515
1008044,536352.5762680481
1013281,323814.3899756412
1001939,438181.16127966414
1010710,484241.03315440094
1012602,564690.2711293233
1012315,431138.76014161727
1015692,485631.9306440526
1010631,487828.6837647992
1007799,397049.6269807829
1011379,276376.51026220643
1004093,674062.6736202072
1016160,765974.0971786075
1013012,334230.8530606316
1017171,412445.3410719033
1012139,375880.5725727211
1017206,537655.6216399592
1002625,1025098.9960587218
1004165,876361.043808942
1005810,255046.4815487799
1014932,1353692.6761665724
1007235,396433.94056243496
1013411,228114.58005396143
1003954,1040125.5506535509
1016008,1025970.8857882306
1011770,94975.21897230785
1004484,484741.56098857697
1008313,528450.4600416343
1005430,291500.0146534215
1007683,434084.0797993415
1014297,228627.74855096138
1003265,621131.6659412705
1017210,169392.79536886548
1013385,245475.59805539376
1004298,542521.2996573691
1013560,279025.3858551208
1011106,651817.3546566291
1011391,599848.9357732161
1000173,605230.3836045519
1012270,527429.9386343647
1013063,105544.55282663082
1003858,431237.18248955824
1008975,325478.07502851065
1002558,516609.22614574333
1010683,758163.574775004
1006285,379532.3804036445
1000195,340086.4420822826
1008829,394748.8956891529
1017098,699297.6911468414
1009039,427163.30818796804
1000534,308684.08079696633
1015468,606921.7291632626
1005713,678678.7203371305
1010275,467510.16177333443
1000083,511863.7044963623
1007624,121740.98148982425
1015654,273319.43820825504
1016243,261859.5308252353
1012700,133383.24766800384
1014489,911693.9941408463
1013739,717929.0183044503
1008946,564920.4610480253
1010518,216808.95268021745
1016914,165220.51296049077
1002551,812323.25106377
1010441,138492.27769307033
1012736,894871.0790041094
1001993,589494.102865435
1005840,486837.8154816175
1016565,550506.8135475904
1005124,724151.2593248218
1015672,808922.1560688058
1009313,523831.4058328263
1011226,384119.5466420976
1014193,607388.6693930589
1012156,273363.965895074
1004493,470526.255892236
1001533,236119.45619942492
1016504,1000131.9090325006
1002396,853543.4772222219
1010613,382036.81824809924
1003627,918279.4804332234
1006204,994992.1788166119
1011151,637227.78169352
1013325,690747.9870894908
1011414,115132.1171735852
1002595,293120.63615496544
1003046,272642.4720404921
1007621,240863.3797423521
1015710,1052960.035001822
1017023,265729.28048448206
1007597,490414.13882317906
1013439,201882.84354673573
1006452,452850.94870775094
1007914,959245.3251207854
1003416,1056767.2361019906
1016854,1134896.8026676709
1015287,356054.79330211884
1000931,492515.557339551
1017425,219841.10268540023
1010297,370308.6992502883
1010508,411862.06160196604
1006698,508406.99760826945
1004323,213943.3763361552
1007867,246368.01632844761
1011460,254460.10963677074
1010137,517721.0297334374
1016894,96162.60055482751
1016339,348760.5067958579
1015983,278077.6481867951
1017368,253959.73299969875
1000431,339106.47319574346
1016371,347381.54093613714
1012286,528481.0475829239
1004780,963704.6765841432
1009938,815718.0402564831
1007882,1029704.1370570919
1004216,441753.04547308874
1012747,385517.73543720687
1003261,100145.6554613207
1012692,509231.6502910003
1008647,607839.099295936
1015327,565742.9469039736
1006708,946486.9055187147
1000559,237884.5113528884
1014681,281180.25397591665
1000364,374120.3907786852
1014912,473139.7222556136
1015427,240485.84301075473
1004939,1275292.8442345865
1011852,700069.1482124553
1001521,206298.92476901587
1013877,678864.2128846963
1004406,170900.39807124535
1013574,333723.47472391016
1016470,329757.74365686905
1017381,666828.3008764102
1013899,788395.9306601882
1001155,339482.31997728336
1004963,370840.4136262479
1004096,397259.7633084761
1016134,471965.38010978646
1004423,515066.30387182464
1017274,274135.46014398756
1008352,460082.6195449799
1013890,700392.4588820094
1016214,578485.5918667694
1012813,800124.6478972333
1013085,505080.24728314887
1003567,557824.2411604845
1008260,526330.2987109394
1002418,553266.8891371725
1001190,373737.45851049304
1008795,505088.98802235554
1016936,293894.4246362182
1013796,561248.2809195603
1010915,443118.18228188826
1014100,812849.5007665937
1000569,596726.399726948
1011018,893045.5063622072
1013686,279307.00959726947
1010151,459738.6241984801
1006148,449932.9661164328
1014255,260961.49266230184
1015026,1186302.8048051235
1002666,269704.80692498374
1004405,479098.77321744437
1000111,1033235.0716838525
1004497,324112.3018361233
1004369,775273.5926026002
1005238,290581.6091798092
1012815,691396.465743951
1008569,1341316.7990526904
1000781,468766.183426568
1004792,1125997.9123199426
1004296,334881.639849001
1015227,503263.530167954
1004327,987083.6209557333
1001476,587752.6879606522
1006331,1321323.1112179097
1001480,473564.9707912256
1014793,257175.75729601795
1006771,391427.9556873535
1015629,177631.42991010813
1011782,138070.30518264568
1005248,1088331.094339749
1009085,186728.54731265455
1007983,554460.0303919864
1011580,398687.1236504433
1009097,404864.37276399636
1012016,586790.4265701594
1007761,595969.3610661542
1009264,806681.3772876146
1007101,621304.1546280863
1000425,879300.6203715901
1016290,168539.3768768667
1004624,403163.91980516026
1010950,672957.8519989242
1011138,464829.7425542103
1014655,864532.5632885784
1004634,478688.1069899394
1015656,547493.3664516882
1013735,121916.53187530601
1003945,820767.9459785182
1002417,709818.2762720155
1016723,336773.56356682786
1008621,300670.80106210185
1012436,516809.80282324104
1003467,1312777.3233248885
1003715,275226.2163862379
1003168,266408.30433185387
1001100,353100.5086234403
1003291,664133.7000393327
1002911,372182.0716816132
1008222,337134.33276283636
1000991,389556.0587669099
1003870,371139.899102467
1010188,287883.4799034865
1010216,138538.57071482742
1002014,225152.61643647566
1015011,134347.13164020132
1008673,673748.2194411305
1002144,400091.6219945214
1017601,545332.1631466384
1015930,470407.94635054085
1015196,1193702.6220481116
1009552,585130.9593582953
1012211,730281.344587523
1001305,543545.8343504665
1006525,271185.4582277683
1014766,411325.9921590678
1000187,249331.14212001048
1003297,301878.24771454843
1011453,537388.806761921
1006893,274167.81927512726
1009054,456425.96650816145
1009381,194824.7061889886
1009014,383043.48977245425
1001347,469524.6507376215
1010312,857219.7193745415
1003253,392615.6711763031
1012831,274428.77358706575
1004569,1125534.0179263847
1013410,481015.8391573729
1000171,214349.16944151346
1001734,558830.0751936953
1006946,362680.3007258916
1009078,373152.67368103436
1009309,358731.93769452884
1005431,688749.0891697229
1013302,454666.17792343
1009769,1084110.2287292765
1007651,294053.74515559664
1004043,265541.1319372393
1013041,143564.7389397944
1016576,336930.210760837
1000661,158346.1418585467
1012775,600415.0553540527
1002512,413070.6650609644
1002114,359941.02923243487
1012924,547446.7884665186
1009244,320946.487719539
1004579,571230.2627429062
1002289,271705.8225621878
1006513,289644.78858807683
1014680,356425.8402171355
1004869,447708.35090656177
1015075,1152906.671507689
1007402,509428.5807551644
1014964,510723.80108477315
1001559,301631.8014367817
1003347,1044429.4721374679
1000770,224253.11740876254
1009241,340349.34668880585
1016483,217907.6340502785
1003455,381280.6367058168
1005344,547818.0703830841
1009079,313966.1114856359
1001702,725710.3262901634
1010171,568863.8878480197
1002192,562046.0436936471
1001644,304424.58124748967
1003815,278631.4810856061
1013419,474791.5520618324
1006768,362408.6989436487
1013242,345540.1641025478
1006072,233958.70713808542
1015879,167866.19605233552
1003371,254312.91189482907
1002552,308164.4125906867
1016538,350830.0337972352
1008679,381116.1694382261
1010502,89419.32117069783
1016528,1103685.7903439302
1007739,396757.82390741986
1002237,267569.5067741159
1002703,366407.27208032366
1003841,794020.2060627014
1008183,440958.83262129687
1013369,706277.0276676835
1002948,402539.13029874244
1015636,534941.5461288436
1014001,504428.96118409204
1016966,715364.769115583
1008160,1360602.6605453049
1012235,326879.2148995499
1016157,441551.8622441485
1010689,287172.4396168813
1003740,195790.97709790105
1010308,843783.8064907355
1007343,1253739.55569809
1012795,1085766.6065632086
1003877,408716.7112485828
1015272,350202.37819611316
1013234,445587.1646483144
1000843,369308.7201611146
1000872,1257238.915220042
1012360,303490.30617041787
1010525,219961.34983406178
1000990,671911.8248343781
1017222,224709.9776597217
1010015,449448.75416082295
1009515,1130419.089957487
1013028,327758.6235753835
1013657,593228.3400201165
1007387,641922.8016862943
1010545,465124.1287407696
1003844,408842.8812460331
1011144,1320118.2765140485
1001743,324268.5325385959
1006097,434318.99419627636
1011911,214495.0359170784
1008827,874665.471365456
1002051,581868.2725065612
1001889,1035702.8624598682
1012337,622442.8283776866
1006233,222924.43345449623
1004991,180749.44940081396
1003616,238141.25509269972
1002914,166070.87891683562
1002642,921499.3871064273
1004320,314486.4656048286
1012966,659543.6393774156
1000505,789309.1570660665
1001060,1350316.7696902961
1011045,271188.8948692923
1011187,232874.892123029
1001180,278403.86209216877
1003429,550086.1751878695
1001329,739033.6559519774
1004607,620739.890227694
1011651,412232.8935809452
1006531,250626.5427310042
1008545,416293.54262175655
1012424,1267214.2884207056
1008307,470213.36660371453
1014872,578197.6575032445
1002920,310619.03949006443
1015496,356405.503311234
1008929,453160.23690037464
1007330,396644.33857692603
1010177,330801.07814802654
1016524,424645.47627010714
1015755,449775.84747947735
1014937,761198.2704265843
1016337,176283.97464114128
1014795,996276.3447201698
1007690,384548.7043198695
1008487,283061.8198118612
1016967,525308.5584932695
1003907,90244.15542099295
1002632,495537.8825183075
1014367,716055.7331087188
1000672,113496.69418545847
1003501,1011217.4027914968
1015920,172735.91352049526
1001458,488357.7331490648
1015422,253897.74384515986
1017468,648784.2091011183
1017466,1206807.0119800232
1000449,309708.6192692949
1012593,565849.7368334552
1014259,343008.4654097743
1014782,689018.6998998488
1005559,684008.0137993982
1004571,577729.8778603788
1006553,128848.01228576367
1005657,917187.3773232256
1014343,209871.18915578237
1014989,173743.14316872242
1004640,1108914.4147588303
1017605,145219.4128764171
1006552,813129.3311657497
1015902,453644.1245027938
1001298,803190.9840561951
1006925,108511.32028944619
1002166,416327.06552149897
1016341,404073.08290346654
1005096,471269.12881741027
1002140,317724.28858927614
1016631,543178.2320280713
1015257,648657.9640244667
1002883,731676.3546143157
1014298,329249.0279994373
1000182,471658.8850682574
1000219,1006599.7109512812
1009020,334089.52226398187
1002090,253188.24904284117
1001243,1214175.8853450099
1013184,424577.2624023419
1007393,411818.3492878833
1012854,641368.2327338735
1016282,608935.5959083145
1014067,572796.946080647
1000309,732372.5296534586
1000825,643095.6864497517
1017452,793340.7077708308
1000442,471318.7818143755
1007477,712550.9303596042
1012973,435508.3756567739
1011753,509384.50058495504
1013246,614365.3580872831
1014730,588728.922607788
1016317,244805.10465526622
1005884,706642.5953180171
1005000,992034.2317143407
1002712,800480.8809895525
1012293,993249.357790611
1009146,672168.383418994
1012241,139436.61517771077
1006149,493244.8931997693
1015485,138469.23139067405
1006517,757757.2927146921
1006623,307680.30173703405
1004076,253164.65576799546
1005798,799167.7930522519
1001916,290603.1727120933
1005777,646819.9532302077
1014023,1321776.175049069
1017057,682344.9221402488
1007039,486670.9453980109
1012975,439775.40711424034
1007068,128771.69747115376
1008998,802700.4992478779
1012014,385030.920195948
1017077,511012.1376600804
1013134,534078.7095196302
1009979,369108.9010392577
1015383,833320.14782264
1014899,750381.6745364442
1010768,545900.208665521
1013222,163156.63238666736
1011533,589715.0610601889
1006773,1193860.4296176636
1000315,1210543.0708799192
1012794,185362.55370058023
1002187,394240.1646445419
1006560,1353600.1964731775
1002260,157328.72912019942
1002174,153786.14558408112
1014060,458550.26020384417
1017195,1351207.0428893615
1016953,784622.0067232086
1003867,445610.3952120981
1016382,675424.425855081
1015583,334342.29426854505
1008936,225966.53915773114
1012277,436644.0387269736
1010333,879991.7100710259
1005309,879208.4607636005
1012695,406657.1225791815
1013236,832615.6243527415
1013535,407999.341694588
1003377,553564.0335134936
1014039,517514.3148508395
1000103,610661.4613162043
1009540,937422.1644583199
1007632,212439.64668670634
1006500,261003.27667820855
1013985,700905.1527440533
1016929,1001722.9155692064
1017535,894986.0548711547
1006709,206450.4195053976
1012339,290105.8839696828
1010082,429686.8205726306
1007220,390799.7280058179
1001065,587631.127287102
1015035,463748.28468040336
1012352,333130.6882200118
1016027,696151.7684103155
1008447,251846.78504983848
1010458,636394.8040197412
1002245,365163.7577596323
1014990,407864.1058181169
1009957,838601.380766761
1004730,234217.96523172047
1006435,617528.6325938752
1011682,469198.60112972313
1003933,676452.7967734288
1009988,1337238.3890247638
1011819,1378341.2702792345
1006320,908421.4615164899
1008175,255138.99706930737
1002587,546906.5279549472
1001830,346146.8727766601
1016189,441662.0989598568
1000325,307269.25032476673
1015408,598015.1131452098
1009845,1042989.5413051255
1010003,810173.4181990735
1017399,572536.7197490059
1009707,422124.7166557493
1013207,724366.2295990315
1001475,336105.64469699806
1016092,861226.3610511285
1013323,505255.47528734384
1013226,326064.90919404814
1015256,632854.525750673
1016253,374157.88327868487
1015311,578077.3115702586
1000222,243085.93666379398
1005142,354865.5896714973
1014086,467346.21898021235
1010535,1160147.2861051988
1014983,675029.4085824821
1005993,387944.28798230155
1012837,654018.1942471991
1005927,754439.7581634441
1007643,305298.4716716826
1000881,679136.316545589
1008194,403363.83910100494
1001751,289531.67980421084
1015089,131205.5701666642
1001862,1198866.6927075672
1015703,607189.7219104364
1012404,659467.9274675655
1010096,340571.413054078
1003392,1006303.2379784278
1014936,525358.426354794
1001776,524018.67010169534
1008808,517763.2442533213
1007290,509361.17749055347
1002560,423812.6988718318
1002147,437048.8402721384
1011848,558874.1470413116
1009929,382673.3847538664
1014853,801122.9003293097
1002934,493663.8612340833
1003426,491529.6536529171
1002746,149687.19163555832
1012340,158057.40543588894
1000371,171285.51006756123
1008362,410113.2568025612
1007646,517253.1585425254
1012551,713493.8367434032
1014583,446321.1255241468
1006350,855023.0968640426
1017176,440314.9564772196
1006589,724272.1477692464
1005576,167353.9510115656
1015249,327247.0681596424
1010947,1295031.1962349953
1002294,149728.62531688318
1013188,753654.6678812271
1001906,336668.1203188001
1017393,1040121.1388419345
1014950,396026.0759616932
1004072,425483.6746815163
1005453,596420.0084287046
1014613,552797.1723518574
1015181,554025.9990439414
1009400,653140.532449653
1008203,818310.7134646735
1006935,491918.58828267746
1001114,792421.8216841244
1013685,500354.85176545865
1006684,346728.2598205939
1012732,1026578.0321903402
1011899,247913.43895857103
1015721,723536.3189577081
1000255,851079.1589533712
1010989,864425.3481407597
1014970,504799.0457040129
1016750,588238.6378649814
1009323,1009563.9734178846
1005973,815999.8366452188
1011930,643769.5049463154
1000852,497084.1761822693
1016437,519980.41917363246
1012806,463352.53606678016
1002909,293094.92473682377
1006368,387021.0249185312
1008288,314162.92086778115
1007720,610187.12851114
1010731,491815.4289660059
1003513,585337.8355819607
1004845,445173.6993653257
1007984,411262.0564020566
1014855,813257.9779932759
1008326,124903.08481580944
1000004,331826.44273655803
1003544,394178.8939240915
1015360,179373.89403704478
1007127,233085.1093842169
1004304,185248.570481775
1012324,575737.864213184
1009803,702113.3232293024
1006618,356907.6645662626
1014436,373203.5520382313
1002601,521905.2840487763
1014645,458623.5339243126
1001186,299742.22517343
1017120,716113.5086082488
1007579,293806.4539743392
1001121,368349.5206898719
1013612,369651.0467629756
1001312,704176.0016019101
1009856,594513.4744245097
1014669,640598.9155298674
1012239,435958.7145575764
1006476,320278.9445492964
1001024,807207.6667773447
1001194,256941.98515959515
1009005,247558.4654504682
1000816,535751.8863848296
1002290,1125937.531435413
1005170,581660.2384396469
1004140,500815.48088342807
1012409,88812.519339167
1008613,179450.94421474304
1000997,1157249.7866304626
1014753,300978.42714984773
1010378,284325.8386810591
1011420,217764.562844176
1002940,747269.8958127355
1015738,1134766.5781118658
1014841,560015.9516121667
1002177,799417.6864646452
1009334,537341.2570934705
1015740,506740.7710246797
1000432,786262.8213670808
1011083,236793.82818068514
1016182,251043.0132862819
1014488,480112.67246442416
1004189,1063207.3835644885
1002582,494470.14934409515
1005014,443549.7014493986
1008164,343725.6383208814
1005901,588990.0896267213
1004675,760764.5227824448
1016135,454488.89231717907
1008965,277332.5583857801
1008049,456305.0108372784
1009171,474687.5047806816
1005784,514864.25835335645
1001975,742204.6673322176
1009908,663368.5442088137
1014834,560041.6029263714
1009362,150093.94484166583
1006595,393656.7612924181
1005703,958606.5204733589
1008639,404805.9847304009
1004753,443770.75628789514
1012335,327632.34418924997
1008472,400914.1425735165
1015759,503520.8002110919
1009882,1142655.4630601497
1016093,547748.1773624133
1003160,152572.67050641304
1013441,554226.7603432352
1010882,1006152.3506335624
1010954,333242.6596422588
1010016,180922.03819422802
1007205,467393.02073178045
1001006,363594.6960842367
1013124,546534.3105004044
1007170,1158872.0398440084
1003646,243933.0365041813
1011730,545768.1980145284
1003691,547872.3982805281
1000597,358062.5493637047
1003177,229636.33227196475
1009435,521972.03489601443
1012659,602075.3747532828
1006311,198408.2931847162
1003869,688035.0877909678
1015013,734016.1125730786
1009670,916902.5763279549
1002834,545169.0000705709
1012073,142149.92138111626
1007209,237912.3586576416
1000784,461247.2527276278
1003824,351282.5064821906
1004487,979489.1853523948
1001217,905646.3161270722
1005718,251055.90148781784
1001844,1046602.0116077781
1017190,1395083.3673648753
1014749,639387.9927430213
1005889,229097.47510129632
1014184,182106.8771147028
1010620,587300.4459292631
1017234,692112.015656986
1006064,382486.9112045726
1010240,673295.0363958006
1012521,746938.6470630992
1016923,816320.2483214099
1009777,281469.16237490444
1005001,1177528.777898675
1013964,432979.69966428506
1004419,528031.8506562922
1008541,1022110.9651912167
1015209,241631.7156521503
1003592,623565.229595062
1011989,315044.02344973467
1006384,1161761.7614405951
1014805,196028.371894134
1013224,240283.24705815947
1006782,629830.9093203594
1015278,221684.2101027906
1004942,509691.8247349652
1008407,624654.2613798704
1002901,194744.13898180475
1001378,524418.4941491628
1006868,256303.90774174393
1000203,498472.1028079956
1005913,294055.4955283896
1016988,183994.7691744874
1011816,613435.9948674922
1010784,605887.3722279926
1011172,172754.81661515756
1016760,224809.91771352108
1007786,229832.05267737308
1009625,618930.3594451951
1006668,459848.3237988458
1007367,116007.73726969503
1011549,462285.7938270723
1012067,1189174.8797261617
1010150,621411.9837423023
1012030,436213.32664085424
1008040,312301.2848954013
1000649,404663.9181993719
1014825,214705.63177743033
1006108,511075.5860586751
1004094,673953.0703422009
1014490,415223.35148862144
1014881,661626.9402153916
1010709,536801.4000714398
1005492,289273.7557849248
1006477,974678.1247725334
1005178,1099504.14266728
1015309,365277.5559449417
1004856,341793.2047163393
1010064,211332.5186604523
1003519,940492.196229841
1005700,335171.4744388168
1007559,486590.9520739571
1002432,202362.18435906345
1010273,386991.8391414699
1012938,448296.31699698244
1016343,281797.7759786068
1000486,413030.3701716608
1010021,410084.38744306745
1001736,462689.19361931307
1006927,231770.58471518732
1010480,428026.04436251725
1007780,799964.3040089975
1008390,319612.34704031434
1017008,198065.78343026052
1001490,213582.60290994865
1001563,666681.7749627103
1002224,788870.5197213872
1014769,327462.34159664565
1004732,390787.5627129963
1005836,554295.8878538659
1010348,263085.9924315952
1016627,986554.8112964114
1004338,508412.33475897193
1002848,865890.5296049672
1013517,628349.8713210163
1008978,305651.42952600867
1017289,689830.1300498339
1017179,167695.39931084248
1001567,591310.20584678
1000138,218800.07532336778
1013882,574565.5721261662
1005258,391437.5054553889
1004736,823642.0889966664
1011986,800817.390488536
1001713,464803.09095508733
1003495,560559.8237195178
1000600,1269219.7962967718
1002812,483107.5436514322
1005059,605764.2872630385
1004949,285974.4665274052
1016211,381934.01050633116
1002271,430731.5415627581
1010060,788230.2006077847
1001865,137748.951680047
1002501,534615.8882002124
1002661,1269035.8757837957
1015233,891042.2689199451
1005953,176606.45098503298
1012146,133399.50263771787
1000127,217800.3790362177
1017442,422058.27172910434
1010509,367448.07901479903
1013764,558122.5618129161
1014776,198840.29776717976
1006256,344475.2095305996
1012690,1122269.8206534376
1004036,918542.3651732012
1011249,1021089.3357850834
1000142,254734.9011540176
1004615,521132.47625922353
1010776,707565.5220612794
1009176,784355.3402728345
1002226,241626.34931919005
1013305,451535.9493455679
1008739,203011.254032679
1014045,382316.35750958027
1016494,249305.34549213637
1014843,1244806.0180164669
1006659,615913.7533603684
1007074,623484.2833664459
1006679,776847.8825584926
1012055,510903.79849520896
1011671,336884.59382857435
1002228,455688.0644397422
1014300,590612.2989129074
1010675,649798.4448306817
1001530,630985.922251011
1001434,326736.3095836144
1000238,767195.2764291409
1016313,154169.55659371358
1016508,214805.98552866932
1010961,250023.7056395148
1006196,407274.8598133456
1002722,222819.41269338233
1008317,265832.241470555
1008471,469630.51409333094
1011409,446736.6693155554
1005866,479868.29554337036
1003534,593708.1320265143
1004496,258698.7902180677
1006183,293699.0110641269
1007785,481528.51264859777
1009252,184747.58199224639
1017361,626504.6190476818
1009338,511522.9617108834
1007669,313395.28382394015
1000398,223334.50946528325
1004077,655525.8695232172
1002194,385941.85979738476
1003421,521768.63299947866
1001555,442115.18601282896
1012526,996413.702918092
1015772,591739.9463274741
1009004,291243.70121351443
1010288,456748.79682138393
1010481,402278.5477375687
1015897,534180.8746682209
1011264,258139.9808510258
1010666,261051.62363874054
1014339,364423.67326087074
1017431,394037.51575538877
1003871,827457.5248067015
1009047,832694.5235490641
1013774,864554.4854495785
1012916,509888.3101704304
1006968,391581.65442024556
1017305,151183.31656663466
1002162,332632.16396673635
1006335,251097.60464916631
1013120,169444.53831196227
1003797,396645.3562490218
1002767,252961.8208796959
1015663,567554.7099993255
1017251,1016290.1249609746
1009277,980053.9546890116
1008631,657782.5671676934
1012133,670116.2425380414
1017051,1419626.2942297014
1008854,504649.51447046275
1007299,1265130.0565294174
1007944,519254.74955156684
1011281,499207.39501762495
1001250,271427.6535433631
1008096,488371.7435148857
1008508,406156.5004964063
1015009,179528.63418005826
1007457,124706.56839839196
1004316,290676.421122978
1015713,468519.8690458044
1011513,176963.42797435756
1011115,382112.2838856493
1000361,391444.79072987946
1011111,214102.37810417608
1008871,516936.7475175016
1017271,959757.23782972
1001893,494356.7587619741
1005628,202365.52954028206
1017056,342482.3723295646
1013502,93347.86469964554
1000221,593458.0810494276
1012851,327080.2819772001
1001747,713164.1839643414
1015493,159266.57973172268
1010744,353995.1010425378
1011121,899278.5721067959
1013586,615288.6505932633
1014675,416118.5992291405
1007452,544594.9371477477
1009529,245864.50559697687
1013150,179496.41201148753
1005074,258333.92682068198
1011564,305669.680004688
1009713,456190.51271661336
1008775,530649.1856773501
1000046,616815.428401372
1014234,225223.77726119218
1005191,391292.49801251834
1015580,448749.1736160978
1015213,338897.71059458365
1009502,1309758.3876243485
1009749,1206166.7641686115
1008349,238686.82929772633
1009943,645065.6890018332
1006106,475504.062323711
1016031,444477.1156118176
1016588,135336.47921217076
1003863,548198.974280621
1002789,1303290.8248739867
1012476,347159.8656392341
1014960,592515.3819426935
1013565,882426.4682488956
1014232,1162003.3472319513
1006710,485039.4372881522
1001562,996148.6609411184
1010751,541280.0539293102
1001278,684829.8821681876
1012306,743364.3074344887
1006853,533901.3015491267
1000113,683366.3520474572
1002688,685920.0642727494
1014082,209034.445644079
1004436,268112.331743695
1000854,1159590.9312574216
1008839,984271.3512033426
1008993,177015.77446968385
1000274,716601.0041826061
1005684,404519.41540258157
1009716,201597.0627628075
1003776,521534.16999477695
1005089,277604.9826462316
1015404,316425.5159202856
1011893,841805.1549907497
1001618,659405.9290746446
1005151,904625.0041886214
1005942,411468.49016227684
1005565,290637.94186030934
1014587,467198.7139517997
1001031,714965.1948760174
1017239,173572.10281700187
1016839,685267.0882699549
1009546,650798.7085632988
1004152,430257.8305652386
1016421,377169.7313023226
1000641,473969.4397830926
1005573,381742.2132996734
1016888,1153700.770370909
1006732,462325.0494448035
1005756,317994.79768097115
1004978,272227.713768699
1001650,241346.69196788612
1010845,322703.9711151839
1005920,311342.3974015765
1001513,533372.0981017806
1001630,310218.3986609047
1003329,261173.50314297448
1001456,352469.1759094701
1001161,732928.3742464227
1003023,200206.38468820343
1015563,132994.7147078593
1006001,255588.707543385
1011429,140621.49617782843
1004692,501971.4763808919
1009982,585653.5547150805
1012391,330658.42783905315
1014059,627082.8778107387
1014418,267386.5263888444
1006808,813962.7759400661
1006437,799905.8660369521
1006428,1225757.0431120808
1010843,334519.4079619906
1011790,1181787.80594434
1015742,228681.90869453887
1002212,970189.3411437729
1005197,867141.0143487962
1001647,1243434.5201760319
1014695,1071589.8433909416
1011173,642633.8303160716
1016927,1235782.4957453376
1013006,376659.57120137074
1008005,415006.328027682
1015095,242092.5816168013
1012988,542707.2535163255
1003179,673839.8100328106
1016233,362653.45552642783
1012979,105749.85485636376
1009783,1159289.8934318593
1006676,326444.5245247635
1005148,481951.2796939777
1005527,477654.61879184726
1006790,826577.9475643918
1012078,253926.55741821733
1009415,418055.57065098133
1008931,568359.9004396306
1014588,1039659.9127690063
1008250,305178.9043954001
1012947,340703.3255052176
1010154,424036.9103130051
1014653,433489.67734744714
1012561,836878.6937711181
1009340,613970.6277082748
1016362,326453.25924718555
1016029,183013.3167491569
1011823,160909.7141294081
1006933,235057.7528106908
1003423,239566.26343401632
1006983,1058116.9698129373
1007935,250134.5662180907
1001406,398155.8943496352
1010646,294054.11708247586
1015893,371155.92961267236
1012546,270066.07590264134
1005044,420248.99518604943
1010604,906797.4857439912
1001401,219566.29272714021
1002981,1024992.9935587511
1005216,607408.7137267372
1007115,637907.5507005501
1016864,457103.7470409618
1007818,347232.3691566188
1004132,490514.771023439
1013780,218012.90835857205
1008742,541208.3389509928
1007461,429612.72823982185
1003113,940278.7530726659
1015816,742307.7697595569
1006302,146099.11795572186
1010863,489299.8022279131
1003037,333047.36824674933
1006598,560278.1757675451
1011836,663057.5056346991
1006075,858111.1646462386
1013067,428572.04403782974
1016285,595271.785803578
1017013,866478.5890829493
1015975,328794.3870987515
1014736,1104018.2247194254
1003196,450735.6211264904
1015081,445477.1689625298
1016693,405991.68783640047
1009572,1259433.4413836552
1016011,1030234.5962235052
1006237,390114.8448380999
1016623,533563.6425906542
1000883,692532.3832205831
1017560,799435.4194346243
1007766,278488.69740631385
1015336,225917.97792544437
1006215,590910.8780887623
1016006,577413.7020061428
1010212,207673.41245437885
1006473,1544473.433018738
1002690,465041.9314765975
1016605,589115.0448656563
1004568,445746.6954601627
1013736,129007.95439895122
1012056,473357.683250091
1009608,704766.3583368793
1014173,409900.62402354245
1014387,842899.0632701623
1004547,443877.53587894345
1011204,275594.6719112802
1014069,827964.9754694838
1013942,700956.3772844913
1017277,315918.80171008874
1010852,473087.6114475289
1003745,196830.20477991417
1005867,692104.6710447129
1011756,974250.2209354951
1015924,473553.0800031777
1011837,274687.53608675185
1002836,958781.1606415411
1005442,416610.0069935415
1013409,219149.04857472758
1011634,435500.05955391005
1010390,941300.0341766
1017314,385316.2606079916
1006884,140607.85514631803
1015204,254006.22543197667
1017163,388805.8421610808
1002222,492524.3426478666
1009311,662050.6401460028
1014707,497146.6665149903
1002990,280629.19057141314
1001442,236041.9002253411
1006070,474891.9217442914
1000129,457373.35685218434
1007993,636824.2853279077
1016581,196601.68226463158
1014916,726099.2517334826
1003671,1041397.0811544672
1007085,904026.1967099665
1016104,523946.8685046434
1005899,133219.168095491
1009297,478804.5010116107
1000875,293778.82591723255
1002124,334396.3427463524
1002754,318123.95087691175
1005819,462232.532487417
1010737,214095.1251563732
1002653,230904.95846193636
1011713,781000.8405988674
1007157,300518.8201408824
1005660,458967.692525408
1003990,558220.8577278438
1011747,748253.2250438641
1012407,1106999.3442761037
1007924,271587.57997829764
1007541,358967.7920437936
1000372,349979.7064081459
1016072,139379.66513308484
1001204,384695.82358463516
1009720,305737.95883989235
1010693,267804.98056205607
1011474,521680.89974313224
1017483,292543.9999379007
1004331,404592.4262376029
1013654,407275.86953802995
1015970,482684.62509046594
1005347,1108041.4299417501
1002786,634589.9047245167
1001058,301158.7735261754
1016170,405177.4563413995
1007976,593440.3959237763
1002263,247218.94069492127
1004788,238597.68077606824
1008091,534491.8690797003
1006321,579307.3181862645
1014869,1067402.696734149
1011364,600592.2405581934
1002648,341986.01830599084
1011098,462421.8530112379
1012626,1317496.7106998288
1016666,607987.6016417389
1016009,489079.49668307224
1016890,801004.9476454253
1016519,311929.4036915557
1008371,153562.59373460186
1003017,572717.9198407641
1007662,270632.2184130102
1007464,978574.0701449143
1010986,499620.41683981766
1004011,648488.5384466298
1002561,145645.20222278492
1010791,316243.3400289017
1011786,1172095.8260238776
1014142,526373.372501384
1012439,268392.57951838453
1005234,803333.7679448415
1013971,828258.8130046468
1004678,368508.52166144224
1006056,748915.3065691951
1009706,441366.05921600055
1001028,411140.3791913327
1004765,378351.42022946366
1000968,278438.1576173389
1017307,371893.5832871386
1012820,636449.6529087878
1005832,1158119.5757599368
1002048,355810.7492422323
1008174,658041.7965673341
1007495,877612.959692018
1012640,269036.164268236
1011262,369903.1552799309
1016535,1210475.823108692
1017568,495861.11806574254
1015382,164884.17108837105
1005603,388327.8046562738
1010679,891025.2702033164
1007084,487957.1589230738
1014777,298800.8081371574
1000822,768016.4512160778
1006596,271619.0245424883
1011778,347750.90940512996
1004488,758267.0460605432
1016143,950667.6210797032
1004642,327518.104128671
1004873,341715.11049952335
1011190,437011.906100787
1005200,274940.2043481579
1016264,1191243.2809206056
1000407,288718.15096889075
1004880,319049.1658104784
1017254,218544.06299861686
1015630,402050.7506324734
1006483,836256.2748248201
1012070,116913.68781540007
1000079,1077499.4766362226
1000761,581799.5635403747
1002798,1259477.728087645
1010122,622653.8711634325
1010268,357244.09292651364
1005515,1034523.8342266667
1000176,165533.23244242548
1001717,1130114.1657205822
1010968,282089.63320403325
1012446,192211.51577238343
1001209,897973.821941503
1007751,428856.8424547857
1009578,597702.0202084178
1010063,170097.00602052046
1014445,863638.7832617683
1006235,408202.10177765053
1005400,814296.7115691846
1010010,303992.99340593297
1000232,741576.5531109713
1011325,251468.30392269828
1007038,547337.9751781748
1001331,130613.3633695043
1008863,147292.08310284448
1009575,1248505.300411721
1013464,1023455.4392711631
1012610,223257.11314128136
1010226,495301.66285872896
1007522,449556.66200251435
1016081,511274.5437385579
1014597,470578.3444927549
1000669,727356.7031452412
1012647,813814.2882054034
1005508,380779.58451387304
1001685,815092.7895390952
1013152,266798.3261231665
1011061,285526.6595127639
1014348,313776.14749701787
1016034,843690.7771831079
1015616,550594.8804073893
1004628,272007.89802754833
1010118,613894.5788068507
1016148,539313.526330209
1008076,1103736.3397749818
1006697,1034331.888471483
1000637,1014859.0077243586
1011231,128829.11232889043
1014462,473954.2657599763
1003384,471837.1650848857
1012810,180038.8477737195
1002198,112419.72868403976
1002448,524229.4129877062
1013552,564327.4919088398
1001594,483410.95597413555
1001070,323771.4486741961
1008258,705969.8931763896
1015806,494017.72672700806
1008239,544594.1331406842
1000174,245335.88518989415
1004969,811692.4926930657
1005562,1247836.8059523483
1003433,247404.7603554796
1009917,732216.8493353389
1007333,423410.8997228949
1013802,459169.0614899478
1001935,139870.4560559262
1011013,414055.726265896
1007979,552883.9541795986
1013148,1091500.4560737389
1001590,1002257.7088612393
1005324,855995.0089354336
1014915,904062.0304546307
1013440,880297.7191173881
1002497,881649.190823761
1000498,567865.2862469567
1013940,483490.83122532617
1005504,562278.6630614882
1016212,229763.0450718039
1013399,398628.75173696247
1010318,340064.84694958996
1009331,931805.4595594028
1006875,324696.50440027245
1011719,513245.6417029374
1010609,705309.3560148132
1016306,108404.92419218473
1005217,737062.5954557612
1006218,366565.80402299465
1012219,983009.0905978477
1006460,137178.9122882091
1007089,383861.5308615356
1016621,494107.49732931936
1002435,404155.0301486334
1008664,761366.2939192889
1000110,689458.0044159577
1013056,588921.102585788
1015255,864646.3907354565
1000786,594491.3118992251
1005894,745953.508269668
1008368,287172.53055087
1005925,1007106.5232258242
1017524,472378.2122932585
1014120,120023.73778671058
1006313,146544.07975203168
1009141,920931.59569361
1008915,714984.9696682928
1004122,616575.2258834916
1016330,488336.0049664172
1002058,514897.48928583076
1001597,116480.47996977906
1004924,1067126.9820634
1007582,438670.9991087732
1008002,569469.7884095751
1017596,1308993.2091023
1001656,174251.62553454973
1009995,404380.4928105626
1000602,1273510.1062467075
1016650,349584.2214962372
1009081,693824.1973330842
1007706,383684.9544525961
1011347,246426.37895670027
1007008,741080.8560205017
1005968,137727.2080637783
1004458,221922.3006263965
1016766,788677.3880160946
1015353,224000.65956527018
1004733,533782.9095550406
1004456,333589.74286898854
1011831,401289.9460341817
1013991,183649.44081195712
1005591,180524.92182646718
1001116,891566.8776979205
1007447,1066285.5087572816
1009975,892649.6179254312
1002115,537599.3728987756
1004361,521673.2801487343
1015655,824928.3268037647
1000269,172894.50074482258
1010229,587323.0874897615
1014842,376203.0442006765
1015147,698410.0198892265
1006528,325562.17583322385
1007386,546695.3809209566
1015027,293604.90677370084
1015385,797348.4784838003
1014595,130667.3254288716
1010656,299486.9413288767
1015901,354845.44628117426
1000011,1221861.0029383842
1007467,189929.05593739246
1016561,860089.5776964665
1017592,289876.09548097075
1001669,575910.1781915573
1000153,669618.2247268406
1015525,424696.83362012863
1010248,252636.8499949627
1004264,869937.5537226924
1012681,314662.15633353236
1003243,227345.2823357263
1015160,519080.0579397836
1008261,362084.6098609091
1016439,1046405.5218704885
1004995,247989.44664558035
1005672,583964.9000907342
1013775,1117150.6951747178
1011327,380643.4936954325
1013349,700335.2497806296
1015837,255830.47649350314
1004190,447112.64775797346
1003463,287531.6581115508
1010682,676811.2017894457
1010982,413621.2118305714
1017041,1097085.4949939994
1000346,236804.36956796204
1005213,463568.70724161586
1000177,670953.9476205666
1015579,829777.8827898783
1005578,203735.0296525037
1000353,711498.3672528081
1013324,219094.5260622264
1011918,1104439.7683038013
1015786,254565.22081096418
1009901,299245.0908496856
1010583,743000.2568219028
1011399,331520.4915300494
1013714,285434.06717049
1002450,1026225.8220249572
1013344,1121458.0238736933
1003781,184533.52256787004
1017299,149296.82108629486
1009385,288909.9361938394
1014846,694761.4097639015
1009863,199670.46822861143
1007204,107801.04859948359
1014127,1027793.661935424
1000131,368415.5273475395
1009419,316258.46451100335
1007050,886855.7788966623
1000549,423475.3254533328
1004941,588025.4078587309
1003984,448116.7332716011
1010103,297045.3718621325
1002282,666351.8957856032
1003108,772282.0965947228
1011263,1185115.3433188023
1005491,151970.5504748321
1002374,402235.67038168473
1000775,667353.7588552136
1011824,973028.9637206569
1012172,453940.1384508583
1005532,361621.4400721974
1016098,259292.6202831444
1008574,886538.1300487074
1005334,1418458.6650921677
1003361,542865.6373744158
1007121,263915.7171588151
1017048,363638.4930016089
1013702,324253.3150558286
1009859,579012.669983643
1000406,419151.33687423245
1012151,370360.9554359655
1014693,551857.5561015155
1001366,1321000.7210118934
1011575,375819.04911468254
1014773,782795.8042061327
1003987,388541.559517532
1008131,167550.29278304792
1000536,208862.55904802628
1001086,440558.963444483
1005670,1038947.3522891331
1013675,552388.5050907938
1006013,259731.84077901323
1016490,512252.8336791856
1011300,829906.4793168739
1016707,1145921.1880069994
1008376,359864.17788148025
1007086,1036182.1814331945
1001251,296564.335082217
1009950,564523.3458493577
1016289,105516.5346197493
1003358,95554.45846351203
1008264,245186.5966538739
1008190,1168574.8671398514
1012537,535519.8298619346
1013693,384693.5426191789
1004184,436413.2422680439
1008383,925990.4766463774
1002108,960853.2094708423
1007321,407933.0804821029
1007390,667039.6394277428
1008451,349774.1060910289
1002949,325527.8817438787
1007100,360978.5102660213
1008756,133619.2843350246
1016453,681847.9944726387
1004489,470849.6243743316
1000292,483390.3469453294
1009952,692078.2892124021
1002201,345247.81511794263
1014642,373567.8553976668
1011175,1031607.4506898622
1003293,1346582.3999773082
1006775,412856.4116491708
1002152,101379.14959859144
1015149,232549.020433912
1009789,586111.675049267
1003736,1083512.9408158064
1001785,840857.537972331
1014311,545775.6704508108
1017572,853363.5458620422
1014698,1341616.7501645384
1002341,857778.0915214221
1007490,203364.42071842324
1006487,215845.9044762459
1001154,755812.7077887855
1009099,841749.7785529788
1011025,720389.1870608589
1006065,668795.0138456952
1011102,809690.7185819069
1009324,414908.37641451025
1003504,480515.1114457179
1007548,397825.8389869138
1009685,137871.87476930668
1013163,223933.87635572566
1017591,132793.42721461272
1009816,490777.96739898727
1000229,120525.45100437939
1003123,264167.9303647805
1010850,157575.7273576566
1003290,544473.4275032119
1016217,409006.06297618325
1006849,299264.8290481971
1006008,251551.0547179146
1009221,225140.55032067216
1011557,257122.46932327654
1003784,780008.9095003849
1003220,988225.5778470534
1012740,268644.3378143732
1009774,1201386.4143663151
1010084,675816.6521035059
1011980,1312259.3044936613
1007377,429195.8201492259
1007961,783377.5978698175
1003321,900413.494665767
1013893,464698.98178495484
1000106,787167.458665796
1000099,84890.24584564813
1007778,369154.13478387485
1008887,563029.0832521686
1003299,257042.8119464539
1000324,680446.8284459655
1000006,612264.3898512344
1001930,670110.1584574619
1000910,1076949.4591440365
1015775,330730.5375250658
1015974,149751.61762531713
1017091,260558.7989519556
1009799,896809.2937826643
1008088,549971.8450653942
1002420,334357.38859224843
1010543,377713.76262906595
1000453,297398.6901377515
1014740,334250.43504130637
1017002,700269.0068514008
1017291,340373.4002989902
1008132,169330.48996770103
1009128,401619.2833476924
1006461,808951.4772994772
1016183,521637.03671184415
1013947,373090.338889291
1011958,548942.4261898715
1014910,452209.4096169277
1009920,493876.9086624438
1015332,346103.604103469
1011065,674445.2392873792
1009386,217712.56366723016
1006203,340107.5595706733
1009601,670070.0336308319
1003527,110356.46708633791
1012716,258961.97853552017
1002985,417760.305729004
1010425,318340.01105161826
1014635,341126.8212126915
1002305,376446.5355940856
1010052,956969.8475102087
1005904,615825.7405270501
1007620,211618.44000401572
1011285,251497.918414269
1006394,849353.302872789
1010818,674732.3420807712
1000913,687618.488372321
1003216,245452.1627298627
1014885,553315.4063377939
1017433,908347.4223165461
1010948,947067.478284264
1010391,539027.9431877895
1007469,1234442.1777068006
1008083,273050.15907100606
1005548,193937.02523756408
1011085,560040.5609799735
1010887,507988.7447918196
1008880,478955.5918907365
1015537,363167.0666162216
1008348,492170.5852600819
1008437,152839.69843300528
1005224,152066.0405453803
1002437,482926.7234452497
1016909,1255014.803826679
1001113,969770.7435158929
1012508,388701.41357239924
1006999,308428.51388514927
1011170,177935.4100036266
1001139,301332.16870986536
1000428,658035.0841910391
1011994,386922.09705138823
1008024,553353.2065579955
1008778,360637.86691656423
1002422,672599.4479692151
1014531,286135.781339542
1011558,923721.8916474512
1012382,530338.6897743529
1009787,518925.7921120846
1008632,968525.407866301
1013422,221855.26715431543
1011242,660845.5843728604
1008630,411015.38278297504
1010926,440148.8018658722
1012470,606706.82069721
1010086,233225.18167225458
1011413,363415.24503605394
1006743,447526.0768712038
1009939,797451.6973990168
1014370,577915.4067390893
1002972,346275.2025379116
1009088,298440.4670043274
1001539,1122093.2954521498
1001303,242654.4000303911
1011100,245064.99786312104
1013584,519866.01409950043
1004934,503554.3568552143
1013275,484782.6275871856
1007215,1032980.259713634
1010773,622138.0466691696
1007837,313457.86262387416
1015937,319764.759007873
1014294,995070.4101975112
1007208,1244802.818076592
1014819,182818.19175721303
1001774,805917.0931936263
1013895,555596.2136640386
1017370,153873.49809206367
1008115,540127.1949302378
1001752,596360.4417666178
1012482,1117945.682838231
1016468,623293.2921377062
1013123,518683.66321695124
1003952,337551.39549803524
1003666,425469.7354123572
1002877,1066784.0457094475
1017435,260141.89978626874
1004237,555775.9408003084
1011078,662215.9712539637
1015683,702686.7542480585
1002137,193023.25403274246
1016059,515206.860854507
1017069,868686.4283829939
1015900,585359.544623311
1013801,516296.3453677629
1005320,635882.6882069119
1016331,765726.6835297461
1010865,566837.6245034442
1015203,918304.9980652066
1002840,617194.9400719278
1004310,426151.3637677568
1013128,385033.5486737449
1000518,389940.4963166824
1006756,1349512.0685775168
1003994,350437.903689584
1010862,99492.56591884399
1014395,221061.00487429244
1007030,627236.594983156
1001340,522080.6325666294
1002127,466718.2648592644
1011180,268915.7507437345
1010708,814200.8934090949
1012385,585676.0269280439
1016721,264833.9506795221
1012527,504346.9349619357
1013856,402195.0284060749
1010745,467839.31049622665
1004087,465713.27255356556
1010673,623723.2023790354
1011114,414680.15953060484
1011033,413926.05284007406
1008332,196620.70735521207
1011150,243856.84140416753
1016920,525730.2360750507
1003687,486049.0707622649
1009727,219631.22180028318
1009058,277685.29146610596
1007762,382824.7747859003
1005065,621632.8640353252
1014868,442018.57354462665
1011159,388615.2932385882
1009343,492523.72018026724
1005676,803363.1490584746
1014049,793559.0261107686
1000890,305358.57304163056
1013665,339735.1603847093
1000382,220613.54809239326
1013466,147677.27020540336
1007977,569351.935607735
1000160,537781.6576320665
1002538,665917.3211584339
1004951,403602.6597645615
1000243,533796.6964691785
1010396,661391.4010984258
1000469,740525.7571760498
1002262,343409.8418450087
1010299,854445.5122271611
1004919,1031124.231889463
1001982,744382.5892701178
1000189,401355.30789184914
1016296,202008.1148023665
1009819,724692.7864054232
1010039,198598.6578064127
1008388,237680.99323581878
1012175,540187.4735477346
1003866,663964.832749451
1014361,215521.31129665635
1006685,346329.69398875063
1004522,603388.1122217794
1003465,404205.56666507106
1004319,236612.26136388406
1001764,336249.2495788131
1013892,811177.7816838954
1012777,605802.3871497015
1004929,377933.8420987776
1003609,402726.2779266067
1006152,369913.1222396691
1009230,843919.3392262578
1016288,639923.0553306299
1005433,810626.1149231325
1006029,207514.29601970818
1015853,619143.1255447855
1000415,607314.0118244084
1007010,366874.8017444739
1011476,331441.8768193298
1014639,337930.12354911957
1001714,1238254.2906747996
1005788,387443.2197637787
1007323,138762.65690029814
1005690,874679.631157955
1002790,534817.6475789219
1005734,518072.20715938025
1009703,242885.78712107398
1003287,1241179.7418710538
1003953,319712.90686698275
1008748,384484.59657012334
1006412,327722.31983409834
1011754,486789.3552881044
1004948,866490.208286962
1013824,334023.53922239784
1011891,394358.3925817152
1001803,685009.5988106843
1015342,753086.7170278252
1004196,320693.9845664569
1002864,546755.612802421
1003794,476194.8907456408
1007920,267791.10156015155
1015371,347978.48340718105
1016467,425898.6338576495
1008141,404638.284706708
1009925,561805.3316993872
1013601,962718.9328313078
1015130,640398.8022191384
1001474,360037.7428545906
1008070,376664.8194142358
1002011,315699.65157772036
1005454,240008.03869716168
1012542,592269.5377477948
1014657,1215087.4876770806
1013420,387266.4691568686
1013793,622995.3599656346
1005381,499564.2367005136
1013126,363532.30078456714
1014784,386641.6352446552
1014269,145672.2358467315
1013465,222639.37839943843
1006102,136783.54050671615
1000472,328100.028415062
1007685,1266207.357328629
1009207,433058.49245474854
1016689,461410.6917727038
1014007,328462.02119667776
1010437,399857.3379665558
1013785,275983.0728295333
1011019,175663.9721326134
1012553,347314.25734039885
1009223,377034.71747096494
1003593,672696.1206508855
1001463,1205861.503160502
1007137,377531.1369386168
1010073,389287.4133915945
1009416,385620.5559835328
1015138,802864.6337546825
1001158,558568.6654804312
1008547,720992.631548586
1007820,599763.5604472852
1008834,651127.0112780085
1004669,239174.4645313937
1000013,278837.5800941379
1013283,166611.57041950387
1016851,240153.30906295642
1003356,450084.0068800068
1016465,451488.90846350905
1011964,569038.9905642595
1010602,720891.7058059018
1011230,249934.97869355313
1007122,356399.0672559461
1000418,157808.92152040201
1009148,211451.48059988883
1011581,827611.939722162
1006847,717623.120291576
1004981,612749.345778062
1015358,1338172.7008060433
1011330,654533.5362616819
1012879,633505.6548830973
1010321,273181.4906644574
1017248,191808.05572503907
1004078,655966.5280591237
1013300,698936.9691307928
1009931,514875.3345852094
1009555,407411.1890673564
1009365,358718.89558842685
1003170,1290690.2803626487
1009196,224484.63511512836
1017514,203065.7596017117
1006904,331596.8477115182
1016803,641937.8903226752
1015876,620484.8551808338
1010858,833696.4158043786
1008255,785343.0956110111
1014373,293519.1016540112
1005987,1242431.364308162
1001652,500882.3933981421
1001813,849506.6468869024
1009496,679583.2615485974
1016863,364328.4724297047
1016270,1145079.7664128935
1006627,324052.9814223366
1001845,397982.4562031939
1004997,419178.10011200013
1015437,553669.0999628654
1013212,248558.17150208837
1005444,427874.0301296127
1011369,179367.1638507052
1002647,213768.98031163923
1011363,373278.6470976243
1005728,498917.2050714006
1009067,248144.83542841487
1009209,734076.5996197467
1010132,96476.54028677185
1005856,556589.685862637
1015543,303722.71337417193
1014502,1201430.333962345
1002651,250788.0645997056
1000687,167435.35238648322
1006674,271260.0662376699
1001140,583996.8058631192
1012839,610175.7345296853
1010767,495287.94513705635
1009903,411902.4347708333
1010930,415658.5600483002
1003064,445325.2469728355
1014705,573634.8284565923
1015637,1115699.9451210166
1016514,252238.8696108456
1016768,1107976.2694463145
1015719,456132.7388991939
1013699,401105.55043942615
1014016,826830.2852201763
1005141,942317.6269798204
1011294,345707.1153685621
1016116,221507.3729591674
1003375,693335.9252625494
1015516,429721.4522093006
1013220,825235.4436051332
1000377,503816.0215199604
1002968,918557.3157987553
1001696,154969.75853630115
1015675,222824.61165872312
1013787,944845.9862517783
1007909,375707.5263327218
1011810,188439.42053204586
1013544,522279.42346414825
1008155,273309.16425400716
1005740,548210.9565724023
1000494,358010.12568617373
1016110,255661.637284974
1008577,937000.2153487898
1013761,314325.16196802165
1003927,578273.805265871
1003890,569991.7899187222
1010413,536249.3964160983
1015044,974170.9040966312
1001938,595783.9272670312
1012723,740250.168647047
1000740,627039.8365001077
1012022,1394469.3128324985
1009629,240452.3647381282
1004877,497817.88457030983
1014889,499388.0548263944
1017349,295035.9588443917
1003792,406540.2647701872
1008486,186977.81159698704
1014231,479737.3856119059
1006582,469447.674294311
1015510,397531.9192396382
1001589,753787.6144655808
1008008,785692.5417612935
1001054,141686.45076919015
1013896,641439.7856106384
1011305,335639.74007278297
1007919,438607.11903837766
1017511,154112.66716453942
1016052,256612.30511124985
1012759,760476.9744754621
1001912,375829.63043963513
1004235,520343.79158791195
1015208,632871.294277806
1011870,389086.6374024607
1012665,336170.624913112
1001119,432590.9584715304
1009873,646245.5021218865
1002526,1107553.6196675133
1010459,342079.50331151224
1008629,751797.9764025204
1004382,803019.4180402273
1012984,210763.42893905667
1005726,151641.51976055405
1000096,531876.1070524583
1003774,449003.88320308237
1008914,618805.2199350732
1008461,287309.2601949115
1004782,140031.50931189928
1003791,967586.5196048617
1013976,1030795.0770633438
1003978,429090.1741951111
1017134,743283.7791671976
1014692,824009.8112268168
1008745,220760.58409797814
1017561,518186.1275859663
1001129,440544.1935128481
1015536,676919.366380212
1015508,517352.3539642295
1001355,211847.5729105806
1004449,413411.25739503774
1009261,504247.8491703573
1017158,145694.34533280518
1011328,322967.7441033847
1000635,957814.7365322744
1000542,552725.8873562255
1014444,516928.235142179
1010029,522730.8947386313
1013354,473670.489858999
1001407,522534.0090152206
1002039,246676.91811901174
1015870,890910.8986721402
1007823,350352.5811667875
1003816,344508.68214862107
1001218,262773.0790511521
1001387,408746.73195589305
1010711,664541.1314492405
1004105,432402.68172634335
1017296,225730.0312396079
1003705,838371.3442296187
1001230,718798.2282759759
1014289,763625.6821865233
1015284,1006509.0980611318
1009616,883673.18877705
1007401,410179.6459230244
1012246,871647.9872257521
1016674,1025794.5582476358
1011321,561933.8144084818
1009712,850050.6939303665
1004464,442161.7568581576
1004014,555374.6624233981
1001537,96379.15477655802
1000211,723218.5237465953
1006646,740956.1839878013
1009008,895993.3082734499
1000861,578948.6913064537
1007661,983931.3213959006
1005121,407236.65023862495
1001690,471721.3309699695
1009806,341702.41628909105
1000541,749846.2346343249
1005272,250509.56548829965
1002462,958295.9530650906
1008237,363208.6579894176
1005231,454304.4610100012
1016094,745620.9437301114
1008444,677207.6713696814
1015120,563639.43796361
1007251,911357.6169418407
1000059,739072.7447049103
1007185,923172.6643614548
1009836,493784.8768559004
1014026,383878.68365348806
1005296,464132.7227809922
1000286,452263.1283517002
1007178,626512.9781655364
1005311,629033.3113108224
1010023,1253813.6460674293
1000826,162390.80586336847
1013639,135066.8184993191
1015696,340598.06809053157
1006549,375484.7410895332
1013549,366871.6405269544
1000578,477218.9306890048
1015697,305072.666879914
1009669,583837.4714952566
1006498,354099.83950356586
1010047,270022.85405989963
1007523,394313.6860493678
1006153,310618.4498217031
1014165,223371.2383117969
1013171,612489.6558352791
1003767,444085.5535254034
1006962,401945.2635579008
1015512,634876.2304731732
1009312,572048.0367083744
1002069,777028.4464115193
1004993,363056.8689864417
1015776,897516.7561838117
1012233,1002779.8951901669
1010591,321657.731215736
1008886,306259.6629451434
1009279,432064.0693460864
1010245,93822.36369846227
1001117,327732.7033215217
1016203,954835.3853362715
1011198,748162.8811871549
1003552,354575.1991156991
1011766,432715.1947856515
1012267,388577.4612861171
1008831,174733.31030138273
1014641,387381.337205511
1001324,664379.2266712702
1003620,223874.5192792211
1017413,196943.82644926224
1001576,400084.4270291215
1016742,529797.8354242003
1000299,633232.0819167884
1013936,311594.8238280128
1012063,293653.9810689029
1017246,652230.630252879
1015110,442040.608423661
1016583,1101530.1618035485
1002200,793706.1538352814
1015325,568561.9458807494
1017574,739048.5936981778
1014104,693817.5105472163
1000014,492197.3972009331
1005093,741848.106312963
1012432,1257374.0990015792
1007838,1016504.8654553803
1006181,296883.66406768694
1009319,641338.260732861
1009953,290369.654844834
1011291,554103.526483005
1013695,273067.40339031187
1003520,563043.0827028041
1004207,479668.91504149255
1000489,589739.0520253081
1013696,674260.8042268181
1006389,260528.98664751722
1009697,168713.05363180838
1002734,1015989.6902017386
1008300,866077.3524742589
1014378,454523.0306765398
1014948,1163416.6546075176
1003009,1119321.973802251
1000344,471404.2850331017
1011627,343591.5836633631
1011444,690058.9227746672
1007802,757943.0408252267
1003466,162885.90433323313
1017340,1120398.9531951821
1000831,648121.0944238313
1005399,240138.32139981238
1016722,342081.90370042744
1006109,820844.3577027849
1007601,305341.7891551138
1015878,729753.0926035637
1009395,592968.4273570321
1001141,499907.6029774622
1013326,718753.9768547313
1001477,264636.9311202784
1015407,198042.54406999337
1009817,291527.3430802392
1016734,245756.08475918803
1003446,243440.8280612729
1004786,400000.30563071684
1000031,395286.77651111403
1013143,668839.3578429766
1007514,108294.41437729463
1009998,269332.85930861544
1007897,675305.788921997
1000897,844251.2620247913
1005421,1158128.1761673866
1015421,588437.835383285
1009981,127388.1407894726
1002116,560282.0900794092
1005630,926922.3279699787
1009354,207225.75878792763
1011814,303630.644016012
1005547,688487.0586271652
1003661,468793.5294442166
1015098,296621.0598664279
1009033,119572.4707785918
1013618,1002157.0862672963
1012639,246340.02446906993
1012838,336796.28582275985
1001438,895166.199986513
1011763,119833.055358915
1006423,434527.1326573469
1012877,556304.426814828
1012673,221809.70584117758
1009222,514036.05282906996
1004592,349580.3468999337
1004366,666777.8878347719
1016968,487875.55401111604
1002724,600129.8168130997
1005375,316656.841097542
1015210,379511.03549020394
1008575,528855.3278640133
1008812,296741.6646105116
1004952,340821.4986197224
1000332,1016917.4327054339
1012852,277865.72168281575
1000390,406856.2782574702
1015945,476306.4788749727
1009135,885569.7619081202
1000095,1213314.043079375
1001859,573849.0895186804
1000853,637040.0835781206
1004425,683745.7725266406
1000386,360549.06354221446
1006101,476031.5328512302
1009841,512413.1576744376
1001148,605011.3693847678
1016567,506936.1372723351
1000413,382195.2437145597
1012322,417581.6480124871
1000284,430970.4192516851
1000820,332919.6769975643
1017108,629124.076377208
1000973,268621.9471645391
1011270,267092.38802215585
1006425,484655.5528786231
1008672,926278.349395702
1001676,606037.6633154857
1014772,381270.17834222584
1015502,264108.05016990606
1015306,115075.634656168
1011567,1245514.9490023307
1006119,267698.93186150584
1013467,331922.12461899745
1008953,427004.17828202836
1000180,917788.635706526
1016840,250581.48630707705
1009627,257325.39869402314
1015236,820195.3162402689
1015554,380083.54853026744
1001604,915844.3118562961
1015805,147046.2573358278
1000423,524388.1288843387
1010005,867402.4554288568
1005386,320200.315531496
1000914,401238.988759667
1008466,422861.762801371
1011461,673500.1109192417
1001635,380174.7917332797
1015799,233890.64921164207
1006022,403550.4910932461
1002628,1033186.9650375365
1011216,494972.6180409539
1015810,402686.5619076952
1007687,266433.3144560509
1011406,574539.9515995285
1012469,369386.777719035
1014421,1251129.162728319
1000838,594326.932698042
1013845,319781.9377113147
1014856,356130.6768614414
1004108,322978.0432623497
1006580,382548.1419235215
1005155,445942.36534559424
1012192,449772.86118914577
1014216,1209207.7875722304
1011884,252419.20113960168
1009136,355712.07230566203
1014634,558963.3215530664
1010434,189501.59618994046
1001890,1140110.4921176182
1015001,397160.0025270309
1013650,439581.94474119315
1003743,389241.6315641276
1003447,329050.82578132703
1001022,210817.5943093673
1013521,130208.16331189478
1009535,665807.1923991684
1007465,493164.9239325988
1014360,240100.01159126498
1007825,255210.24170051978
1006431,409783.17241111037
1017364,309917.7788501119
1006134,171914.54628922377
1013202,269216.7361476999
1011069,778769.3958953966
1004742,339869.8926988416
1013790,507215.0076558648
1016955,295672.1250056459
1002814,258895.39805523035
1015443,446255.0403059135
1003782,137221.3154503251
1010800,927864.4181186882
1005996,404408.55762140366
1012511,577571.485032869
1005043,981037.0807106008
1004427,426198.97993664705
1007940,487533.43357616774
1005462,404327.8797779434
1001443,283446.3490526754
1000242,840589.2463935448
1005304,177906.98110341714
1009808,428167.3712150472
1008972,427872.4072425406
1005552,453523.11648075416
1011924,240421.27512411567
1017562,350556.59911784664
1002837,423705.908996864
1005277,761692.7404120353
1000300,1275566.9237172692
1015541,209900.15426899583
1012829,227726.311408045
1012254,213833.76885025945
1008457,624929.7303340829
1009883,472881.14923865715
1007406,393948.3837849886
1009844,385570.51336944615
1012068,508700.3665715772
1000370,409581.5812704187
1016458,733692.7016509784
1012155,871098.0412176927
1009169,433873.8593187673
1008301,1140416.594246921
1002984,373847.04894634394
1008085,438920.87190982024
1012779,358698.4984158005
1016262,210585.93489583393
1008295,407979.726966924
1003438,172163.96167566496
1004091,537008.4387530071
1005779,1402237.1285533053
1008865,956180.9211112618
1009992,652040.4416719774
1011565,200884.9795957541
1013958,430111.9677331051
1009062,270301.1785072756
1015245,338615.5802275071
1009201,410167.4371235879
1012319,951765.3161840099
1014678,350820.81520174735
1007545,167957.69864406856
1011220,369037.51978961664
1005373,1245604.0318650983
1010332,390406.73969870614
1004389,1363779.728356559
1004529,389465.69104152854
1013878,415170.1669771219
1004333,1173225.3441800573
1009019,1375920.4434246917
1016308,357771.1813412887
1011323,542412.6585040498
1006701,1056099.1991911826
1009649,321361.6029090755
1009964,997111.5077868176
1013891,613612.7629031425
1010981,273135.92366591486
1016680,294087.5862330283
1008338,401672.15469526924
1013503,442693.15236374596
1017421,605994.076316383
1002996,1045910.2360624385
1009493,736509.1398216236
1013414,589433.2356500557
1001185,374547.7943362161
1010578,356906.4399849414
1008675,806057.9498594138
1015093,981660.4787730259
1006045,625496.446015395
1017383,1242654.2324626485
1009499,683700.9377524867
1012893,227519.46051645113
1004734,488076.66471808736
1016573,347143.1521205746
1012499,226506.87480131155
1002351,247949.65083521622
1002602,1068148.26518711
1016472,203413.59735350253
1004259,442336.14529602457
1009204,492453.78367389576
1012405,362006.080470079
1001447,631096.9200539709
1003143,672619.5264123545
1004286,331889.93184780324
1009258,570700.267096049
1001382,669781.0201750491
1014625,651129.2243194395
1015867,129844.22261929762
1014694,1065579.463873466
1006391,450549.8086912875
1002995,90365.96698048632
1002624,501072.70102760877
1006417,545447.2270186631
1001400,852487.0525986388
1013192,355930.153606106
1010285,207346.35173419156
1006942,1185435.4047318688
1006936,432399.41013377736
1001203,251826.5599956149
1003515,512856.3198930812
1010980,579937.3957044949
1002890,416497.452944036
1002792,468087.5727368438
1011393,674900.1330489056
1016683,238383.23984602003
1007756,317931.92600470467
1017237,993046.5591021731
1015091,110417.34777546709
1014954,179600.98135918129
1012809,516146.91321591916
1013533,335496.8269061367
1000508,832640.0920701426
1009818,1004038.330505826
1016156,596236.5334869822
1017373,374118.2646266763
1011199,262570.30944466323
1007262,318015.880877776
1011727,150861.71970504426
1015270,1073737.8769337006
1014976,867356.1248186418
1007616,336456.8454632914
1000117,1073727.9783498913
1014393,661554.174137248
1001296,618347.7513044381
1017531,146307.84568361004
1016604,472499.5150262386
1012398,451686.43958322983
1005595,820322.1601438585
1000520,311804.31837249233
1005172,1143938.5747337993
1011720,289328.2683308526
1010209,547975.954622869
1009403,1102541.36825412
1012194,1045905.1271697097
1006917,444479.77085882076
1010595,509696.77626424894
1012693,186222.21430717982
1012735,518723.45685841003
1016297,573582.2193267661
1010660,368546.1452146163
1002046,254836.15802734223
1001919,295231.8589095056
1001746,82735.22690571452
1001709,1384256.9288613237
1010890,724730.1911597745
1004960,663156.0985748002
1000814,853395.3797958337
1003187,438706.1984670255
1009002,926753.8761314313
1002017,166480.93407821984
1007942,144036.1087236705
1009785,357204.7358015687
1010446,177105.81741773765
1008992,598841.9308155824
1017146,390789.86461921403
1004918,524903.5228257813
1010855,332190.8315996272
1003260,529139.0548737654
1015194,163433.94742113107
1000662,914978.8213281796
1001314,181420.14796986993
1011576,354306.01344121376
1001663,273076.93224926904
1013712,922415.9674659269
1017143,745655.0231222316
1002583,1293244.740347338
1014110,238193.6049351882
1016007,1188450.2872436245
1003719,153000.5429961668
1012003,1039780.4417857417
1007758,587157.3409127805
1014302,667858.2845427698
1006586,556722.3863942598
1017250,277031.64381261537
1000197,632501.1747795412
1004992,376644.10532073677
1010929,354667.28406448785
1008528,420043.9748660119
1010104,991896.4397749513
1013449,188928.99100621117
1016016,861024.2514617004
1015292,616035.2235070039
1005692,340135.0508067509
1015704,240307.66824708492
1014499,359029.25713689474
1000603,1094483.0023550384
1005294,487900.813866272
1016255,690512.9560416267
1017326,510279.8074801014
1013592,1241065.5934860078
1003247,465955.24870647717
1004794,443959.9465014295
1001761,401777.59575970663
1004330,417114.6080830596
1007657,634688.6684228962
1012899,343748.7527636654
1017342,316789.12766985706
1005912,728510.7519362433
1015795,284728.10796586407
1011026,690957.7817846574
1009327,428787.96202593186
1005711,421726.8841418338
1007076,411335.2274052075
1001213,707222.150816771
1016386,543514.3703116524
1017182,423046.9932208635
1017214,247479.38978233325
1011840,231520.0948710473
1016474,491773.69499486656
1017588,475957.4791655845
1001283,327785.9759564898
1012089,343561.74611463066
1000957,514770.06858073827
1006173,186606.0364954399
1011583,196005.71376208568
1006221,501011.60565117485
1008014,718725.144735657
1000757,572569.7305234871
1001339,209137.9503054368
1016872,374093.7053402203
1010300,262194.348963668
1011904,160703.20687670022
1000563,172397.43323802183
1001544,191203.7257639612
1008144,558789.4844047285
1007027,706750.6899655262
1000720,852755.5975071242
1003205,960512.2024717232
1009728,568106.0710125805
1017301,356560.7852148734
1016806,447949.4611475826
1000065,364920.4571730879
1011030,463791.1401830407
1006920,947146.0969530955
1006090,735295.2899459525
1012020,97553.46557993678
1015645,508954.6917925443
1014602,954355.7788305986
1000899,762614.630784971
1000730,874038.7114414448
1001506,288956.8101278845
1011343,606811.5105102311
1002557,341541.1155899501
1006630,971309.8602746926
1009391,311094.51435813773
1003039,1155131.8619893226
1015796,503548.18784445256
1008859,350437.58013911004
1004297,129274.44023633553
1013473,469511.41424926365
1003322,434301.24839134247
1006379,392835.5792094486
1006098,666291.2066595728
1007351,926893.5468998041
1013166,494130.53640826256
1011081,552833.5276385404
1011527,673946.9732505223
1000068,420425.43162978406
1012530,505909.81217541767
1008419,341176.8782348455
1001954,474015.4497151645
1011515,1432707.2124228547
1016224,929036.940777387
1002230,725470.6798754077
1006606,489120.8102299547
1012224,506645.82167419605
1002537,110246.8697823604
1006734,587439.1180015162
1013125,1093905.8426782817
1000938,816679.9619486029
1012312,395601.4330181322
1007005,1155542.816891751
1002276,718377.8199890255
1005510,1394494.8931565864
1001999,453371.5724139298
1014441,241785.5919440564
1015299,480705.02764064696
1010601,743765.7245994789
1003281,440658.239768639
1003801,1247947.1907660705
1006035,370839.40747971967
1013705,629741.9575599921
1009843,376880.1253610116
1003014,1195585.7044303815
1012437,300296.5042969179
1002332,379376.84821099084
1001038,1102679.0858966585
1016829,354557.3152685826
1006228,436813.684962099
1014247,202003.03550187175
1003410,323622.6733865462
1002122,270123.43229247694
1008592,514625.30099617335
1017211,285152.1445904292
1005687,508890.4965565403
1002035,472034.4779466635
1005556,485121.8541700193
1006392,286357.3225307487
1010152,1133430.263013312
1008963,994969.2966622419
1011632,457372.52804951265
1006130,1307595.7711361723
1004134,585906.1297880824
1002155,207299.50699795436
1015820,224588.39109174185
1016188,388241.5422487463
1014802,721366.1224009318
1011519,315220.0027419427
1000685,438901.84539132746
1006571,297210.6969994597
1010793,693608.2283685132
1004421,821379.0714000744
1015701,993778.8318072374
1004482,452620.0818116014
1013230,612016.145363321
1000295,260734.86661318332
1000884,606210.0204340405
1012457,363736.6404065066
1003015,246914.69144530786
1008942,471792.39307902276
1012729,371458.3060489946
1008973,301295.4461074162
1013490,579022.812968823
1012999,822106.9879132381
1010393,258426.1909287697
1009080,344476.1159842483
1014080,558533.2588324423
1002400,211154.38494619806
1010970,232644.01955220307
1009919,172187.59077668723
1001465,437161.85072863294
1001068,459736.89908480586
1010726,514417.4841438269
1001686,1120963.2886075664
1013083,674797.0236925965
1003926,563850.3808824919
1008741,462145.8457303934
1000660,488218.82589074865
1011219,147308.03013377337
1001332,121812.87013992005
1017198,297918.7777917788
1004959,650521.5305241881
1007773,144232.23071696082
1011570,461560.7261688349
1009272,144005.15328428624
1003766,182639.5229927221
1003083,187443.59436512884
1003444,352859.8062142788
1008117,562273.6346435567
1015614,392141.73718152655
1004182,454119.0512905647
1007184,649857.3284033473
1005745,1111391.076480865
1010966,641431.4301820118
1016356,247081.30186849984
1010605,521261.0356210082
1015401,489040.04976754845
1002459,265486.2153194227
1013407,330634.59252873046
1012161,527877.1678100993
1011607,178777.91857833334
1003586,458361.21838055464
1009874,284007.0021367988
1006599,727201.5425675543
1017333,697951.2262595657
1006963,507046.90728562523
1015122,785274.0542786665
1002957,232979.6583071533
1004657,362497.29503953387
1009160,457306.3343719344
1007847,465421.85667685204
1006902,399648.07512295735
1015376,694319.7005389372
1014708,392580.4841430111
1000575,276211.3832177613
1014310,178178.73219051093
1013221,349332.60149580217
1003092,318093.70049420424
1002691,427746.0672220465
1001375,1153776.154559093
1016447,1363987.2661837246
1010403,420202.30776732817
1005261,559849.5555863881
1007868,506041.7708522612
1002344,643486.8070351889
1000945,534459.9966107848
1014243,350947.8293561041
1006407,539200.0168215604
1002111,882497.0458186205
1004581,387118.88040091406
1000459,270827.15250364516
1007222,1231840.6700722836
1006357,1067593.7734740218
1010566,802141.0847162786
1002954,326961.0288695159
1000007,196387.94599575078
1006982,331085.2346373275
1000250,1085133.222594733
1012703,258837.27358879827
1010702,336988.76479749667
1013749,1364664.390023722
1001291,650217.9366392813
1016991,1069257.8412973909
1007267,464878.3041539472
1009025,234850.98493898203
1015076,1272889.4561137506
1010020,340181.14224569156
1009855,783767.2531204303
1000976,807236.3050172123
1013987,981693.0582170693
1009057,235492.44595633648
1011971,544649.3426902335
1009501,340098.9085796634
1010664,793097.7698879784
1008933,1058662.6299383163
1016710,428119.07637407177
1011876,341671.3994940377
1017419,415190.174819521
1009162,481425.7109662898
1008399,531458.0491701312
1000145,137125.124989253
1014838,263865.8565666173
1015165,222098.52879929054
1004183,821432.1929655508
1005443,322632.31003700825
1012363,572621.7846216833
1014774,644519.0378167407
1005822,924615.2136897743
1002944,235101.06219411964
1002682,826776.0455097528
1003146,243315.30859692654
1017428,577421.9115017381
1001487,778327.7345555509
1005717,627817.0679461961
1012917,1136609.72145389
1011506,950127.3864648005
1007659,144376.91989541546
1004261,299528.3117750003
1001832,404045.6861204184
1010463,872643.1771600873
1000331,1239951.5944009747
1000692,262529.71683228546
1001285,467578.77476508426
1010417,706498.5774661244
1000760,1012280.9833613662
1005554,1257785.2317760924
1009470,282725.36469374807
1005656,167201.1522860932
1005380,692853.5639440347
1001885,773913.2812216192
1016318,499248.18006077147
1017416,474278.91722175555
1010373,679877.9051337411
1004977,162298.69130070438
1002178,237024.36877438708
1000933,143420.44247413642
1011979,498607.45262571756
1000466,706613.8387200809
1006030,376342.6650743525
1000244,180444.27784248852
1014402,873517.3157839337
1015832,773611.1627092398
1010678,763533.5769287458
1006205,677344.5958160298
1001807,525183.1815472394
1010805,499622.19018982153
1007371,262517.154098253
1009456,239699.33600936437
1012942,436284.7469320543
1013769,1163452.2162458275
1000840,494679.84448689944
1005817,550138.9234640124
1014811,1004436.7528543519
1005971,1331601.0705790422
1006352,310066.6476485825
1011641,783439.76294053
1012849,191029.5148646872
1005447,1105408.367907728
1002328,170315.81531532356
1006137,497127.3238073528
1006011,855488.1486825396
1000279,725839.9439749059
1010507,843363.344849805
1010360,128736.41942133737
1007229,1147413.0180546814
1010962,440123.5993713532
1014743,324665.8366101011
1012560,1177612.8684343752
1017161,312885.7783236331
1016492,116055.0983684546
1004544,432671.0091080117
1009586,402627.1119195096
1005850,493921.4597026819
1007800,665565.172956988
1012120,221059.60017884124
1009423,359453.28614823805
1003048,1320637.0977712476
1009758,873447.406212122
1006252,501113.73517965083
1009440,708031.8792275127
1006198,606453.1044046015
1001310,463838.619239978
1005706,255560.2338397742
1008425,642124.3373310503
1016381,188396.66053155076
1002229,362143.6903265268
1017595,472684.5296623611
1012996,614063.4759573431
1004680,317152.1714075768
1004762,1254874.729092337
1000144,591527.4296349391
1016232,257036.6965061858
1016642,517940.68605899607
1004801,246527.7710438364
1014630,883731.0130060703
1008665,98604.12612142539
1009665,562605.0790592307
1011705,496136.0440842594
1003223,505653.0678949222
1003543,163568.51870010194
1000348,411298.6159213155
1013827,522483.7342469935
1008433,294478.09022119956
1008560,595992.2492678321
1016476,794248.9511465766
1015977,434758.13350301824
1010416,545638.6931152433
1013799,974033.5986656572
1012944,839879.7965395893
1002572,888987.2508450511
1013598,1002018.8669331237
1009351,392419.86671989004
1005685,453898.34499955404
1009842,543092.4937652211
1016322,183449.2173521403
1014282,313716.95731328486
1010690,484038.92412024457
1013444,1133720.2390005693
1010560,448249.919617314
1009281,490622.42503940145
1005716,117954.33142227956
1008380,584491.3957104773
1007004,140746.63137480954
1013840,421010.0594516078
1002783,302890.87311651633
1016235,864674.487372624
1015538,374802.669528044
1002630,278092.5714640267
1016956,661546.3381969271
1001169,540408.937118811
1004519,331717.20878689917
1007453,213135.0703798796
1003541,548915.3550574429
1000715,130632.5394175058
1015456,254347.5632011521
1014760,861867.9297171836
1002463,640726.1236311115
1017545,785197.8473134867
1012833,624435.7207290927
1011127,461769.54374535376
1016741,932837.1773053312
1006699,442686.0774289191
1004595,929277.1457750166
1009607,756456.09908531
1017509,368957.5875284636
1014815,398874.3077281035
1016276,267687.009881066
1015506,459710.2637782293
1012051,654321.5233853162
1008200,780358.3923319965
1010671,170701.44747369408
1002081,578588.2342376873
1007442,1324097.3069678138
1007283,1053109.6646765275
1011048,323272.51299354085
1012997,404765.6263738072
1013307,1273015.4694743648
1012162,531721.7600409046
1001688,737506.2713693542
1008030,583108.7042396165
1015357,291110.2501728631
1005975,278986.08504556265
1009524,755132.9539734124
1000366,457455.96718580066
1017363,1266677.3323447106
1010900,400635.1602978834
1015887,416130.6622618009
1006956,291839.15688015684
1002806,619591.7739251707
1002363,767603.223079475
1014406,263446.43930275575
1004761,717812.2353068894
1014652,337989.354119906
1002662,550359.3933230452
1009084,137185.09687579048
1000170,439968.46976801904
1003786,858056.0159058113
1013016,1018820.7660999188
1010883,512964.8520493624
1012024,847246.0746747759
1017505,623947.5823809262
1014706,928032.9040988138
1010846,1069372.7914391223
1007173,467110.43703456846
1001808,900591.2671748815
1014204,261066.59994079772
1009588,258820.61618170154
1007434,904554.1210422023
1002259,584432.8154130874
1010639,523287.86531099206
1010256,335070.02571119106
1002131,1221217.2321822643
1014383,395535.0706413184
1016487,320924.4517862996
1006242,156352.78891535813
1012375,129772.36868736793
1013930,1071745.4912629782
1001313,669920.4855451427
1015080,195366.00515986324
1002244,377150.4073545769
1013992,366962.2323330614
1004620,190079.22172269554
1013263,625668.5739725145
1001605,109194.46044483982
1016832,697979.9717567626
1013177,914617.4032380785
1006081,321381.4681099367
1007654,252863.10693938273
1016751,963230.0050124049
1013295,359125.8617624118
1014699,499066.3108274823
1015910,1310838.9570195514
1003133,497941.11687375174
1015199,928908.6132180883
1003997,279856.96468591917
1001502,1197533.7034823888
1012923,1357988.5261318067
1004591,676830.584248942
1010627,221544.57047667837
1017230,239116.2532744562
1002510,1009833.8138199233
1012403,358355.36406520783
1007281,255253.1784926209
1011314,507502.0592694349
1009664,636294.0662552175
1005415,536279.3140027738
1014446,323574.7301493361
1013727,547431.4071826258
1006740,847553.2753123345
1005625,257024.89715366586
1017536,463874.06291284575
1006281,493228.68662829476
1009968,928081.1941255437
1013883,219370.4382314703
1015123,1251298.088572527
1005474,604758.7131910238
1009638,515590.54689168755
1014403,735210.8505312199
1002380,299543.41258019593
1005758,514648.9282933361
1007493,191766.62216453688
1013889,643307.4524452685
1009768,463354.6393885132
1017401,400043.5280932233
1000607,253339.23382375427
1000629,337246.9143145948
1002554,450470.84985207074
1012238,570677.9402201517
1006700,274141.99056260724
1005441,572664.1484573442
1012044,280758.11830364243
1009687,145262.775369275
1004224,1248247.7069537323
1001489,493628.36337688786
1001821,1048108.7584741818
1011981,167252.62549874772
1017261,208234.30763573732
1016754,323999.2897415133
1016931,221087.87467529945
1002049,342656.22362614574
1005016,374430.2319762555
1000896,174671.5181971293
1007749,726558.4285571752
1003169,475729.4914119369
1016591,250831.47470210717
1001262,456638.2827968131
1015725,726810.1444648136
1000753,335946.9898967574
1006986,108101.838720932
1017337,1102778.2669304097
1014206,218035.8227617017
1013386,286228.34835234797
1015618,925761.2776927617
1015716,196515.07106865756
1005747,1239986.0036893326
1001517,355980.9833552984
1005348,318668.91795386147
1009111,977414.9856639823
1011947,1215718.2548817375
1009159,790527.5835207428
1012714,594399.7817020111
1014411,231877.71769089747
1006997,696313.9294193534
1016164,409613.2809119184
1014480,409922.8796160813
1004789,474081.07501241384
1015622,278083.5581594445
1006620,435162.07190447877
1013777,1267288.359961861
1010608,383327.1126446972
1004169,522830.5605254138
1015896,747005.7461708543
1004593,780253.1569092652
1006524,1438306.5295590968
1014208,564910.7228543042
1003856,356864.4124489603
1005354,468493.04003252264
1003398,433867.169210036
1008028,385903.75546026
1002670,1003495.6072980505
1014813,760201.6044209822
1012823,725935.3306612383
1007714,804105.385509224
1002991,828030.691811142
1013867,429759.60577440634
1015375,515187.1705523311
1007426,1192459.451906902
1016249,1178979.8082513616
1004655,1104540.1304032255
1014340,138926.70144497947
1009899,416852.8696840857
1011374,1045577.8219572265
1005451,376218.75082609605
1017257,384500.38438082265
1017441,390293.5954277338
1013651,341929.2538934725
1015527,303936.7467025233
1007955,404226.350963874
1001681,190039.90008300196
1007844,680020.7010859817
1009604,289938.5707514564
1008499,149396.44635700365
1012894,330107.7750901616
1008462,427505.0369607133
1001221,854590.4622681626
1002675,965905.1277896537
1014346,270440.57698518236
1012691,116069.29670340026
1008759,676159.7245636169
1003234,291460.5964416666
1016691,448280.7437674835
1003408,981132.8665456856
1005306,678310.789054794
1012512,329799.66806529387
1005830,377791.2147909625
1001931,136110.96958142522
1005319,1267071.399662721
1016841,562573.5635713062
1000594,379747.87884824845
1014790,212062.48550678146
1005957,438156.1502732967
1001619,497398.65900732874
1006113,843217.1601675766
1015412,993450.4108612774
1000845,824774.121669734
1010544,436394.5505889545
1005985,756735.5359011004
1004414,328285.7147252693
1014750,731052.1990886343
1010559,954156.6345209184
1011532,601082.9830655088
1003922,366312.2805287841
1010474,254594.13292992595
1013656,1309669.547050587
1015669,774106.5406011591
1003542,1365379.1858833188
1011161,408306.8174600521
1002700,398805.5474224571
1002301,880761.140137533
1017446,379920.163442101
1003244,229600.2104627879
1001670,271250.24920383847
1001822,268318.5855433075
1008789,221860.10423967658
1002771,570540.7194257712
1002744,483312.50579665287
1011238,415035.32753789355
1007219,233308.44051613566
1000168,660909.2443797484
1014944,695623.5809608029
1011628,871024.4527435136
1009024,295914.64056903624
1013487,391304.8219921923
1004335,177422.12203947542
1016114,691771.0504790819
1002207,844308.7486921075
1015090,1237488.5829397587
1010460,495838.02104094607
1014307,145551.8725024045
1002377,495480.6615705985
1015425,596567.6358409483
1000613,807394.6486278296
1016550,445857.0023017943
1014145,178599.87861664378
1005342,518530.6456720652
1007328,459457.05051726784
1013835,997432.737170213
1005088,1280741.7664570408
1007590,149908.71198417817
1001603,422695.1647079898
1010831,1145140.0153208356
1000554,304760.8175147286
1016352,203001.13001691623
1004695,419280.4683138736
1003564,302196.7054285021
1005019,1091278.8120801037
1009464,663557.7932582562
1017332,808486.3256559247
1013347,219520.95541163866
1000107,566821.7707408435
1002280,492454.08440959064
1005297,492424.48909828794
1015709,623001.456443865
1010359,1206219.4420688725
1015238,142172.82539604104
1006516,405396.1940494567
1001466,342532.2302104409
1010230,552129.9363098193
1005561,235070.75562522185
1004341,1156586.4583228924
1006326,340001.2812991207
1011695,320490.4395020518
1011990,990626.7196204077
1005410,205720.98544979768
1007035,431908.9039747587
1014568,757309.8296192205
1013092,1085831.0943298368
1011490,379536.0134422126
1007345,294019.3540178676
1007435,507735.58105642756
1013669,1031467.2687563612
1009178,553184.1866529208
1015927,530855.0378948369
1001898,681406.8678365988
1015741,809751.7173935444
1002330,648581.3598102072
1011896,921575.869992656
1001508,230575.3124579297
1013664,203374.13513212043
1013445,477392.6121502276
1006820,924115.08654753
1008735,1112007.6753048568
1014981,364680.1427336544
1010257,403881.4744980651
1017600,478267.7840722217
1001096,579700.127664002
1016479,303148.1904780342
1008970,872722.4939412447
1012733,618534.8219377244
1013484,127686.35096546417
1000916,785594.847644032
1008771,547270.729901035
1008226,542029.1300710957
1010555,1200613.5939856926
1014117,237616.16557154665
1017284,967604.0939352753
1005176,223259.3807228114
1013523,502640.0042840443
1003648,1152932.746910475
1015846,792072.6322965571
1003047,722463.4474960996
1013254,682903.8958518953
1008847,235376.31131822616
1001914,732867.8730673245
1001856,456249.4024294143
1000736,385458.56598532083
1011502,1030376.9121613901
1000443,745872.2846580762
1013623,615801.7743027528
1003449,674159.088970642
1010338,150751.7476423052
1010251,437666.4945234071
1003312,687589.0886099375
1000729,1273424.6041129574
1010266,511038.0198860038
1011309,420161.53095315455
1010305,379759.438786598
1017331,358478.01125332277
1017507,673681.5668818962
1017521,927553.6762844194
1004542,1093618.4928285587
1008406,421498.86934975
1000355,307557.6746024746
1007175,473228.64639369125
1005712,302730.9338053891
1007842,275062.4905473253
1004649,235077.38891239275
1011499,890940.6306624224
1013205,1264445.426328396
1006825,237152.40063094956
1001915,1046811.9891731221
1009753,601050.2915753128
1015173,396036.81152657507
1010402,460330.7151844225
1016728,839973.5833609381
1007703,702635.2291962928
1008857,297536.1019622241
1015913,267905.03454755817
1016166,173319.50453265337
1016834,920731.3791564911
1005388,399744.1458922097
1012209,573212.9533308462
1012685,611218.379007257
1001416,729876.6487489188
1001276,225980.26506052815
1007382,379903.6758898347
1014732,445444.26168941765
1014164,1172433.1814837568
1001658,497776.67556436284
1011670,438055.21788870246
1010092,914551.7809698789
1002893,857815.5229183249
1012298,829167.0799858519
1008139,377285.7565047061
1006306,740595.2184533573
1001225,1289318.4511085965
1007211,260859.9284366949
1013332,493346.8377966316
1016187,299612.09019812715
1007873,749852.896913061
1002607,155358.16280199768
1005543,353032.7825289771
1011125,474845.6593537185
1012019,814727.9142355109
1013265,324199.8936970944
1006594,1406370.8653568947
1006398,401229.8354722175
1003744,777310.7504878336
1000441,880060.8823198064
1009788,163246.3953796703
1002574,1003197.1626684895
1007056,106299.41816012951
1015162,376644.9507759149
1011209,1044600.5246886559
1006446,556133.8433991683
1008784,567462.8587418371
1008884,519437.3458383864
1009182,1278711.9965759218
1005644,438984.06911864056
1003738,328936.9902214944
1010668,587770.7195343113
1006054,365495.4608074562
1006032,211241.4698065146
1002663,474495.419041175
1000440,483213.2033062398
1006432,313651.0214003373
1016321,328518.5622862505
1011064,501804.7315010775
1011024,570311.0645241495
1001083,755584.3598734912
1017199,558041.0321274311
1012418,595264.607633588
1006624,377174.3796411567
1010336,1090246.544256645
1010657,471684.4521690594
1015626,322028.41472936544
1001012,823189.4589856864
1006219,279560.0519337797
1011977,998949.7117490491
1009022,430567.10291852884
1012004,232096.06582874994
1016501,481892.304619247
1006085,435804.2630903663
1005111,788943.3312911104
1005419,577150.2761177745
1015888,1100112.8016258704
1010705,1301427.4858892479
1016119,714692.7782746832
1008733,330484.3701687497
1008094,198528.28285470078
1001481,110813.3840666697
1010795,256133.56959624146
1012911,421358.98751480365
1010344,242417.8124134982
1009393,363149.93941260304
1002479,1048983.0424341788
1009508,995145.643335256
1010250,1134602.1078898758
1000787,794745.3722414388
1002446,669388.4340912376
1003203,298685.5659138667
1017202,627293.2214225194
1012898,427781.1743627676
1012545,349964.210516779
1007365,356460.9854982406
1008517,361972.5322133166
1004188,990252.0270943582
1011462,1191177.8670272361
1014331,317536.50280193664
1011657,599601.3175076181
1005377,376336.225127228
