zpid,oof_pred_price
1011541,232992.609069704
1005445,446760.8253739386
1002822,209554.72359182645
1006212,569586.1612422029
1007959,263616.8311610662
1011023,147904.2126416342
1014874,353659.0259846763
1002671,338706.2016465736
1002323,568338.5607903465
1009937,236627.40950430935
1003854,431192.2992420618
1015847,253873.74917752843
1016572,359637.698994053
1004566,517068.2167413129
1001662,361636.6764501202
1012423,207845.61859076883
1004180,1084740.610982892
1000532,450615.4192827474
1004040,403318.3274624938
1009507,468947.0213134656
1002658,245623.17003563084
1012675,1041615.3965080762
1008450,862347.3055066038
1006979,378999.8120418112
1016717,1301298.0532671285
1016875,616611.3707846226
1010928,542072.3830245852
1010002,585506.5342816475
1003930,963642.052069884
1009881,227918.4777278788
1014137,521955.7153791419
1015460,1179458.7221199397
1003712,421188.8533445458
1001869,658729.6148831767
1013663,132391.85156425185
1013647,637742.0543315851
1016041,622162.5652270061
1010809,222938.18149041192
1004106,776444.7577732042
1011446,991338.5165332481
1000342,187191.77451581947
1006067,407719.3043613885
1001131,955194.8907754569
1003424,969284.526191412
1009477,637922.3143170135
1001318,141142.70013558317
1010358,301766.64831630804
1001522,401232.24601428554
1008637,296198.4922401151
1009376,155662.5803825674
1004827,672739.7481779271
1004848,214640.3105805062
1007831,225452.92685951127
1005103,846936.2658548563
1008951,345423.49577681994
1007666,389656.20406493195
1014545,579795.9881846226
1007308,182540.91936796875
1008501,559120.7378804004
1012036,1156710.318961586
1010214,1062132.453961389
1015576,739060.0534308889
1004821,825603.640889615
1015531,389010.3765248336
1013902,131340.00652953194
1014398,581460.0749782046
1001092,696696.0938645437
1009260,917461.1330076134
1011403,411727.16652093624
1005356,1066204.5970256208
1009811,533017.1384487634
1000359,335011.80575508473
1003602,226645.25560870135
1012671,634377.6825465107
1007213,271561.52616926125
1013160,524354.7128593277
1014412,1281517.521725492
1015931,383024.775999172
1013494,539161.0856405356
1002927,524090.9183168431
1012510,1010810.5246909414
1014003,419898.1545710752
1008112,390109.96803076006
1009388,511774.4258680721
1014279,316217.78716064204
1014808,905000.0180130604
1009225,474372.232835155
1014158,369827.69482448406
1004102,126824.032342339
1004070,409129.4479892011
1004220,165228.35163167937
1009655,153627.3614355204
1002983,370786.1128612308
1001348,693496.095205869
1002802,280184.94277982094
1014703,190016.01146221574
1003884,417788.45362229936
1006274,527564.0376969444
1014150,533950.7030553473
1001945,1215343.2631374062
1010924,825040.4063825447
1015174,962987.8819316811
1000396,341644.95568813104
1003019,984976.6574949907
1013090,451475.6197817188
1004010,459928.8137324332
1016515,605278.1014709699
1011082,1250718.5665819566
1016202,184401.71210818738
1004596,477622.43375475757
1004843,423908.7032962677
1003145,481025.22134445596
1016002,208504.42918059212
1017149,546119.6814520505
1014809,817719.4644814136
1010534,372493.16104759066
1009411,266332.132192477
1005586,678388.9911237141
1000213,1156271.337266785
1014621,693198.145238115
1013758,438065.30058615725
1013630,727871.7198335623
1007189,423989.27975834324
1007241,605730.9740800711
1016706,376477.3061424256
1015753,298157.64061913197
1007230,269032.2327313461
1014174,952761.854947979
1012498,403476.5178476101
1008126,255952.32970295296
1007807,503100.01431339403
1002407,456793.05859980057
1013002,498485.2675433155
1016866,240774.61287981833
1015051,461890.32196415454
1009116,513530.87448309694
1012134,764229.6670775901
1010528,176550.48969117738
1017357,1078077.428216368
1016521,287498.6994743261
1010298,491368.8346210465
1004712,415791.7186991769
1008587,365712.77047824336
1015523,136732.62480746297
1004063,479396.4148690751
1002562,455230.049122874
1015767,1184063.305092524
1008314,444572.23606298806
1006718,736188.8140164366
1013019,296473.86641760444
1012090,331847.0441901506
1009600,291706.53866771905
1014434,1261389.4474594907
1009886,368502.6741273491
1016620,481923.36071944877
1013515,248527.3073596781
1004342,413331.59890415997
1015681,573354.7193520326
1001385,883650.8307472251
1005203,373517.14721963526
1000793,163944.5329694395
1000555,893803.9247076659
1008562,580071.5433910617
1009321,444382.8745707166
1009633,381480.41542891506
1002761,782046.7646009593
1004905,365147.8894542458
1011495,522057.1960301151
1009035,295743.22497344867
1015597,700394.7666989431
1006200,351860.225029036
1009234,890101.3012581003
1001307,1027426.2988491403
1012767,750464.153938383
1002597,1264329.8337918324
1006043,435736.0120392757
1015566,1010819.5169122347
1001570,725238.8180812192
1014163,318357.5927371639
1015907,328867.6443675544
1003395,371408.6601808255
1001473,456950.77498772356
1007815,840042.6511916904
1002950,437596.04091308353
1005259,227816.725767127
1001735,1109158.4803385457
1005236,527779.8384434211
1017215,396365.92519551446
1014555,322055.8445420806
1017172,539617.6981550258
1011432,473696.17777586426
1009418,488898.2042575671
1011535,447177.43998012587
1016808,339036.17671013076
1005437,358902.608874178
1016830,472441.5926038427
1005694,911400.1431352578
1000790,165073.75294940732
1010884,174177.89355028956
1005038,367736.11649885366
1015316,1222055.3798684124
1002929,1008217.3401353885
1008179,367189.78807725414
1007653,654749.9741001761
1005542,690825.5649262355
1004840,361153.47086884064
1006593,1147703.101612646
1013372,793571.1074536276
1005349,408772.00302891445
1001289,293001.8777554729
1009658,450437.15972480294
1011744,1087719.4988816103
1005345,413855.9227598387
1004474,451396.7365789222
1005391,610893.4465273176
1008242,1004844.7453688453
1004654,530506.5048918487
1015774,770674.4194631822
1009905,638204.005150837
1001030,255091.84581761682
1004976,439914.98195517325
1017465,502944.646960917
1017080,344646.78118816245
1017553,242703.5604231533
1014529,357065.25156038144
1003025,224282.7002393656
1009174,417479.9480389149
1008125,798901.6306964492
1000892,643234.81145145
1016921,310897.4547515186
1014603,615454.8736933483
1011817,385288.8362005818
1003364,543949.9620195932
1009593,638291.0362776304
1005915,570480.0059117972
1012930,241246.5001933073
1002006,1301105.8699799816
1001805,326767.6042297815
1009914,634093.262188037
1017594,552859.605562949
1006836,857021.536024047
1004238,440638.6860580781
1012198,627931.4942774246
1010411,351468.1109521532
1015351,369025.31593318196
1001979,487226.41999789316
1006358,1041710.5002241225
1001880,367417.51124426106
1009849,531878.37641311
1012045,244269.20442610377
1011508,184558.644058924
1006843,478348.66973297263
1002312,455579.29187858594
1006507,767511.8943480678
1001266,392556.050934487
1017344,393326.97667378146
1006046,414414.18693344103
1000271,501593.20603879186
1016221,158937.20898756056
1011047,601152.6374960848
1008416,288769.1564791062
1003404,724297.3793298593
1000256,456148.30736327503
1006259,359573.85162058874
1013644,1152545.0496257048
1015190,645110.2049090416
1014008,874627.9921851569
1014526,939372.5228585451
1008798,262942.73353624257
1009015,522737.6695417042
1007494,472611.39883786975
1014999,172676.7339031532
1005244,399993.8275233284
1003582,234640.31706428537
1010388,958808.6014901465
1013510,664958.96846288
1002092,278109.11301139684
1007850,1062575.2439777125
1005557,185301.08862397756
1003940,813595.3558568066
1015852,469262.23746578937
1016294,553234.6096460401
1007156,737137.2909128193
1014939,472641.60789235064
1016416,732165.7898645065
1004823,311376.9446756663
1012390,388536.74422488787
1002074,459216.16583884065
1014463,422575.84316082904
1012903,615049.2593088417
1012428,623766.0336691977
1005460,229338.17145536354
1003460,332285.90630200884
1011214,868415.0864550447
1005531,505330.38148085686
1016432,457749.7354257539
1006096,244542.86331911647
1016783,275906.0781954918
1015514,1027749.3328822816
1003475,470971.32210628566
1002634,578991.7102256744
1004100,118984.70626254314
1002370,872093.6925893801
1001684,401035.87335894734
1001628,215343.1045294397
1000305,774003.026353137
1002360,655840.7565924147
1007991,583557.6526909404
1010315,318653.800134776
1008719,1045671.5722063717
1000823,300655.02143470035
1016469,424103.36107479763
1012812,1009691.2886717849
1015352,278876.0283536901
1013784,303235.1284658931
1000246,272731.0467416059
1012054,388876.1889817534
1004512,1463350.748853156
1007311,512550.31796864385
1006059,649772.126098803
1006977,151105.4876715872
1006966,370533.5935932625
1015315,857945.1218169286
1015792,563251.1919497951
1016669,523447.1175636398
1017467,759720.4943753126
1007987,244682.6109996404
1016040,610161.6085680113
1003359,1014320.2244867048
1013210,1009582.0120466987
1016271,651625.6905368638
1003949,544505.2903926127
1008007,211566.17396476484
1007779,411792.7366141051
1010316,719060.0190851921
1010204,420442.9661990646
1000018,1422235.8854090313
1006803,457137.0335495445
1008084,699106.0901516984
1016725,290395.28191360435
1004178,393066.6088046925
1016085,692136.5005013053
1013655,118260.47565561431
1005844,348980.2612388314
1000028,482132.5210401435
1003273,183787.9725653931
1003573,581405.428837136
1010462,1266798.0403095922
1014476,418888.69437091786
1013448,863177.6375051799
1010440,395409.4104758478
1009263,120188.93480496701
1016608,1038143.9997077369
1005467,669297.182067447
1016444,1179333.7421396424
1015446,196544.90942457962
1005478,922832.0384008036
1015605,418177.80160314665
1014578,480768.79481725144
1014081,498266.041817977
1009133,1033377.8846560116
1017087,304552.068115003
1001160,255084.5751978366
1011028,540372.7878213067
1012817,185937.28995048755
1016755,1150115.7207202686
1008512,529802.0756228039
1001911,318341.7616609144
1010490,931834.2178227342
1014366,403656.88207364077
1004514,396105.36233967403
1006923,566406.6806268725
1013149,390497.38550392503
1004811,440258.25599173264
1007384,134751.08768941605
1008814,541070.789764845
1008066,187643.9746687528
1008167,513565.10822671576
1012075,338313.4954456395
1011412,820512.6410066911
1010877,532457.5804217469
1014519,936125.877832014
1003182,232162.71577331476
1005150,215895.8388465722
1012763,133244.56227691524
1002589,283134.3759311306
1007698,163983.17017485984
1005025,261407.5274534853
1000446,984630.4709556758
1002248,401248.16070323414
1014229,406472.53736285697
1008796,1179986.1299246592
1003440,191235.02537668505
1012955,255514.72034553587
1002375,377213.5353495909
1013015,592731.3556954995
1005896,430828.5002558531
1016769,718558.175690153
1013945,554058.5333618996
1016360,1150141.8141735888
1001106,1318227.549437329
1006195,157756.34604980593
1008579,133085.1380908135
1017130,502104.491834238
1004886,342299.45868290984
1015318,363296.571865709
1001277,633458.2684664049
1003656,398194.147345256
1004142,570445.8544054027
1007492,535460.5932685625
1009239,528065.4159228279
1017539,405338.60108958685
1003755,200843.35598480183
1008279,600718.6574233524
1000291,471547.5089652983
1010065,472425.2162727582
1012787,397922.87514495
1004822,983683.3516210823
1006463,387474.09706262575
1010892,440437.86703781725
1017543,624743.0405710149
1007135,869095.2977186342
1015474,770815.9486270586
1012868,126493.51877908329
1001226,386653.0013028374
1011318,911070.610228204
1004175,499002.3146219389
1017445,583694.5308570847
1013963,489471.5582527324
1006643,268917.0246065533
1015308,648813.9957798528
1011471,82061.01536364623
1016388,175574.239758895
1005998,290944.47814305057
1001042,1006894.8016546539
1014472,1111040.33293871
1002385,357807.0217168877
1009151,630827.2071667232
1002024,559835.3839034197
1003468,541547.4916796231
1016748,452643.6666497831
1009704,457146.421227755
1005299,417532.73786514223
1007344,571997.3093440556
1013742,501512.73153938574
1009794,915212.6244225622
1010633,748980.4015627034
1010603,242158.26339093648
1009117,1023075.9408518814
1000617,413037.550425279
1001692,458386.01030607236
1004340,965613.2131957592
1017295,236725.72176447918
1004120,450429.827759973
1016584,370636.3367480018
1009531,448292.78855871345
1014781,670621.2249148579
1003474,122246.07521959997
1014988,722207.9577209766
1007075,257463.15653278926
1000862,764030.0914132195
1009980,227254.369841963
1013862,443628.1025515758
1013534,233465.02985316998
1003370,599103.5046205879
1012043,558527.195883293
1005072,298177.4466796919
1009236,259080.8590137759
1003672,501212.06242549367
1002876,1384667.643392349
1011865,996794.1115869218
1004044,173186.75877059693
1015250,1370295.1841915376
1016718,423481.65533863526
1012713,1554171.4588569375
1013306,847379.0258897045
1005600,863365.2821765601
1015601,474617.81328474823
1005886,316915.8803475053
1003266,449933.90116558014
1010872,1102959.5902923602
1005146,350483.1061029841
1003186,1119957.9007423723
1017226,564176.1096547581
1007346,759104.9661783495
1002766,607402.1778325916
1014453,253543.15260074253
1010857,917488.5004886166
1014264,526657.3565686793
1008214,810717.7475915267
1014637,521612.8415071139
1010489,115753.2499627577
1011834,1081043.0412939594
1002469,687594.3627740485
1003570,250102.81090223877
1000952,235660.37719799962
1010000,774701.1964650443
1007348,466433.7862810477
1007629,975696.7938498219
1010833,298053.45501648687
1015015,416922.02986631764
1014647,775503.2589297406
1010821,557331.3382021097
1012994,523927.6980898358
1011526,261835.3293312276
1010345,504888.6744796352
1013082,516598.009901337
1004828,417450.3498428048
1011597,387092.5582634737
1014718,732110.2056178431
1007994,423911.1701449279
1006890,269796.33112891787
1008600,394136.09413939656
1005583,173470.40504481393
1014973,686574.2463979676
1009246,390787.4608170469
1003915,303502.2998624446
1008981,198405.9446183506
1011472,1074846.8544722504
1004833,1012688.3546444596
1002986,810649.485064785
1016695,838908.6804889787
1009743,1316448.618635865
1014196,410005.2526831655
1001497,164891.726426422
1002203,1230872.7360770265
1006038,1309319.579810871
1004215,107825.03249291619
1014368,648290.5483603273
1014260,140762.54148405266
1007885,299884.2515605307
1004865,481260.66427508777
1006375,1090001.9763332866
1003936,621790.06270119
1010012,533901.8606624888
1014902,396691.20918921544
1005254,768475.1573603245
1007026,466827.89400285867
1002170,1064366.5334879572
1006622,295259.8459637157
1005891,708154.0652018514
1007293,290042.6286104573
1009672,625246.4485833462
1007693,283511.65699068503
1015418,418011.27836129384
1008152,246123.04160881203
1013078,405583.6428579852
1000159,308650.17801644804
1003066,433141.7253656142
1013416,278392.6397388605
1005956,1015376.2466991286
1005414,198498.0148157239
1000200,353828.2854974016
1000393,303575.1386398538
1003716,509327.40996011597
1006268,429869.1836346358
1013554,413901.23278990184
1010977,487446.0000904384
1002241,413482.2721983784
1013826,428884.8240715076
1007544,97538.07852196255
1006023,313041.4440483008
1008841,725400.436772526
1009733,877200.9315435219
1002075,448126.62847654446
1001639,819284.0457128253
1013980,1187581.3302991637
1003193,548231.2005576184
1001763,158663.75980145216
1006385,896934.7295720496
1011185,109289.78175126616
1005524,397925.8228987043
1000169,701400.3273364867
1010936,720088.9780704604
1006324,705295.0835532307
1000714,350532.00384911156
1007808,1152635.9917286246
1015608,134836.82921553898
1011228,249017.61146449993
1008724,546368.9002234476
1010385,860757.590706936
1011303,219510.94976894392
1014598,267368.8747857485
1014095,740180.6937292018
1003415,680732.1100154632
1011123,514151.96448705473
1012094,464760.5596724589
1002439,286480.4568631443
1014974,387035.22579514416
1013379,199123.0757368627
1017481,140505.9259124212
1007591,436368.019293264
1000627,690254.3942045252
1004584,646077.8806504018
1017118,238387.8026619124
1013662,101774.2866503255
1013239,1354268.1608353527
1008698,431364.8969975576
1005986,873321.7397741413
1005619,721668.8031320638
1013318,488221.59424053924
1008925,1213233.978003652
1004248,199037.61918114356
1011140,552596.504188391
1002835,621141.0813871379
1000847,610365.0996189368
1015275,236314.36768940688
1011105,225789.36754970945
1008298,104501.9848660003
1012396,429580.48985211516
1001756,153949.70454432457
1006413,1058669.9909763318
1016325,411140.9154436095
1008958,355642.49903718714
1014058,464936.4029980875
1013620,239536.82435752416
1001145,262177.3058497432
1005385,152846.3076335044
1008911,393159.91062999575
1016862,1079802.7425532686
1003714,472214.365520614
1007355,329914.9944059341
1004834,148281.3305428282
1006403,565330.0372062734
1013819,1328149.8800357569
1015350,421066.1590394344
1013871,648353.3217200836
1007737,318552.93667686806
1000070,462788.1134898351
1000405,373735.6155644946
1014419,446368.4453212059
1016259,920337.3839313192
1016926,279387.5188605853
1001039,380768.99160671886
1016799,302705.20032092213
1011714,92491.86826595217
1010409,356189.3938284842
1008130,579989.9574173269
1008379,343685.94010949694
1011546,297391.53275474976
1009048,326242.6276961136
1007190,161279.23629400236
1002507,458672.61936256307
1009284,598317.5675043234
1006258,253726.5216727998
1012509,1161510.7089117889
1013317,921985.5404457862
1017528,793735.7584281042
1013816,381827.10602146306
1016001,1165248.944911435
1005353,125169.41967011019
1014607,585735.3647550244
1002673,418619.6560881093
1002947,127310.08427970206
1015185,320729.0564379202
1011142,802416.9346753716
1007167,174184.21747494178
1007853,717556.3550488182
1006291,361250.12671484944
1001831,1021432.6207348487
1003943,378044.1173616967
1015730,181092.73234233665
1000824,174681.9590201262
1004349,747674.1253642692
1000868,611667.0173609855
1010185,285310.1316397308
1006082,708385.4549896778
1016632,159224.10623461092
1004329,314875.0262297765
1013253,206353.0880384969
1003900,907654.4236258862
1016821,293904.61960817076
1011544,455966.8847592708
1002593,695398.6449320335
1015784,316207.0439015646
1013383,1186144.8016680523
1012023,1249214.0776328011
1006834,283618.7146827393
1001181,279517.15428778104
1003859,682591.8474604929
1006339,124369.76329220025
1000726,1047830.0021204257
1013968,636349.7149183609
1006060,537924.7174697262
1004510,955643.3005588213
1012376,458991.816913013
1010176,459752.74431941094
1011755,139779.6728467317
1008159,403779.77265239856
1017579,166773.34959900635
1003144,1322425.8750068669
1004037,143608.19500140552
1002779,304444.2417432652
1011051,1013723.3782742637
1003351,143063.00959425227
1005879,189820.65637181484
1003929,521254.01911543694
1011465,218210.89624699968
1001534,1290530.5883336759
1003141,252735.92136059963
1010389,617246.0942061084
1017554,866190.844284119
1003225,567910.9623837828
1008308,603973.8189539947
1015023,615585.060338479
1015030,525717.1381419129
1013025,427270.81554864184
1017358,701152.1007535595
1012889,484535.87315197266
1004032,373305.57408747124
1017587,463605.62008121604
1004288,561996.2316281872
1017129,214273.2784414047
1012522,429366.35618497495
1001598,382449.27339003026
1005137,107468.58465659019
1016042,391449.3468668035
1011956,1080615.2639944123
1001718,1051360.3089206577
1012684,380339.21948641125
1015077,369310.29793852585
1008103,704531.11761919
1016915,409176.49285607773
1003228,377024.57984368736
1016639,451947.2059487173
1016815,369059.4890028179
1004814,735814.872632188
1005495,351325.7468368718
1008670,501215.1247604863
1015982,255918.21216744868
1001394,361773.7774096241
1004046,469779.3385697397
1003532,647496.1170904608
1010956,245496.22414478372
1001404,359450.5952204644
1001134,1287909.7186391668
1002078,420151.74228086934
1006900,476133.9441080251
1006404,290464.15071756963
1001242,297916.8365186775
1000759,1039292.8935771926
1016782,425246.13624422916
1014422,296844.0385703766
1014518,741914.2617797855
1000646,574360.2560081295
1008590,702610.7482807655
1003788,566554.572551882
1015822,363458.2457542809
1017024,460175.65402519517
1012783,1264863.9879342162
1014818,75540.72152485608
1003235,684008.5714063566
1017436,368661.30060958077
1014107,453827.7951251384
1001167,719299.4283058068
1016366,692791.7394213978
1017448,871867.1098835343
1016716,205965.43018449473
1000675,343015.45077728725
1015335,166838.1504563025
1015112,314350.7899582772
1001264,444929.6732564416
1015780,179578.83969044272
1007614,385846.01829026284
1004383,926206.3908597833
1009164,853730.1667359911
1005223,361176.31080487376
1008967,391764.65872479003
1013912,832218.9166835111
1001047,404320.0207799078
1011815,301094.0236664387
1003126,961926.0320676721
1000302,420288.94440082775
1013581,288968.2824659307
1012532,285503.2588786068
1012410,1296453.4702663254
1016407,302830.9340042542
1013328,220330.995047206
1005283,424235.9781924996
1000024,1137384.5151553294
1012745,771726.3981054941
1010469,407842.24329297367
1006746,179793.53479717355
1003798,850514.9602228672
1003077,366335.8382693318
1007869,955456.7998158375
1013461,131562.0078611195
1009427,482619.4968963946
1013687,705699.8845074815
1009473,1314148.3286908139
1007704,335531.42687066714
1011789,474489.59222169034
1005571,772234.0472753308
1000116,280899.8231171865
1000640,146721.0900339303
1008312,254608.09137802327
1011068,228110.3793155123
1014931,531829.3942407074
1014828,1004247.9190633368
1005730,418898.9530568365
1009577,699703.4430860425
1003060,553957.5122335203
1008606,1143814.7443328875
1005626,895717.9563014648
1000693,1136585.8458116304
1012261,322434.99283206527
1007034,587901.245863701
1002884,466948.5132656609
1000765,512651.32614532876
1007603,532355.0378284478
1011049,515844.89196630096
1012744,204751.40351686985
1012412,1158998.5045860868
1008582,521404.6694966377
1000624,360371.5503642588
1015186,318539.5623732936
1010896,314512.04755966784
1008997,532691.8125383663
1010415,818638.0489614147
1015476,581535.4484071768
1013911,352641.3827747183
1009822,559544.6357405933
1012608,574020.3898597579
1003585,824581.3262887917
1015880,541588.9492350187
1014126,170525.3956718758
1001860,1246642.107661403
1006846,1411925.0359049875
1014581,1041591.8195789716
1002279,581988.4599670846
1013204,207100.95440742688
1016665,478463.9992312745
1000584,546606.0655025651
1005446,558965.6728337231
1001162,1240964.7493017863
1007731,1095379.846285696
1006610,385227.72093203926
1001757,382960.9130426636
1004144,879536.0712956793
1003353,714819.2759700605
1003374,214605.12738448087
1003966,166018.63181672385
1003233,300959.5541810893
1007686,938849.4034146448
1014020,562057.884938501
1011072,521487.46625695337
1012612,533284.5751250206
1015193,876352.3366241561
1014319,208614.74803505678
1002591,163975.9442016025
1006040,857140.8463564552
1006433,456182.7332763501
1006455,602247.274855371
1016836,1078427.2267159335
1011968,314116.7819542728
1009778,548176.988868459
1008843,587535.4510175406
1009405,330640.0071427833
1004179,232701.64568464458
1005249,332589.30501653755
1003823,548920.0430044477
1013021,867983.349558453
1001866,565070.8029280388
1015652,141128.00376351795
1016634,661571.9677612922
1005411,134213.9211188066
1015535,339216.1056032124
1007673,1047993.3242536362
1007154,553164.2044432466
1011820,797082.2800443716
1011217,578264.9230861233
1007573,352150.00723534386
1013334,574813.2747293578
1010570,427971.0592627527
1008434,847896.0921991293
1000490,1342362.9267512423
1007549,802610.2776015543
1010797,393679.81868527987
1012197,1537408.8508840194
1013391,475315.29978638486
1009583,384335.01822840056
1006421,313999.670650525
1007945,596282.4404243217
1000664,267567.5661368269
1013500,777563.5487317888
1012660,514103.92880275595
1001176,438267.3397617587
1008017,280328.4185077857
1016070,408678.9372834254
1003796,339189.220519085
1011388,385405.4053388965
1006897,450049.54072402534
1014062,825317.0735656591
1005752,306134.2879234853
1009181,156211.11352346514
1001275,463267.39419169916
1011807,393369.9889933302
1003657,586337.8356486438
1000162,368916.72745465045
1002528,387321.86948174384
1005153,406031.6361677537
1012163,552076.5422665317
1002542,961127.7589967977
1001484,508694.3031817909
1013946,427013.4163199718
1012712,241521.87480134805
1009462,306899.25897877716
1000463,357629.535584495
1012625,138458.75095763092
1011562,259026.0041922621
1010569,807959.1225585379
1009325,332033.79530452186
1012711,650145.0543798965
1011319,447268.81253247836
1016200,541296.4119918016
1009779,457872.0105650492
1015936,496686.6848336399
1003021,1159155.0882244383
1009300,318779.06658039487
1011925,542686.5582787889
1007331,185699.9720840075
1001097,754014.0044497211
1001396,207693.97050726958
1001220,279710.1255215858
1002390,804006.8853915198
1007227,150368.66998870095
1010444,886556.561807871
1008537,568232.9715783962
1006845,181339.40062820353
1004042,540286.2030810638
1011107,672429.0461255184
1011479,289414.9034613741
1007985,340228.05998959776
1002449,440362.56548039196
1007833,553163.1895917549
1000454,397314.21165706415
1016436,319743.5039432089
1011345,412220.85076662945
1012387,568783.2986573431
1004470,609599.5543965594
1002145,562031.0794531263
1003650,677690.9467299221
1009442,1059355.511786443
1014299,239894.92344415144
1017525,793951.901815492
1006804,371245.8569907071
1012430,493775.0296731171
1010281,461466.9445995083
1005480,224349.00882550096
1000112,495971.0268774352
1007163,576581.7909355011
1009446,1517423.8728856363
1002455,297219.65350248135
1007795,1401589.2361107864
1011215,1215206.9291077673
1008934,463834.38470594474
1010067,295996.5023441718
1007767,252361.9670684574
1013130,323960.34895329626
1004870,378726.13370745577
1015428,486268.4035966248
1002923,431497.6724794137
1017415,176492.21874337914
1013313,385070.4674392739
1015889,850433.5776325384
1010612,705304.4828745236
1006244,653813.6750637274
1007503,432671.1931952692
1011382,410508.17161341483
1015134,590942.4997947762
1016884,640992.9285788095
1016417,433614.10252110567
1014175,583476.757018245
1011301,339178.7359155802
1001174,398005.8661919125
1005614,235673.08884414905
1008478,205890.0634563123
1014473,494506.14576175355
1009265,409868.2464990857
1013703,560344.5753812533
1007827,712232.8267992752
1005262,270917.17997054645
1002888,564372.2394817692
1012750,821343.35318351
1010611,738680.5463576152
1011677,451464.72713601176
1002273,518227.22672619176
1003839,528673.1239288793
1000523,518048.4279361062
1002508,155087.56104508394
1005397,575238.2937949259
1014301,455688.1816978495
1002633,97341.4819459803
1014484,639396.4442711323
1010716,470789.6188756627
1008219,1064634.9147721708
1002476,308902.59809693863
1011093,592222.4495813875
1002831,191540.683413935
1008661,1000812.2453486408
1004293,232334.53519005174
1009090,494099.45222929626
1016180,627174.0323658849
1011218,469106.2049307004
1012061,1104346.4159988735
1006800,315058.79596845177
1001687,117735.32737363085
1007972,193426.50852885644
1000632,490114.8041093916
1004793,956077.9653289929
1003655,600754.4234968354
1004367,431215.67089097766
1014477,555728.1845887818
1015414,1009298.7190728106
1010210,563807.2226757975
1007248,296722.3826934349
1012576,429916.27503595303
1011193,243323.94540222196
1006959,291155.85071710084
1000363,287714.79621618014
1015321,481522.71828753006
1000979,202891.76953471426
1011372,134715.3040908288
1014121,146318.74907863647
1006099,1021466.0435022936
1001728,456712.73138034774
1003307,915924.746659833
1006336,566175.39034214
1005791,284447.944109256
1011097,208638.81957835436
1016278,1151698.5510923555
1004000,607073.1002537934
1012796,358964.3533908569
1015406,297612.4992720204
1016406,898900.0309537103
1013591,386508.82337084855
1008321,926658.0534542289
1012804,390047.3031091962
1001496,217611.17345687762
1008498,424064.71029360365
1009915,396963.7043321721
1009890,374957.0735055795
1016922,976651.7905848795
1002013,293990.35324593534
1012579,266494.9956317942
1005709,355000.55518882093
1007029,292623.04778518435
1016513,744079.6545476192
1017275,204228.71582224994
1004495,512571.5652163006
1004276,1191156.6120867159
1003559,166569.27988899723
1006430,758282.2525037057
1007134,800092.5543349902
1015405,347454.17995489785
1007303,624166.9277607942
1009654,129625.95176343701
1001195,753284.9593439327
1014752,314674.4819732688
1006678,1082703.068144737
1016703,757341.8899667292
1010579,311784.77254875057
1008089,886960.5876382064
1009346,548913.6224227343
1009708,1366786.211015524
1015734,210897.38580193688
1005198,278064.2844687873
1009971,899561.3832787148
1017268,302887.9536994786
1001657,513259.8886293993
1016740,369560.46522265614
1004353,175191.88524792992
1016794,341244.13184140075
1003538,621355.4445052582
1009337,270454.8512115418
1006216,1001386.2409831906
1002514,531916.0072037961
1010787,560532.6591564091
1015369,249396.57919756335
1015875,454029.1953984158
1009124,182094.64310654238
1003373,515707.40521495364
1016074,603679.8670455747
1014510,395933.19502881926
1005355,359070.16518108477
1017526,455425.8786969653
1011178,763429.8371909858
1003183,617834.5660368407
1000788,522111.04363550997
1006686,264452.1300052717
1006704,327217.72011398565
1002197,384487.68125869357
1008386,534565.9229702452
1011846,436398.684139918
1013952,914757.2153634952
1012445,169751.6563016662
1000035,524015.8347316407
1009746,331395.7701616195
1003318,563614.6810275047
1011482,706888.988368602
1011654,299038.04163031763
1010785,702225.180017759
1010879,245976.656729031
1016122,715641.1672190544
1014905,889690.3131232605
1007670,185749.85687498449
1007094,257102.86252221023
1011269,520078.80558046367
1008000,702126.8929599668
1004781,183386.30627044948
1004989,169478.23419561543
1009172,261772.5621876671
1013624,676076.0912026288
1014179,393879.0078917915
1013925,671730.9484371543
1006348,453613.698796942
1010448,177842.84775328575
1008027,350112.73282359104
1016021,293608.35536385316
1007337,925826.6473065534
1014018,381701.4533444005
1007243,637115.6866862101
1003702,451228.0671372531
1016846,764852.5034119987
1003166,923671.6015255302
1011477,360109.0161179928
1008617,321172.66036084696
1001551,381764.5511442467
1010234,405214.87926456786
1004336,396303.87540882005
1016254,648935.1294321081
1011548,554439.5371668248
1005340,107136.35123824661
1005471,1076596.001742377
1010859,619720.220215578
1017317,386984.58043345343
1016252,531034.9229230225
1000080,133827.80365959313
1005343,209673.6538295903
1008583,338329.1822941697
1006499,522976.38706825237
1012357,400366.79605724977
1014315,734711.1808075471
1001729,476081.691826781
1006014,290234.5100551588
1001942,203838.49227937765
1006696,1302030.825943452
1012294,1097625.4822722848
1014382,293178.1201489713
1008662,649913.5686905822
1017280,420483.3616766252
1003174,1261508.1018669491
1003158,814099.3082036885
1012970,903815.2381864676
1003689,387126.0868474359
1011716,529087.2084244525
1005764,409085.4898704118
1014055,826089.2100797644
1003430,393518.09993389645
1006057,518983.4382805911
1000834,778753.8255566203
1008366,963014.6963314572
1016817,1373163.3209604477
1004525,258280.01968241858
1005300,1053170.023182843
1010279,304344.38469910284
1001050,725949.5411481524
1014617,184339.70910042917
1015084,1134125.0231895829
1014388,341199.9160760357
1008294,464551.68241419643
1009996,425432.2396544904
1005046,645333.8631689048
1009316,940092.441479099
1004311,197246.91301438282
1017498,437880.4295030035
1007309,151185.21732081578
1009614,458019.13154677115
1006193,342947.601253393
1002397,457783.3961113105
1008563,452009.3828037954
1009460,462128.2735776072
1017071,781321.5670662873
1001623,430949.9239808004
1004837,674901.578177144
1002775,377820.5336304842
1003031,553473.7592715604
1014744,1004543.9796611281
1017559,252582.65537843702
1005302,274535.0228446373
1011275,421130.26495887624
1000314,178904.00514646125
1006143,535486.3865880454
1009190,513653.2236980949
1014576,294941.5640107194
1011353,1089077.7483673762
1007787,910837.4326741402
1008867,987772.6882144187
1006188,385058.35659778124
1000277,146032.02521089846
1002389,264772.7866779207
1012655,1418525.7388794252
1001741,461543.3678541473
1004585,1363964.896806565
1014506,1083345.8834173377
1004213,184385.00403509793
1015390,618515.4651604993
1017518,802221.3691933119
1010739,82242.85234722137
1017247,281062.93970199587
1015845,558700.3070612284
1016904,501057.11375700467
1011341,255680.45898598144
1004806,568323.7303561158
1002182,639998.0294561202
1008186,186272.49309322063
1010629,414697.9878652884
1011246,428887.00073815446
1013513,367020.8449959557
1007489,255951.3192069563
1007681,1125053.2677021862
1009045,98559.58966072646
1001753,452652.4562500619
1015101,311049.33408157725
1015451,413906.5965643723
1001514,766519.996213023
1001023,242523.82810873978
1001871,570856.5358834037
1016937,545352.9217887032
1001342,157203.083855695
1012550,1258677.8443932126
1011688,600554.1366903622
1009562,809077.213216766
1016969,384556.4219569616
1000316,365621.14631151117
1003904,908951.1985733141
1008199,733042.1857564859
1015922,361830.5036375851
1009530,220027.4792983185
1003074,152944.0359242539
1004847,636370.3221235448
1010905,180829.62673607972
1010350,728953.2376642254
1006742,635634.8468546962
1011487,585785.4394823124
1002811,651974.3675132085
1001965,617663.2532764476
1009589,577883.7467306237
1007816,157201.43849917606
1000130,508524.584802423
1014423,597870.3249613409
1011290,627074.799165542
1006226,236724.17311608818
1007466,149604.35518158265
1015528,453178.2980496477
1007694,372701.37909481657
1012533,392977.0271872472
1013740,919048.0860386573
1008584,668362.56245776
1014501,869605.4578791369
1015848,732650.6713503429
1007565,368356.3731896354
1009590,423246.4585924609
1007233,550256.0201971257
1004352,358903.6818993009
1004247,855466.2348112506
1004707,931667.904591754
1005129,723342.7256440473
1009091,382059.9430058662
1004791,1056283.504012581
1001294,572138.0767379607
1009942,747826.3157902546
1002915,1184796.745979126
1006777,636341.3263471853
1011610,346625.55367640295
1013486,230533.7344768916
1016263,631708.5227046952
1005787,448389.3817686702
1000572,244567.36067635196
1007146,523823.2647986573
1005577,338291.5777130788
1001755,386353.0852074805
1013538,558988.6300187972
1007902,426437.90993921744
1005763,484347.0948949506
1003785,505483.5559784901
1005911,595788.2402750145
1005422,650448.1553732408
1009389,600887.4991373314
1002641,1155216.9151408058
1004892,511895.6979160877
1003062,1011892.8504556974
1001581,310077.69023778214
1003874,130427.55234619473
1010263,875873.2154363773
1012791,605091.9906788821
1002079,460465.71923354233
1005469,708243.9754339271
1009394,531040.3481578294
1001292,392739.05183000147
1010780,607143.6693921565
1008550,372649.9534868686
1016361,202467.6367585128
1017187,141876.9485098109
1002234,556724.6365093952
1010965,1139063.9707339802
1012900,855207.1465291224
1002342,279936.21620667476
1002335,517583.1583262615
1002411,493107.5235434092
1001399,918758.454665778
1013788,968010.83332926
1017183,509076.06439356715
1012468,771320.9189539087
1004683,348956.7019233776
1006245,406877.49863126647
1004755,889582.5680964779
1007443,742015.428416035
1001063,599618.6178624775
1002720,841836.9090399011
1003022,822065.9072467379
1002025,1431250.3610556333
1007710,1045142.0645593844
1001745,110240.4465612064
1009213,155533.5335124717
1008424,395852.68234594405
1001369,553621.8467058813
1010736,307754.96529621945
1015758,300574.02502387424
1016440,104575.21501691626
1009945,436734.44917296094
1014203,162090.94256497835
1013145,459850.94757879653
1003365,506763.17838680936
1010783,848594.05897822
1008396,453655.497690051
1002772,723759.6866316422
1009553,139889.8208569
1013894,396240.05007165094
1008792,718642.3648655991
1003639,691525.4040098848
1015633,479869.54912109947
1003399,424851.1795956691
1000677,208173.18452627907
1001015,535277.7920717698
1004346,1263490.011060309
1014275,784332.065242352
1008976,188193.1031341562
1016191,819599.0993830994
1002946,977016.7427403185
1014900,159393.79505619255
1011929,884301.1171399389
1013917,307039.509020237
1011959,396048.7355384215
1016127,430215.0089026824
1000701,1279323.6501894493
1007989,299485.6724634827
1008523,552121.9481420155
1004663,1042828.0348415361
1000041,748247.0682624326
1004631,754503.2588295414
1002117,657123.1859109515
1009275,573871.9319948612
1008565,359299.33981533156
1007360,473151.76104370377
1009666,573859.1915716341
1001731,160189.7061002265
1009142,171023.85382585702
1003723,416889.94545153464
1012939,1196769.4760817452
1002242,382265.5377872163
1015779,440798.53657011315
1009510,819066.5139040023
1017061,1151980.5458430632
1002752,659055.1773231236
1016965,284769.1853287844
1016028,336761.03073895414
1005721,1229291.13852907
1010224,1123050.5268512482
1002706,357709.39451800665
1002254,217599.7479935979
1005935,410453.9074719394
1013672,313311.7431072821
1013831,860302.040164604
1015466,407672.53219240427
1017411,561295.2919444528
1015411,294335.30903970264
1001073,426928.79983314604
1009595,666077.5978908562
1007952,806639.2911592632
1008694,813623.7593390943
1007483,300267.0087751038
1005697,491623.5010726309
1008020,488553.1542242946
1000580,886755.1536558882
1017150,578672.1679599376
1011408,357329.834300185
1014029,301242.2408675951
1001510,1270794.4966301164
1003033,223291.9761486651
1017115,136566.24553427924
1010835,202856.11028486304
1013994,659935.0252302126
1010130,351318.29939685983
1012176,210423.76065382888
1016998,721215.4556710393
1007110,162970.91018990905
1013789,1395352.4919085333
1010148,1004978.1713190151
1015377,517606.5367891644
1015048,179286.1538894888
1017050,883870.6244017998
1009830,271384.3139109427
1001907,405873.6211978293
1015661,472328.44719914923
1003239,301365.2172813912
1009734,226349.42659264972
1003851,246850.32779162
1015801,348547.9705632636
1008947,117844.37032019497
1014536,381419.0870921572
1007596,217374.71229757665
1011957,228228.15221217394
1011247,789728.1217491637
1011342,228614.66612659662
1012413,834587.2413979894
1017180,609858.9262850101
1003873,670969.1151196003
1004583,583147.5508705188
1012132,625764.847089417
1016091,463871.32737063133
1002441,359788.17702848424
1017321,102898.35527628663
1002070,301289.6543972536
1000434,681033.0986268363
1016064,276009.55947047204
1013437,212603.82831292922
1012704,409366.2422125588
1014864,143681.0530554964
1003162,985467.417549985
1016455,311378.4502330519
1011402,127157.97999536776
1016999,385844.9171543981
1009759,344177.3533556979
1006093,259609.1334157267
1001828,696596.3808347175
1005509,208738.47627946714
1004145,1103356.5393779315
1012143,726919.0696321352
1001927,675289.3106631481
1002227,489099.67874856206
1004181,128766.76332726885
1012645,240342.53813823193
1004772,253500.5184170404
1006563,135776.96555930996
1005941,262642.7508075538
1008210,583853.7004130743
1016858,450595.6399683102
1005270,674035.2846611841
1010155,216460.6905791181
1009866,658855.349880718
1005394,440493.7987532035
1016485,642367.5514093696
1012234,514033.9038374993
1015735,448391.51809413766
1015395,301960.28640506754
1013014,726805.1709875632
1012433,316498.72401480743
1014148,711049.6595760388
1007502,325921.4228330782
1017362,586186.0510851583
1016409,526102.285742371
1010757,398463.9493444128
1009673,153156.06403302294
1012902,379695.32962261664
1007652,1006825.7028620476
1014663,312966.28038715926
1016169,119431.1100472757
1001311,589846.9262608425
1011208,551111.4195880515
1011970,508421.2443036977
1008713,357500.2971744748
1015472,769656.0080140525
1008469,385063.21265972184
1006025,121237.94209752353
1010370,305427.39767264674
1006243,1122880.9240469744
1000927,541493.8653471827
1012687,345833.01755973045
1015862,249571.49304938657
1016577,903407.4972687121
1012746,551212.746801552
1008564,652415.1012049328
1013771,392129.108643049
1015641,466395.2365522334
1003085,559842.3693168878
1004153,400827.6094914468
1003472,456887.20608955604
1007088,325454.70376160415
1016793,893879.2999380878
1011704,628871.8872162234
1017227,647636.3762406033
1017533,526162.1379901248
1004292,512073.2481445878
1002421,157776.74620892305
1010267,340235.0179344771
1009782,463888.1505828316
1013520,402768.56545176863
1010610,814318.1098833276
1014210,764695.1263673739
1016842,344372.2261531868
1013610,420520.4353714103
1008651,751615.7413221666
1007385,1211097.1602583523
1010179,188274.63663931823
1016032,473829.42604397994
1009725,464695.12354534504
1013998,187444.01582668352
1004099,299140.14373908186
1012649,236964.36918627535
1010205,988381.3072225408
1013296,147902.50076287505
1016788,506443.740713688
1014019,1072598.823911618
1008927,550918.4760515655
1009006,534699.9647267293
1012927,127645.36885264421
1008143,212349.95645107978
1008920,334673.32484505634
1010100,242414.35006084945
1007504,565044.846907996
1016983,669871.4326404735
1000190,266811.4951903283
1007726,373403.86682051857
1000128,208491.25279113595
1010120,1195325.6843742344
1010149,673018.3837190128
1004453,880145.7711893796
1009155,439368.10712948797
1001354,176827.85105921992
1011793,693035.8013816255
1011698,1134013.6726001094
1013338,394371.1832581428
1007524,1062942.4859675989
1005011,279853.55593219725
1015274,334379.4848915361
1002480,670036.1506185281
1000972,834536.2875048072
1015261,1180287.9719196993
1001924,376946.92142463557
1011922,336177.77036667743
1005135,740329.1074122142
1006822,401797.20646330796
1009775,444010.8301000077
1011298,219892.77025606285
1013367,417808.94094616466
1004726,798730.2114383877
1007527,428113.0672670503
1010387,466886.4844698375
1006055,308167.98649138614
1000327,763757.3459671823
1014181,568946.0040997814
1008906,499771.9682635108
1010133,467704.35577373987
1015398,1006598.5839752398
1004858,1198859.3720252397
1000944,733847.3330196685
1002163,625237.6913560379
1001191,293299.6194403936
1012707,365960.0853638778
1000777,912493.9896187773
1016452,874607.2260361715
1006949,550484.1865638309
1013970,636969.0712199825
1012338,455135.35789895576
1002952,731058.0124339537
1012495,532588.9422726007
1004852,1309298.4068090268
1015687,709517.6342533219
1003357,1005436.5605391255
1015053,392028.971007868
1014614,229445.31091464421
1003578,445670.63255924336
1004632,615063.8006151936
1016993,456591.04875434184
1002755,955296.2148729827
1009527,351249.00493799336
1010836,178792.02349059738
1012885,394634.0033439284
1015125,247493.26512114957
1011442,240024.0042701601
1001934,437601.0242585268
1003853,1014048.4696147046
1012915,458144.5936408469
1007238,554877.2302639483
1013047,994007.7500722851
1007301,779658.1252733119
1015551,366271.27312952175
1016195,124694.50850982558
1005123,1185100.3243042068
1013182,241613.11508431044
1006716,629854.6343299181
1016654,417600.83661708614
1004362,248020.6190671511
1006372,253755.860668995
1000104,878661.5997247339
1010062,1267659.0431688435
1005908,628277.0567125658
1003091,272611.5390237376
1000073,456181.668292617
1012329,285690.748269581
1002604,366468.92315717466
1010743,107367.13813420202
1003872,454756.35658622684
1010156,668695.727233088
1011862,125415.3445826315
1009211,462472.09970614297
1003692,415170.77815403615
1008230,570934.9512064159
1014288,473943.5576489498
1016857,269666.22529789247
1000999,388990.40674381773
1008877,945552.0884573227
1002640,508318.56298078905
1015118,523935.90012581705
1009739,453468.8793940005
1000936,417207.24067914305
1011074,427632.89826581423
1005667,227561.19133855004
1016209,522195.71458874387
1013198,596530.3124435543
1012539,693862.229953196
1001379,251324.32902514684
1001290,356509.1472318817
1014847,314957.71149199986
1014230,301147.0269298895
1010820,887533.4840852609
1014233,650267.9175055833
1008453,584003.2784033298
1017412,338217.7582987082
1012271,1261676.247266657
1011844,517430.6152985621
1010050,1015589.0300743446
1013580,853119.624968783
1004531,359842.4506986763
1009554,1315074.6171336016
1001357,340793.97371161665
1005545,345713.797819341
1008395,331918.52717454947
1002302,591320.3718475985
1002546,997186.8045498768
1006444,183376.96027712896
1010648,727590.916043738
1001527,427293.28699456935
1006905,464215.46336063015
1016368,224823.78057483296
1000322,1269113.8648951633
1010163,263215.8132280551
1016425,301249.1828137534
1000379,527494.6237936803
1011872,302203.76285761176
1011124,405341.9272362799
1015627,593649.4792461188
1010505,708185.986589402
1016662,567134.7440642321
1011223,1022034.9223872946
1009792,245998.63966036626
1006073,834752.3386823228
1003568,378644.77951045695
1002386,319017.46568148886
1006690,131325.5142800966
1007986,120774.07021235647
1003857,939344.4847470485
1002217,395558.444163032
1012343,639369.0258815503
1000652,376010.6357117079
1015521,669587.9894173305
1015964,612858.5424541126
1009206,375148.8497795372
1010365,1051213.3790929774
1011982,434740.5635498139
1004940,576426.2269008305
1017580,951722.3115633497
1010488,538522.2137456231
1007080,230181.60045863764
1017489,1150131.739843145
1013959,737308.8181845314
1011160,416026.2170843099
1008836,582476.1076121122
1001609,728912.9456061319
1010607,561595.6940727723
1013979,742168.8326272661
1005004,778884.1494460817
1001877,1218567.2641669908
1009898,291397.7407427285
1001974,945262.8869774812
1010596,416873.4139171655
1007151,597080.2937796876
1009570,531632.769703416
1006656,347621.10814230266
1013923,275634.9392760342
1006832,1147438.852437864
1001610,406246.0460239002
1006033,169855.0467755921
1016471,718491.9185689056
1016460,270765.16405443684
1000134,475025.66527831875
1016655,449826.9367995568
1002874,1085686.007112062
1017090,731837.7522293614
1004582,467941.8818078335
1006049,516642.56732930144
1003571,375192.2209043699
1012557,335872.6624821566
1000894,1167249.9406155343
1001460,628030.9089120784
1001393,1028740.9832429922
1016960,122887.32114884959
1013146,285257.0847793894
1004672,531145.6459881364
1013096,341694.1840307847
1001077,1373925.8847049028
1003667,486212.5010245428
1008964,147673.40607417424
1016399,299910.17893454677
1010274,394066.9094866115
1009285,839828.4856241252
1016541,290041.1836083911
1014742,1162476.7974758514
1014761,644515.4956516691
1016555,260081.49685383806
1008761,714699.3479478699
1004309,652085.1218526223
1009412,514299.2425472834
1013348,618222.1111096543
1013616,982396.1753582757
1007742,446954.3558755012
1009503,505293.7980169313
1002694,128292.93297938943
1016131,419193.49880431575
1003236,413304.78693529824
1004540,237890.04776184633
1013116,332461.37971706945
1006209,1117626.8027087103
1001371,489376.30499614106
1012008,311711.7408602616
1007921,300165.59771036677
1005436,167853.38347209356
1013983,641544.9012052437
1014822,687410.2031826703
1015967,415990.6556468221
1005432,535220.0272574364
1006329,554557.0676605596
1008689,612728.0832898986
1013231,560060.2013054944
1004066,706712.3609925098
1002381,509823.2555026758
1001705,416210.76220394985
1007546,408674.63239012234
1007446,891246.6816689637
1012883,271323.0777612114
1014725,353645.5384515912
1002868,421444.3880700077
1015856,1204726.6366047217
1001233,919945.5799981396
1016304,297593.41621126176
1015530,325314.68679768767
1006928,300051.74866916344
1006568,353859.55461966613
1011764,448637.3082054026
1007203,406741.7233060335
1013756,280054.15961161087
1010482,292319.6605086424
1014277,195557.9334429978
1006815,224034.6902955722
1010468,191443.56758871418
1015252,265567.28968527744
1012956,222988.9794766064
1006162,679573.4901103931
1008873,276354.6885997304
1001715,133235.50839065175
1014601,213116.73314148246
1013335,237725.7637286007
1002541,1166600.344121478
1005930,449317.03703161346
1000589,338575.1506957554
1012395,391862.4711968802
1005566,953924.2995080079
1014461,1135419.6557145708
1010127,806696.2405445925
1003122,261326.5667272136
1001668,579463.1794695099
1001985,658863.2366686001
1007740,111894.40679524546
1014821,355001.3686923196
1016079,464164.17047368875
1017576,943566.7200566132
1008692,314145.3725561622
1008331,718859.0411427683
1016661,323819.7978620718
1005049,195210.65231629825
1005370,712086.2777140593
1017542,304921.8137585174
1014862,168268.3435298657
1010374,830748.0703678199
1009075,131805.41041907348
1013589,693770.4906483848
1002596,447115.49808938295
1003632,343236.3555391789
1005479,334834.1115353812
1010235,317335.7920186256
1012354,301094.9551226281
1006550,836132.7428665454
1002622,382232.1082532554
1000507,259924.6775622388
1001726,783214.246339881
1003651,348344.20147416595
1013197,1045046.327279185
1001850,177828.3291237397
1003376,458024.4486132046
1002988,215764.06933299842
1014013,374572.71389210294
1005601,481740.73421366443
1013060,1318245.0047141078
1016240,472560.6113850454
1013595,955218.9305292326
1017503,431610.59562250425
1015461,182664.17175077475
1008749,439110.93983854
1012686,324347.73232945835
1010550,318390.62024959206
1002277,229590.24146880038
1014012,219741.77634264115
1008772,120907.38379471662
1012461,288041.9432530864
1016171,752434.669817273
1008394,361393.6742701042
1014391,441989.20705927926
1017598,541076.260437171
1013575,1145945.5839381781
1017603,443988.3331692017
1003756,1538895.6163239495
1011545,244338.3597882092
1017517,267844.90609748935
1009139,607842.5892482447
1006652,683128.8232040971
1016344,147670.5615593264
1006916,113675.56747427171
1016020,129035.37383873531
1010530,351494.5590806301
1009815,202367.74984919175
1015349,737955.747136015
1006974,481274.88536926574
1005651,502314.30519523355
1001754,299559.14299387723
1010476,171559.48049208568
1003628,1021448.8869927053
1007244,573331.7605361806
1005189,766410.4073403494
1007950,548683.7692886813
1013298,1023139.562803377
1012362,347669.3874906765
1015449,741171.9292896088
1001112,531387.0759855962
1011886,297967.53625340783
1012072,412901.6964285925
1010495,299999.1248830493
1008502,771719.7371093446
1000925,323452.83103616897
1002531,263180.47077971627
1001377,198762.2733596296
1011183,564101.5394746988
1009283,143414.4336265738
1003367,281455.61786456907
1017571,1296748.8119245912
1004230,281788.1109916401
1012491,632367.1156293856
1017093,194240.11094006672
1000996,505351.75126842264
1007427,836389.0862973667
1010203,1226014.3908150468
1015807,477044.8090372288
1002361,485518.4970610012
1014186,439370.88743833127
1007697,651060.9809695447
1000214,410155.8800276012
1009378,382070.28236813465
1017243,365164.7826575303
1000254,184139.13225108292
1016106,1447316.7296396792
1001923,1475314.915182062
1005041,437726.98272211046
1015207,351486.8539495121
1002685,952269.397272419
1012941,1225722.9998286979
1001207,578099.2154271852
1015562,563730.8359325798
1002429,432118.85398498253
1017104,637106.5444617869
1005086,441568.5062230421
1012291,1180928.757607205
1014056,121058.53952463309
1015158,789266.5819551587
1014296,518208.3735023745
1012046,630355.3037617615
1003011,169227.3451388809
1014244,612233.8850811799
1013309,399947.61116448167
1001966,234584.74506021594
1011245,804814.8484812556
1004967,865574.3369250956
1008086,538287.7874866249
1008051,517591.57897033566
1003099,1244975.2651150688
1005149,496107.7357336185
1011054,164390.76574385888
1016050,349416.0326459218
1014891,227990.99416492903
1002291,665782.6702325157
1011241,340050.71126959805
1017044,391368.1461640114
1016739,112617.79182098446
1014336,232978.7695555825
1013636,469054.7033985188
1005992,524223.63606250053
1007628,669479.3112582379
1004177,1090459.3627277797
1005814,711914.7206134303
1002639,605032.1509335191
1007408,975671.0749584839
1002635,490933.0406081111
1008678,489760.77609511325
1006163,371731.9662520638
1016516,179052.8803864691
1000515,422682.8927922916
1016332,332548.6839089887
1011890,226894.8449707941
1002524,526395.0045752379
1007577,334800.85893565835
1004871,514810.40941089805
1005147,445953.6214058589
1007197,396978.45776455966
1004936,279030.8137006419
1002939,129438.06851630885
1011877,580289.3770664572
1012870,328933.2801655073
1016258,504880.53725669166
1013479,543531.1458593359
1005220,360075.30476263695
1003167,640421.8132291593
1011132,867335.3875909399
1000340,476979.6263087202
1004646,399191.8987301319
1012243,775405.0291609468
1017384,1111285.5047021334
1011733,539219.1013123526
1008282,378701.18307897326
1009522,330068.71850003814
1007103,592169.4326389252
1016420,1311026.6446225944
1007396,627056.1404613514
1015745,348633.8758928695
1013628,404879.5767414859
1015214,763036.9711674994
1017186,771067.011548116
1004008,361614.03577204363
1008811,834186.1701024541
1008490,504480.19520683563
1011483,561800.7578529089
1007711,420237.82172981463
1012781,603550.2096228804
1014108,303686.73274127755
1014830,394558.3460466104
1001781,620972.8049918022
1002103,95352.5582923207
1014866,430500.4850184106
1014994,353894.8867213804
1016727,224890.32831617098
1017019,226590.2497121173
1012825,477493.6580918715
1009360,983932.9040537821
1012696,672300.0382284323
1002855,376042.2678137072
1010714,360869.73496668413
1014189,285601.89341116336
1012222,820453.0508536904
1007440,867645.587428727
1012636,190449.4141599627
1014424,516580.0152292496
1007062,542199.9569521819
1000911,367857.95620719914
1017550,516257.71522400394
1014788,925385.7729800687
1007480,1073552.548345681
1006619,546149.0813469476
1000888,353853.159405136
1008977,138228.961358024
1006470,356138.371132833
1013244,427054.22080545366
1016713,468696.9892663117
1002490,631506.8145701507
1001507,191882.20968694458
1009812,247487.63680455362
1002778,358471.19914739
1012084,566034.0372892239
1010477,1176258.1752256465
1016618,500901.2006215101
1006608,1070920.9683083224
1012448,504164.0452337415
1002022,368141.81054158974
1011554,608597.4876189807
1015033,555759.5099729359
1012906,1149933.137050088
1001293,197178.53866779388
1001948,339937.99040646997
1016275,176133.40003192215
1001175,613537.349969514
1013271,831426.5334833094
1013576,431056.8166859474
1001270,381052.55382330663
1017508,1187893.03560682
1005637,441173.4230203322
1012484,381599.18736589403
1002452,812476.7325699232
1006351,1429545.6909830489
1012884,762695.2080497618
1001814,437332.76859504456
1016847,557369.0508100588
1011928,378173.8946817875
1003473,437814.89067331696
1014579,1122460.4649409782
1000228,343721.5015361452
1006283,616627.0525844677
1008128,292112.7669479592
1011948,336832.96672620054
1006601,403558.3637813249
1015831,514349.3438642642
1017492,321519.16333452717
1016179,390908.5467196081
1015273,552983.8953697549
1000962,1205588.646454839
1008548,244182.66659402242
1017197,563794.8444875701
1001000,353023.34855128115
1011002,502967.3390771023
1008039,426117.236222447
1014085,309625.495591312
1002269,708989.3942989481
1006744,685114.905917016
1006508,482650.91834347864
1000172,504862.144393031
1015049,479566.2145117434
1005648,937762.7840669306
1012333,787379.6050424598
1010167,777557.6381152245
1009647,1618241.9491868422
1009752,512444.5667404775
1003045,496084.65927133703
1005593,1047833.7466229795
1010854,341699.6775115143
1004157,158470.49808910012
1013681,846169.0316880911
1017336,415632.11287568597
1001173,296038.3924999872
1009179,257685.4969351704
1017155,377471.7719310884
1000334,571104.3221694555
1005621,452126.2553494772
1000399,308768.3344370698
1006965,372585.59497791925
1000789,1183389.581877662
1012633,1013650.101825962
1010445,535331.1669927081
1004521,1006046.5863911262
1007543,130942.17406454493
1009923,303448.769929992
1014962,210676.12361566292
1014836,799793.3951242432
1004748,437910.6460125885
1009551,458628.5590387594
1010253,170934.79465064517
1007016,254741.85035700473
1010546,551317.4393806927
1011232,615550.3626222869
1009579,505996.37011537387
1011233,973249.6536305529
1002275,336172.45693312277
1009208,957257.488332316
1013943,754315.0752083637
1017589,865661.4472056582
1012832,237304.4349391866
1016496,1291732.9059411103
1016672,813616.8278462733
1014508,439284.9933864671
1004303,751759.7309792374
1009471,319672.44763514557
1005522,324695.16251265124
1014979,156947.95259076188
1007172,285151.3716667984
1010496,1122159.029939962
1016563,923581.4694357984
1003995,383321.4876493152
1003197,339728.5256004995
1000880,270332.44547315844
1010465,486863.3641748313
1002044,641339.2774331537
1015785,1415900.1467731213
1001333,274186.7147136852
1003254,328692.9626901707
1014735,359758.5631840625
1014771,568138.2688931291
1005883,352390.97521466424
1000504,321112.06040395884
1008715,334010.76902032684
1015087,318471.24555818836
1008542,204452.4348833918
1007630,646307.3473454752
1001237,1209122.2137741058
1008197,680866.2026083785
1004391,379918.9088151397
1005384,352250.68215761305
1014451,914042.2321324954
1002193,350052.9037664171
1010194,470576.09107853076
1007886,1015742.8260616026
1012631,451628.45543676656
1013398,1237487.0184882816
1015140,138996.14963118473
1000356,344714.39334905864
1016286,239646.28774427428
1010238,144192.36768586093
1003063,474176.61143458966
1012613,887612.9160625092
1016726,392426.8410288213
1011277,337720.4391545245
1002928,660098.1763325224
1008551,220104.6508495803
1000036,727062.7028426096
1005118,577403.3481535245
1014088,664867.9021049145
1012050,789468.2424798503
1013928,236277.8614005043
1000848,726338.2701853
1004478,279088.27348574495
1015166,607696.0941563136
1013336,1245257.7485420129
1011428,406181.63972664834
1008223,204202.39368185328
1015787,263233.7890279643
1003977,264220.1293835821
1008596,633906.0799989493
1006159,957741.7681025881
1011849,978952.9592549767
1003100,564256.5900838086
1003700,468619.60289828497
1003937,780886.242934762
1014352,926433.4701313713
1000223,380748.06612538383
1014271,1125558.0427977173
1009567,745437.8601367304
1010449,302660.56206641265
1007554,714316.3475577404
1011612,336766.8408840482
1013064,422619.62942337024
1015154,765149.4083998697
1013032,509529.29345288564
1011466,394544.5172555334
1000709,602180.8848294652
1014762,213102.52583368504
1011252,554494.8365829099
1005094,458507.85684694466
1007884,375249.4542664122
1007164,374132.671268298
1013355,97290.96604927967
1001457,538056.8053359267
1017397,194975.24150160697
1015328,421644.13820121944
1004123,147619.45189518042
1014274,874145.6638436815
1002784,178246.91465868536
1015200,898186.8524584462
1007569,337027.45680634124
1014527,300294.20609973086
1000737,1087961.5679300674
1010433,165650.1319154864
1010522,413550.36974613136
1014070,138352.30646100192
1011681,550361.6187482496
1004390,253850.98495993062
1015333,972342.6590612073
1011516,958946.6637199331
1010824,123861.63569613418
1012248,360005.3064732674
1002935,512493.2074170261
1010766,504514.6721395159
1001926,1242774.2869565878
1016055,322573.433967753
1010703,217936.21538238076
1002987,778771.9656793117
1014616,107752.0214097289
1014329,817739.9043420805
1014017,611359.917829062
1008050,336847.4019423425
1000212,476042.4437442539
1008845,1090369.0802803119
1007066,403964.6159073535
1009295,521912.76881777943
1012962,1248008.6070136253
1003328,433921.4261126365
1008807,688676.3205253545
1012105,831823.0298991003
1013778,767976.5611842766
1005539,426641.4493752088
1013873,231906.46926553472
1001719,508653.2668482986
1015972,216352.41402821822
1003303,271856.54342167237
1006527,419481.0055801067
1010741,539812.0629109773
1014734,397425.8134764234
1000919,194965.80162270152
1003478,720073.2522892122
1016213,634480.4320208742
1007327,969955.3855743952
1001386,691833.2082610355
1011229,282253.3257032481
1013688,680159.7305916873
1005237,111501.61584121891
1013924,319893.1038145018
1005813,413525.4814671908
1011095,506841.8566971083
1016058,303807.84699514846
1014723,128931.95357733185
1016411,132772.25562299343
1015625,109723.13240137928
1015163,1371953.351780856
1006337,329179.9200897966
1009247,645253.6167401485
1006747,1208184.2015296272
1003817,1174647.5356943738
1002316,1420339.9084189294
1005807,163247.4269043404
1015722,571119.9751113954
1000088,685850.8036310707
1001033,384641.1702514444
1016503,261234.55342240632
1007600,185224.5101789828
1010491,351469.2467539334
1012001,474100.1888358477
1012152,256364.58425584485
1010932,470178.421344314
1010717,384134.97509372083
1006456,603528.3936188453
1011885,714340.4016220144
1010206,444886.9906845574
1004174,681950.1282258182
1011728,202895.84840532212
1009711,389991.2651646322
1002867,561324.0610403218
1011621,1123850.4516322836
1016641,355233.22377039224
1001592,286339.7102750068
1016789,811856.8496774064
1005825,1377376.5418050787
1011664,643296.3961696852
1015042,306520.87442855415
1010538,187016.81735038164
1005909,695545.4074992269
1016995,268771.73680668307
1014198,267084.552530568
1003257,451672.90412564774
1008598,767807.4505721953
1008100,638216.3894782054
1016889,389530.4428670036
1008987,1042030.0563731829
1003088,244235.04197769432
1009773,403330.22690467245
1005423,532670.3164877748
1016648,689598.9332809934
1007863,507701.87644159916
1006278,308444.23808259243
1009566,370524.0560772508
1008580,681224.4819499614
1017259,383201.683885477
1005540,193648.4411931872
1002055,1295820.4265890967
1004223,909505.739135614
1016977,123727.2704246897
1003317,371352.627951995
1012052,353441.0782008611
1004819,454729.0868655741
1003757,399951.92435478355
1010115,283873.2840099563
1001791,1191818.6335066885
1000468,310738.5108540185
1001104,943036.0512593205
1000002,441714.6253730308
1017438,846830.0013776752
1003409,867625.309851209
1006806,345713.49309333134
1010059,940080.949013923
1007036,310394.2226837462
1002719,302920.27299505164
1007612,813151.6187333675
1012221,255454.69792913602
1001874,353425.2588155257
1017153,289238.651307803
1004377,515703.23647072585
1005077,693007.7284724005
1013285,376066.11358740897
1006117,287107.0403329584
1001168,500788.2650291201
1001799,313269.9164463414
1012549,931475.0943967057
1008162,448220.6778332909
1002751,910931.8788459444
1017213,847286.5880421096
1001471,354382.88788636465
1003618,870076.1024947509
1008837,558969.5019984266
1009069,398007.65408722335
1011943,296283.9429171994
1009514,693095.1477871529
1012039,595468.7914526428
1003240,434210.68639668054
1015458,108121.9411951685
1001840,390399.31532121473
1004332,403157.2743764836
1011086,122895.50887307375
1002758,612641.5172625638
1002865,1225169.7477139917
1016049,227518.9733691682
1003068,1204825.735407706
1004613,702275.3478716414
1011547,544338.7213212489
1015176,911144.2502138183
1001637,274365.36190413596
1003902,219981.55394216528
1009509,192838.93227952876
1001572,365287.4561998689
1003707,350942.9593629276
1002208,170507.72720378253
1009705,490490.94985504315
1010826,599776.8219435037
1005766,841633.4156361987
1001901,421962.9781479885
1017578,767257.8503168013
1012276,419133.18368701724
1002252,227067.97956922767
1005058,406041.8402331457
1016874,446004.9443559465
1001252,471834.5838283057
1011952,359413.45128102665
1017066,183553.7123279488
1002066,507111.1122850724
1008572,372817.8463063787
1003608,505524.0680538338
1006087,447827.30562961235
1009609,389493.59177896095
1010379,769307.8301299633
1009110,854125.0308217932
1008714,514176.42733083543
1008527,389791.9290175359
1014631,439101.6033903924
1003821,1031781.6141664295
1008728,288141.24666568806
1009227,330980.2359371934
1008615,259448.99118690006
1007691,1056707.2222429197
1006631,111349.81668342632
1011485,1160121.1017023248
1001380,111043.92522311385
1003029,245079.52871820127
1015861,900679.4289350781
1009897,171354.6684991977
1003680,371543.4466854515
1011709,538633.7444987637
1016957,95444.19210273173
1000708,691954.7010208633
1003999,266900.33375775884
1016779,804944.1809507974
1012042,392026.780324821
1010091,372896.0305931464
1012840,397076.84857700387
1005710,414847.322831245
1017236,395402.1386835999
1002153,448616.8409157993
1014493,1006074.344481859
1008703,700072.2152592527
1012824,1266265.9194604817
1003459,385197.29209944274
1013342,478637.01902618207
1004549,463422.0976891426
1007131,768050.5699705512
1006005,312182.197299681
1007265,669044.5258214973
1012284,874323.0723377811
1013854,625511.9491338076
1016283,688752.6316767276
1003494,814049.241545579
1000870,1174604.7144307012
1003278,837977.487361128
1006860,588445.8665610778
1011723,150400.08604496563
1000491,462654.52321400243
1001219,203428.24143731245
1007486,821552.4028788431
1011179,353287.5186142434
1006217,444855.81966841087
1012109,711442.9862649853
1002141,131088.35391694916
1002255,343866.6151249732
1004440,1186707.6054850288
1008492,272740.9572362441
1008311,283578.3323902805
1004004,452288.5878241257
1011191,520104.4135483473
1006262,874750.0071940039
1010769,349480.25077748107
1006964,449030.0784058268
1016930,373801.10812815494
1002322,630490.1044959154
1008468,101501.41219109541
1001790,282674.5726583125
1006907,180988.7759406915
1004901,351352.7306546788
1014160,1020884.5785033565
1005162,505431.3900854129
1009353,461866.52121053345
1010822,198764.74777815514
1009639,655900.7560981963
1002474,673126.6543446574
1008768,441424.68659974297
1002756,549146.1651486085
1015857,111243.15502559188
1015838,786823.8521032966
1013718,943279.7246749961
1010436,374357.2701868009
1001944,616575.9643057254
1015267,868013.5838460646
1015777,1104019.125282318
1000098,614589.3043770003
1009676,547446.597928175
1011715,81641.01800973872
1001081,387916.7635218214
1014374,95850.04405742108
1008068,298609.1407132647
1002502,671428.3440395999
1004202,1104378.2053673815
1004380,1257386.224601813
1017105,165803.05553861248
1014898,510139.338959017
1017286,580759.1375371217
1001135,412538.47532108193
1001958,524300.3810244565
1013127,1291803.65949029
1011011,405281.15612454095
1004161,213059.0453877192
1016757,590460.6143629283
1007109,511080.41207862843
1014486,932728.3430994014
1012154,563436.3829346385
1007349,309063.921701162
1000317,323415.47977339814
1006450,461501.4321174665
1000885,275577.8950710506
1003343,355193.036729959
1011889,627538.8189344561
1007376,350425.4586024222
1004113,1174114.3682629776
1009810,823306.647008119
1012341,913623.0425385274
1003621,321048.08999407804
1002159,184200.53205485945
1008937,968082.3649402625
1010524,1405235.0319628369
1016239,408387.80358317826
1004715,264018.30232272256
1004373,476027.1436347646
1005371,171756.95284654835
1014540,298682.1821187272
1016897,328786.9150906573
1002016,750530.4937065744
1011868,224420.1568890345
1002529,310905.99569440336
1007550,362084.6115364526
1015052,451922.40285470284
1011497,445109.39156228566
1006906,462584.3672306085
1005449,1340602.5641195239
1013557,666681.116010991
1016257,459338.79732935294
1012517,278899.2215157299
1009832,439171.946511586
1011017,357374.9527901004
1012598,242409.61794518697
1017253,516949.8295001522
1008601,162596.73804143502
1002261,355705.40408607037
1007699,311975.6088754195
1008791,1214546.2191715487
1005489,409330.1482774684
1013633,207337.6323448502
1012878,321689.922679093
1006511,336111.14342011843
1002500,493201.1010747212
1001053,303694.46883070504
1012726,443051.07885970053
1000658,266852.41179311054
1013834,723720.2974235127
1010548,288926.8474723253
1006844,559707.1295437728
1016990,933694.980840844
1003725,541962.3486706226
1011678,867800.6414199551
1002073,205181.0821244896
1011993,289890.25511026016
1011791,523783.7492625445
1000684,325468.4234844918
1004128,687359.8695088652
1003895,821600.4092342671
1010628,570803.8974365483
1006232,1092537.1462677305
1008858,110018.11078148983
1014342,1016189.9405012679
1015800,379983.9010240519
1006249,512253.8777280989
1002253,426151.8291369279
1016415,847365.1262720106
1009807,268312.6903979617
1000217,226035.36052978816
1014880,205609.20488049494
1007587,422314.10694228346
1008475,164563.47255633722
1013102,1242347.3808359231
1011131,324001.49023069075
1016030,259642.45636560488
1004386,319810.9293894484
1009960,652111.2725882522
1005529,600199.1021017181
1006741,1240511.7134360496
1017451,667188.5983918494
1013393,446725.4920004896
1002889,878312.4291785047
1002707,397990.52457436256
1005081,422460.6146098501
1014671,372207.04642563005
1003831,313107.04459466366
1002398,493783.2998228537
1014934,594487.4861525415
1001638,1127518.8271814154
1011423,674576.6902531511
1007015,1181015.5955767203
1015769,525975.9946600411
1009829,170905.8454933801
1006346,166412.34337159203
1008785,786153.0390616987
1010801,1024635.8824021083
1008277,442652.7770850397
1014947,622257.2622204131
1001903,527722.0424555051
1010172,273840.73952599394
1005664,673740.6530675094
1001268,686636.745968925
1001853,913726.338067793
1008674,932440.8728618352
1014435,741470.8477609082
1003188,433561.63043958007
1016556,250561.10066361455
1001956,189868.0614925092
1006821,924288.7977690765
1000998,1392076.12129245
1013233,258593.2067305174
1006653,174695.51341411006
1013004,268668.8985658622
1006591,844673.0512900493
1004083,343268.01829564513
1014358,607143.8798231332
1016838,440418.2654265639
1017564,312898.7964548901
1016053,148224.2453394688
1009737,519218.160111522
1010808,167817.4402171367
1001811,428307.08358478325
1009754,703017.1572851124
1010867,232235.88665362532
1009130,371131.12553936086
1016818,431042.8646478062
1000313,733927.7640320557
1001409,982715.2504263477
1007451,847343.1057545156
1013378,426216.7716740847
1013223,732385.7566316003
1009951,1227512.9041511568
1006459,280292.2524806181
1015394,461290.06351189065
1002295,436519.22180608485
1015871,185324.72949909244
1013837,225874.9267932079
1011661,481695.8241611305
1012300,636618.6494734713
1006871,371253.39172987716
1001098,811256.6386368186
1005420,728325.3014126219
1012861,332899.73684720806
1011177,250071.27541262528
1007083,784079.7126760614
1004550,627286.2860535306
1007900,557102.9615985056
1003795,563927.694322549
1007438,355060.106550837
1016177,875414.1803204137
1011155,453158.4102151749
1012258,323253.86321982776
1007470,330313.3130683512
1008166,534237.2137024646
1010290,1041976.853611948
1011619,598360.56047449
1006795,609974.3897149457
1012334,355944.82853323926
1012977,873959.0013783987
1006654,899751.7421537007
1005376,996159.9317528736
1006443,220934.29350409022
1008078,212445.9693484054
1000387,646322.4848729931
1014257,578570.86776803
1010839,562437.5288697919
1005404,783844.0088964392
1013392,279408.0883109726
1006503,608925.3182337569
1008330,559027.5561776877
1007381,457367.28212704236
1005350,307953.0472236069
1013741,430807.7296593891
1013217,255901.95430683572
1004447,269337.90655428317
1003522,294047.92927120265
1015826,923807.9264216108
1008118,721700.8040467576
1007106,359426.57124534884
1013013,144069.53222641748
1004524,1049223.7020196116
1016083,432155.5434641263
1011438,442921.70102545124
1013011,101295.73875641084
1009796,260818.01908104392
1012379,800549.9074143606
1015260,1034473.7015540808
1013990,378519.7526637964
1003132,1124199.5483994419
1004030,496480.8376235626
1016575,656415.5487269885
1012189,905292.0443596385
1006554,285783.82581429795
1001626,828489.4521717874
1007891,477795.3047133421
1013319,980985.9904629744
1016459,1015659.4453705037
1002308,487784.2771981692
1004950,601343.5723463951
1005521,450954.5229899276
1000895,245422.0658373034
1006501,823229.8406748538
1002645,709363.6204381251
1009037,483092.11902278464
1008483,570192.2652611113
1015768,95872.48247643349
1015457,111517.13393454852
1004029,932208.7080819699
1015905,496666.8296190623
1002313,644715.3689851005
1001118,397452.97891959647
1015225,259996.1592277372
1004269,548160.277542868
1004652,670091.6375222504
1011721,750754.5708480559
1014205,753210.7563176478
1006397,139017.50309288854
1013284,658290.1571616182
1010571,587328.0465051457
1013118,311019.2958219198
1005321,515607.91991457646
1017283,388339.17801472754
1003730,415697.3736250071
1013373,663712.5043026371
1014826,185498.9999699039
1001964,467118.517720559
1017513,446607.80001325626
1004825,834781.5380844915
1011571,150309.07232659974
1005312,659864.0548909986
1017339,848915.0421260527
1013545,1431521.7542491353
1008341,295504.306517704
1010946,520459.6781606521
1005279,282376.93004592456
1012438,713456.569749815
1008367,206156.893476353
1003677,765113.3789537244
1017270,370208.1141311
1007968,552966.210739186
1016430,466335.60757050855
1010536,590907.6237806684
1000799,543803.3815171127
1017565,655575.3355401948
1010841,717351.9619761289
1003916,345992.13553054596
1015750,1101627.3115029447
1012282,116313.97099844817
1010099,1096674.4949165701
1000204,760663.3179387714
1008280,472536.4573206329
1015815,623231.3430726273
1017276,756666.6222531601
1003427,464786.1406936491
1004944,398035.58440918906
1004954,1214420.5803186533
1015653,423791.99052892113
1002329,349857.8403503749
1014065,898719.4614935216
1017302,261023.3356991594
1015966,165258.14894989325
1006566,533590.8178788121
1005631,627949.4290804599
1007783,833224.9402977646
1004947,917457.4122183382
1016380,176325.655693788
1004539,842445.8131130082
1002631,580920.2009235423
1012372,432944.79578148137
1002677,674026.122183126
1009447,441696.0599751615
1014935,937623.2353977191
1006572,252939.5714941839
1011422,212741.83431362943
1015499,460436.6089601503
1009714,398108.57388385787
1005067,421750.3795012715
1008922,269562.9219287335
1003612,679948.1379057195
1011927,218873.67687686082
1004012,956601.9207423812
1015116,199775.65656196003
1001256,808717.3341736963
1012142,145004.13600013897
1016609,768483.5996165435
1012076,539523.6574974066
1015781,426770.5496811991
1003516,332152.28351134487
1014392,187673.654376375
1008659,188682.13096913206
1004476,627162.9479735079
1012738,510573.21405460325
1002189,846663.0440552596
1012801,387734.95532307826
1012600,370990.3677323315
1016798,345457.01352220634
1010019,271541.179240284
1005374,897310.3550990607
1014335,272164.34415933833
1006048,696414.1156819658
1002704,199347.989503694
1001287,237254.0997601179
1009459,925703.0083104662
1011622,283914.4052839264
1002354,916308.8663649029
1011637,224973.84865292098
1003708,887211.7997319883
1007500,253102.16224026238
1002536,282367.8366002158
1011784,388315.1014382722
1016165,423690.82888436853
1012160,162248.27106396828
1017355,462453.96573250456
1014987,547182.4564459783
1005739,445600.80311358074
1005569,229355.7483997065
1010302,460923.7547903088
1004517,305834.41788395564
1000050,754911.6036554328
1003545,419183.3035238013
1014558,372992.65594911895
1000565,275976.4922204613
1014757,518291.4603882417
1008245,1162563.8204851146
1015423,205069.40206679713
1002026,577452.2384171525
1001523,159181.2029247046
1000904,803734.4029722153
1011520,106280.93707210917
1003972,946276.6899403625
1004887,468667.9614737291
1008657,121072.5586369315
1013009,278660.98581799533
1001730,189609.7693102578
1009659,737108.0459410442
1006100,343909.3527462146
1005054,192143.97113467942
1004315,701065.9241362712
1012265,137401.64264689694
1007893,525062.3617601016
1004731,446272.2418207131
1011630,250371.52604627534
1014509,419953.0050248897
1003076,468891.29737632984
1005194,238527.40008584576
1012863,777048.4974090648
1014268,632513.2352494443
1010552,216858.41574121203
1017240,609307.6296788461
1007255,428615.03365551017
1012644,440037.16911813
1000436,424342.2831637479
1003310,1061353.8439492579
1003735,464324.11074554664
1006104,307838.3824908456
1015760,474147.2511290003
1013395,365432.2494767113
1015951,240299.4471951381
1001779,983799.2835578861
1002804,245504.3747539114
1013569,594733.449688236
1001215,765227.352937282
1003690,517169.61793365085
1002699,266767.5187195812
1011430,733142.9160195377
1008740,791174.7972834716
1009591,736011.2706003719
1012188,513830.58593719965
1011194,718781.7446846486
1006682,401550.02168658207
1006344,257518.0807744771
1008734,435515.30600499635
1008092,144452.70147987528
1015702,627130.1827841947
1012776,185214.5447953029
1000791,363830.28209188994
1007370,398558.8985897429
1007775,434078.1488925916
1009134,1296589.943940967
1004236,746790.9609962099
1003171,218994.02553525902
1008642,675600.8111449576
1008896,250280.3667706189
1006590,304675.0072245304
1008438,385307.4069609364
1005748,143368.68493886455
1006762,471444.7801891839
1001558,525998.2307973873
1000369,243874.31442077018
1008872,602358.0266281691
1007969,357509.9346471216
1016419,468337.38678430975
1006600,483242.89595823735
1001858,1019411.2044606607
1005654,475760.59571684303
1000208,780869.4248489753
1014615,884922.1971392591
1007927,620562.3272679052
1006405,292580.5107931333
1010889,208201.67285268818
1014926,365993.73337447166
1001541,581972.9305834849
1011410,323340.9475413202
1007375,497023.3523987273
1006799,910434.718495029
1009949,1213685.9785522106
1003951,757286.4579432845
1015501,348998.3655649749
1002974,249150.47512025607
1010551,1200408.6158010184
1002091,694762.6607572981
1006267,334532.8504546801
1009328,933577.2912194391
1000089,1252046.4441505452
1004763,660758.4747802683
1011152,349344.0876514345
1016686,322041.94731282943
1008620,223602.5209951327
1005007,447487.8796814712
1005303,455480.7239308961
1008943,583019.6567680363
1015798,519333.67844717053
1014211,582049.324365579
1017035,1308792.5645494694
1005069,404241.0645078187
1003154,105914.7630337038
1011803,135701.52347010476
1016351,530878.1682291671
1016781,227798.67179565836
1010704,288988.48719369574
1015104,954219.9735099934
1004577,273529.37390999956
1006000,1261621.6190988715
1011613,142124.9142475786
1006873,278595.2559443589
1011235,1198616.4453084485
1000045,294255.1189335708
1013858,852816.7901055104
1000803,254591.00573522138
1000081,783698.357083131
1009584,286167.39372267795
1013814,640267.9162831255
1011259,811183.5746031078
1010144,850085.2845156075
1003097,426541.08643887704
1009094,654240.6825106973
1009420,992002.8153369667
1011489,1242810.8040503154
1015813,182570.89768197987
1001446,234234.41376361577
1014028,641636.0434462463
1001560,701825.9346485236
1003010,633164.5634426236
1007247,507670.92721624096
1014961,669825.5770642638
1012524,448721.680340465
1015060,211028.76521799687
1005281,620420.1955972753
1000330,351243.79541173676
1010749,1529763.3868782914
1017482,1145763.1213885199
1006937,461090.1176649903
1004623,1108964.5732006843
1008442,279156.99586445704
1000977,753181.5563613947
1010927,102448.27312496753
1004660,544303.8106244756
1015686,567422.2159374042
1012474,289565.9507872228
1004779,617437.1547234278
1017121,1097480.7544882926
1003988,624289.1643018213
1012620,735095.487661219
1015188,230493.96616366526
1004051,178939.78652896482
1015744,653987.9981029301
1012872,228623.86844209605
1016976,634431.5523913768
1000616,132846.71051993195
1012185,831065.7607387684
1013010,1256229.0008201015
1005645,461654.0715079038
1006951,177915.73072149378
1009140,370347.14977130934
1016329,517425.27984069905
1014278,649492.141020602
1010014,529055.4767579379
1003891,1307231.278905104
1006784,896328.0042391709
1014170,941453.2395781645
1014154,550044.2228969908
1012741,181989.61809526506
1006225,511981.9031547764
1015172,276399.4378385742
1005314,909603.5202446297
1013174,501630.05654428096
1000827,651621.9963359381
1002544,375000.1778668429
1017132,419586.6726489954
1003684,663546.0246935782
1014015,1023875.2139681266
1001286,653881.6767349618
1007513,556524.9163182025
1007517,407910.79193613876
1015286,490870.49558420456
1005175,243702.03271305712
1010030,323740.65248537227
1003597,153975.56759369944
1010949,158271.23968430705
1000075,621244.8815409571
1015574,884683.4629524403
1016393,1023906.9922709587
1014662,370640.1455293028
1007000,417314.90998184314
1011536,251485.20921234498
1016940,648408.4201554311
1000470,271762.38326745917
1009556,646204.5061652735
1008229,402473.21531190147
1011906,752171.7163023257
1014875,464753.540210854
1013962,561559.9732870751
1006764,331601.37737222697
1002451,1101479.5786628348
1000811,1297965.3566420935
1003439,384145.49507276254
1015932,218850.45288179434
1009132,553041.6546875612
1000832,298210.65067076276
1005455,425206.65633881674
1005906,321808.6106043183
1004067,319276.9942776457
1013915,1217042.26966196
1015700,962998.2767845013
1005073,572999.9588807859
1015170,583357.345933806
1000553,849093.6427777227
1012978,358032.0428434346
1016814,751489.6402056484
1000285,202834.34645072714
1005928,945159.2756717859
1008695,570437.4901998884
1001320,290045.58762306685
1002611,439285.65624962683
1017377,271879.1009092557
1010676,269592.9194478795
1004818,371550.75878301746
1007491,476844.56299459905
1012381,490261.26015246543
1000053,523901.25558767957
1004203,1134184.8693332493
1011261,866125.2990814309
1006651,274156.0229986401
1016481,394061.23830681155
1007171,579611.4581952305
1009603,405923.6804040902
1004606,436097.23749049386
1007158,513849.16493210726
1014468,537909.365797291
1012957,145454.26915186225
1015264,254220.32657168765
1016807,620035.6430796863
1012503,859525.6675341222
1014514,102378.7648570959
1003271,535652.9316473699
1000735,471896.11297678534
1011493,202072.86509173675
1003319,1047931.7674262472
1006796,424732.01455313136
1005671,181762.26165690258
1013571,611479.2434911209
1009475,687341.7808243212
1014530,484012.2697531258
1004979,887662.0089276636
1013632,566938.7222562595
1006478,248503.86660312337
1002412,567592.4388547302
1002857,538223.5727465723
1001846,366627.2560412054
1002809,672586.4674375282
1015289,434931.32623210247
1017138,215257.84113132476
1008473,383328.4647544553
1008766,200507.22483057412
1010428,445892.0900144536
1006041,423280.16520452045
1013670,327482.1354123917
1009010,369794.88642454933
1008107,1070991.6277903807
1015571,491754.5466903828
1004626,241717.96466966657
1016765,685900.7646396329
1000778,321898.21695429075
1002710,451028.6158778005
1004538,174652.41940557037
1012427,323906.7766855322
1002838,409499.8563603332
1012095,587056.8964740111
1002899,835419.9999293626
1014729,231656.36250584602
1007112,338742.29398256
1015586,540129.6492169201
1005812,348486.3057901662
1011302,356613.0800385815
1010294,176514.84293125593
1009076,411228.0069981147
1014903,527803.1978204174
1000665,754381.3953933677
1006359,142956.87904676716
1003783,619046.68281346
1004661,450842.34614808596
1003414,322737.84328908735
1010066,275094.76702742564
1006765,527090.7243935722
1008484,946853.9232860093
1004912,653280.7434764561
1010492,283609.35246622784
1001004,1181368.97943228
1015391,1336296.709316512
1003016,510308.8054972466
1008856,270475.09921573685
1003079,281464.5316965767
1003458,268963.46132369165
1013388,314913.65280033107
1007581,428360.62096205883
1006862,357872.03729829675
1002506,645144.3326859734
1013053,956795.275729076
1010313,413589.9099900649
1016825,1100795.3803366292
1001557,1145341.7783463125
1017168,405577.80913197034
1014724,555369.6850612084
1015963,680723.9047327905
1009157,357552.8132613184
1010141,131786.55865288788
1013312,118296.46127212017
1004468,377246.0581153619
1015841,408753.8265755319
1003207,705559.8674463177
1001206,229750.48188886908
1016517,415709.28483538993
1008823,631501.210378632
1015266,459550.7316555891
1005218,306045.17623392225
1012307,1064153.841922172
1008691,151913.98396475372
1002037,191003.2695890303
1004272,413366.3418084823
1012104,460540.08783560235
1006581,394653.7784997274
1001950,1014701.7884520977
1007152,527773.0080479297
1001525,1169472.869550689
1010941,328767.16916494956
1014327,481966.3025812391
1004689,112977.87747017655
1002496,210108.6790556499
1013276,284535.6274486504
1005084,426715.0675119536
1011088,806769.8088589945
1010292,286867.3368191561
1015500,756369.944436177
1005759,112272.63541521506
1010943,635877.3319299651
1004407,458427.32413397107
1010732,486705.09336855536
1001777,1111977.9656540242
1000513,562736.041748906
1015354,249591.79381390844
1010220,540977.7143557643
1006084,1243574.7179745522
1002564,368692.06062864244
1017136,455763.06849543366
1011239,440417.9156171754
1002472,432827.7412447896
1015659,674484.2165312542
1011329,396946.7367662893
1011377,226006.8626454375
1012901,638665.487532823
1016963,808018.3114375697
1009668,821157.4053021928
1013362,1167435.3992759378
1014719,1136511.4590259404
1007990,585801.1930386997
1006665,1011698.7601117647
1014676,299169.8380590872
1007130,460814.892235897
1011042,545225.1870137948
1001870,392995.50175752136
1009480,1127615.580001048
1003350,608364.2218112295
1010048,321405.81351559405
1006092,332923.1809733387
1012967,593990.0374005004
1003525,718637.1816234501
1011378,149169.2211644807
1000878,294645.6030526234
1001232,498212.6406028753
1011505,136725.3275026126
1015103,206820.0262531697
1012595,930101.3403315841
1012531,961007.4232825205
1002826,229848.5701496457
1006730,1019113.3597236974
1000901,831677.5162051204
1007033,439896.50391217007
1005078,527492.755398323
1014452,405028.56958104024
1011332,427670.17966154043
1012053,606864.6887014852
1003175,207017.5789238953
1008404,499776.7668447353
1012374,486149.8353690904
1012617,898101.1080673883
1003847,402998.79622642323
1012462,891107.2410774522
1008267,589008.275944567
1008431,226947.85857240777
1009630,477061.9187446433
1010429,644043.3251526924
1014248,791106.0527873491
1001263,641590.0700314718
1010049,107459.85052452175
1004017,601764.5284047386
1012862,235684.48306200615
1002095,885155.6461091909
1006626,462258.8089940677
1008323,936203.3540183627
1001614,354463.3406569294
1005485,873926.5034692687
1013794,575233.368869461
1004551,520543.50837508484
1015610,549251.4802439985
1008257,311095.9023025137
1014415,114459.92930312776
1011163,543260.7275458755
1002118,433234.1090992407
1007794,516472.1957252279
1015903,524788.9114679297
1007202,1028284.6982379423
1001431,599636.870437924
1014295,336839.92373808206
1014192,628668.9030051633
1015061,420063.8321459366
1010053,651824.9143892124
1003694,316207.24140441004
1017012,607644.5909657842
1007752,457578.590813084
1000304,160484.25126587044
1005653,398141.38927731034
1010577,799250.6873355443
1014911,282890.59673635673
1009763,511820.6097467647
1000259,666409.0323997359
1001894,993339.9102514365
1003226,199588.65573028548
1016719,191821.26900181783
1006343,429335.6050045319
1005383,451376.2198098387
1016908,350869.48052235314
1004851,234712.2154286928
1008591,403850.75114384433
1003820,866440.1536538993
1010501,391183.26900178345
1011617,392767.36497557024
1004846,912777.5361195887
1009339,840157.3096447989
1011279,300635.3563478756
1006240,557126.2081548686
1017034,950797.8517392338
1005060,446091.4024520592
1013301,702648.7482907006
1016663,421226.9096044464
1008578,422751.33750010235
1004162,446036.5812334853
1006921,465625.5628816042
1013744,524442.1858417939
1016477,922415.7174985955
1007162,331526.933247692
1005775,249408.79176500716
1015748,413060.10781903245
1011938,487542.1463970507
1000034,1289785.5327124177
1015017,865708.0078554418
1016694,628764.7537612129
1015600,1342791.7639705678
1006852,594299.5881457217
1006327,422643.41080887534
1015243,460026.57113453746
1004605,410677.9482193956
1009359,817177.9306809627
1013018,434872.75636978896
1008370,713601.6903493874
1015399,1129178.2174741856
1004457,256582.0037062261
1013939,824052.439070305
1001552,477562.31936006306
1004537,662481.3510399077
1007874,624962.1963852774
1002105,1259446.9854072486
1010568,1299374.436054702
1008213,472466.1820485738
1010117,772571.0978819688
1000654,1046552.6912173928
1003053,159323.80688838815
1005536,570666.4181102756
1015998,276727.5067815321
1017032,601738.5339478352
1011749,504544.2866212069
1007641,551278.4863213083
1005113,710648.1974169334
1005563,390140.3229938771
1015855,405837.81102760934
1001272,558506.7676393221
1001788,278430.14436095615
1012274,572806.8393069796
1010034,1062418.0031642495
1005047,340191.0809216694
1007300,246624.24701955105
1002488,165440.85421082852
1015513,1574060.077605088
1015178,864393.7429843338
1006521,465655.50391655666
1003295,410003.5046820905
1016272,370017.5791737993
1006303,412708.50251472386
1004473,514015.3309317275
1011935,240432.58982723355
1007564,361452.9090263379
1013360,445400.9119858805
1000275,422013.07126773073
1000774,528515.5091908465
1011568,534954.6814824267
1006865,441941.78165923816
1000771,190575.1135125322
1007608,651798.456391566
1000704,878501.5623739865
1013792,732406.2836825108
1009401,492028.0030207605
1008129,403687.61523594003
1016364,548493.5499393244
1014408,924040.4550374136
1001257,344098.215824994
1004728,101753.38373756634
1008176,252747.58649378974
1015258,340485.55554358574
1010537,354773.8474555337
1001423,201586.29731123897
1010667,373508.6681666319
1003674,400129.4286455742
1014068,491626.529041824
1014535,442501.0298127334
1012790,470586.3584496024
1000224,510171.6724448864
1011697,472300.623143256
1000321,220394.80791625555
1004126,574987.7714860417
1013201,184319.59082522083
1014513,992614.1171210017
1005143,350133.25890835957
1000800,685310.9254735959
1002394,544636.1626314925
1002499,433618.29743118084
1005658,918746.5388153892
1006634,205237.14724306937
1003061,697109.3102710007
1003530,431801.35482534
1004328,740993.1212590027
1014077,939945.7315312937
1014337,443343.2407300889
1004192,132641.51020141298
1011683,322509.5028352415
1006355,618208.0200119605
1016448,314716.42810972396
1008731,589874.8033598647
1006110,441550.82498125953
1011283,1229649.6147226272
1014389,387265.85794383974
1013711,729124.696556923
1017128,864652.5892556908
1006123,576226.883671629
1013617,330911.6247460089
1008830,217983.94905210155
1013065,185151.1787364351
1005322,241899.7457804778
1005288,964451.4632408796
1011128,886579.6337307921
1007592,262766.791316903
1006954,690181.1407324726
1005192,501131.1712817352
1002567,466712.5312236939
1002149,450566.8077043736
1000071,616766.0695508113
1000158,722454.6245403406
1011104,444743.03176587576
1007724,211762.5878079592
1007566,867056.4837526997
1003709,370960.2018370604
1013621,445880.6321382251
1009257,563968.7778438319
1011973,630719.7924797558
1000585,292267.6189835005
1001634,1128978.1394528318
1007246,158740.23462541625
1010506,899284.6529114507
1014437,637330.7015760834
1000798,781581.085325192
1001622,654696.4877535527
1011203,241277.13235437634
1004883,493103.8194723142
1017343,267984.5740394062
1005938,280519.9008696134
1010993,358056.1200420528
1011282,516493.30915141426
1012758,586792.053727064
1008546,249026.32683403604
1013039,504040.862182273
1013425,714551.0951583254
1001007,607170.5021437932
1014151,313264.304574878
1012193,335798.9873008289
1013731,601363.460020702
1014467,477438.8339894504
1001427,258603.72545823274
1007460,488175.9443057056
1003212,750849.6755741945
1015658,333078.6468033293
1008773,241590.51783638672
1008458,250295.40717395113
1013359,326327.2971408891
1014507,224790.80852346704
1007904,1129515.0979039108
1008364,609860.201854373
1012232,468029.9782347596
1005199,520991.70520119433
1010655,1021173.2951891909
1002664,702907.8538178611
1004084,557690.0678806934
1010844,291201.8293000138
1012905,670103.8417692196
1002427,120223.35449052839
1015481,751984.7974886106
1017497,167220.91883963448
1017010,1177453.2940368103
1007336,1167230.3412883598
1015664,373685.34549183823
1008074,180724.14262057078
1005503,464048.7873913502
1010178,227074.06438158557
1016446,217333.6357461917
1001170,167843.63845027096
1001905,210813.32718924494
1001101,736445.4231656722
1009724,1119157.6352515023
1000403,446648.4481456317
1006515,619031.7663675514
1017174,977153.4613444465
1016525,618386.6556986345
1016267,313264.2057354248
1016301,301495.4549536861
1001002,321316.547503493
1015486,223138.91992992233
1009210,700159.3227777247
1006703,530338.2784384554
1006720,338741.879521578
1016311,369719.8867730406
1004853,254547.846802069
1003747,592939.7338207458
1004274,1224687.2780007743
1000711,140687.65806434982
1007777,1133166.311751095
1015454,628026.8647073358
1011644,305987.272939472
1001815,944491.4674183244
1003753,1015177.2340724166
1015297,868872.103685436
1004285,311231.24857357255
1010301,126498.00704022929
1015088,450266.86274260056
1007619,314438.7275390728
1011044,537736.5510358899
1009106,329079.1380612678
1005323,443910.56506769196
1015828,307324.2835841388
1005075,191401.32314804514
1000749,354490.7447002955
1005947,670910.4677226241
1002900,376827.99064567377
1012544,147271.9138513763
1009092,315481.59373193263
1006912,347954.24247531994
1012330,448368.9885537894
1011874,144352.97964822286
1005803,511428.3207301598
1012653,1020992.6019199174
1000092,814723.2322025063
1011796,383451.7755122612
1014667,203616.22134365514
1012454,204526.23057370464
1001308,402817.50287299533
1000235,400428.81675792683
1013458,440643.13760297454
1008335,677880.9100208405
1002753,660800.6989416081
1009017,694723.139904548
1006071,320146.2714949398
1004664,730849.5781219457
1010697,1039538.0645411327
1006178,383538.7872508511
1012251,365985.24361124
1013418,558607.2377645416
1008820,471824.05054404825
1010653,402606.50808936806
1002086,477736.4058505303
1008930,195439.45811763147
1000030,588837.7007165739
1017486,225869.97027858446
1008133,286564.8683510975
1004968,857287.5618739366
1007023,483823.6676411547
1016334,1140937.9334168646
1011787,1094878.5234893542
1015934,547783.0381302151
1009549,610730.0344954337
1006914,918320.4526569253
1015825,271490.8843499998
1007312,787964.608541894
1016720,284213.3966918579
1007872,207646.06002694587
1005163,439978.51269154425
1016698,1333596.872520653
1004841,670982.5438791281
1004839,380372.76917327335
1014917,1317634.8963147956
1001571,421094.1527718394
1001259,543854.0105608541
1011351,773292.100097582
1015127,767538.81471325
1014888,450273.2992915577
1015285,477661.7246701845
1002466,409411.4620510293
1012641,646879.1319234422
1010025,1029787.972596267
1007647,364771.2594250557
1007144,387984.5131444093
1016422,221985.3542922138
1015981,1053567.1258979817
1002652,350118.03315306734
1001383,1403557.9087644517
1008974,447822.1236841881
1008744,451835.34111233865
1007433,301699.7838386885
1012694,134088.14041191182
1011626,245560.25117686836
1009641,308839.654397025
1009469,337998.0955937853
1017220,624346.2680865928
1001177,496697.8993116744
1013926,309784.60337879916
1006491,226172.71390297115
1013132,211123.03846527194
1015518,321030.3783531334
1007051,561151.0297153189
1007975,269437.5095495215
1016833,433544.3769203074
1001067,120432.2422562915
1000054,846391.7638855131
1000257,536323.8681789733
1002003,297899.16407215997
1003054,811238.2688087166
1006575,409516.520071826
1004081,960078.2216196909
1004251,462293.99410251225
1013772,224744.8407576704
1012289,213875.47403317544
1014831,1420928.2776592595
1014844,325181.2141670318
1010817,440745.9240009246
1017218,677022.4460015271
1014325,262945.0870123145
1000696,713895.9093768584
1017460,1266503.9727827522
1005862,1074970.978714526
1007310,975193.1502128066
1005470,787825.7180509891
1010853,961825.7792559873
1001229,747063.0974277912
1009765,466270.61110582366
1004875,535221.1091628912
1015598,700163.5311273742
1016985,240997.34487071802
1017516,472112.3891440793
1014286,204875.04322331466
1006230,516499.5339047694
1009314,118150.30896706427
1006154,576239.3929455575
1004431,912339.9072355173
1010636,895997.2772082534
1016305,711280.4934882917
1002443,361628.64169417025
1012514,712980.6851349201
1007822,660845.7735888239
1005070,1284198.4005872034
1010247,779535.2438080224
1000805,469000.6859602978
1004802,420238.1736856665
1003279,365494.4532966049
1007058,824779.9047257826
1000583,651272.8822438946
1004515,333246.4856203359
1005950,540189.6643748281
1011693,537024.7107944547
1010470,428760.7312317926
1002357,390132.3967828458
1006694,129758.96051546752
1002464,147150.87757933413
1007649,493323.52884637454
1005291,522143.40707173105
1011139,631429.9133817378
1012799,114451.86766642678
1011800,303365.9799997669
1010641,690521.0528639439
1006833,303447.1393623216
1016216,502272.96567989077
1009541,363991.40245951706
1007415,452756.32440084964
1000265,674757.1143353323
1001079,283764.09156920336
1003683,303661.3168458056
1010952,158346.04629249527
1012628,640028.5902047632
1004483,438914.1829572254
1015680,225924.1467746485
1014410,321784.02329310775
1007266,397955.0142200716
1003020,211016.0519310494
1005256,777923.9350852555
1009056,530347.8852543021
1006129,578162.6837632889
1003950,467509.9872480725
1006760,297408.2180001331
1008378,376715.10401888075
1006638,1103972.9123873964
1001361,258975.57591527145
1014971,448436.3960956347
1003668,546110.6499246935
1014882,443290.4904318368
1001010,292228.9258141687
1005641,782857.0745666528
1012828,640966.0515732882
1009364,94782.67784257715
1007796,738597.4232437183
1017282,331889.9726909227
1005805,448118.91999504156
1002199,347221.55796793284
1017054,468770.6335476198
1008011,783025.3566090912
1008979,556969.2138743458
1004528,398440.48609015695
1002065,929329.6137329313
1011070,937201.2900776471
1006103,1006878.7613780351
1000556,521136.0545873125
1011425,213349.82819271807
1003339,165861.58102033194
1002614,277192.63009927334
1005898,492270.0541838446
1015074,595681.5868661278
1001699,388269.6221727129
1012587,255489.55418349858
1016129,241658.51716586034
1004667,214132.5874938872
1001325,344554.14111663983
1002213,568125.3553389501
1015834,594366.3840438752
1003496,470740.95467865653
1000865,659371.4650809845
1005405,378203.4305693237
1009397,554531.5341481734
1010042,726170.380927275
1005273,549173.182113002
1002056,1006143.9462216691
1004210,479785.3692130171
1015520,361367.7620991898
1011888,410767.51634163153
1016151,500477.8806044591
1003396,589631.4974334374
1016869,1265854.1901017579
1003584,189816.10285329926
1004705,307087.58927260543
1008619,408981.8744799773
1011092,700027.4233537822
1003214,272323.6757924648
1001680,210040.65684812915
1004921,126687.58546735375
1011942,244773.03356853244
1015628,1196726.5858336922
1000806,184127.15693592065
1012321,258536.22532161121
1003227,1163171.4715627828
1015836,205793.23717490007
1004546,756718.3738461356
1013948,257248.98051407532
1008104,705325.2946132495
1003605,369149.7757693362
1001239,461407.1675671384
1012350,520801.707859397
1004278,931786.6479634483
1000421,777564.6024259274
1003363,411801.081536552
1004998,366363.81906346465
1013357,884580.963125678
1000336,528705.6304758792
1013659,967030.2748709996
1014780,687877.3367921956
1014447,399566.22197776445
1002085,1024366.937904895
1015397,360204.76330089755
1016163,719169.1751572805
1006414,415929.76571036223
1003081,256636.79165570537
1012384,516156.9348288646
1011653,131611.4564177439
1014800,197992.7324728261
1007677,387772.9091270061
1010079,236255.04234007822
1006522,161018.9975854323
1010913,430892.66518961225
1004744,187239.79214690108
1015294,956660.6013448883
1008643,502904.5372264428
1003634,673107.3978100047
1000955,681493.5780159241
1014098,173149.14758113984
1001091,308998.81001609843
1002843,532061.352802117
1012149,147699.27807906197
1011394,666460.4941273305
1009107,380616.72991688416
1014313,459385.7076827597
1000550,436527.06935698533
1017072,294356.1534158067
1007791,653535.6097413999
1006877,523776.730106931
1003751,375406.3377169022
1007249,282359.96626625035
1002576,194929.34939709614
1015715,307833.89950035856
1009538,132619.480912438
1001653,600031.4670333391
1010419,472418.6377686529
1010696,617764.4109435565
1007746,826026.054969443
1005101,880279.3093579664
1009924,616745.5677471632
1017042,815583.0741483712
1015040,271896.93431954866
1010165,495007.3082909846
1013955,515270.6697709857
1000989,754578.9126900336
1008648,225186.082622642
1005185,264630.1002323766
1004103,976374.0393103651
1000628,330683.2803742289
1006648,570294.5321905229
1015860,193052.82136564743
1005012,979386.7713903462
1011706,381015.81592125975
1012724,185455.56448418467
1010366,477504.49044258846
1000345,664767.3843134125
1003947,450488.637814437
1006027,521349.579735764
1011633,463242.36545807635
1005857,1081228.870001458
1002830,380289.19218508364
1005951,865498.2236826479
1010455,569261.5671635692
1006250,168102.31956961006
1002504,974290.186841355
1005316,350322.72376552684
1012858,421827.3095550203
1015865,532959.1274126072
1016530,749784.6351404905
1006562,424815.5817172934
1009961,482855.51305754733
1004641,211391.8680754217
1012786,140554.3964121549
1008216,725834.7693435824
1006650,262599.149468751
1010914,288558.5869629699
1009253,725583.9346343314
1011712,525992.292524936
1015793,879145.6125520715
1006254,382801.728590129
1000676,628709.4484092178
1005776,1220633.168741185
1015858,520708.85887289944
1008885,1394102.5340647018
1015229,461415.9668781567
1004558,146400.5675096344
1013052,1057757.7013075892
1008290,281930.0550029066
1000519,389105.0928211396
1001627,975601.8087274305
1011392,435259.5437801762
1015212,532001.634263608
1011960,394758.03467333585
1004749,698399.6153413187
1000062,183600.60251743015
1007421,1106898.7490242186
1003323,624553.5796611399
1004777,679839.9903833844
1007221,457822.0222618968
1000047,271162.7803211497
1015929,648743.0005292558
1006874,814834.7323504272
1012846,329712.498837947
1004233,364352.5952631272
1012650,827909.9138458845
1014550,151887.74835054623
1010788,472307.7253625091
1000982,722259.0359787057
1001671,281739.7420489969
1013042,420668.0588716572
1000394,452763.9713640786
1005932,391287.9116228239
1013905,356653.67905943905
1004590,365265.8564512198
1003733,282540.3363685593
1011354,370306.64622921665
1015240,445552.39839444374
1004451,643921.7458777801
1003636,244903.61464636956
1007095,299352.8379214177
1014985,257445.96637518753
1012910,606312.4889994863
1004245,438679.4576219114
1015307,1027684.7690797627
1010691,451202.37236862263
1003324,640224.3298240158
1001749,310764.7989442569
1002566,264937.9583719574
1013950,535961.299820474
1010891,604071.9268526263
1006736,1331314.7037965914
1003136,178667.49969134555
1010959,357920.3126786903
1001493,157728.72916206392
1000762,938184.9032903061
1007373,528676.4874582709
1013110,551019.6368814941
1009428,467826.84601588605
1013292,205034.86893628945
1005796,947615.833745457
1007168,669314.0760571995
1002320,362291.04437252105
1015167,639299.4828186516
1005180,748407.3448140926
1016810,905013.4361721006
1000147,259111.04381026965
1011141,396902.15420396894
1014664,778204.0168440507
1014009,298705.86268509895
1004633,389531.11394134554
1017096,491635.6903502414
1008146,429684.4734753261
1001337,310277.41569187207
1017506,266088.02123681526
1010341,1096582.3084716352
1014824,412309.88349527563
1005970,1128519.6772851294
1003942,1191820.7758443288
1001338,269174.91514944244
1007510,466161.9857539411
1003028,881012.7163275323
1010623,989301.1549068426
1000674,186271.40173676994
1009870,665152.291081883
1002866,646808.806053756
1012388,704116.6029371814
1005289,147558.68651399415
1010856,504029.29624464293
1006036,467454.4076161542
1017414,1191570.04222569
1006222,271374.4233840636
1003150,958491.3670666745
1014814,364761.8666602059
1007411,654073.893072105
1014394,499908.1245267129
1003837,225737.6868240087
1002626,436108.0313039194
1009137,546520.8536490462
1006879,344487.2295015122
1012114,734604.2295453979
1006479,762935.4158532637
1009320,683585.204208169
1015503,940126.7970664838
1014580,888376.9309280607
1012718,776425.5632127061
1015950,330207.90661085234
1007881,669549.7475306474
1013310,462750.9313668045
1004420,431557.922189508
1016269,380669.39757460216
1002730,1204089.054006484
1016328,998368.9579169905
1006364,259889.8591318812
1007528,577347.6658193753
1004673,837937.1253701838
1009802,859676.9701283762
1004809,448358.09099986276
1001648,336581.0562832288
1013825,371436.68783699546
1004957,956750.6555798836
1000978,89737.74836635383
1001130,520001.69137130055
1003642,405547.7890638617
1016292,573655.9002152887
1001184,451836.17296139285
1006910,122843.46883241946
1007176,862497.3386919919
1004768,233927.09072059277
1010102,306044.3332232269
1005351,267890.8670938396
1008440,245176.25885000953
1012011,254238.94544626944
1012455,388720.33637928206
1001253,396202.2429405938
1017499,204956.79004062616
1016900,261388.6912944519
1011447,317144.5613029076
1007832,288468.56857260683
1007463,837771.0686975131
1003161,451242.4415710809
1014308,1123682.1019759285
1012206,541412.4439376639
1012578,546267.5967604595
1006079,453645.541629241
1009077,453018.6078302148
1016681,287419.4187369163
1011001,539908.0051638322
1012648,657897.2320185043
1009434,247441.64515576707
1003327,547337.1361503495
1001612,436844.3691517183
1003603,97105.82034982664
1015607,410976.44667872915
1005127,216781.00268777425
1015811,359621.3525861634
1013200,177478.5283386378
1001835,482727.6010698772
1005242,314373.10314710304
1003071,515804.786671162
1005243,741190.8767078585
1004374,150250.28897527474
1005285,295653.5772728305
1007876,391798.8978246964
1000922,368035.5447417304
1011685,486726.6955624651
1003330,998477.0283450922
1012488,492378.5955318151
1008797,725896.6410968002
1005477,856974.0036629258
1001165,466966.8512672102
1016450,548533.7767868248
1008284,241252.2382704375
1003840,794690.80884825
1015886,775123.5660209528
1008776,383830.9014217901
1003843,797774.0955088527
1007418,201160.7987712679
1001878,576156.8474572549
1008538,134999.39321108468
1006711,368861.7085489528
1008405,798164.3549654661
1007637,497077.53300895105
1004424,493836.96050115913
1015568,200333.87549953605
1010147,1108500.9829030817
1009273,228127.27782791515
1013676,579217.3637165497
1006837,430223.1564490156
1002525,580091.3589033977
1006427,1237180.6504744182
1009860,219935.04159356325
1000347,478745.81652764947
1008485,296349.7121428182
1015006,1113094.7656475985
1011740,396127.5134003473
1007226,234358.38353889497
1009229,381931.9051146311
1001712,448889.7163309893
1010819,389111.3235767004
1016702,403642.7600718505
1000609,229760.6705028036
1006955,392071.4985938062
1012079,455813.37604349403
1010976,630014.876027886
1008935,184481.67052782766
1005749,385260.6296308789
1015895,520660.69837875874
1013311,472075.6237851057
1002188,626249.1212229864
1008586,669599.7756610236
1013181,408842.8166247951
1005133,283285.8139250349
1004756,1137301.1912212877
1006753,795863.9999386201
1016480,394439.46662435576
1017256,421047.08494226483
1006673,348610.61219151027
1005250,476233.28960714745
1003550,392491.9856222624
1007195,303166.35441779386
1000009,275749.42045257485
1001284,1169403.0627783192
1000218,101949.75127063457
1016451,284801.0586651562
1015635,708075.6449059355
1016137,261661.15590513012
1008025,190550.25163698243
1004454,131723.53346537342
1002829,647627.0610401476
1015169,342182.6249594996
1010231,555279.7986430745
1004147,1011922.364092451
1001949,455631.89642638114
1001707,509651.32942636416
1002741,355072.003255847
1013167,164886.86406046493
1002433,604688.7099634224
1003896,440535.3503011445
1013249,1054340.5952175534
1007372,548687.82744939
1010594,134875.55577966094
1011769,849536.4142777746
1009262,384868.13951963367
1007456,107712.19741067305
1009399,750863.6323885396
1006534,982972.8623062044
1003577,754905.963682556
1004262,311342.0718848194
1003600,654033.6371784267
1015923,434157.82958394935
1010080,736975.45241449
1014827,247586.2617260182
1001819,379367.97045031417
1016786,804121.1684775288
1014604,491528.20863213774
1017147,281226.3611857978
1011272,224270.6610266211
1014485,582480.2717969446
1013708,819314.5328250385
1016743,482842.8522828509
1001770,471881.04888896976
1008165,294472.6268172567
1008045,236711.7051180254
1016617,1195593.2042709277
1000797,1015064.0070160509
1007908,1178509.5300370036
1002431,732673.02943106
1006919,146995.81815609
1005877,216563.98860078832
1005010,125734.93540340912
1004627,180524.25190430775
1003998,262880.62062641676
1001166,330245.56436225097
1009121,616280.4151426214
1007588,129448.2439100205
1006239,238178.5577974595
1005665,343160.93686822144
1011908,616640.3098837615
1006819,184403.88011541756
1008196,1480291.679830456
1014683,299697.5411535305
1002588,981740.4860277686
1015187,333145.1864282479
1006128,346088.9622271769
1010681,308914.54066010425
1002976,320380.1379726295
1000804,509502.6679432291
1001606,1034366.1907044414
1009429,419411.37818179117
1014873,1177261.1093687986
1002606,541099.0059326759
1013097,308562.8150158146
1003159,846072.5562897939
1004116,369774.23133989394
1015025,904648.5445918717
1003759,355949.5797431864
1008427,240684.57503186274
1016705,793282.0576156745
1006866,424625.9184657322
1013455,133576.43582889167
1003470,232078.74661617487
1009652,558394.8257438259
1016616,740796.1732699642
1006625,380944.3767837174
1009152,465379.5058279508
1017263,1049578.6016332016
1006118,399058.5456493012
1000733,193287.5753642432
1016051,365979.34540305904
1002994,539666.0967632491
1003130,560240.6845138976
1005853,340118.59922164434
1006317,245444.47979096524
1012240,1468440.2682062157
1010097,628491.1524982469
1006434,302647.04828194936
1014638,375238.19148608134
1010173,441505.5974454045
1017026,446617.78367964237
1014384,160283.1823600728
1010589,1081680.5731126394
1001794,1057860.068307779
1015577,120708.41269542683
1014332,360901.3988569527
1016303,533681.0089079152
1000010,374258.8054117422
1016861,199756.02678477275
1008633,1257042.787390347
1014787,336338.96829366515
1016435,1432162.0313716515
1012214,517051.73255448404
1010692,299380.38443042734
1013933,515742.6531207744
1004049,117858.59889034394
1009457,703280.4278678596
1008452,457425.34598355973
1005033,1195796.4639876175
1010792,316566.73564359226
1001462,631269.0186861348
1005607,804409.0982190447
1014696,671487.6099236724
1003274,400511.3291191306
1005029,282309.87264313916
1002930,418753.66129619477
1005597,420307.58918051963
1006723,1166122.7212883735
1011650,477117.38806313334
1000893,757509.4162273767
1015591,488352.0530616454
1005701,181878.34752052004
1017417,613816.9540556524
1001153,320086.40218590666
1012301,989111.1349631712
1013536,324101.3886176617
1014377,360346.61508094554
1001645,889921.2290068223
1015462,437414.2878035406
1004253,848364.1124657874
1016737,387761.477153191
1004079,1437111.1533227724
1005617,131858.58029831803
1001818,502587.0178740102
1003898,875774.3876633743
1005409,1284063.1216802131
1016614,670043.2727522041
1011759,1247463.9987542739
1012369,553706.3456956885
1003284,900010.8042850072
1006206,1274159.1200047545
1005793,402880.7205608865
1007498,254082.233869678
1013235,712669.240645794
1012706,539478.5309098905
1003213,541186.4657011097
1016025,307127.701747163
1000586,865644.1651112969
1011162,505086.6164139397
1002180,198949.49464008675
1008682,1116963.064834194
1005188,480170.1405477487
1007471,491904.76165579545
1014128,451057.05565445387
1001074,209332.07786331093
1004580,428396.31156177126
1005098,239824.99640551244
1003115,542527.6611145517
1017485,129740.64882708943
1016885,751727.0975436108
1016228,415105.4971672572
1005450,299453.6250436116
1006307,407712.1764122011
1006354,861597.261953128
1011480,388920.67591949087
1004375,564316.6919620149
1006817,256759.61875264224
1003436,622530.9125068113
1014047,956190.3559746561
1012963,429841.77177870314
1004170,305139.0030327268
1014251,719927.0310383757
1011577,485904.7143447385
1015247,401297.02739826
1012800,306362.2260930374
1002749,378078.0385917039
1010539,681302.4432377658
1015651,732779.915414053
1012774,1053536.1203304736
1000511,368067.09702939825
1017014,440777.91059608816
1005778,274342.3641964097
1001171,364779.69957460806
1009215,864336.0753275572
1008140,578658.987296169
1005962,475876.12270497304
1016619,163203.3659104194
1002018,466210.24655221094
1002527,459804.7669683739
1011950,1065135.9219531862
1011590,415167.77698452375
1008359,212762.37539205063
1014132,410875.748735
1015492,854049.5017508044
1005926,893294.4459578049
1012581,793620.4269384007
1014409,380050.64106984145
1000097,142840.48921908686
1006139,377682.4110227868
1005762,276401.22392894374
1012658,635129.6401755303
1009276,129853.40469665022
1008299,592352.7758447921
1008220,481287.1946906649
1012515,717784.0256239773
1008148,125623.94262390278
1006186,729770.2577991218
1005609,368532.78828199627
1001646,538221.1812542969
1011932,611475.0405715896
1010919,162948.62552973808
1000465,1154021.6448946265
1006150,359142.22938760265
1000301,405654.73601542116
1008602,338181.75893320807
1014622,299771.7639182275
1015303,230160.74933050934
1013218,885556.1614926091
1000001,493224.69488357956
1006797,201040.56386599905
1013649,432747.7227738187
1008544,394823.67457902373
1009653,363757.3254722714
1008913,140999.05269083154
1009972,232817.41660696795
1010998,361040.54851304396
1013782,585362.6225592529
1005594,533480.5550419006
1013140,901881.0970911602
1001881,483864.5750254442
1009485,370299.0813567322
1002475,312743.0422440797
1014533,767932.5911079664
1004231,316111.0870661454
1001872,1162334.252012613
1011751,460960.05289959715
1002250,352518.3157670688
1000503,351712.9121583464
1002714,209065.4469535696
1010400,398590.12031362206
1008315,303412.8000801933
1015980,528450.394382374
1003770,248684.17790076163
1014801,397886.2138850412
1009458,435037.00267506024
1004816,348335.6850491257
1002503,597430.2534415787
1001767,291160.95943878515
1012871,477393.16256058327
1012080,214327.6516677107
1009192,417782.8928241788
1002913,671284.699281849
1005835,585690.3902200398
1006127,285982.37601382117
1017037,226286.7119986647
1002905,320223.85520843253
1008333,273333.41267789074
1012228,1104970.751464123
1014943,276003.33679177787
1011419,129544.90473303721
1012773,810778.893368584
1007192,401215.81814010756
1012107,640849.1578903585
1014369,602610.1527786644
1007113,290614.94478103594
1000251,137566.52676280856
1012818,379613.6358122162
1005230,323505.694590412
1000547,261568.18916025915
1016911,664714.2365765545
1010174,803245.1249445623
1013408,466549.62694090407
1005647,431295.77478580154
1008072,512969.74289665057
1014149,491487.72841887944
1001957,416034.15978035785
1002101,510335.32144450705
1017308,1178383.410459279
1013737,591655.3084876812
1000889,269309.300790245
1007271,580406.8653000105
1017081,510971.0836170108
1003764,1114596.9325255984
1011758,425898.09411029774
1002296,849203.3462683242
1015946,599207.3593590359
1001280,1215121.1096878485
1002550,943997.2402977932
1009927,376018.7683934514
1005512,430349.0388910569
1009232,430817.50262919214
1014207,164795.34588558998
1008441,418484.9825011019
1009651,149463.70887837082
1012976,431718.4723388048
1013615,226439.59545650467
1013133,272902.6485836364
1013044,159952.29964099242
1017538,116872.99358575825
1007268,385159.97851477907
1006551,254898.28612584382
1000703,264665.3138762197
1007177,171311.99298150366
1011866,288139.9300990267
1004820,949384.6174990108
1014245,825869.1941516232
1012119,1068317.489343024
1012225,500124.81327765353
1006172,1186566.7168047053
1004301,1317991.5489500954
1017100,168668.58568392092
1012397,361977.5151972219
1010452,972217.0037435896
1001908,150106.2760139333
1009936,390121.8584637394
1012184,378636.4140433705
1012309,463130.6998497149
1014786,1031041.6601217604
1003178,420892.21419410856
1006778,147831.9148404523
1006864,337932.08321802045
1003591,390812.778112709
1013541,291879.27051743993
1012672,458045.3628988284
1006719,1051684.5957837126
1006169,837642.7484222375
1015482,193793.51236934817
1003934,623389.3972213463
1014941,566852.9291406772
1012771,199410.44777915854
1000538,241701.37858376364
1000908,926055.9166325129
1000483,258341.19118966785
1002833,562084.4792181397
1007558,760625.285957524
1005290,336656.44665143127
1012400,322171.0594116171
1006271,459717.4083663689
1013811,567369.5024835869
1006691,950686.8157726832
1014690,895068.4107819435
1016802,909128.0246354756
1012737,210607.78382195928
1017137,500361.5240462941
1013290,288333.95081100316
1003454,430199.33038712625
1006488,297501.41786601546
1009194,456139.30569159123
1006261,1332005.6798112905
1004050,533482.1574849533
1005965,284568.0380264536
1002931,520091.1770013967
1002850,548914.506203751
1004812,1029358.9923399339
1001224,809983.6408687619
1013303,438260.41976023786
1015960,264069.97687102994
1015809,300384.4777544712
1011639,502386.8045125072
1002795,1063490.0017006572
1009896,1072457.4632977664
1009483,1216578.7814574083
1008581,249682.29225211267
1010942,401933.194650491
1016107,648233.4112233896
1005636,741532.7838736826
1013098,552109.0687521381
1009066,278318.4863153063
1007964,528113.4977088756
1008324,757755.2692958652
1015720,622307.3882448903
1007512,362134.1049424171
1004945,1233021.340468512
1007852,358622.1193462314
1000236,706132.974482406
1016109,1003747.3513159002
1015733,547793.7274573209
1014043,449000.6759905887
1007768,734152.9464065467
1015747,349539.3831784249
1008835,374193.5983048876
1008031,361321.09350163466
1006472,542712.04019987
1001596,353199.5409075554
1000307,426820.7032991041
1007258,86636.16981718226
1008919,207913.78961757143
1001854,387261.72367851244
1003406,396975.671279528
1002473,371820.4601472185
1003865,283040.8683296798
1004344,556391.5703638117
1001765,241695.288912264
1011273,581709.5791894784
1009683,356860.42966239847
1014894,1078555.7077249172
1006677,567657.4331797949
1014804,120642.90404969756
1006722,414238.9525590238
1013596,214423.0942713734
1006003,263765.23423587665
1006442,306046.60740031407
1011875,753666.5985811371
1002951,399702.1868517548
1003304,461239.43300622853
1016078,718221.660947045
1005523,467839.39420264657
1008597,542756.5087107846
1013559,697182.1967170043
1008519,445705.9249537701
1016675,335662.0589283321
1015498,569004.5573748366
1002620,707620.8298708792
1017354,910249.7575167482
1001959,177125.5684906503
1015438,722299.9446193047
1004796,119300.24753581619
1003521,347224.0191033263
1015331,943767.2905967708
1007225,752077.1818959147
1009677,164530.20315365423
1005995,493808.148531925
1005494,303380.0074962761
1014713,1405647.1689305792
1014656,137494.44290808067
1007340,771583.3651045797
1002970,628860.5649320789
1005171,494964.7514838597
1001665,563299.8220681959
1007515,557771.5853496591
1003644,579838.7371870764
1009626,449283.5259867479
1013005,412473.0996918134
1012028,620797.2632596124
1012171,739498.4342891186
1000686,1350113.0506326049
1003194,352678.18904751126
1015037,346814.28738505405
1005519,244533.26667164714
1000003,162847.99408140682
1005003,166666.47225444717
1010161,163399.10153619706
1014682,333950.653868727
1013849,513860.3241018154
1003308,243345.0470685493
1010866,270696.79997684277
1014044,649654.0150902222
1010669,570148.648785024
1007108,166476.5428988133
1003935,1018780.3780043796
1016594,603766.6735418657
1002726,558562.4983450032
1011788,118533.66251790593
1007540,282557.44855623174
1009270,364238.2284951346
1011821,240644.48012856324
1008868,587428.768740421
1013406,533820.7597049027
1001577,1309509.9659926244
1009205,529797.6403842152
1015765,921519.6444877129
1001075,869097.3134741047
1015829,190039.01823767356
1014103,264111.24490290135
1009003,890437.4388523167
1005864,191226.6901813352
1002309,117824.03807651103
1009640,652387.6896369085
1001419,825753.9520953497
1008265,389678.98317991325
1002265,571062.0810817541
1012822,555077.1854131932
1017552,360336.23224555637
1012682,157104.98998387446
1001336,860010.7578542833
1000642,502424.9550370397
1001737,583359.1258651494
1017346,128742.8464311113
1007895,175595.17821961464
1011043,1038813.5142137959
1012793,240333.5847677155
1016730,442976.63291903364
1010314,283643.6414895144
1015450,219247.74271066987
1009492,190335.1925002626
1007092,1074033.3465642992
1013677,553979.2826367551
1004904,167619.0353249175
1004679,1173256.3168364218
1013516,1271550.7540517454
1012328,580486.8867976504
1006448,314912.9483240306
1010902,334338.2404989945
1007933,506108.1219835574
1002134,682884.6418273055
1010384,690919.6896050673
1011618,707697.7931400453
1014427,420630.626215616
1017540,298958.1500920873
1003500,846029.8616252803
1000253,447078.0550213577
1013471,395428.4623081582
1013522,830087.6724604917
1014832,352297.9372601426
1001632,483824.29113031423
1006158,698836.6371944005
1008705,1089862.4828771953
1016056,357011.76215218473
1003562,689845.2456975008
1005095,391882.1375281733
1006016,234685.1252621357
1015387,536439.0916727313
1007326,328414.59306634637
1012987,1104323.5246028644
1003607,1056078.6021433666
1007441,561698.7358375335
1010748,703967.0938128482
1004432,345950.52489777916
1006739,485367.5703684699
1002331,434074.2041674182
1004745,1488757.7307396356
1011592,250391.39479631616
1010249,183458.48590541756
1006934,273210.4055831183
1012170,284001.2464474882
1008556,555293.2155456906
1012720,267970.293249132
1006724,339914.1138647238
1014867,149260.47418410325
1017112,617269.1565290939
1002539,508628.85636524134
1008309,786382.7776521759
1000260,266217.454300824
1008455,471035.0552245822
1002465,789440.2273702514
1011731,243802.9155380017
1014440,471836.2199064232
1011594,1082580.2985391996
1014135,761536.9143237547
1003366,444717.6450268874
1005802,313699.7528051473
1013084,511766.4767761287
1011783,341805.7178287594
1007862,326151.6448612655
1013570,1227678.1331947476
1006792,317297.9975814132
1015024,594243.361791753
1011916,838042.6079112963
1013045,557729.6785786
1001469,260521.34191177963
1002123,576141.6848250873
1013558,283026.4345000316
1011331,758214.5610000935
1011112,470133.443631026
1016335,971779.3403469865
1010293,119734.46002833733
1011143,273469.87960385706
1007708,512190.34796064027
1014561,379059.0326203306
1013036,637378.7008238778
1002365,381853.5015937006
1014986,945280.0741816249
1002621,968364.013900422
1011336,304265.6642730211
1011559,317253.8812481195
1012275,613339.8756848357
1007531,421809.1005134157
1004665,428404.0931513919
1007623,439830.25262739137
1002894,426547.6350832451
1009887,519458.7558127734
1002932,639788.0653639234
1004109,507792.44019683194
1000747,392203.08050167246
1004648,1223976.8323736545
1003252,335316.3338310326
1007206,332936.55120495165
1008907,425744.6043398479
1002160,823311.6863279109
1004463,357301.8060572606
1015584,1265434.8544799914
1002168,734696.4754553144
1008077,518647.3900641185
1000458,379136.6528396967
1000707,297870.7150930892
1001509,517772.7006414046
1008765,664921.9837978763
1010354,332668.2709414374
1002817,148525.66327961913
1014217,255197.3927582761
1003531,600787.8761380858
1007079,624214.8078779778
1003484,439002.8225703755
1012425,742387.5159070344
1009104,396722.4546227
1009894,804749.681915353
1006835,519795.8628401461
1015534,145024.2754386429
1011500,1057161.879487929
1008652,275494.4320486016
1015228,301985.91667081375
1009717,311254.5813579988
1016244,649554.5353490316
1007022,586162.7874912682
1014522,174756.67403435803
1011297,402838.21084935236
1003360,455585.8908648652
1012041,181334.1241483595
1014397,399820.02439458546
1017177,390775.0374708031
1014778,1156869.6524395721
1008343,235422.75907391473
1012415,472876.5627237721
1002442,232885.66296313738
1011202,637429.0385846938
1015363,362897.4294411728
1002735,869869.9475240796
1001044,1180688.556166977
1005211,484615.4115419069
1005369,531764.5678896988
1000090,393136.2133910378
1001417,304210.99022625986
1012958,339271.37588718
1016088,169300.85000613888
1000084,475492.8008179928
1007821,537233.5466628263
1007374,579237.2768813194
1006185,408044.6747223823
1001951,382859.16573069786
1006068,395370.33334919374
1001575,129386.37198483708
1013501,893134.6488942434
1017062,193403.50756028804
1014365,375273.0975064584
1004527,575888.5051404159
1010707,388366.67860134336
1005952,463302.43926174333
1004586,217951.80223467355
1005330,152114.48653234195
1010615,823950.5626459589
1016054,346742.8798390587
1003964,310432.81794824544
1016022,944966.2146371078
1009884,538151.2471962401
1003769,881945.7129800633
1003276,884773.9382604746
1013986,651050.5542525133
1002164,338385.08494734357
1014328,710233.9817852032
1015248,738543.3529313075
1013495,247820.18925473612
1013562,238332.34772170673
1000615,786916.7257571679
1008554,534342.0234623274
1009487,245782.8764641165
1013258,441829.9189947779
1012034,237210.69375514696
1012580,339478.48445614165
1006272,806051.234764034
1007533,515089.3420751537
1017003,474992.86538103875
1006266,578809.9107092298
1005733,469327.59659544745
1003038,148579.73637498156
1015007,495209.1076374913
1001875,537896.1762961979
1014030,646535.6063822971
1015265,1174532.1954964718
1015135,523411.6010109815
1017341,513303.25006083056
1000992,325132.2692692315
1007250,1154699.7831605892
1007404,517273.9925206316
1010753,1329219.3161099243
1015440,488838.57284298935
1009528,626399.0319004883
1008360,506988.39294922596
1005990,776439.7564266144
1000439,316620.12807001127
1010307,266596.6332236802
1010295,349135.0652538628
1001482,451660.8352573569
1001037,377726.412574197
1015413,1188463.0777782558
1012283,428525.42207623593
1010093,1026728.5927364111
1006440,267849.8364912673
1007304,580653.2209243672
1013199,443038.47517247044
1016878,500268.9385919546
1012062,266267.94030283345
1005196,530993.1288249517
1009907,488382.9583030418
1003283,452562.5242235491
1015987,532823.5229568508
1003153,432285.4322019194
1015179,1012208.2563165397
1016950,196882.5671516585
1002482,536061.7894891311
1014823,859247.3164064906
1015132,1174622.9192975375
1006004,824172.3753289037
1007529,596277.581081403
1017582,320631.4510721912
1001152,421031.3164633543
1008938,275407.4906028756
1012764,260172.27423497158
1013851,979583.4755975525
1011149,384684.0764231517
1016146,766805.4130050123
1016207,218266.60278752103
1013365,286639.33578638337
1015762,670344.2392500626
1007412,248914.4254213522
1012547,915154.7148847574
1005735,1228702.10819916
1000859,830860.1980248754
1002956,930268.1303791716
1002887,476048.753347931
1000812,258779.53209654702
1010874,136396.1527165945
1003992,393292.69575356966
1014610,419086.2516092399
1016302,325454.29509374645
1007805,415428.11247079907
1014396,437861.3475881347
1013698,401064.30958405614
1015367,331772.2339470104
1010442,760889.8053886632
1003030,405694.0889714407
1009259,569135.3485228027
1014371,394273.0565383387
1006602,558680.2658214507
1009814,920224.2162158126
1002211,542720.9562736929
1001989,161234.42773251954
1012991,675112.7072581908
1013000,1443145.6676516118
1015403,1007650.1003776697
1015818,1218337.3500891142
1008217,977883.411838184
1010987,155973.32133096587
1007615,218297.82563062338
1007701,1350292.5258431484
1004068,316871.90315825614
1003996,623204.8551471159
1007695,692991.9879980158
1016622,175764.28238163746
1008846,337344.49770093424
1014892,523987.52664120775
1001183,311431.1574891032
1005865,465566.11108239216
1004891,586482.7649801438
1003305,475262.0143064728
1011606,616621.6666357238
1011211,628982.7960177979
1016763,290768.7465261705
1003848,354088.82540409255
1010658,129166.16871884128
1003771,480149.0344918065
1011781,326755.4403679002
1017265,298742.84033439506
1008489,539091.8611698658
1011467,193048.3857041383
1001269,651801.8432295778
1016659,260665.49138359676
1004603,1162555.7910597704
1003147,452379.4745434142
1015145,735323.5638446114
1014562,1120360.741442994
1000776,613475.8122856395
1011320,534722.8236854081
1017009,172018.14100194603
1000768,497811.9066358134
1014256,289186.64261795825
1009516,751331.9233766365
1005627,246160.7828087625
1014267,894776.4672819942
1015941,981025.4032190612
1002858,352871.26798417896
1009520,190823.6160065193
1006504,335843.53122822527
1013773,572984.6255173398
1005895,268995.32068963355
1004417,352639.4558772325
1004110,416713.46188898396
1008948,612587.2758137996
1006635,95963.30258418234
1005021,456990.1273637975
1002002,354292.1892954661
1012402,399247.07023568137
1004118,277930.4715806166
1012950,340504.7949145486
1004001,154357.2827711763
1001973,596390.8171616753
1016454,470092.31182871014
1005481,358295.6909760295
1009989,661354.2154930526
1009858,1062133.3540329197
1007680,500443.603325335
1002807,558509.8277696442
1002796,153036.44589762707
1010823,485271.99905213533
1014474,1483680.017838826
1006495,711962.9300225029
1011933,205623.3201129693
1009623,993471.0005123256
1015890,704134.8208641465
1005265,355185.84939720086
1003731,384485.74892087036
1014670,347970.1940032618
1000051,210268.58681165994
1012548,461810.77093480295
1016168,878805.9397114507
1005425,549528.4573256607
1016493,314624.75787393743
1016637,202289.63451147923
1017323,1047880.4242397617
1012922,647047.5738428119
1014686,1019487.4756094896
1011165,660625.4024893432
1011795,435308.2606856591
1016220,426529.7145406225
1005859,351773.69272875733
1003313,444399.51440662454
1004817,1285797.1717297698
1004505,955007.1009122971
1005969,333163.9083216902
1015926,541088.2637746545
1010517,255359.18421034468
1008855,567449.9195816544
1011913,694737.5667295831
1012642,434780.3359297583
1005801,339222.1870351136
1010904,1197673.4916452535
1012607,998772.3454529862
1014523,634965.0915640674
1010718,94082.72665329902
1006248,530672.1202637964
1010134,237034.96805150434
1006530,560343.535773979
1000282,433263.3198005516
1011539,114533.6356678035
1017604,169977.18043478118
1016379,912286.5084411007
1008851,402534.1863978503
1008001,262942.53186526266
1000374,126921.52881621507
1011997,328474.8336326182
1000841,245099.64759127112
1014748,654614.0137637216
1002797,248638.78658281927
1000430,477548.5244098356
1001341,424526.85307293385
1003814,302960.0711015301
1005023,340589.80445350555
1013922,993879.2146344889
1012619,591139.6363957676
1009083,437710.3665992666
1005841,446026.4256743739
1005117,264094.83099448733
1014227,561381.3589558037
1011851,446784.151781381
1013786,287898.0527625139
1002468,934328.039871502
1016898,357948.9229346826
1014721,257550.51151748528
1002050,482424.41714032093
1013537,365954.33505454333
1017086,1099046.3166852968
1008899,668323.2568671507
1015949,314128.6897057685
1014835,394676.7960989043
1011629,528991.2401781997
1001946,688097.7079812436
1005315,1278348.088426636
1006811,285713.4994261175
1012534,117839.17253560574
1009409,304726.8014692749
1001782,272471.08213663986
1013361,282579.9185063211
1000558,417179.1142443236
1002926,376491.09656632075
1016792,245854.1090296066
1012867,368606.2585876358
1010022,647274.8083880421
1006931,513190.0547663105
1015079,405400.20056677586
1007317,215536.93090758257
1006296,322170.0588387082
1003549,586501.0062823141
1014541,546420.0316196855
1002667,394768.0737462523
1014577,996115.1276850788
1006680,275641.5561365012
1012058,299276.4169573458
1010549,220110.8037502038
1006467,393983.1785990821
1010296,507563.5506286148
1010650,291497.47930371267
1017007,434281.5192474792
1006952,145138.3745177887
1010456,1155762.0100783834
1003693,859911.8816236117
1016855,793351.4143191635
1015107,388022.89916799526
1012401,447201.2485564181
1016225,940006.2059491895
1014041,293610.9483092149
1016736,1246815.2139472084
1010260,1209977.6819868104
1012110,1029335.7044074875
1006980,133810.37101668608
1012144,301144.87070942053
1004644,677986.3055759312
1004751,950181.3918277837
1010186,303255.76212638675
1006733,1112510.5709593438
1009993,347878.44439284067
1000263,411605.72155484586
1006542,776632.2713252202
1004277,224057.23759690527
1008138,236141.18240258622
1011672,266396.74667307356
1012664,1076708.9764216112
1016427,543984.9178618705
1011579,799088.2167302388
1012303,421124.6209290309
1009167,281757.330698758
1004494,319478.6041078643
1009631,794630.4769559123
1006818,932232.3390516147
1014689,302794.15613928053
1011826,459218.0603479449
1005338,395823.20172612584
1017203,722793.0976414635
1001917,549908.0220060864
1000699,388045.6273067447
1017462,422664.8821080342
1014152,1357948.1296464175
1008616,839533.6873872183
1006714,352199.13419230585
1014806,950667.4711595261
1010582,1205090.6505509398
1012326,179087.5849432414
1001725,404168.0860677134
1003165,338213.59474266076
1000858,135336.1926531317
1004115,977235.2727741092
1007537,1095577.3430166426
1002414,706390.6933820233
1007648,724721.6806148862
1012875,308374.4797772286
1006667,249920.9715804582
1003849,710694.169235958
1001288,415360.14900578494
1004031,738097.1045034018
1017469,559259.7556801557
1008303,578623.9241502504
1012230,280859.86969021644
1001977,597310.0651857266
1009369,717112.2983081585
1003588,622111.1797805399
1016077,1012211.7142388354
1005605,866263.870206464
1008894,590667.0725186017
1002962,769125.4777634288
1002458,494884.3046212068
1001323,329979.6778003323
1006105,872109.8452516254
1001008,256002.66753481355
1012262,127701.57283304204
1008536,762782.4148147173
1012841,350774.4290782959
1010806,553457.9048778929
1017365,548166.3866110258
1006009,323325.50625678466
1009371,358277.3801208745
1010984,615662.7829985181
1000593,291430.2518078875
1008095,1227676.2681911574
1011039,1375975.063961262
1009294,960294.433210975
1013049,297966.2212465018
1006305,1287603.8163029538
1007735,319230.15914742165
1002937,475289.73607164825
1010576,388468.0970970666
1006126,502074.0518577427
1015804,291182.9903315841
1015296,222431.1784698072
1003913,686755.6881857249
1009880,772298.0427424134
1005395,373829.8215089298
1008634,269369.4385190879
1000156,396611.70191148226
1013587,843714.2723757647
1010227,249880.6884677709
1009821,567125.9566753041
1000702,375733.33306751674
1001451,517308.3942429975
1011441,95482.66733646525
1007829,774358.9341470291
1002378,569006.1452620198
1013293,331155.4125968333
1017530,449636.2289166766
1006410,694754.5355857204
1017029,785255.9121258794
1007709,538637.9775436345
1003828,939441.3836818765
1011147,421394.396034748
1003342,427661.0789145944
1012264,1170534.9109862435
1007362,371915.8936367335
1006086,810258.5138718843
1012463,130851.40917818237
1006573,1306712.5546587333
1015239,122999.23936212638
1015778,717365.3367001739
1010983,302825.4040251163
1011184,98092.75240531792
1000192,409901.8339593787
1014209,265042.9529981372
1000381,268062.97705950047
1008984,970836.2433942023
1004257,286151.8655425379
1005015,311113.0921042061
1007506,333342.0966728173
1013489,247644.30701023043
1006727,485081.0285446356
1011765,589446.5467008553
1010121,443875.8713037631
1011955,210635.7090075208
1005434,413784.0153078826
1007809,342603.6380864449
1002568,136337.671841347
1017585,118944.01869137562
1005282,496326.7769899171
1016778,455450.86590983823
1007672,579178.3215881422
1006318,298181.45703987963
1008136,193670.74906768688
1015915,354254.4567740431
1013529,456205.32772351115
1011735,525748.1226789984
1009715,449702.8520424184
1014471,597979.7669186608
1012217,262717.4078689764
1002038,897294.2185624389
1014350,924355.1749693259
1002287,413270.61698294914
1000611,209869.66358965856
1005983,978507.9645697225
1011286,353221.461082829
1005633,1094694.917375476
1011299,471869.19502885395
1015221,1179483.6479953225
1001826,223862.66378155237
1003202,184482.26106799487
1006752,356239.91472211474
1017312,166095.73003667238
1008513,333192.61001342646
1005097,544437.2875286477
1005057,479780.0043266318
1015736,470174.6211464065
1016746,524076.2465039291
1012518,535892.4048576171
1007239,590419.9046502828
1006607,1167933.851273312
1003611,373259.7726167588
1001198,165588.35004741212
1013815,523626.2429376168
1012807,728131.9822748703
1014483,459144.0612512011
1015706,444998.20625702536
1016372,453670.52443833585
1001829,536639.0567604115
1007014,554515.9689635101
1002343,261796.14810402543
1015102,381978.5714135381
1015611,477969.3859042653
1004021,588072.9684692866
1003301,597776.9434790586
1012789,750334.7523686014
1014896,241634.4297055455
1009052,202592.0415077292
1005918,375224.4628993488
1001216,286785.6593863717
1014400,225780.63453829804
1006015,405575.8187876148
1006903,350633.1443266455
1006147,500929.0638475726
1007923,290638.1095113524
1014155,345080.68416549254
1010033,240481.51627227713
1001279,498408.91759957164
1000267,349540.04003886844
1003215,876144.8293317939
1005849,522951.5572174395
1010911,748430.3022262523
1015305,429356.41425652377
1006024,288152.2684616659
1003560,1131052.0625831515
1002965,632009.3608342529
1000688,418353.5901772028
1016994,432624.79307927104
1012353,194541.7865854562
1015782,183186.46146214983
1009559,423180.8571748126
1005472,784827.0539173766
1010541,288536.37616247206
1012566,657222.4404720535
1000040,126794.78061739342
1014202,394204.890559512
1002975,1120468.4439507478
1001963,317562.87600896397
1014700,113289.9502200107
1009497,459472.4740162484
1017297,812555.4025108716
1015055,245880.08548352143
1004041,608278.9536992237
1007743,517717.5420917333
1012035,485194.8774790026
1004567,401634.9321728266
1010955,164868.90420906237
1010081,517720.18096555944
1005858,319155.71969642286
1005266,544289.3375437509
1010072,865741.7258514502
1002945,746132.0751438857
1004953,371102.22082858614
1002773,923597.5064531367
1011236,170456.76584195768
1000527,1051630.982272901
1004708,309572.02911674225
1001995,224854.37710074073
1008610,554317.6153315236
1013752,628651.8910264972
1003704,1166906.466674022
1002268,448655.66760000115
1013081,676052.982528176
1003487,370644.7691725822
1004575,491706.57796612976
1013027,445661.00657103467
1000485,285281.0409022484
1001847,558646.2734513844
1011880,360398.69687558565
1007439,1141781.3602494118
1002125,1186165.7648026582
1009523,880842.0204652937
1016529,656985.5106386575
1001231,386624.91131185123
1003041,496241.3061839556
1001591,900809.1013535897
1001868,152120.36298348254
1000401,954284.4407223652
1011435,525485.2136786017
1002672,308686.3617738193
1013477,481687.566138593
1000535,421311.95802255615
1014557,467110.1596567737
1011117,407120.43356299365
1002862,1166448.502386613
1008377,300248.20773107605
1008622,403134.00363846216
1016903,499635.8222962522
1003509,1157411.8875176897
1004523,121783.05129519363
1014918,788327.2468713694
1009835,888451.8187752272
1014063,105292.8315092467
1017058,863443.7769337579
1007416,216342.8941437657
1008056,284857.8108570431
1012808,1236093.2238641772
1003811,418817.9271983647
1005295,260906.7238699592
1001452,783537.2230020294
1012845,457026.25115193403
1014879,106745.39671346617
1000121,413725.94442775147
1013438,179518.31597253168
1012038,943340.2928828844
1004758,154308.82177708726
1014133,106373.97745608941
1004861,344104.00739610137
1007866,110570.11364294883
1004061,443372.5282916191
1010116,713727.3885051494
1010077,232331.6668089068
1005122,459491.2184147533
1016916,324304.720228648
1005742,429734.6551694012
1015491,998343.5251403485
1017111,1239380.7466343746
1011645,343494.85786174017
1008529,497956.9545805449
1013350,302512.8823453197
1006715,745271.5968236144
1004095,588484.8685992665
1000706,597910.9708175587
1015453,286130.7500961891
1000015,228027.37260362346
1013364,316010.19206177536
1014285,496708.524642398
1012007,493946.5538442089
1014168,266598.96962841647
1007462,523306.01089645416
1014546,206782.92919821118
1001538,825755.0896898062
1007604,414078.29524974024
1000940,143279.383957896
1016820,442106.3759190033
1005869,347240.22793459456
1004714,458771.8737825046
1011556,578427.4249773287
1015323,1506981.3484859918
1014006,658512.2994974246
1005358,452188.1559665287
1011333,429745.9024025972
1007759,644343.7461132339
1006509,417920.52262830816
1004899,633153.1720314827
1012819,700630.9764789325
1000019,436205.42959664686
1017088,158444.27251933925
1005707,405925.39696132427
1010499,668559.8442934711
1000995,440075.7680462991
1010340,404663.42549840896
1002315,161205.9959153938
1016738,338439.4265754393
1007834,601721.7417632529
1010145,639606.2848443395
1015431,708490.9279364778
1001701,401564.0853099002
1008411,436569.75628680695
1011967,265481.08051529294
1017189,157307.67398499363
1007667,1130162.5740282221
1008423,401711.2509593234
1011734,319796.7975319863
1000830,679117.9080452783
1011830,597078.1716562852
1008432,647714.5472503582
1015976,846022.1446349757
1007996,289725.68268279743
1008108,233943.9773170295
1009879,205460.87614564615
1001674,384482.9690549287
1013161,654113.5053039113
1003268,237299.27043957997
1014966,229513.22088295931
1007725,757906.9779769606
1013076,603935.1511596896
1009175,585172.2839972762
1015707,651611.4703062657
1006706,351025.17990057793
1011892,950290.7789105235
1004360,162283.80486758705
1001851,397414.6605363916
1007530,424259.3565165444
1016184,136405.1937837993
1003208,1151132.0093037456
1012164,453248.545754939
1011077,1265857.7726809797
1008594,824802.0234396734
1017352,593177.8959188394
1000517,330392.15158028854
1000061,623660.5127920898
1001192,157515.74931310595
1003526,242781.04133811776
1014212,277507.8256215901
1009846,906954.9409713894
1011067,1070970.4107801327
1008555,462435.239801012
1014854,312119.38473836257
1003352,822119.7521685517
1010547,460542.8567675018
1001691,739344.268377314
1002592,399129.63292607706
1008949,497944.06906333927
1005847,565949.3368114289
1003633,196990.39277365204
1003320,755040.9025167455
1002655,219486.0845563079
1014590,818285.35511482
1003698,807015.2698580743
1000743,106846.37634288696
1004472,512082.54786977335
1011073,958056.6804434039
1002001,240913.36589646022
1001344,215528.7390437891
1011046,812936.3944253504
1008436,247753.9846751223
1009173,1279513.5583441744
1002346,449926.34982037987
1011455,886915.0248799542
1016500,427133.4851554311
1014586,183822.6704271552
1001771,836361.3013950485
1000965,1237327.7099469884
1008732,407952.149789012
1007420,192774.93290473265
1004533,452151.82811530237
1014520,230353.23600743976
1016398,187877.36646571435
1004713,514231.8959086646
1015623,1212425.921342543
1000796,512687.5489344685
1016628,437446.24010158377
1003450,393047.6056326667
1016827,1249505.489084431
1000970,283529.4877835198
1002737,521105.3363986478
1010765,664124.7091493921
1016293,310820.52957931906
1008015,863869.4085399305
1011035,243287.3716769758
1004197,1101844.6916046373
1013604,191152.27405442635
1009108,985132.5818078067
1013561,928705.4216633289
1006543,486782.43492462137
1010195,134425.32870008406
1014608,442570.060622519
1008019,1328982.7801553751
1017471,645445.102975898
1015953,514981.60433487693
1013820,1184249.3513841534
1010277,189012.56793762874
1015939,644482.2897420523
1011869,132307.90795021065
1011212,843021.4727274234
1007792,1423405.7062842567
1000094,138925.00837796403
1015519,473232.8558536314
1003461,1286586.7579906175
1014071,665366.1578663314
1012452,939716.1641982169
1008053,1248435.5250570923
1015020,522356.3596878621
1000801,580852.015882193
1008658,346902.8356867677
1017025,383209.2543675119
1009308,419524.7079394217
1000754,1134829.0912028498
1009977,462822.8468948699
1014933,449039.1655432457
1006889,343180.98529313185
1012153,489130.00844352116
1006061,341033.82108170824
1008211,508735.1539257934
1005116,1103084.8905736366
1013106,286293.3596315984
1006340,249403.41007752877
1007053,583771.4118241009
1006996,464957.0283767978
1017201,467170.8824532178
1009168,936557.2189345947
1014524,412713.62656866724
1013109,231850.64794386324
1016175,618410.2008817843
1000057,291537.06261195114
1007049,1001776.0752408658
1007181,1159187.925162566
1012480,386927.9476442958
1015097,601334.8887540489
1016959,1247762.5205436873
1003499,209070.9006220718
1005424,135897.5687642456
1000656,760334.958887287
1015488,1078359.2109177741
1010903,566895.2414425757
1016656,551055.0845039801
1009771,500769.05722724035
1004271,650958.2686867664
1006639,1400656.715165892
1015732,179343.67099513637
1003925,175305.74822638085
1002088,479999.78503164183
1003920,501552.1368484245
1013725,336925.99457403563
1013248,300184.7940754865
1014739,948202.8700341983
1003883,283858.3715265254
1005506,1123657.5129532742
1016670,364457.3529881637
1007102,595379.6798009455
1005457,715090.5598654845
1004770,1053799.627437613
1001182,572452.4571719273
1004117,582207.9151256852
1002684,520354.0583248319
1002243,370357.8017364931
1015682,1030892.4373264993
1012124,1070364.149814388
1003983,351233.4533140895
1007956,256667.52638217603
1006861,421164.76180477923
1004916,407226.5690961847
1014074,436902.89121786266
1016047,782982.14574603
1009632,580652.5061512607
1000850,120221.8582737718
1017423,634708.1378503754
1000064,716679.1171880868
1010284,1040576.1083468368
1009161,618984.9039058089
1010587,279034.3488406444
1009729,211124.5880411111
1007906,514243.1083058585
1015547,474319.5733864927
1014797,1027634.5004636694
1010640,503485.90442929405
1012760,303678.13399301213
1007098,1100044.13715068
1012129,658952.7605189249
1005661,722968.0390222338
1003518,432033.4812650257
1010218,608909.0853013461
1008429,937124.2291604275
1006374,672092.322909781
1015322,82314.14175317541
1004088,717752.7604021975
1006539,668490.9467645495
1006735,635756.6786005165
1007425,262238.3187339556
1015433,312392.77857693983
1009911,537111.1715067264
1013999,303425.9320323927
1006151,444688.0698658391
1007715,139066.33962302018
1000540,1009120.0809070931
1009548,500386.1784216448
1000773,593017.9735214721
1005558,626288.3083321324
1001120,338800.4402541251
1001838,365611.8771550713
1005994,342338.7342538193
1011521,343088.41999414976
1008909,358682.8333478195
1000194,523398.725947634
1005936,360434.3811406597
1003065,354888.5107580226
1001492,250241.60576623792
1000323,488226.33219246357
1012981,371843.80662975425
1015684,1198917.6568550088
1017290,1299277.7049534589
1016893,154173.6062665568
1010364,1031251.2040931412
1004638,168012.88572012514
1009921,307978.6118412551
1013273,705520.0485373426
1007111,823724.6898643038
1004872,817622.604555227
1014213,359767.1934856499
1009298,382837.2428704249
1015234,821937.2942426865
1011871,767233.5438983855
1000280,443489.73336286616
1013051,194730.07501182254
1010564,518461.6051966964
1013613,369901.0224031909
1015473,472765.9936138016
1010197,193332.25115464468
1000745,935435.5031857075
1016645,170497.1235984829
1002239,569322.8600777723
1007585,354904.74102586956
1012743,996382.4518409872
1012496,333494.216314997
1000780,152624.72229337774
1011812,683554.8916757024
1011439,909669.7661239059
1006445,223418.6966435916
1013829,660492.4385721955
1008599,293242.33737659076
1007716,150883.86082288943
1010761,874311.2615500966
1011292,606869.9385162921
1000636,928848.0559370769
1012689,1227754.3301832757
1003679,169564.2407606598
1013135,768932.4391113496
1006976,402147.82457209873
1014118,493743.22171764146
1016121,610775.4233786225
1004984,435831.5192590029
1013722,396101.2034113611
1000234,551622.4139378691
1004723,1193713.9757386674
1006469,283473.782905956
1009916,134724.4481376308
1013137,374031.40017436456
1000375,142387.87859276918
1003659,335724.9719178453
1016100,208543.72169988332
1003164,492741.7343053478
1008649,225817.6039512456
1009109,455710.24440014444
1003008,278135.35256912047
1016365,620239.3554652411
1009730,342777.0359945688
1014674,444243.04829709366
1009932,925506.8053128013
1001672,806585.6222300504
1009861,590966.5486561268
1000060,635645.136802551
1003822,285354.37649269175
1014746,290076.66075590154
1012242,310865.61637922307
1013054,368439.0030598925
1008708,414216.2298515804
1017235,877804.7862907434
1016229,470464.2102225667
1011431,968593.1203619114
1006257,265544.2933731568
1000139,661657.375603855
1001842,178307.45504952426
1009214,720114.8785982559
1011878,465110.8817966608
1011009,646048.5595493978
1007562,684569.2013625228
1005134,423185.2595818254
1002071,479238.2850012289
1007429,377132.58741183765
1011368,571416.9356771494
1004027,397117.1630706002
1006396,152257.2327345635
1016441,349526.7505965071
1014672,193173.9753844342
1004217,602199.0732869561
1008800,305717.1583140689
1011027,263622.7510603975
1013974,1169911.772167081
1010561,252992.88469605084
1000311,416227.64220753696
1001542,916425.4202615573
1006941,1444989.2919341684
1003658,607267.5155857019
1005611,766760.8537374699
1000052,1256157.1745366638
1004913,420993.9615299657
1001760,926499.3850832781
1004025,162933.64039288834
1003739,491347.8031195917
1010450,462128.6862111141
1008924,326762.66710411
1015588,1342670.8929334995
1014542,665744.3474796723
1006802,897713.4071105745
1016850,236903.44492920433
1002154,634638.5720794854
1007811,206942.54704147612
1000986,560060.0934958358
1013648,194763.05325567658
1006213,466307.1672706009
1011674,1035167.1151467075
1014287,167147.96994479088
1011691,269601.7468860117
1013387,536384.1562932812
1009357,211241.34906465714
1012027,348640.0484954967
1006985,247314.12883458124
1012847,208055.08590958273
1003878,244854.72087447342
1004914,580316.3621495316
1000668,738322.2734410501
1009422,223016.23702403338
1001519,294630.35049042566
1009356,568722.1210296546
1011822,473877.2389149504
1009674,526070.8957924213
1016554,691101.3509575849
1010847,392072.2024903744
1014687,357137.16956084047
1017405,1169066.0350029557
1012380,687183.3318182179
1009930,440262.7019922805
1011710,382101.3004701496
1011022,221183.58053488217
1002824,544908.0745938963
1017477,792691.3229323974
1001078,465168.2280159246
1010369,540407.5602792477
1004931,155333.24402666593
1008869,140814.89727014102
1016636,216343.8291239316
1014929,790742.4922908829
1014817,379574.9780641378
1006961,797824.5329892884
1016099,793717.6007264991
1014119,281033.6920812622
1000456,443363.2069399042
1012336,307622.5447581863
1007228,243159.33027544533
1011390,281409.44880313496
1005486,421157.1572580149
1007107,310171.6403484137
1013426,443878.90950614633
1017184,592583.2878311934
1012821,1156423.2346443837
1009543,1273923.466617341
1004618,793651.5518820868
1007678,333684.91488092905
1006275,607812.8910921552
1009235,403826.92448310467
1012347,391560.2367258151
1016287,208356.13323374427
1007618,516235.6244500234
1000417,543708.8739568201
1006813,266184.7953122008
1006468,1111263.132748399
1002148,463799.8861929793
1015043,597067.218570922
1005873,112202.00056290628
1004348,106936.62265040146
1002339,268398.70122438314
1011116,384431.1532382838
1016735,230234.00364936807
1017212,875275.5407775063
1003790,660695.3261015855
1006672,663963.1210542027
1008990,1007272.5645245069
1005030,1046286.9224561799
1002600,635059.4651824131
1002387,630761.3901790434
1013594,750609.5985977381
1001040,234501.280027319
1004896,285703.3235899511
1013035,1151095.253543215
1016845,615458.9666156503
1016613,328178.5392480161
1008819,260447.39929617432
1007798,183867.74943383387
1015986,899327.3707420476
1008781,762440.8886092588
1010113,319013.5057645062
1006157,152438.29919577017
1002109,549078.9197784874
1007093,1003178.1403537933
1015771,301227.24315666663
1004717,697409.9983092387
1004155,515822.0602630074
1006224,898271.6708768237
1013401,462906.0489567714
1003489,636691.0535498187
1016970,156677.78965924366
1006171,257290.89201116798
1017047,360701.8162819135
1008318,338314.5848586155
1006370,1076359.317138804
1009661,240582.63670818365
1008018,668036.9905282938
1000752,303331.95134599175
1017318,397938.3788656662
1001403,546818.751719242
1004107,247436.06846100595
1000008,538477.5535829079
1001027,344227.30232431105
1005226,456112.4107438331
1012719,803940.0334378771
1014865,451543.1938735598
1012247,387183.0844935126
1000404,433192.05119072634
1002723,743065.773992899
1005255,410568.43113418407
1017156,317030.2020123285
1007270,1082191.4590312801
1007888,537566.1883833999
1015819,461541.3463417413
1012113,313984.6838306769
1016414,264907.44286502845
1004243,1247172.1575464183
1004060,481454.9468009414
1012591,388971.7977968068
1012190,634948.9805420146
1015483,775361.412825612
1016852,487893.8022219486
1001971,357167.62870240846
1002880,619267.6959958905
1004600,308559.0433611347
1006881,1047651.9296298303
1003372,299900.81495528726
1013848,261225.50793886697
1015869,506436.80190618197
1013142,379648.86036762473
1008635,574998.6031932741
1007007,617771.0701179297
1006361,134852.66802436742
1002960,278729.24255468865
1001990,954946.5139391788
1005326,432047.38053933275
1006870,274136.1603248597
1015511,875844.8045532478
1004486,576654.125907905
1007140,202650.51998248693
1005006,1089966.2119198125
1000101,582864.2798021877
1003563,657431.0089352061
1008054,367247.81764332805
1007399,357611.17704600416
1001625,357841.1052525688
1007626,622182.8029614665
1004647,323876.71675324306
1011381,524629.6347588099
1010532,93744.78867140922
1000689,530604.0229120097
1009093,769247.3724114604
1012049,365058.60990091437
1015604,550490.308194037
1009335,486580.63294417015
1014619,663750.4044321127
1004080,454292.36642516917
1002638,587731.2249986602
1010158,498383.0466484039
1009662,274804.6758179694
1012974,453309.9353616841
1002777,428317.4408319159
1015071,1034706.8915313787
1002128,400357.510213622
1013209,602681.2771117077
1010471,595495.7788205702
1011631,295127.0720694747
1011811,596303.3902346405
1012389,442262.9199210912
1005900,1013199.2086180527
1001125,744786.9756705298
1007188,523108.5787559496
1008263,224059.6995797876
1000529,458699.92472535605
1016033,364986.95887356624
1001780,225276.50527817008
1009032,283921.51283014636
1007150,467678.2937266636
1002120,562465.6301447096
1014084,524013.2079613644
1000114,96234.01245976411
1003114,1396259.9349860412
1013259,560604.0186118503
1007571,287643.2162323037
1016773,379073.01468655857
1011903,679253.5942362717
1004002,753867.2475810077
1003557,474212.8452502503
1008154,817828.5448390705
1003251,962243.4990931831
1001727,128202.18292030212
1008233,268938.0443341278
1012422,341401.1893441313
1014717,348958.7191027808
1016396,235848.23392942737
1001084,715789.5528957284
1014858,258481.26555362274
1005587,557908.3058834383
1016895,367874.13601188746
1016413,705631.1614582391
1009946,370296.41129785683
1010342,517204.38299843785
1008259,1123576.0518030443
1004910,791237.6084183878
1015277,370957.7219386464
1008810,1121883.6192548666
1008158,287830.14515731565
1013528,728956.7545434006
1013585,182170.5783026752
1001212,448362.0756205531
1017606,1002186.9188410904
1008410,127025.54572353336
1001900,258453.99010750107
1011915,387022.7005974177
1001932,282133.6879558831
1008467,172358.75784019587
1003548,1381140.6909447417
1010504,586290.8396438336
1017424,211346.53853216046
1011188,356431.09638342337
1004279,423042.2571863014
1013159,299340.7197200234
1014755,829735.9081835544
1014965,338757.16165929084
1002352,562439.040681934
1009912,591421.6367297147
1006489,673250.0102446289
1006486,184498.44910169815
1015969,537182.093041158
1003230,468673.42469408887
1015402,1132880.1269438535
1017011,639721.9753326413
1014840,549660.9615630725
1010562,1205455.8373282033
1016482,545641.7298023353
1007354,1181455.8352101087
1012012,290448.8435242271
1002743,325623.45496286656
1011021,569449.5831049711
1010011,749526.0923121085
1014796,722487.6538049537
1009596,341886.97816477047
1002405,326344.8429122842
1010908,158496.05602759967
1002238,855405.5757404984
1003007,551281.2043494809
1007926,311468.59833010664
1013435,323862.36928385217
1016548,228534.07070145104
1012259,562463.3264336976
1005500,160303.84167300837
1012419,1154045.7232838
1005417,528856.1167088181
1004587,440907.7122328678
1009692,342213.31543132546
1017208,331098.1397576447
1015031,778269.132540228
1010838,263720.79950832395
1013088,579022.3019074794
1001503,917822.4869025312
1010830,1031343.4840096673
1010755,363081.4919138008
1013262,521709.1023836962
1011864,269538.20866527566
1003402,508614.4886749612
1008842,190756.97592581276
1014356,703720.3764608987
1016756,182602.3513324811
1015420,399514.22009949764
1014136,558176.5420598919
1014552,575867.0076021642
1015749,421812.6585498249
1006882,324207.1886999222
1001201,429695.7732392715
1001486,272234.7339452438
1002885,378979.0454862939
1013491,378875.68362317694
1009315,599749.5144275057
1012421,908672.9822562102
1014457,571610.2616076979
1007407,373745.55614431313
1016917,581195.8783600492
1006089,492858.2050794575
1002409,931212.5941736909
1010909,400530.6446302879
1013157,473928.3691384933
1000296,526473.1741722395
1011966,562490.5524886134
1016403,496872.97482155426
1009290,261871.761522241
1000795,413022.1433149443
1011396,480628.06961792044
1011016,254656.89861692925
1009732,341366.3368481493
1012504,226633.58892182316
1012010,573070.7440749761
1001876,420954.7038425994
1012351,860253.1490797885
1013511,355681.1057689837
1016066,1203364.4004702757
1016227,303198.04038113507
1016764,833797.3862108246
1007002,287405.1458396311
1007871,444378.47767902486
1008901,888535.9387911222
1002135,1184933.4207293894
1016502,815463.8043940072
1001586,1009271.7626905361
1002916,374245.43040097156
1016629,237221.882876617
1015464,731924.8346658715
1001405,251696.9294051355
1013975,944133.6514120074
1004124,238895.46597398678
1017064,479920.9677542052
1014034,924747.75539582
1013907,398208.49481772823
1014857,389590.9973792137
1012025,421377.66818483255
1013023,380826.7244316554
1003086,263039.97881980916
1015003,479069.85939142096
1012972,350171.601168856
1007278,459189.16270004347
1017157,188989.8028200102
1006315,252830.12050606724
1004859,411479.68878101057
1009581,366601.9927460586
1004045,301564.4198355328
1017544,597892.6459892843
1012210,328647.9696174669
1000606,632305.1430317244
1005502,321798.1361201629
1015581,698891.8773394594
1003629,383691.86729316675
1011921,1201157.5283608236
1012292,323640.6350365509
1006416,474848.5794936673
1016747,339093.8837275038
1007325,1098802.229837747
1011206,493938.2206014659
1013492,708728.3390729429
1008247,998777.8109315872
1006717,229921.32897576896
1006273,415690.1209722694
1016804,1014287.518768056
1005181,142055.3013089595
1005465,173810.98984932888
1017408,393886.94459817733
1017258,1156261.2248624414
1015677,544649.2078553482
1011052,439074.24265238806
1002300,604338.6069826637
1005655,476981.0278411151
1015882,902473.8232327419
1009129,363987.71634401346
1001968,522028.7131008564
1016014,229528.77497073324
1015914,149154.97776605914
1008109,284257.3325574202
1017285,1043059.9796495126
1015548,311369.96202758764
1004612,333762.7388262332
1001356,1031293.7836634777
1010515,526456.6268112039
1017590,824349.6765486139
1001529,276116.12194537173
1013190,180143.33257443106
1009474,364407.4921673001
1013931,316288.78492443817
1013446,237816.21545880847
1005555,699217.665847301
1011478,154074.64568726424
1015124,814145.2084197334
1013034,950925.5335762901
1010484,322448.8838647479
1012969,909521.1965205319
1011266,778565.1001856767
1010430,774955.4264421216
1004193,699331.5869042543
1016084,460698.7784391302
1006520,490153.6240531984
1011861,198790.6908634034
1007610,428892.6313172522
1000560,197767.67867511162
1007860,259385.1195327819
1001783,286351.7532564604
1009984,229320.7482847566
1009840,293534.22465231066
1012624,426555.0829692985
1007660,796190.7677596747
1008881,510795.5551022692
1015558,115582.60894970057
1004759,654614.2692740574
1013509,500045.6128879419
1010772,607116.2802830714
1013532,373371.8231846104
1015312,373582.9541729918
1010280,289381.57755380135
1010282,465721.708084556
1009615,242041.26045166218
1003451,538534.5422664316
1015859,461910.33851148176
1003275,567793.0738422482
1010901,309971.9738556762
1002853,246748.8710640021
1015300,264960.0002829821
1008669,774325.9033704939
1015731,525892.9970188858
1000579,345151.00384473737
1010169,783044.472993985
1000343,409320.8277227945
1009809,1349700.6935479352
1009967,575339.8032286345
1006738,250482.82340433862
1017046,389248.27173649846
1004716,407363.7732929213
1003523,225546.73597249473
1006091,1409812.4260708892
1001667,575109.5931189707
1013493,1214121.1632403638
1005488,611070.7629342907
1002138,255162.43878995962
1006277,375437.9037923467
1005387,619178.6992716942
1014290,694690.0753566041
1003448,790472.4328433849
1015620,256936.93413787207
1007454,1102816.1569712684
1016336,1175690.5270364624
1013643,522737.9707961427
1009837,446083.99301299313
1008043,1373440.2016207997
1008329,702958.2179362202
1011625,1238997.980115471
1003539,174805.4727648118
1012835,894482.0656452746
1001636,722371.9113756849
1002897,818034.3968452556
1016265,323713.8068619002
1014076,986896.3014638883
1002319,608026.5894102323
1016772,202599.89589861894
1015392,1002961.6350479056
1002447,562285.6132059589
1011488,90564.97007913093
1010259,271127.3786473621
1013459,506067.8625817863
1009177,889875.9774918889
1008232,1187792.9264146064
1001435,830697.8025570357
1005608,402985.466607572
1001349,198144.39358540246
1014218,560673.8166330076
1005035,332951.34238254523
1003553,559889.3807147894
1005754,360603.41392467736
1010071,413770.18529524154
1009534,342807.52067747415
1004500,325654.55192779563
1000821,83061.01617153581
1002686,226045.2066249497
1011647,285055.78567424376
1002321,505517.39793405065
1007788,463219.9303311918
1011334,580503.0146446676
1006316,648933.1144330908
1012873,256746.3373964581
1011271,934111.5460940053
1013203,1084368.6956919178
1004324,1300603.0808009205
1002825,1000336.2490591872
1014407,409393.2604159674
1006284,1207541.4541303562
1011176,255079.03659932571
1012029,560828.9917451671
1000206,637349.397511579
1006657,429243.2339372716
1000981,430905.36287990084
1011729,410379.10416067624
1012874,205810.92402651408
1002176,676328.8231776219
1015667,128923.14379121565
1003209,532620.2034532342
1014362,556107.0046545303
1000723,251444.46964286698
1004413,380265.8628725052
1007200,1082311.185347093
1000818,304492.274838807
1014183,467879.878389571
1015761,439508.10381483013
1015175,215425.92992027095
1003222,451948.9611832759
1000971,373194.75721320277
1012203,157733.18406705195
1001595,303376.0773218437
1011110,994357.84268109
1002668,702211.4227179022
1002828,487705.1980070278
1009305,215238.50574258444
1002575,603161.2066224245
1006474,588561.8631819485
1015021,652771.9800958281
1002007,336388.66532306134
1016557,651647.1261929083
1011504,361544.8066786216
1006300,822956.9281786447
1002509,624986.8988975658
1017033,382197.0817334819
1011227,690473.4619838321
1000433,190354.72055518386
1014521,1167231.6825689953
1014789,253448.85642923648
1015881,1508857.3325385952
1017055,1175241.6107280713
1013055,225596.32410184425
1014714,593286.0414176817
1012866,826282.0388942056
1003912,484331.6466197111
1001910,1304851.9617342812
1010573,1190280.973208377
1009040,141924.43202072944
1006050,183864.6138035045
1012937,185141.51946981362
1004176,1406166.4620579863
1004312,701086.9597587124
1016714,449992.74357239564
1000252,382367.3953750234
1006454,605862.7700871227
1006838,270138.72257244476
1001643,380864.0958759978
1009043,404474.6892668802
1017040,445981.59627249715
1014064,720339.3319697811
1002281,222589.44534703958
1005366,316139.88629015005
1001467,319798.49040876736
1002068,401192.8369430213
1011186,307088.1593161866
1007282,361152.6559697639
1008488,221831.29033563653
1008969,303981.574299439
1016075,240228.6268276844
1001986,125791.3355848537
1015211,405153.1954879396
1010323,942159.9787362287
1010191,989481.7198345471
1004890,495976.8030533957
1001036,973748.0406813177
1008168,729715.1132967202
1003713,337927.08135871094
1010581,1244670.6826276837
1013436,839215.7395231939
1001922,345138.7137262244
1010119,928215.9480910848
1012609,466415.2283026159
1001087,948421.1524464401
1012596,848011.383134281
1005634,808830.5582413541
1002938,306127.86269618943
1017461,482889.8505012138
1015894,294831.2869352715
1006166,276965.11767659907
1001494,469184.05902134674
1012168,385947.17180515046
1013921,487448.6389493416
1014747,849378.2780641395
1017504,310021.3414432317
1000766,1042217.763088908
1015603,135172.77545218216
1001089,229646.54670318714
1005838,330975.3342832217
1004334,422724.5219944949
1014810,307415.8708859296
1003211,436376.382801332
1008173,805146.7491653584
1010439,146879.5914413633
1002064,611641.3411082665
1003325,324156.7846573875
1011213,441195.32338371244
1015291,624399.9530678269
1010974,338564.92030394747
1014955,531525.1892554355
1000312,131850.0981411182
1005219,399897.0398474411
1007217,468807.7475558796
1015542,852311.6987200833
1005274,602357.2754564757
1008316,243073.36364968584
1006180,594515.1822542083
1015463,368084.84361604945
1003905,623481.502330147
1008760,255844.0542667407
1013170,283840.4457374913
1006156,345536.4152747483
1008422,621818.4846244539
1006142,589512.5756321048
1010287,462018.98869167315
1009461,126513.5340967935
1013748,732538.2409971072
1017570,682449.5913983681
1008286,174529.85217747855
1012453,254858.78565047044
1015999,294229.7487489968
1014266,298799.93511939223
1016891,442660.03276212595
1000155,280334.72434983565
1006567,624700.0876131726
1017367,1248982.7175171867
1002136,387167.7385905359
1012558,305459.05866049934
1013498,661283.8257268067
1008268,300418.18826695037
1005389,519267.4829270858
1004908,661656.3223672765
1002657,671721.2033223463
1015708,838740.3199548025
1016176,1007135.4307249798
1008912,401086.0332709478
1009974,1068261.4270226546
1002021,1009837.8855055103
1011376,608213.9201464087
1005050,1026293.6419181408
1010170,810501.3124882973
1000016,814657.3199087129
1007824,543228.0683561309
1008850,584977.3943044959
1013415,278596.7164268571
1006757,700201.8114761575
1010356,641086.9951994659
1008163,1274362.1885462115
1009330,526113.508491518
1000118,418700.4857298522
1009690,542490.5346302738
1015099,831947.6863690087
1005980,884314.3738355833
1004418,190863.23297058023
1013112,240177.49655102228
1011518,94917.51481170044
1002338,465131.4651335394
1008013,455915.87377531856
1012082,429412.5844597168
1012320,296396.1389269504
1017322,446991.304564236
1012859,420403.1809726507
1003095,151049.56282568953
1001750,420571.9114960647
1016037,607241.2482898601
1010055,297837.1838776731
1011145,273633.33829076827
1006497,478886.2336141175
1002233,419596.5556162271
1002674,307947.8815418904
1013478,410693.76678051986
1009853,360063.0402612138
1016376,204233.1670491186
1000037,429312.4594766896
1001913,277658.24727660744
1015050,361448.274741826
1004249,347858.2965064656
1013866,776022.6763388157
1000869,347683.53507714375
1004125,445636.4736764216
1007320,148923.62590985163
1014928,347894.63079054304
1014567,566311.2316304804
1006892,485394.3886803993
1014716,421455.96507030225
1017181,858833.9025209557
1016684,1023641.8187952072
1005741,458747.4558552875
1014460,907451.5586747512
1000721,685229.8764844497
1010814,391944.4764475349
1010225,231973.42694120872
1003241,1185850.395860804
1015041,283371.26166199794
1013129,610459.5247463256
1011555,278803.3147339113
1016250,443300.91942790995
1017038,1003577.7425755174
1013374,568105.8303876218
1010770,454302.84568441886
1012588,432337.9633081312
1012106,394193.7415376951
1006909,673585.8891385897
1012597,93600.77161701903
1013763,691427.9665303554
1014967,373548.20014450356
1009166,505322.6315806725
1014428,715902.6849826054
1016498,501369.8770155268
1016745,210997.60304954392
1007431,403601.77675876644
1012575,139144.6001918958
1016159,508061.7542860352
1014122,559793.053791172
1007995,1160997.8589510117
1012892,542160.9518362924
1008334,598836.8280474512
1001071,700782.4929237858
1015141,283480.9290909344
1005245,1054200.0732849545
1010713,297871.6754118383
1017191,306842.2988916367
1013250,441164.60974271415
1001820,463104.29727720114
1007817,428217.7331082523
1008999,273140.2669921171
1009352,175267.14497983732
1000362,572561.2580644457
1016277,132399.113733391
1011879,339690.1881499053
1013629,214178.7348405151
1000657,1075913.6961758344
1010412,320939.882007437
1013717,130452.4629303403
1017374,345121.88883154356
1003340,1138122.6840781576
1011031,928430.1947500969
1007484,1135782.5630811483
1017390,558568.4262123149
1016715,670499.5511906336
1016509,490763.8171825429
1011708,927247.821318503
1015643,574277.08362731
1013996,784599.4751207693
1016120,543253.814840471
1016753,214811.5444967832
1013805,945226.2627960553
1016677,652128.7612063412
1007180,708419.1766011771
1001816,837812.7169178136
1007855,1339773.7838331233
1000335,222723.4326582042
1001852,566696.5481969012
1011910,168322.65031831237
1003106,306260.76668301894
1006842,174507.4084142563
1016853,695784.3026714813
1001882,1302816.8327016928
1011338,297274.1762014638
1007656,402812.89786457916
1016975,676223.356354135
1004429,1104981.5728595948
1006121,469502.44386379834
1005751,245184.30571850072
1008344,605962.1086765204
1009322,494331.4050296535
1003886,1054493.1279242493
1013043,775135.3359664542
1004255,475432.67498572567
1010200,457072.15468788415
1005507,569761.9607570434
1015280,276092.3255792562
1007551,714806.7001941223
1010184,220093.0660512325
1012501,551958.1500292139
1002356,549199.6879326532
1015018,255119.94467847378
1012002,365980.0691365564
1002165,315040.0438938869
1004946,600575.3749066426
1012174,691151.6845871437
1005937,1065567.3158889154
1016564,330238.4505005906
1016644,332254.9165544532
1004268,1105011.8533238352
1003928,1092924.7678417594
1002045,1040203.0085780078
1006490,769208.3665555629
1004690,249160.38958914124
1000293,401558.7074388832
1001255,278551.3942296921
1010864,297402.6176772612
1004409,260020.69234836855
1015155,189613.14569646472
1000411,500606.16443510907
1006037,649601.1529552058
1005769,406142.233554642
1012577,498547.5159449214
1016096,275784.2287847055
1006332,411744.8435545791
1004611,265513.63712104876
1004388,509653.7792854194
1002119,697160.8465334452
1016205,199824.46088561325
1004729,307587.4878618316
1004164,370425.53481410193
1007980,349031.50912493677
1011449,414262.68251668673
1002750,359207.54576575663
1000718,307964.81592469965
1004252,761285.5645895804
1010759,504846.6546165111
1002460,758774.5392352628
1009542,306824.45241984876
1010622,1144674.1741131071
1011842,439304.6291591318
1002362,389429.5691593004
1003286,297373.41059027455
1004104,767340.2888033033
1007568,291526.1269674784
1003125,829019.0767003658
1013058,626460.2506005644
1006122,544188.0282020766
1004699,497974.316609372
1004481,416856.2595306019
1014024,439428.49894116045
1001334,638125.3525465798
1010996,612268.1221312927
1001132,499777.5149973226
1009445,608131.3330848838
1009798,637960.2898428192
1015803,345184.81694935315
1008677,150651.2706154921
1000608,1117507.0583528006
1009500,710472.212494329
1004710,365213.41822031996
1006406,347213.30811011716
1014496,1497467.1254330918
1015567,196675.6836747039
1012220,270043.30159923155
1011256,472826.47529090726
1008256,823979.6320189758
1012571,795759.8637696323
1015978,416344.1511965843
1016173,292668.8763714164
1008779,328457.74601833394
1000461,1016693.04402478
1017094,611383.7778156135
1015010,219022.47775708692
1013454,385359.5002332393
1016578,345416.9386665088
1008206,740080.0401693855
1015868,209950.09797752302
1004893,1044252.9642048454
1009404,553936.3871022738
1000154,696163.2091691695
1007252,296012.87838976644
1002008,370284.54473051854
1007586,442302.91849966464
1013660,1299851.4442922322
1004239,468681.5875972824
1004635,1115503.0447016119
1011380,703850.5015557003
1016771,359181.07117462513
1012313,652222.0660144739
1014182,628447.8683942159
1002348,1526961.6295551588
1012519,1299595.6801021956
1006480,731111.609626604
1000143,796279.0028356364
1008576,568827.0725539391
1014949,184642.27813810526
1011611,355546.5562343712
1007607,927590.4386246013
1003887,391897.38542946085
1010811,423098.91335530725
1007539,167176.51325917314
1003103,293672.0737898988
1007890,714001.0108434013
1004158,652226.4425005232
1004746,240985.93260975322
1005881,859491.1138862674
1002307,291550.70056334086
1007126,235405.2038640052
1014620,559076.5703065608
1001896,529770.1885487319
1015494,947720.2069766881
1003852,1194316.0987763037
1004709,229671.28684431396
1001126,324590.0515873054
1009114,499696.00463218504
1017193,838000.3969264966
1013707,304718.37584236433
1016777,421157.09473390825
1000450,652996.5759428221
1009498,152861.44548736667
1016544,660227.017357846
1012196,437427.5701462296
1003899,273780.31691323617
1014741,1359506.1389622546
1005878,266568.8470759407
1005263,595301.4695519872
1003861,768060.3016003572
1006074,392500.118623011
1001359,192177.57232336188
1014807,774439.4085937105
1008595,471956.81079852715
1011978,345892.9350269077
1002214,1168538.4783615363
1009000,378835.4991650235
1014379,337287.3842683278
1009602,623616.4265537806
1010832,449153.7483446336
1012180,672368.023146047
1006548,160366.3509896935
1009126,439418.9499023371
1015592,232641.65654576564
1016989,642532.7123683123
1013853,877414.4217948933
1017224,1057796.6932448996
1001616,389761.7702978706
1006319,342827.23083214485
1001034,422465.08238479256
1004092,461322.6196188439
1004578,135017.4987729093
1016246,534934.0028116527
1016136,908652.2481044286
1007536,514625.64199208317
1016281,144344.69646008886
1011109,658935.6393594369
1017006,683941.816441868
1014995,339944.30487463245
1001651,515262.7479676287
1013555,367948.25223429507
1007948,494214.5418817647
1009833,522350.7146130959
1005737,537312.7878102013
1008803,399685.49530699087
1013704,670169.9208783964
1008511,300239.76482548367
1013375,726875.1921526035
1016732,324958.7854202758
1003580,970129.7121981031
1000397,247595.4153509872
1003787,376501.50622651074
1008524,353096.6163349009
1012377,424985.88991036126
1013442,208110.7939452301
1003280,463134.40067915147
1010498,149282.7077091428
1003405,558605.2266690192
1017546,398269.13278900675
1007841,570993.9268369967
1015522,1122740.2817595175
1004254,430277.9628639735
1006584,553937.9185817562
1000808,331939.7295282717
1004966,668642.8532051315
1009997,849863.2198670481
1013526,585782.980036156
1016653,610626.7763988954
1011659,316263.0784193681
1002511,1369350.770516561
1015711,880849.6133703421
1004307,618832.5127215032
1006707,887369.2410179125
1012751,507650.79542395996
1010960,645462.9445729621
1009026,212747.2239501888
1013603,667480.6856264056
1013732,174055.78023113564
1000109,689788.8799800894
1012638,931993.5325916617
1012069,166283.7420725703
1006883,289809.98285348824
1013340,401849.2434137932
1003386,155085.66640247082
1014957,226803.81512418098
1002337,603386.7666076797
1014997,1178495.0952591172
1003710,1126005.5216042232
1014528,413211.1668571622
1013180,352759.78143212147
1000728,456839.4678675304
1000691,596129.9726143999
1012472,334803.10494782764
1009532,495217.6015420731
1008543,580541.2339792602
1016199,287552.50984724174
1014665,474060.5160423301
1010258,479659.1612052646
1009628,998813.3641199083
1003686,564202.6705243546
1013269,531610.4976022694
1012869,1260291.8624451223
1008459,944487.5183156878
1005919,134435.5753347796
1004376,1157554.6360961213
1000328,343120.6040286674
1000157,557125.1984483177
1014660,1185191.6768630215
1000772,666136.9956664597
1012288,244271.52934887962
1014021,677788.6067494305
1005214,542459.3114653354
1013713,473692.4068874626
1011234,189935.5119811154
1007584,1118768.2018398445
1012769,612097.8380727839
1001179,936584.8014497231
1007020,269677.49146610626
1014738,1128154.2219707416
1000044,504265.76798442204
1000767,262242.4080146519
1013916,409900.3439344167
1008994,730672.9514977097
1010880,369061.85349245236
1006066,420932.1047556016
1000582,318408.8641893092
1006388,946937.916773689
1014066,997484.4555791628
1003975,338552.60646836745
1001861,340314.28641977475
1007207,537350.0079941932
1012652,408182.35276213824
1010938,524296.0685186831
1011566,1159095.2002500696
1015802,531232.6405951785
1015012,1174052.8438472264
1016823,708690.1843897529
1004242,790268.3915804229
1004205,1209894.0308667114
1015362,207210.7990810334
1000932,939154.0851556384
1005967,705558.6300669066
1016774,226079.59557532973
1013579,622665.3924063365
1009784,349025.45149903325
1009862,204940.35776864932
1011407,353610.42299042724
1010376,748204.9642965997
1017306,1071021.0554453293
1013131,493623.91163810843
1005806,287558.9286300552
1002646,658649.9487902877
1005393,205354.52784906127
1005416,495278.69538002886
1007664,791661.4580398736
1004365,490948.3792767208
1013619,1052515.3283272388
1015139,484569.79887269676
1011805,440129.33900135657
1004097,203058.21356990372
1013225,551249.1976892473
1016149,368276.4345237237
1010796,315134.3632230131
1007734,763276.4967109674
1007119,339579.86216075433
1005207,1239853.076733729
1000948,145781.80916447236
1006754,316267.72500324657
1004019,1078397.643063579
1011774,1064821.0689428833
1007274,263339.4882281953
1002084,224317.60500820976
1006341,587867.3067061139
1013469,264869.5934695312
1005828,488500.5424552923
1014220,1178858.8220089292
1006814,161545.83901667598
1013061,452959.1785185807
1005498,1075175.5311523217
1011983,346643.8215750381
1005100,491084.0951199531
1015526,226165.51287601152
1011053,180121.42099629008
1001410,622915.8183769082
1009023,157178.87886515123
1005620,1304171.7554181975
1013266,453854.96699751366
1010395,403613.21792486
1005786,394563.07892506
1009621,331548.30136355676
1013267,1045932.4409424717
1014763,286568.0698456023
1001953,303754.9092203046
1007359,797932.0558676884
1015830,684293.7195838885
1003717,1036083.8027569229
1001629,449206.9893903628
1000100,485888.44723737775
1009197,762101.463563693
1007627,538508.7801500689
1010724,923499.1673419056
1004958,608287.6848688456
1005514,331878.7910862434
1013256,771413.7748239593
1011945,418506.6761835801
1015340,638187.0658751052
1007501,845900.9224601318
1007288,645733.3764937135
1007024,460151.0671845164
1017162,635277.9747801758
1004925,712116.9577986478
1010262,639491.5926252673
1017082,192559.65910337103
1005091,640365.1112065491
1008764,454429.6436084236
1001085,314883.0893025176
1013431,733881.2366257774
1001970,1245987.6779339935
1014837,1052787.1433294518
1010725,317098.98620112834
1008762,158335.81526858715
1002304,661746.7866369804
1005708,185952.1055867351
1016978,151737.24724707747
1003457,581251.4890815114
1001151,130524.0251835768
1009750,403317.8900052216
1002100,267366.437214483
1007803,792525.0474059508
1008568,283439.0944739703
1009478,517130.8950157758
1016671,389803.0666970246
1009610,250598.30474004778
1005599,339765.00540000555
1006658,726854.4902757889
1010414,438228.2644116821
1013481,154118.49074908733
1002005,1025718.2433695273
1012386,223774.38061104863
1016215,621047.1694450091
1008566,435704.6910061698
1012932,193782.26349054257
1010140,317665.6532819167
1017139,316120.78241130296
1013488,927236.3438153755
1005727,1043271.2579810716
1012316,331978.0429517999
1011976,362919.6759955882
1003768,374297.70640855754
1008016,572665.2086943588
1006062,643808.4464038203
1014503,971090.017664035
1008956,907072.9954314046
1001642,434943.7307140219
1003645,501607.64473542705
1011920,1009712.9035382351
1007992,114946.66553691305
1001468,406800.6776433106
1016939,413915.45596164843
1015029,403067.6471653846
1010040,982270.9112362143
1009348,220836.67590110356
1003503,373597.25604145584
1013642,353967.64181521646
1015038,274720.19413349585
1010162,1214067.0158750715
1004263,366518.2541200641
1006229,298589.6930892408
1001773,375437.9751007212
1007929,413643.44882479677
1016887,241503.04918121823
1001299,420440.64875910775
1012535,624147.2116742027
1000874,362012.325738838
1000245,480168.946193473
1008532,352874.7802698995
1011437,1073449.9214615368
1000763,479049.0940802932
1003703,691862.9804860723
1005401,536285.8332932539
1009296,289859.6878642474
1014820,465501.00057350873
1012797,889929.1123170425
1006207,319016.62941303506
1013094,338479.4982288326
1005768,886922.7549983875
1015570,868187.2498641249
1013136,567459.9629924869
1004250,199439.53355143426
1015039,288285.3978668195
1005974,462529.73540228425
1006287,306972.4212231115
1003431,100721.80196355497
1016397,1230851.4216395365
1005940,270643.415796241
1011503,404756.9395849078
1008515,851018.503341961
1004056,255662.39226677726
1013807,116164.9070839715
1013886,284402.1091095423
1009900,234272.46689001852
1007638,448657.6322364747
1006689,130925.62596536068
1017084,301272.4727752053
1013257,617345.4733084369
1009256,810781.0600324437
1004609,1365169.805811657
1012302,569168.408401643
1001952,1033993.4345393159
1000984,231892.21023257216
1013847,589844.5345693206
1011062,440200.34846185305
1001398,343499.89772200736
1001700,292175.20644703845
1005677,403310.4159645665
1003471,370259.32381240575
1006031,731884.4451417936
1016531,379396.34014530235
1011742,192290.67886272163
1005055,298141.64300653257
1007398,490373.84157830756
1015182,533420.036575698
1007849,290979.9694376848
1002349,572581.3777076132
1016101,548074.9009373479
1012562,153804.35728417087
1004985,612938.9612054332
1000416,675111.7298489041
1015783,696936.2221833625
1017403,356789.8981009131
1001228,606831.2826761234
1014878,211804.83532545925
1001061,567432.9674150945
1001904,661663.6845772881
1017073,573353.6000429954
1016729,203421.37939244232
1014977,472069.34507405816
1015632,279707.56740558235
1003089,589543.4457579242
1006170,522971.05046104797
1017119,809828.0788122229
1012623,209940.1927039305
1001163,201645.77175690065
1005525,475634.31013190025
1012552,443312.3324423705
1004674,1283648.423569646
1017410,270099.24286341167
1000694,673603.6755215793
1000526,362895.5075584146
1014431,314875.3795546018
1003218,538191.7364609019
1004146,758490.3135139924
1012229,588815.4908921823
1014134,161407.66540306155
1009163,1147101.5101231376
1003435,723666.4046445687
1012096,466865.63807264017
1001943,626429.7990390898
1014195,178714.66394419826
1003314,573536.1236085017
1014646,669975.3761461995
1011561,317136.86537532986
1011584,932938.8418792428
1011897,1366713.6493188227
1004345,837919.66544016
1017292,293891.6868259857
1016323,539602.9984672971
1012373,138002.5880641358
1012697,532890.396288023
1006342,453942.8148074106
1016405,276155.6441486018
1008710,597955.3810727854
1005280,272661.1301381544
1007930,185895.95937144433
1012826,182139.24911381118
1005729,128845.78693737832
1010438,1178270.2678926399
1011995,1234035.4288324264
1007905,109842.6993616225
1003881,423642.2886298691
1008720,253771.28870280983
1009450,771036.2065981097
1002520,294150.8125021975
1003309,204223.1707485289
1004306,365329.9575352714
1014125,630010.2052600931
1014347,453901.25589843444
1008119,541309.4192058578
1012654,465797.05166101246
1011240,969465.0754661652
1002278,1196107.3261200876
1007595,501601.45842485136
1009691,627414.9126989353
1012122,320930.5685552
1011451,337152.570509794
1016018,466158.7127349738
1004990,123830.62353185068
1016069,532504.4186990993
1002204,574927.5383379026
1010375,351039.9889929607
1008638,387396.228108173
1014953,834394.0411479817
1003112,359444.97228424373
1016596,565735.5493529579
1014942,1290437.6297334237
1013957,823280.7964313067
1007861,687612.1098184439
1012159,1066034.4892056307
1004350,1191919.623261329
1001248,552885.5756008365
1000043,479416.1185344505
1005731,376745.11832240276
1009031,491304.9127011472
1010486,357669.307767957
1005977,266700.67547046
1014593,754243.1373018331
1015164,388865.94143419096
1002728,353315.36856602
1014963,327625.8493700735
1008624,754444.902215858
1004416,536449.3380151555
1006605,646751.9547771848
1008391,351043.5833499244
1003699,709090.3646294839
1006167,451514.44326380495
1009694,843892.4521593364
1009793,835618.9426464947
1002097,227162.1725716432
1012000,271159.8596003911
1008506,732756.415162206
1008777,398239.63512107416
1017404,208333.71765785254
1016603,952949.5925657477
1006383,234571.6663186711
1014688,427929.6846576005
1011777,559064.3446754139
1014775,857521.4203216507
1006301,521203.6133769835
1014022,476176.60104791436
1014925,242768.96656076482
1004509,138967.91776199194
1014572,915939.0063934413
1010719,298578.62353906495
1009660,314095.189302718
1014273,371527.6243515271
1015938,362458.48448052414
1017000,592769.8059992681
1012202,411685.0500460069
1010068,87536.75951558248
1017204,581609.3016478627
1007747,369278.25296344096
1016685,924882.1545367655
1015177,606695.1976772099
1000447,961467.9984490045
1006310,1283245.3164814047
1015235,625880.270811621
1001430,491701.6108163233
1008102,648770.8360947751
1011690,940067.7408279072
1003024,1091634.6860549732
1017566,474859.5166432066
1014306,518259.7785990041
1002498,869536.2568341197
1003991,726185.0693815055
1009064,714048.8446407233
1004572,646870.9833050844
1015005,591384.4686512732
1012589,862712.2398763425
1013443,1032942.1228291686
1008891,280355.691695496
1011829,234851.99015236914
1006621,201148.19290548755
1010575,174407.19479908946
1016787,725913.6304995221
1012940,567305.3258748828
1014176,307086.6262336683
1005746,434856.38835531456
1013531,565747.3068142838
1005753,277771.9283374293
1000391,1042458.6671526616
1001147,124736.0913098635
1014498,555626.0181076463
1017027,220682.908409155
1012440,525612.3779600892
1017335,151372.46983572323
1016218,240010.40213147094
1009978,595182.9501257999
1011120,586583.4565333446
1013162,693407.8722213067
1005580,157840.78213150648
1000590,486950.11083321733
1008032,1013380.0803111299
1017316,838062.3772276404
1002424,514772.3439422573
1003157,137829.55116385265
1008801,121098.55066904113
1008683,1054770.5357396333
1003813,330994.865152941
1003614,559460.1700034896
1000855,990659.5703414412
1000809,191260.55294433553
1008844,373266.65947566676
1013540,626102.3538843831
1002430,775056.4021887475
1001613,481859.2994538229
1006867,917064.2551563665
1002702,378931.99667219527
1009193,412005.4544408125
1002306,169015.3564013129
1001425,209272.56283088957
1000966,92737.6981895637
1011356,267078.76360996976
1003163,396597.87091071496
1016835,718255.0283396501
1004645,276900.52431091684
1000294,349022.5771410402
1011686,467872.9503596408
1001115,369092.56746713415
1016260,275096.15780851955
1009613,570311.3545675161
1017287,448391.2820717742
1016089,778798.8526393833
1016353,409104.153259655
1011317,845639.4334057783
1004444,982351.5504422304
1009740,1053502.1965156803
1015958,226724.8537225804
1003511,1334712.037803485
1013497,291624.95836083085
1007729,835949.043984105
1004266,617474.8826882854
1014353,731681.2413055212
1004598,567140.6048160475
1000644,356838.74077756534
1015885,302166.4293364899
1006991,303934.8514392732
1010202,514958.6567361366
1014479,268583.0230298665
1007419,782904.8606300749
1013155,432308.83226960606
1005210,597752.4483725701
1009042,361187.61985666235
1007719,228049.9830509378
1006182,992850.3549566576
1017152,133554.35561670296
1011797,934448.2926835015
1016678,475425.6679827243
1009828,393441.7554312904
1002042,387906.0490243286
1008667,967222.5989016853
1009224,726807.2789467309
1014487,154762.48478230982
1015359,544224.3001758493
1009153,718243.2782151755
1012098,502136.76607794786
1011953,242514.9211413654
1008494,202313.51612888512
1003040,271789.41384230484
1009016,824524.3605436644
1006655,906588.5535149338
1005638,1014766.9902512797
1000123,1096805.1505720238
1013860,627509.766862091
1004553,408805.0666460899
1000673,403749.08336142544
1003932,506627.06878705166
1005821,1142988.518347678
1014829,517922.6763627523
1017159,603035.5253262563
1011673,790933.1933761046
1009511,406797.1738666964
1009280,307399.1276910981
1011007,788741.3606512707
1007974,343170.6872666536
1008725,295491.86389805516
1000426,428424.19133331
1003335,428973.4376695709
1006131,804690.4971467262
1007485,1152122.4100980938
1006557,690837.4503316045
1007570,684447.2313765902
1011656,435695.9233288132
1011750,241904.03332336422
1017043,1043078.5300090997
1008397,820975.3502034937
1005744,353247.06938918104
1013966,532536.0535121929
1016350,920701.3315781367
1015718,1103462.7942154112
1004446,943183.2440497562
1017429,389200.5487082133
1017216,497156.84420354257
1010917,610952.2506192892
1004574,787148.2964775948
1000849,597696.5359537465
1013270,308411.09500506404
1009962,659605.2147176395
1001580,343039.49511717464
1013823,244402.83661672578
1003565,613598.5643579501
1005239,384804.81607520045
1007296,461641.99671620486
1012582,367990.1446783203
1010397,149221.98514136559
1000591,389358.1925871835
1005490,513108.9114655802
1005624,1002287.7390644246
1005022,897871.2046657614
1012290,400473.6914352678
1008921,828089.4387260076
1014475,252450.9033890459
1010644,1218885.6814594849
1007738,229961.658568402
1011961,430604.1827419897
1016646,535458.0351520637
1003407,133799.94620713615
1013723,342322.4847264122
1013977,380467.63575766934
1008337,757822.393216673
1008105,370855.65843527723
1009760,147805.76042747524
1009560,396593.3508585513
1004461,751181.0068371596
1015036,877954.1774036023
1010778,589751.2475730367
1012399,264443.76016068726
1015754,256802.4587102147
1015599,307906.78288407397
1008737,629225.9125620987
1002774,917946.8989853888
1009954,468519.220329002
1003993,596725.5546038003
1014280,396082.7302968312
1013286,951352.2694528555
1014768,381414.26248680305
1004212,435679.85944794567
1011096,692604.4081632918
1000750,322470.3678982398
1006614,224689.5722425097
1004570,432443.39633142593
1013504,503479.79226215754
1000846,841274.2357050353
1014569,254045.08865347932
1015874,1245715.692500401
1001978,451487.1879752408
1014968,597664.7031829195
1012458,368731.3417083868
1012218,679952.9734023775
1013368,679294.865671083
1008357,586743.7829281872
1014737,573296.4009028516
1007067,370567.03409606684
1013631,519993.5074399706
1002842,829480.4246939239
1008060,679662.7792045416
1015452,617038.8965733071
1009889,387952.5790230117
1016902,357838.4383406309
1014344,591344.0889495556
1016527,633097.2637037439
1000851,253450.822053327
1007295,188725.3670369161
1009363,256320.53732178232
1014092,450043.21831438015
1004471,448314.46641045786
1008826,499756.6153741193
1014116,449037.1072797631
1013842,750294.1503311768
1015455,442207.65654173505
1004443,172820.81362050568
1009165,933203.5370828108
1003910,495428.79518065916
1000837,839450.5211617672
1012908,1059799.7654843864
1003481,626703.9920754342
1017232,309962.5044220716
1010886,264596.761228751
1015320,138488.55956528778
1008503,590001.1170636473
1006114,796313.4310268718
1010009,355761.15911292756
1012669,244780.8810844049
1012296,925733.0865864921
1000048,289401.5140021177
1003665,872862.0785103339
1011762,517457.29433064663
1003864,401629.48286066786
1013172,411940.2158297154
1006885,440385.4554081645
1001388,516925.6324144515
1001991,775846.9308868756
1017549,161059.04336857927
1001961,480345.2641652792
1015507,586242.3229454438
1006309,515272.6244123601
1004308,455493.3099235236
1015073,948014.859819164
1010729,339561.0321693184
1012308,767658.8588490803
1012166,820469.7102286596
1003631,1265476.3586100754
1004020,601542.2838459691
1002610,1194173.7473267084
1004381,650460.0360984786
1009736,609674.8926774606
1002839,849554.5818315229
1002701,863647.3896774569
1005949,291125.2596122563
1001052,590083.632731091
1004614,1464656.4064038098
1003189,509375.76926586754
1001621,1356214.5666553497
1015602,526303.2971971236
1004807,593079.1556956833
1005871,802267.7399599504
1011850,425962.2826220189
1012554,517648.9386307045
1002810,496321.6597355764
1011833,468800.8095067246
1000178,743605.8144854811
1000119,217735.49976442967
1014042,850890.8284233977
1005464,437353.3515778342
1005662,457645.5051969782
1007954,632953.0948719631
1003722,361849.090676038
1011418,295572.99832953094
1006298,422807.96669379785
1003868,238392.05860628453
1003338,521039.8204930105
1001362,394148.8812509986
1010878,211004.91173073393
1010781,92976.8960230224
1006998,452911.8529055119
1016473,1133839.3331706524
1014106,405393.92987627565
1014702,223907.33409197954
1002395,462893.07578057953
1008292,184288.9817448044
1008276,424167.7757196722
1009565,464725.1339359173
1014263,628097.4435750784
1011760,364066.5888405671
1004747,362931.74714731955
1002584,256920.274166905
1008365,114176.3660672478
1014123,555953.8208248798
1000493,350088.5555409363
1015617,864971.519423794
1005560,335825.5116103563
1003326,150456.08610839696
1004141,657910.4309261199
1016856,615514.9034389862
1016378,1285219.6931586398
1004455,203484.8755332568
1003802,528641.4366474451
1007422,260655.58866959804
1006863,369829.55973779946
1014643,497092.78623751004
1013768,362585.5174575134
1007776,155559.1182520781
1013288,755059.3105357406
1015553,358823.99388790707
1010472,1133798.8374526063
1012123,364282.16487260367
1005564,887990.4138576156
1011914,958609.8196735836
1000185,505416.7191547492
1007145,989631.4353588165
1004305,953249.6571923961
1016831,355065.98638280993
1005824,287110.35005797533
1014512,207429.40563481097
1003004,156053.82487201042
1016907,820955.5812471393
1011642,245093.46221334423
1017068,351371.5104848572
1014914,456492.6945792345
1003596,318000.56024321757
1005666,273400.93496261147
1006492,627368.0671308648
1013898,336842.9156488009
1002358,486969.18138799065
1011863,340181.0243532679
1002326,210779.8079708113
1015705,455672.0661524485
1014404,697308.7789258343
1010590,409416.6355956536
1005026,288188.7135316543
1013506,570972.8120948914
1010381,219516.27870285738
1015854,729114.1625163321
1014958,612649.7661529571
1003443,353679.7136572834
1015046,345757.08629634045
1008207,863854.7790779357
1007567,721632.6663738493
1007193,186894.7122739634
1016652,701201.0568891899
1010246,771560.9997406506
1016816,336285.53619754524
1012048,817055.5789525977
1012995,343099.54915873363
1008389,1143815.7480374076
1001797,891577.2945131644
1015129,288114.8139789007
1001309,827356.8199240074
1014704,333393.4362952313
1004214,410398.3839441426
1012177,310225.41253626166
1012573,159958.68822563748
1005914,823201.722406859
1011348,1337144.1906173914
1006898,385119.7673994445
1010851,556179.7197707713
1012181,489912.46853357926
1003624,957378.5313422162
1000480,933708.0514843061
1006017,273493.5882164624
1014589,374668.83989818406
1001495,372199.18294150213
1002376,462424.2448570899
1005156,490307.66952634754
1013272,109834.89079414404
1013590,736884.8276827098
1009303,402867.9538538986
1006647,396632.46633307735
1011701,654251.0983056164
1005115,453467.2307825475
1014032,429578.8494132279
1004359,142231.28337367592
1007352,1109162.842202338
1005991,521082.7870676018
1008221,249308.1834043407
1000137,986629.6048589348
1017376,642610.1377790237
1009451,143172.83515291996
1016540,1383764.8558837206
1006494,310636.0284972866
1010870,331774.98621287453
1002998,281712.2848224128
1002533,949401.1058350255
1015330,476782.78575211763
1015290,676842.440940635
1000108,838565.9084131017
1016877,519337.15569784987
1017264,941324.2357093063
1016429,1173652.5581927288
1014200,369426.0033687211
1000376,478909.6307098666
1012140,609929.8954615748
1012739,794071.7447114236
1013652,561574.937676737
1000974,392502.4518949217
1013403,745124.1160296269
1008426,280694.8216543283
1015621,574708.0425710817
1005934,455225.05167313543
1008751,419350.5596803766
1012742,440502.4303782017
1007114,611417.9471605496
1001498,372195.18846536276
1000953,545583.0335388702
1014291,148497.73581054664
1012540,270492.53959848976
1006788,1250376.7297171429
1013381,504876.1132871082
1002765,611409.7300445325
1010322,478135.7597771929
1000581,461990.0658465418
1008099,552505.9132762387
1016547,295674.0388196219
1002175,188908.614592886
1004999,1042217.6358080216
1007332,420509.3922239731
1015246,255048.22059469068
1005260,334884.3616797284
1013499,677643.55330826
1000422,485062.74392624595
1001649,476769.7788930191
1014478,242561.32915206914
1004052,253493.75160247608
1011873,208414.11130697318
1012406,133881.4703958711
1009738,639692.615606814
1017334,1098025.8942962962
1013625,447241.98836913164
1016073,1459346.6718724403
1000042,543651.4447166126
1012147,176447.91395050785
1010617,1070504.880585925
1002782,569439.8292145628
1013195,277786.17014565394
1003727,259518.52702017067
1005209,806522.4817156298
1004452,1104407.2487142687
1015064,493953.2811760063
1016545,251977.55544884776
1005361,518281.47293520847
1001011,533407.6022362051
1000612,517582.12542778975
1012563,793277.6996842817
1008618,131634.62875527705
1014584,109673.87846287659
1003155,1083292.0654828853
1007199,1144630.6484752742
1002185,1159669.9900211361
1006943,464372.7488072227
1014516,775453.2931651768
1015495,267464.46566262183
1002274,438957.3733929009
1013213,268967.13423189375
1011962,442189.093919465
1001583,793320.7270632781
1010478,243219.5200995339
1017459,772551.6630155903
1010812,428314.99485642597
1016860,647607.8304590094
1005757,981492.3641635849
1009438,567178.1528760138
1009847,533488.1640706721
1013920,629078.932678329
1008611,351957.4796279208
1012699,512918.79788815393
1010157,698395.4141000748
1017217,938116.5105328234
1001802,451188.64335967274
1002918,174299.62489985165
1013483,248903.83973527348
1009373,571929.6719405367
1010674,923145.1616436751
1004938,431304.4226124196
1008435,183096.0732690607
1016791,711510.4663011272
1002618,110414.54784845175
1006325,502452.77732127154
1013095,658027.6797224814
1014886,323776.52418883174
1007315,548014.177673119
1004986,835326.5100090364
1014991,344382.36370867473
1000354,440700.97344584437
1010869,1138198.6428479862
1016003,224529.21055833547
1010701,225778.55471664717
1016992,589643.4984766229
1001189,415458.97222017415
1008191,351795.4045204728
1014779,963234.8700198588
1004681,597972.6966745099
1001227,544384.9035759169
1013551,1057176.652453474
1013299,946448.9594960534
1003058,180724.8021379584
1003345,277108.31990806985
1006827,435400.1802581909
1011620,633483.833923646
1003696,599702.9949812044
1010599,574251.1300143804
1003909,456220.58603422064
1009408,319263.14437905094
1000298,168794.10910394942
1007705,567527.6220538558
1016582,697048.6022472793
1004987,1156130.3906529408
1012473,380081.96232860966
1007245,758857.5765177787
1008852,628963.4477161982
1012115,391286.01654246217
1010244,316144.2303822546
1010934,1085246.0899074147
1005499,234252.72288549735
1013865,273706.74862459576
1010876,614913.3784168196
1007843,1420252.7956252375
1013978,706211.9901075241
1010398,317539.6454827589
1010790,1012433.42917514
1005979,1085603.5166702566
1000545,668459.403676675
1015773,194588.5873812577
1003264,330046.09019228735
1005902,1132605.2845804647
1000564,1336079.0948774505
1004697,816014.6278647336
1017223,726951.4560805344
1010110,193219.96958323475
1014201,492040.6158236549
1002571,324062.68463737523
1000438,418149.78546970553
1012520,564082.8032568779
1011006,317536.86255183496
1001172,395978.6438660193
1000500,522927.0087073151
1011326,316575.85341085965
1007240,1246565.3431097677
1016370,764153.7116564484
1004879,331471.1089794495
1014500,614082.019310069
1014112,458430.49575824616
1016520,1047715.4132149165
1001568,1101249.8198588176
1011940,591939.48169815
1001247,519114.6688414671
1007138,164873.43420947788
1002028,238094.9769392205
1002776,130524.63128884311
1006891,993186.4591108004
1006930,611565.6181597612
1004154,157270.73711845948
1004167,319075.92188990035
1000126,413316.10104094766
1011315,865981.160539695
1006547,336122.80602550023
1002643,1329058.6342812327
1012136,353318.25438114326
1016486,518743.1490462589
1013988,409874.3131480807
1005804,435614.82784411963
1003734,422186.59262868605
1002104,302148.5312058805
1005205,125529.37898984394
1009466,423943.0544293721
1015962,999494.9060773666
1017440,489040.7084029543
1009857,263768.28924725077
1016518,728495.0544216321
1001472,564451.8035020449
1013836,393362.74841519946
1013156,309309.0771815982
1006419,596566.367752851
1012327,402924.8622508918
1011603,509378.2488472246
1011237,265915.4162666733
1006376,686805.5906036394
1003718,920175.3837991715
1007256,358490.8527128989
1009123,374300.25780736934
1009800,834640.9336664773
1014381,395830.47593363444
1014756,159139.51577975723
1010017,252086.1270408504
1006750,506623.3499593521
1006116,280277.68093991646
1002266,204879.89247758532
1003732,841351.2982610597
1014605,389523.37312761834
1005167,699707.8721592219
1004616,546837.5293029395
1002077,462162.2208250018
1009147,119920.17978444006
1008676,468770.1014208699
1000697,1110600.313832081
1012490,271903.0831333151
1008687,215407.68910227082
1008448,425963.489309179
1011573,457352.89879935724
1003333,440614.62464035925
1005169,484905.51238063956
1004219,696772.0529380686
1002872,385534.4656750479
1003894,1120733.156516299
1012033,925672.7798469833
1008244,503101.8883342754
1001282,291661.12284700526
1013726,287217.8199973717
1016901,279286.1445903787
1010327,223372.6260839057
1016124,654946.6115028935
1008122,765587.6751970283
1004258,224413.32247801294
1009831,228068.26580619547
1009274,583091.0148157084
1013627,955521.4080871097
1009112,604056.104281241
1015444,301893.14917326026
1010686,427847.82403028075
1008681,388645.29118867574
1000230,568040.5205901134
1007830,376533.36413177976
1013370,207067.41253382372
1016913,572751.7059488932
1014226,330745.468324647
1016295,872265.9799473713
1004218,1412382.494930586
1002516,478957.6778925422
1011322,474751.8377448727
1003476,558834.6034714362
1002964,416040.674221101
1006872,712929.9606957729
1013452,899990.4922080515
1015649,465803.47380281513
1009762,428423.42792976496
1007675,434992.25446573616
1003517,412447.6610258291
1013881,613341.1102092848
1006465,879067.8978548688
1006034,408168.9185962837
1017387,332094.05841378914
1004974,367465.9941630437
1007392,191874.05731246507
1004006,297812.18886647857
1002745,289790.8338189325
1004186,1147443.8113369527
1016359,588498.6082280001
1012356,635524.3339786037
1016015,631699.5648882581
1008463,468837.11094939173
1004199,471769.69066404755
1001839,430523.63484958006
1012071,164753.40722068064
1000739,421715.0645754238
1004698,467469.233331574
1007347,431457.5724280803
1010125,497384.47427783435
1000907,425545.7454445259
1016982,431610.46764075937
1001607,341142.78628211975
1012590,621657.0201026257
1012887,1331068.584400066
1010557,357348.3058667654
1011166,438834.29344958643
1006471,374743.3869410602
1010588,416127.80116574385
1012891,400335.7412776065
1011550,359043.2462616245
1010139,620566.0337797148
1001429,356979.55980026413
1003229,1186653.447432196
1003906,289214.8178406143
1015054,263819.8903420613
1005887,719632.2833196777
1015218,625781.9748056155
1007182,162288.2773272528
1013719,853272.0482304394
1010222,396176.1059771707
1013721,538092.6286653779
1015197,493876.5472641277
1007269,1188916.9965487104
1016105,1325251.3683966345
1000455,310649.79052620364
1010921,402832.3109035584
1005663,473130.06173019606
1005722,660912.184815557
1013901,522426.05295142165
1011037,700937.5690363836
1013080,397012.9167305
1007021,305654.2436500262
1001655,133061.64176579376
1009118,603556.5054265285
1008654,641576.4251399927
1016776,162603.39546504235
1013291,1010741.4300161869
1004200,562267.8531766896
1011265,1220416.171283993
1007973,1164006.794722104
1015381,495607.35564939136
1013527,362308.260232388
1009249,550474.11510094
1015572,269188.1801181784
1007078,384731.49894893164
1008189,1123021.6309046997
1005705,194230.35561590706
1011711,135311.76914783084
1008730,487712.06559252465
1008481,124080.15935395932
1002650,855512.1187886924
1003419,888504.6597436634
1009976,287318.4254059693
1007496,275132.3073306073
1007476,921566.463775794
1008505,780811.2939794599
1005461,202988.97545605552
1015487,269935.09242405
1011004,738765.4254741877
1012207,875401.9674411124
1007784,444674.841611416
1013261,620543.8414729525
1011857,525189.3662108948
1004172,1093464.0074940915
1005435,426056.018344814
1006366,516392.257354335
1007003,491402.6949887868
1003096,338342.1501327948
1012945,428828.74648590665
1006063,536311.1100041475
1012266,289119.0261487143
1011569,183437.40765665588
1001304,740766.7802140419
1008236,1059646.0388144609
1013107,291733.02623587433
1003889,300033.07871798344
1014386,596980.5319790981
1000410,518629.88113995496
1003479,194410.57672330324
1003497,822528.3690768152
1005053,345348.88921765087
1001748,184079.65187067003
1010187,312825.6393624725
1005659,868599.2225810452
1005680,513422.91082087264
1008428,1077065.0829910114
1017432,189449.17708635834
1003660,566959.3025243282
1013252,369093.9694979137
1012201,711945.3209368278
1016643,338431.92290467536
1007887,1265065.732734044
1004767,541271.0829244483
1004439,445529.6642869753
1008328,567617.7378789835
1009994,338190.03280065773
1015965,439039.99402031023
1017196,305284.4364128565
1010423,197168.3462743442
1014199,175554.47776554615
1009289,641718.784162027
1015341,177333.32784961181
1005496,321991.66639092803
1006772,919551.7428572574
1000531,245949.31242257147
1008035,331661.1879725172
1014609,615418.6787749687
1016367,370622.4093877533
1006774,255182.8410441785
1007806,495971.3186775451
1011600,620119.4942991091
1000626,761934.9148329915
1013404,706941.614412144
1006135,236633.3355405295
1012118,395850.70240112685
1010143,538127.7431791055
1006978,386791.3998799693
1003259,523951.7041852751
1015662,513490.9721629753
1010075,239657.77692818313
1008521,911106.1655436098
1016801,286505.1551146821
1004294,612753.0478663348
1012983,276849.88855434884
1014130,577146.8673496979
1013745,380448.68823376286
1008350,756810.5165339413
1002709,420444.36475399835
1015416,301862.048159788
1005574,607739.4686021338
1008763,195805.39674330095
1005183,434117.63677399495
1016206,506951.4829173305
1000424,327558.1950671841
1005080,350181.46097531135
1000069,442740.05990975216
1014720,468072.1777459966
1012676,586745.0260319746
1006588,502938.72730709316
1017225,1085973.0636584477
1001762,649143.0369152685
1011469,675979.7354807364
1006145,395157.5667018447
1005202,454173.0198668773
1016523,577409.8236487401
1013637,288720.90999110194
1016943,312571.80781666824
1010514,149238.1895583468
1003397,822965.707550734
1002286,499012.2992325778
1000502,473888.9077206397
1010485,1349974.0225095479
1007836,718727.5668126197
1012150,228288.15322909894
1005233,206815.28934904042
1014197,985186.0094281646
1009199,778571.352927528
1006801,984775.62230341
1013944,1184802.8773109806
1013822,389100.3285806362
1002173,1010583.3062885371
1014316,657619.4712527491
1007745,476456.24876063515
1016590,721917.7413585798
1010687,846118.3486031317
1010910,348589.35633172985
1011433,533911.6769432256
1007379,1135234.1389343124
1016013,917928.8860533644
1005795,474245.7828639732
1008500,555923.6464551971
1013556,320375.01006352773
1010529,1024127.0582741881
1014073,839892.0525668248
1001515,307147.69664586574
1004467,141597.6152405749
1008156,963090.4661007345
1009055,557454.5807790093
1013117,439081.4819021806
1011339,282898.42522328766
1006485,1193274.7156493617
1006088,343883.36532130523
1014101,281169.6340986486
1012108,205387.6592917307
1016338,173512.1506469137
1008254,898149.6087311566
1010270,441743.13685521315
1015465,757963.6002489025
1013762,665196.227463857
1011221,585136.966544434
1015673,1168007.7093326652
1000539,266991.30822450836
1001809,373189.98271828203
1010875,500885.3569013166
1005550,1224411.0910522856
1011158,768654.0777984229
1011687,655363.399493742
1010625,492158.8554401632
1001350,610252.674068324
1006869,683091.4771158518
1010291,750791.7904692031
1013838,623025.1362168166
1016824,400867.68580793403
1014035,1014755.6090374619
1008875,432512.67588568135
1006671,418247.8304840531
1008932,1291750.4991514746
1011934,429370.5118496564
1004798,1122338.3611640313
1000297,289506.24796730734
1005251,304085.81524252985
1009959,175415.00641798603
1003442,672058.3005749914
1001370,746530.6605161552
1013421,388150.90392817545
1015301,540359.971737365
1017109,571857.2470464285
1015676,150623.93995042806
1017458,614157.3479705796
1008208,380222.00694500515
1004862,138014.87996456932
1007353,781369.3727088878
1008482,239670.60538840084
1004151,668573.2477077724
1012137,415457.6433345769
1007552,805411.6834288643
1010626,410790.3423483673
1015002,380275.0955095202
1016647,334477.68964752555
1012836,119169.74303775997
1014178,320556.4756003238
1011963,630965.7380918427
1006077,1388780.3007040918
1005704,451852.78681915835
1014859,521219.6357208415
1002251,797554.977065723
1017178,345094.9604173533
1016402,332141.01762441226
1002133,154923.64863011418
1009486,750528.9213419857
1003982,148574.31651406692
1009102,392467.5232301967
1005549,1163197.1219597284
1013951,540731.0359702526
1002669,816547.8939862242
1005582,460217.2610484268
1006231,872388.2408382825
1005945,362856.56963432697
1011222,551775.2060625548
1014054,634191.2739174807
1014585,699183.7797933543
1005982,1303927.0728646275
1007104,459944.37790049735
1000226,1061135.3327538904
1004554,249519.4293723545
1000512,1098539.181006451
1001364,380599.5313652561
1008559,346033.5612345001
1002563,307023.393183873
1010861,363193.1937846371
1015344,378488.0676135382
1009564,345520.3057922833
1015191,198875.07033229293
1003615,276112.0302891516
1004982,1009702.337256898
1010654,349377.9709089878
1014984,290858.184033499
1004430,328369.885560458
1009620,803695.4366590426
1009512,500975.48333945486
1012753,253827.8704838368
1011538,404006.5619515568
1015550,758412.642188144
1011624,217446.41148346872
1017267,384488.7178974145
1004703,835456.887922943
1015259,275919.5892545977
1014924,1050697.8405327662
1006536,526692.4490026254
1002210,1206457.022741159
1011316,321496.34292484226
1007563,369802.134675844
1003269,1068743.6559579887
1006886,590014.4587968756
1001127,340970.91693665786
1012621,97923.03146515963
1012216,562174.9955470399
1003508,292197.46914434043
1016712,617413.1803315913
1010483,658548.8853366635
1012680,382538.3652142993
1015573,288932.89397101663
1003917,395949.6592528197
1004058,1006750.7973638284
1011148,359512.13415218185
1015192,968590.6908149895
1008235,89757.86563629894
1017124,162963.17499145615
1001806,450582.61067423364
1017028,427503.83397615945
1012785,470009.05768716184
1002547,244278.0372388276
1015117,689375.8718580574
1001703,375328.1128455748
1002941,478475.5098778745
1010873,1131252.7323019258
1003464,543243.019639358
1014731,1122848.3115185527
1000592,1072929.7008385207
1004750,365753.0735606098
1012513,758638.1366171689
1017228,633305.0785572964
1012616,292923.56064587814
1000248,400648.5955771273
1016711,257828.1281718747
1005809,93958.9237529305
1016126,1223709.5757782105
1015282,572315.343229511
1012762,626541.086877825
1004139,536030.5546774738
1004368,363603.540134348
1017209,1021017.3887141282
1002495,163703.79196413138
1003090,454634.4930212941
1013228,1053133.81749764
1013070,789289.3670590867
1017070,1295576.1628686113
1015918,374381.59055716876
1000115,763116.5755469988
1003581,267226.1320308283
1003622,680485.2287687132
1005612,791441.8026734048
1011838,209534.55864430088
1009105,314673.3410744635
1005811,585691.1936379137
1009186,793704.0113737518
1010309,912131.0252171673
1001459,220125.44530514046
1000005,238292.80372158557
1007291,163565.87015175386
1015578,1161852.937629006
1001766,106920.1494599434
1008605,416840.04728344345
1003294,287146.5368493581
1000487,1154095.076981871
1016883,1014001.1746946094
1003221,460973.3646261172
1007644,550151.2411575798
1012131,646980.0111596806
1012314,1197648.1432938506
1000961,304760.6914990545
1004302,139810.57609931138
1001925,416890.24156457523
1012792,986579.2179833509
1004676,534520.8944936263
1008275,409759.1223220575
1004273,308622.5837407647
1010457,507615.252519336
1006901,564301.0138767373
1012896,393005.8190948074
1005535,205013.16052329735
1006972,304303.53914506355
1015948,256694.24485354518
1015988,502336.4612127655
1000163,1211111.0615409575
1013141,934358.3731759643
1005988,124589.92375538097
1009963,521916.8362207042
1004803,649590.9257100736
1008882,439763.4894549635
1004485,427262.7377286963
1017030,407459.6892934954
1000548,463097.4218851873
1015271,322476.8190422236
1004114,136656.06835645653
1000320,458002.42796531715
1014046,113905.8923913745
1005842,1047580.1241933111
1011113,1058756.087552759
1011835,119453.1594892676
1003456,1010471.6655973864
1012092,538089.8844508585
1012465,534947.7678546585
1001579,496260.63733468903
1004299,230335.44994272102
1016418,738573.1600135149
1004445,389188.15547385457
1017233,116301.49328203515
1006381,971512.8555031747
1011498,205616.77095710626
1004565,495300.99526162725
1005227,666237.5370275365
1003105,472403.6046106789
1016236,334399.36385953653
1007700,385807.9316831487
1014025,374675.4643998299
1013797,376058.7309725478
1010090,365394.2624064841
1014293,391572.0528109354
1002292,235721.31959000372
1011588,311150.6022869577
1004401,466664.709972267
1007713,832505.6643152987
1007011,1299983.9526380443
1003746,282129.0442941542
1012584,420735.09865239356
1016761,309851.7411062406
1000337,410096.00531896134
1005372,1074626.3158941616
1013346,573174.6332498199
1003652,476071.59599037707
1012479,290429.94417033746
1009036,538312.5337140633
1013690,131205.13066764016
1008645,364441.313484243
1005839,295073.93950373476
1016082,261991.16229295047
1009719,710664.3031350976
1012850,246605.55436421258
1009544,208335.5390346203
1002216,792464.9568313413
1015109,1319706.1980665498
1014919,197698.5903223975
1012876,682629.270465486
1017207,181180.89309737785
1009619,724214.4082353292
1011099,322160.4356410135
1014553,490325.8071581117
1002020,358184.4860778832
1003346,439348.220044059
1016090,431209.7476490423
1017491,992302.8411868712
1001295,625511.9672343929
1015693,152091.04836131653
1017496,530922.9184603702
1004682,355449.8649604745
1011255,486692.696892637
1002693,1213478.533636224
1009332,354511.34141771495
1017353,643067.2653038425
1001005,803263.4080075008
1007044,299467.48171745765
1002040,133591.206680627
1004023,271972.17825916363
1003921,586373.5829791161
1004829,1086604.4258219104
1005439,459850.48019443196
1000698,209044.29258166472
1007236,301428.57261024683
1004069,289472.7842439351
1005931,602705.825410338
1017556,719969.2640981479
1010798,375350.04866181116
1008889,991827.5664996026
1010510,288490.4738715532
1012281,228863.07167453264
1007576,494254.3863058276
1000338,478329.1943059159
1004760,285208.60808635445
1004007,534642.6292525327
1002904,229484.29390507934
1004475,455554.53639251937
1003380,487326.07556757575
1002052,699966.762821319
1002680,556210.1556611911
1017512,210135.9930042126
1001879,473635.40819256246
1001043,210955.37407820165
1003985,809101.1890077956
1003282,237626.81305197734
1010706,566876.8592884535
1009933,540588.7995557543
1000122,1035893.8169616708
1002043,214779.85571557353
1004831,1070226.2065477937
1005318,253715.63751369642
1004048,456119.8471820098
1001883,204226.29241618863
1015014,497372.6360623242
1016585,414318.9140350134
1012431,392684.8542416512
1003506,376381.97098667384
1014051,1059860.828867249
1002616,439140.2978580806
1004394,478297.71227472083
1001234,1003547.3618880536
1005767,330583.7499330297
1008535,264168.00054195593
1012662,629207.8210499348
1007901,695401.8832796196
1016097,489629.0769534582
1007733,473119.9244636447
1006192,268338.2564051472
1017495,435231.2683011454
1002579,429967.5176295812
1000339,1347197.4720095713
1001673,285593.07816993596
1005307,372417.0485723596
1006330,498019.4345406703
1002350,141345.18261483486
1013158,130119.76518001311
1003540,504072.78243841685
1005468,486948.47806698765
1017249,272632.37911966396
1013709,650637.1067111281
1002087,204233.1558081438
1014481,332928.52481498924
1001049,252353.99958133893
1014582,965178.7268425421
1003778,493720.74845276395
1009302,612172.6006069527
1014969,400988.0589670436
1015961,447976.2289570749
1007394,822638.7943106142
1016036,204405.7736979512
1006663,433253.57460306335
1002629,791469.2363827749
1006990,1312685.2063859873
1008063,366385.84309145843
1009127,740192.3086064222
1012990,463968.7153907756
1002219,131167.64230750376
1001080,259788.10702185912
1015066,1148417.2787585105
1011785,460907.5424928616
1011587,192860.21073604233
1016667,357850.4501486757
1004404,353438.29340095486
1003331,423517.20974574424
1009345,480752.6243461324
1002559,232906.306724646
1007828,329665.5144707941
1009742,1270232.4227886458
1011996,905081.477430348
1006786,246421.49950387637
1014417,215668.16172404643
1008249,677684.8344591316
1008304,979620.1235887653
1000857,207030.95829710114
1007642,810747.6739669658
1014649,175885.8636537683
1013232,325612.58835060213
1007449,541873.4807290477
1016004,195884.64994413118
1009158,422855.2600659022
1011917,607614.8850434929
1000716,571939.6699597664
1008034,394497.078657638
1017551,392747.15786561737
1017135,894014.4437838658
1008704,1345794.7304460718
1010730,572679.6724344506
1009387,199178.91688983058
1015714,446629.38853313256
1004357,476992.11331826483
1010107,430748.558452638
1012318,813884.8534065684
1003250,520862.3802122583
1003777,535572.7529211028
1015992,238430.77162933972
1009825,374667.71790725505
1005158,737642.9181446414
1014091,625769.0158610097
1015058,851831.1144133526
1013697,306308.4807689545
1013929,330120.2685736397
1016640,707145.1872325663
1004778,280252.18617686944
1000630,1125464.8454714583
1006052,1028146.7314255084
1003670,436325.28507524065
1004520,898686.1142558628
1013241,174136.73926693815
1000647,590932.3750022886
1016497,377384.3025953831
1012494,870155.688602576
1009370,458216.81449240836
1009854,934144.8971871074
1009958,410429.77533131855
1004502,345646.4784037945
1003829,338735.7442504018
1006574,217285.98551748577
1008201,971984.8887057125
1006176,509810.4365095181
1008497,399831.7661833751
1006713,321289.00803696626
1007264,440945.38634697965
1005689,487248.90656682436
1008061,830987.9355122603
1005963,333196.7704083623
1005427,235928.59544636082
1010997,808610.2131552845
1005264,848114.0715648693
1000368,1417352.6884599603
1015908,201041.87116926015
1013692,307499.79771778296
1014816,135984.52248793843
1010860,462731.04362451733
1005484,772068.5987695587
1013622,339029.6973629508
1014860,310938.58946440375
1002371,191788.4531265809
1007305,314566.99288120004
1005027,262462.66863694234
1011337,1083063.6558463927
1017231,69016.70768831426
1002493,392842.78079773556
1000231,344570.6483023374
1004671,517312.4438167363
1008246,773033.1749433964
1003072,293297.74458632985
1009282,187081.36146519493
1013216,893129.2732845806
1003237,559415.9074524896
1015317,980102.3435748409
1008707,395193.0830376405
1015751,477316.12394054205
1010362,529723.615441449
1001899,608921.0029298383
1001759,723765.2539483375
1001897,550405.4704940526
1012663,1363139.879954719
1002705,261617.76333003954
1012538,698003.4505125044
1003799,682593.1396434689
1012031,525088.0800357934
1014505,478528.7091158471
1010925,147120.71621287827
1015008,1198662.8769144583
1001549,652355.2394468718
1000352,156997.71530854757
1008825,942124.759686642
1003051,389336.49367458123
1002548,1292335.9502921733
1012752,451156.1782359318
1008006,161863.00099893243
1012594,456331.6688685947
1005130,848273.4943257287
1016431,558971.5415941488
1016822,123968.147544035
1007689,1057412.7560802172
1000758,1114475.1009799438
1015111,474702.64373720624
1004073,566295.487207671
1013671,103793.41969422472
1009823,299383.02346786176
1000237,396368.0267241778
1005367,911419.9962682179
1012006,634204.1388558021
1017021,196856.15380728248
1008702,840672.6683121014
1004227,1114790.701112884
1005588,242492.23578486443
1009987,496226.21477582183
1016700,709399.2893915887
1005592,194833.15916489795
1005082,703704.4521240008
1002553,718202.6985828312
1008646,514058.2436079965
1002545,480397.03062283475
1000420,937439.1899135266
1009170,1031635.1831580861
1001564,409059.93069940235
1010659,883627.7844455501
1000987,537868.8971372069
1011475,199986.64138309233
1013245,425542.61464748264
1004395,294290.70171254803
1006829,768976.4344837866
1003001,653961.4276447137
1009379,293700.36429124407
1017298,378782.8255504817
1011146,583196.0013489668
1013139,1487569.5143124477
1009770,788756.5904463426
1008650,1205767.5661699572
1000479,653232.9986830523
1015698,602468.4105975599
1014537,200135.27674130726
1010264,904155.6822730798
1016345,1220952.0181626705
1008540,539467.8390229995
1010475,686187.1244883495
1000076,406974.99898992176
1003875,808559.4190014986
1010168,403921.2120865148
1003653,407801.1453848591
1006095,990417.9129550541
1014600,586905.7463211349
1017255,342138.00850045425
1016152,1323853.7657641033
1002963,979632.5157718479
1010032,470658.43420227355
1004943,961243.8388149126
1012310,892051.2559884985
1016247,248430.9274704269
1011308,475489.271087505
1014194,419948.78245559125
1015126,868238.362459938
1005526,724440.0213432849
1005893,280846.1637109102
1005921,626280.7777306935
1010024,116309.10341597564
1007560,460822.0257309744
1003129,898934.1597451835
1008127,929166.4874299301
1014304,446726.0901251933
1003842,514336.7002326268
1001987,304945.2514570805
1011010,317249.66604761087
1010198,969022.4285046216
1015281,306336.3782787083
1003963,502903.65242725227
1015657,515828.9396817531
1017113,1116880.4837335355
1008968,537135.4889121932
1012420,498025.7200984795
1000319,176706.80351977405
1015991,154650.62723557398
1013264,153590.71836633235
1006429,965201.2730921606
1011171,191733.27777667073
1005999,758688.2642243797
1006544,534604.6250461095
1017099,918388.5208487937
1014330,499675.50170341955
1007042,334549.4078435593
1008983,397191.81381882116
1002678,312437.00071096636
1009070,182315.77464254334
1010215,201331.16684430244
1011251,1036590.3304027681
1004917,1046435.9128070084
1016635,373131.1132985104
1001223,569569.1161154681
1010586,719714.0505542825
1015544,812237.0671068165
1013887,466857.7180230551
1012667,1143630.1173548107
1000310,644161.9528653874
1006758,842197.7504617921
1016539,354567.0799572884
1010487,828216.6429350458
1002515,489647.96025468566
1008090,322654.98332705634
1005818,403805.74241524906
1013682,331881.58824999834
1016986,560920.2980799272
1014099,400668.6863012743
1002886,470532.5865598866
1010339,759266.4192445204
1007609,423022.5387679638
1017309,690923.0910078089
1010840,719273.8076959297
1011818,552800.0632485239
1016045,1037483.9524409039
1014596,240493.10991839974
1014792,151578.56255639883
1005328,489703.61594749306
1004256,554712.2072641695
1017534,552639.6717234466
1004556,353885.98058829043
1003263,554624.6535062933
1013599,652986.9311022295
1002054,1094514.4043885474
1005623,273288.36977136746
1012392,915990.4848067245
1011448,1226620.4003662046
1014038,1086115.8732960708
1003908,291831.8064175509
1011602,704962.7237085204
1009452,547667.8856546156
1014532,654142.0244523986
1013008,85878.17488324128
1007314,573849.008968873
1010355,250627.7672446509
1012497,665463.4747661478
1003348,147751.28910107526
1017555,212067.3455353952
1008509,623460.4688935776
1005695,369279.4445552747
1008815,417814.7119416412
1006021,293722.9604591458
1007356,276410.5984444876
1011038,403619.4683676475
1005195,477357.23584677227
1003109,114114.70950418994
1003579,382171.2202478053
1012913,178585.08509655262
1013003,210412.46323728192
1013981,517122.7181252877
1016144,820451.5048239192
1015078,364122.30649807514
1006948,520387.6994978491
1009948,1031276.8131272917
1000085,762631.1315243607
1010735,535138.8349041
1011859,693405.5303774462
1014102,907101.6393714793
1005854,670562.4940328938
1007028,462532.0435862195
1008097,661999.2274013194
1014334,603223.8349957989
1017527,865834.42003121
1002603,584305.0845724005
1006970,1046538.0188173448
1006353,363705.22724269517
1001437,247746.4312526774
1002727,628107.9776557682
1009001,424531.40788518125
1005313,235028.66198056604
1002258,415669.0840394559
1013953,1159997.5973682906
1003135,473649.6842800457
1009372,481034.6228734755
1003681,464887.765375278
1008187,911892.2906624837
1006570,657272.4360339775
1000357,97395.69284225226
1003989,534530.291637208
1003422,401527.5168828228
1003134,762991.9322563121
1016580,582634.3265648753
1013255,203654.85858637383
1002731,497634.88820289465
1014996,404051.6207043661
1000864,438999.32637111464
1002172,869489.9474640113
1012295,681876.8980322796
1009983,344924.4276203846
1012646,510068.4846090918
1017244,265512.85200660344
1011352,887994.572535196
1001550,295019.2433042923
1002383,298362.06445521227
1007526,537905.2270658503
1005669,451797.1156082848
1000378,857293.2401449496
1012426,842136.2674560916
1007286,410703.00387959677
1016758,338669.0855771976
1001694,814799.9609209397
1012618,404467.47622153326
1008533,877527.497221457
1009804,434063.73366335727
1004038,579830.2430271339
1010007,429437.9435925923
1000055,1345199.6728934979
1004127,297403.04801778327
1009928,367112.87795427686
1000530,318676.6077262832
1004033,310861.846742779
1009432,529222.3766042576
1013474,585608.0293515344
1016812,674257.5725300616
1005136,700951.4057555613
1016204,175750.53096746973
1009947,253353.0052653108
1007212,432607.9325304537
1009410,484109.7017024114
1016198,354532.8132290686
1012205,709223.5946195945
1014338,570441.1825682642
1000522,666923.906655208
1008476,1419426.5227063904
1016375,1066117.1555751893
1001654,272143.60761918523
1016612,663843.2139017732
1017476,433864.7584126527
1008878,395424.4478700897
1013967,1381485.5291765821
1001792,902238.15735262
1003595,358633.5203151796
1012212,434865.35166427324
1016795,1151489.0573235753
1011134,1027491.4649072678
1005989,672814.9227314051
1005652,846057.2692057849
1011809,364805.0251191698
1000026,424155.26936284394
1009288,457144.5672056552
1001391,428219.63716094644
1011640,473318.4338174418
1015909,586179.0878013619
1012954,292243.3310524804
1009521,1261224.4998686041
1006839,422895.6664067623
1017315,117866.20154501374
1011090,734621.6558797677
1006288,1277537.4405470965
1015993,997530.4892489278
1014606,796089.9179666371
1012993,132839.19030176886
1014153,589042.0708457584
1013779,696691.5361871707
1003036,382989.41383432073
1008403,482419.8544034289
1006645,688437.0193511036
1012213,290366.0217157512
1014124,431230.96899047686
1003300,1082915.4360225806
1007482,1403881.9877513165
1013706,1120412.0622176444
1006794,218901.3173202273
1004410,371241.45940792497
1016958,1107769.035711618
1013507,127522.73202695248
1016340,776105.4300032876
1000722,461819.01767023915
1011669,104034.36154762353
1015565,191797.13920708356
1014515,585517.3558745617
1002605,182330.27788050842
1008510,414689.7822033007
1012060,291744.4805602168
1010799,658818.4861768538
1015447,399929.0306279872
1017083,679973.114745903
1000842,566024.342184745
1016061,185786.68928882503
1010422,301703.47063765646
1010101,207667.1262581334
1006616,351179.93652615143
1011648,643440.6002571243
1002167,895429.3416447815
1007455,691691.4081195062
1001920,881466.2644609689
1010750,217167.356008822
1008960,1001372.0931732438
1000240,977884.0672012576
1002368,222332.37502467935
1005929,279562.22700009035
1011130,718983.1537159175
1001849,471572.13350573496
1004926,931514.9980868656
1002299,377881.62472440035
1005720,819320.5309936947
1010995,1291309.6235741447
1005789,431638.8363266157
1008252,352865.77996968897
1009454,387178.7612083068
1006238,420059.7484118723
1006577,669053.4958033472
1004477,1069725.4470572176
1007198,551190.3421500551
1009390,661710.1109897601
1010752,822349.346358392
1013227,166513.02894127314
1009605,133532.64189300934
1008585,1102642.3797709686
1004621,843242.4023879942
1006763,416723.8870376975
1007389,213781.70076382428
1002943,165606.9057014458
1003483,208764.72276573355
1003337,354278.8375356266
1006506,447028.51757006755
1009138,1326819.5210408603
1012466,901766.4864729657
1012040,324781.7217659994
1009574,238278.15607969754
1009115,354766.15662401513
1004965,972164.0745755908
1011224,157178.9904482953
1011883,1092402.1737701732
1011344,447365.7606263994
1000326,895694.8311770709
1000303,1193767.6828112938
1006848,812423.158434168
1014951,275232.5102145615
1010138,719877.6560632711
1006583,505903.84508780745
1012564,204964.88716008305
1005412,886436.704899637
1008135,260950.12591669377
1016962,1187211.9326845529
1002195,524517.2180113302
1004799,377890.998708889
1013781,268599.2364410449
1002764,208597.52215756453
1004291,408959.4793351932
1004325,368878.2901648796
1007636,523782.36761090026
1008788,589609.6915597356
1005487,536835.8406327801
1009096,534158.7934883739
1009267,305832.3726599797
1017170,545978.0753140856
1009436,611822.7647803776
1004280,160257.33794305616
1001947,201725.22689636992
1010046,631293.6130239265
1002440,862133.8617573461
1012844,633799.4975388884
1001363,384206.6553036022
1013211,633354.4856092387
1005885,405921.60753646377
1012986,185993.03142617765
1011736,367728.43356805475
1015790,1272682.1868828994
1017313,450080.45791242406
1001384,1276683.425323069
1004915,449694.8035015091
1000524,451259.27674306737
1001491,384741.5688534198
1011692,933584.7207085626
1014644,484978.14389057725
1004086,987455.7746133547
1008351,1081429.3190492266
1010939,402047.9126976613
1013417,274785.4593743965
1006323,975183.8992802015
1016369,345316.62605369074
1011036,393594.1059110452
1008753,320210.1720543166
1017015,298540.98788691685
1001704,663516.7607525927
1003969,569837.4895278581
1013093,496686.5253155138
1007414,378801.1215683416
1003789,891445.3547298078
1013607,556619.52797308
1012456,255436.84759611168
1002912,1582178.8908777663
1010937,1089239.0418781238
1004465,1288601.0560342674
1017382,543943.008846048
1011700,297537.8440610589
1002345,551852.4980155164
1015146,872087.9333260433
1003332,1123559.7821240004
1005018,357474.8566558855
1015650,455409.37698209775
1002708,281102.31634189555
1008944,227635.8985521735
1012630,410393.2375322832
1010026,968254.4929048312
1005826,733297.5933724443
1000029,602155.7824064835
1007928,127808.86156765613
1015365,862450.6959120425
1009505,773834.7934275094
1009238,368878.75254210655
1007810,691798.4498035293
1000648,500058.2446489704
1009396,405194.95839821553
1008655,631629.2142213173
1001470,933916.0509109851
1000667,594567.7498889
1007857,895330.8120724313
1006984,473023.3228465477
1005031,915490.6437390391
1013105,620845.7100656125
1008392,519123.1429844988
1011853,509100.45346587483
1004988,463742.4198043526
1006349,561948.0417023555
1017439,920451.7101754274
1004922,321872.8808047308
1012855,377310.6090881093
1017488,263945.0950217586
1011458,1045123.4277137873
1008828,128153.01760449006
1006297,369394.5569151143
1012460,1141986.3691352326
1013582,491330.9332264345
1001998,199312.07544283313
1006371,201622.8242694135
1014425,322197.517195236
1005066,1006776.7538936171
1005308,345681.033232667
1001698,388151.89819370385
1008961,363054.6603675274
1000920,472919.02327455475
1006538,320218.0073382407
1004784,454125.81538509787
1009044,613253.004763608
1016533,441956.249433167
1003000,755258.1999938238
1015062,985349.8081652679
1007424,851165.7154654782
1000655,133724.74297119727
1006290,501798.47637255036
1013187,182811.37570401706
1005907,373464.9533641524
1016223,1343531.9673773197
1014048,95097.06612752551
1001833,833388.5177058916
1000027,801074.9977156076
1014548,163773.09869061044
1000659,580211.719912249
1010166,358934.57505030587
1004900,1280654.9846130568
1015439,1170030.4852249543
1005755,349077.70396592264
1017269,553895.0103179568
1009028,506441.65435392776
1016987,973127.1833534283
1009646,885053.2835331436
1005668,288251.86612931086
1000783,351171.76605121535
1014661,526998.7634321196
1007254,449681.62697116093
1007064,254832.28690074486
1011274,250244.25224714464
1005882,160099.42807354068
1005568,488089.1247325874
1010803,214304.11077090228
1008212,464090.5749526862
1002856,359441.2927021806
1003808,323782.622194242
1010431,664503.0070063255
1001157,283659.9285589617
1001103,476502.89890569117
1016543,414165.2637232401
1003838,368263.4122729125
1003626,522803.54844965565
1005590,772656.1662096921
1016697,356406.942537306
1016932,193503.28309583626
1003493,529246.8784179871
1011384,368926.2736044401
1000273,370387.4653947445
1000341,499855.8566379268
1008266,437837.5554939963
1000409,307585.653206279
1003311,264433.5561870684
1015334,974830.1229596251
1016076,287367.24250235327
1009557,562593.7469791602
1011679,925278.0897284059
1001424,333236.8903988012
1010593,369492.0870629551
1000782,322463.7910032528
1013173,547125.5891328941
1011680,324437.0723285816
1009425,1065940.5816694563
1013169,177073.69715444164
1008114,606291.8702469479
1001836,524960.1553532333
1008082,332349.777896815
1008062,423808.1766313763
1014650,265212.2279715322
1003845,1255453.6189885493
1017272,282417.12410569977
1014188,443487.7506347845
1003256,143072.84066040328
1017079,454254.26789303473
1003973,277468.1468393576
1017372,742229.2521654776
1003827,628857.1005053796
1009414,672737.803346558
1011660,1150023.690730422
1004156,541323.8930310975
1006957,291439.6208314624
1005104,129393.95598604096
1003617,142920.41669593312
1005714,792929.6166571062
1013547,341249.10830130405
1005042,391899.0682055
1000817,813048.2814201759
1013568,376178.61928081553
1005269,377551.1953793388
1011473,486895.11564230477
1011802,684944.1358221748
1002845,326758.7202040549
1015763,156929.9576681729
1012443,494934.2869390588
1014574,1134424.780777562
1002760,426368.30965601024
1004863,1254618.2508431184
1006006,224706.7885285649
1009291,301364.0404185195
1010324,905691.2720985155
1007071,265366.9301106635
1006532,1147926.9559969506
1017330,521626.4640706739
1012269,607903.4526878981
1012037,530675.0252850531
1008184,436490.62506740476
1006751,411923.2817269797
1002478,365686.96169678133
1001090,326390.61086665624
1000164,224420.74996921967
1011398,942380.5548529854
1016638,381859.55224732094
1010540,744271.2382838711
1007516,352845.67696971877
1015823,870246.7875708496
1009336,673780.3613327779
1004090,335713.63777036447
1003354,187043.66139034292
1008750,891806.3518621365
1006026,565475.2300030665
1016704,127013.70375226067
1002257,420781.4278081244
1003417,579117.2192094849
1005897,299331.91775152704
1001505,400328.5761735337
1013548,422940.2100485047
1016797,650696.2137189887
1000748,1074381.1550315006
1010764,117641.21806934803
1004881,496917.4962770976
1010712,362423.29539922735
1013086,1146922.0031134647
1011839,659816.6207400612
1004403,191507.82750309657
1016507,563449.5712204367
1007129,453740.42802945577
1012761,153562.10909484388
1003806,663926.8798671016
1000599,210792.36570667263
1006613,291547.1420398884
1007280,506391.83972238406
1016489,971513.9638943801
1007782,412015.13415725256
1014465,843735.7930750421
1011528,499946.17049591994
1010124,589806.3853142856
1002190,616323.4745454012
1015293,802704.4835394108
1005829,589575.6812117827
1007201,325712.82944906777
1002925,351055.4559344408
1013956,764055.6834836463
1009317,498061.85427580355
1012848,417442.96142170555
1008864,388181.80889920244
1011032,321116.1917864732
1003832,461481.009246874
1013428,295616.57073785993
1000939,596691.2581094612
1007006,973024.8674664517
1003901,118907.6294957819
1001395,1198397.9963951148
1005105,443608.19094759953
1014658,482850.03493976843
1014538,607778.2364119061
1007910,1404251.8399703472
1014623,407054.8175747437
1002089,386090.3199768591
1004832,201695.06320682724
1002232,989277.5377421333
1007160,785815.704605561
1010085,959087.3386748647
1000427,454536.684573524
1009872,455675.101981779
1009377,570128.742685055
1002382,489290.70186357433
1003860,148872.78994238327
1009944,482950.3281615713
1002434,361065.58054361644
1000871,527966.9488577747
1004557,246187.80167551574
1003938,184260.51402957866
1006214,295228.005095016
1000351,381451.4285698368
1007479,247128.95769844993
1012864,765332.4533470639
1016925,272568.76888498577
1004920,481204.3792101281
1013864,522827.4727317103
1015022,182843.49365924994
1000958,380408.1073324267
1008120,199566.52003763767
1013048,1015993.8093305912
1002623,345859.15577518905
1011649,260045.22452789076
1014241,459500.35601694457
1006533,284362.468408106
1007237,386847.76887495565
1006628,1274429.054555758
1011512,178841.56841401232
1011675,231695.67623350653
1015430,596941.4153336457
1005960,384753.53974408016
1006047,1134773.2015142557
1010694,898387.6372591623
1016928,311006.37153960636
1013071,378993.5503351782
1012541,257873.95193628717
1001800,399604.16613229533
1004972,310956.201439402
1005390,337807.10094288667
1016433,594457.0026719101
1000241,1275729.0211801813
1005448,576268.4099260146
1016924,97936.32627577485
1005092,413827.7022513049
1011416,1118406.6899188578
1010443,734284.7439555599
1004608,474136.7929152089
1006132,346228.26304450806
1016775,550604.4831249099
1004771,336091.54872341064
1011689,837507.5665066611
1005743,387109.7172272098
1002725,459521.3436445526
1007583,1399085.3601709264
1009645,260868.0024953856
1001301,385315.4860496257
1007535,257354.62195468857
1001801,387017.33307774353
1005144,347268.18709794147
1006439,506901.0537574886
1000909,375640.5651337873
1008794,416106.44586886663
1011119,336869.0496953768
1000067,314645.9008826758
1008573,775381.8420208674
1003296,648771.1828240798
1000537,561211.0029889239
1015840,291351.15701511246
1009597,377905.7933386802
1013186,544612.4017004761
1001210,316449.6068927537
1011658,445260.4200635436
1011029,340695.4976202453
1005538,206460.8360209187
1008305,457623.7440764037
1012651,475859.7138334532
1010523,327564.7835920793
1000954,1119229.150490057
1007218,964434.1845077617
1004411,290226.08211646235
1011780,497486.1607599141
1017320,182009.36531155466
1011181,664360.2029567154
1002732,313339.6474634684
1003748,472357.83925615123
1005428,341793.5237283405
1004287,419370.7116037273
1008721,649758.0583096255
1004902,443418.15664853225
1000205,308028.48531556525
1016511,270440.38183317316
1013861,159102.26233281265
1015241,276130.9668350271
1011003,269090.036843771
1012083,452850.93216719147
1012416,554273.3762113121
1002609,339441.9911483913
1009191,282275.232223866
1013913,528322.4394535961
1000452,835390.0669727292
1016873,834056.0491965143
1005177,218857.2217529333
1008879,841778.494433834
1001111,378266.952464233
1011604,444353.3156682888
1005271,364751.1560999729
1017205,934146.9652900703
1002860,472046.28011800465
1007097,1019386.2985005543
1002404,374626.45516495657
1017160,923797.2295343067
1009686,496918.49094581406
1005783,596284.6705796485
1006080,528139.0155051424
1015906,793831.8598438748
1011243,381826.199814315
1004347,791078.4515172964
1005964,616650.3802383299
1013859,241565.75260672014
1009547,1539378.3823473016
1016551,218177.3224033498
1013755,661494.1390302675
1000877,308002.99322458
1007179,1224255.0951500894
1001300,229612.86514813107
1001587,478785.93626987963
1000464,194587.9355321169
1003249,515724.9358242829
1011894,709331.8562030713
1008558,351981.807232386
1005831,748750.9999464037
1013876,1162872.499760399
1002581,690089.4825082471
1011129,554207.7593505026
1008609,379297.95639872766
1008697,625467.5140843533
1005275,568563.0495654766
1014863,1194511.8060438677
1010261,1018235.3401448666
1014156,1144179.8879585548
1005615,181389.30337993155
1015426,197830.87653520162
1001532,1075655.486408014
1005939,1004946.0401754178
1005541,334711.2532649622
1008957,654939.3981587585
1013031,192254.97378157734
1008046,352491.1374227904
1010978,891038.6317956379
1009634,337076.271926264
1010427,257635.1149902083
1003412,787990.9102344231
1008903,407756.127605859
1000184,490812.7814792412
1002364,899548.2448196809
1003604,269844.023016339
1016762,695833.943977389
1005139,349715.21623034746
1008888,461117.536706713
1005339,420436.8669454761
1002139,565030.9149925443
1014733,375633.11257980176
1004849,360999.59745684796
1014759,774384.3565866384
1004687,857687.0848277035
1002895,272750.9357723855
1010828,691635.8679381856
1000947,303146.6184364843
1015559,584065.1696341889
1008817,1316983.5781661998
1010634,541452.6433961142
1006767,498927.9966187309
1013460,366045.8047645056
1009852,444047.624214515
1008073,214315.89376323918
1015642,1082032.7092192895
1016546,504232.9779544904
1011900,1123535.621199678
1006426,449262.9251307892
1010758,311478.797298798
1010004,149604.85545207965
1010728,1040514.0743196727
1001026,253297.03942301584
1001758,236372.95013756488
1005061,441582.84012759756
1010131,412867.79188194027
1006155,409242.5328581632
1012179,420851.5952637691
1006058,422238.75177357194
1002748,427528.16469344177
1013914,344596.7793949822
1015094,285746.9407065752
1012688,418859.00472753344
1005845,782354.9055054762
1012077,702383.6689830015
1004994,341961.1114381756
1006312,431329.15747189504
1003502,434385.3773598566
1011757,910431.4884469686
1009518,347690.6677423579
1008767,561448.2904519646
1004016,676279.0551853047
1015434,381803.97807671374
1003512,277964.2873785675
1001365,212345.8373352684
1007338,859719.9742240089
1009618,231587.03998178936
1009617,525820.8601436677
1002713,741028.7725944029
1003528,243343.62580091532
1011509,175864.0801952206
1003389,436734.8161956612
1005639,1062448.347581193
1000614,767574.5675307704
1015726,403287.6987174752
1004774,695240.3377469041
1009839,429239.1438019815
1006526,359868.1546968372
1000367,596838.3993602036
1015843,735038.6562306974
1000167,264875.88064062735
1013089,194530.7393277163
1003184,450805.0053528883
1011684,792087.7635541067
1005610,381034.9446148453
1005287,341148.5324856561
1001345,288266.13769302395
1006565,400582.0983926084
1011253,421842.4004575085
1016161,371735.7977410515
1016063,113266.28511443874
1014341,492413.07333357877
1013673,579135.4120446069
1015242,532187.9330044946
1007234,478534.7106601702
1007055,1071051.033187203
1010105,790895.3197703417
1006194,146999.81399186212
1004964,1244334.4826050506
1000568,483411.76097891154
1005724,204371.36833968933
1014426,1507946.3551410327
1008663,328763.48046559014
1014978,296198.15972951497
1014235,823421.9701448097
1011108,305152.29004504
1013960,132622.05334112688
1008375,174966.71242406894
1001994,331092.37879559404
1002827,465120.5894496846
1008177,537164.9858571095
1003151,626629.0791520701
1005646,458217.03260971577
1013759,693827.9436223765
1007082,339445.74023425195
1014758,350772.54986577976
1002787,397420.3006123909
1006926,327169.56095773075
1016391,1004328.9665487518
1008941,340293.4472534578
1015517,246140.9144056169
1003140,180434.11234338908
1004504,430343.563302766
1016946,188777.3905009039
1001124,526706.105851864
1013716,610552.2002140833
1013297,886929.306474316
1016251,656633.9846490708
1009426,424920.5385038036
1017185,404397.8139652397
1002878,420954.0570030759
1005837,290802.863779618
1001016,515142.65092127764
1010782,872118.9644608255
1010175,407710.6838042705
1010722,290712.57260835177
1013394,404243.5561091259
1005225,1180845.587099575
1012487,402812.335276622
1015585,298525.4611495714
1015475,358651.82407895074
1006637,147417.90794600156
1009663,137164.0765983356
1015380,601862.0904056283
1001588,637831.166471443
1007091,299571.52429553354
1004625,188585.29117099114
1015237,256938.48820183336
1013806,443737.72135177784
1016610,201979.5303960294
1008369,405277.68879661924
1017575,251606.49020629172
1003248,1287732.581910336
1000710,235650.36336176386
1010377,839367.9574698358
1007186,275870.9370021123
1003485,616749.0958509737
1005132,334131.1263448302
1007436,1315846.3436938445
1002819,237507.58014862356
1015388,464956.28554235765
1004874,145610.610363563
1007870,248299.37812497653
1000993,592501.132349034
1009402,342636.43028104556
1002373,495996.7344952596
1007907,243628.18601662485
1012536,429361.50821674225
1005426,1009174.3224884858
1016349,564496.5587756989
1002910,338233.7351371759
1001426,308558.5910935341
1004562,716818.8845420163
1013995,289091.22773621295
1016428,112675.90105403906
1003242,412766.7867577169
1009533,614405.0858715827
1002793,1097859.8386049892
1003289,86336.98949188399
1005310,353897.0189437052
1001444,1022455.9839818343
1006807,667430.935922154
1003334,265831.0334006816
1006286,550690.6169357402
1015355,1033257.03860504
1011168,338967.47111346066
1010638,1367056.5197760672
1016395,665772.8873526113
1009301,466264.79473048996
1014314,539404.1285769347
1004617,520255.19266217045
1007797,194732.6310476701
1004265,420856.94872241275
1007357,780532.4408903882
1001706,468934.1195058432
1000921,174078.72687235323
1003673,461784.17934431485
1009310,1248314.814819612
1001677,1389418.5376993855
1013728,721344.6728047299
1009636,662550.9221852623
1004222,238938.1959433916
1003923,423515.43424943136
1013888,521469.0215273621
1007519,413071.10920069006
1010041,745360.1909173937
1011313,604460.5162231682
1011722,1406052.9269078786
1006276,683638.719892718
1014679,414910.25855087984
1012931,730415.5456172739
1017148,657706.5717067011
1010083,520905.2205633421
1014138,734435.5804297308
1016248,281764.37578476046
1009991,194737.33572913765
1013973,822579.9246573792
1002033,566107.1134244165
1003486,1036652.2334770171
1000201,232054.82341595105
1005616,191679.16059071102
1005068,603358.2037051073
1012765,408057.8457381127
1008269,1097377.0195248942
1004195,210793.91051352615
1002879,331467.2012390908
1000756,188255.2343483399
1017583,876094.4539094708
1000105,543313.1709081391
1007509,93769.47005870854
1000287,355806.41731783934
1015634,826420.6868345488
1001197,459192.43810469634
1010221,758712.0005808419
1000918,411491.5418039116
1012100,693546.0126245397
1005159,175950.2195575104
1001413,195067.4133397704
1016273,260379.94154416706
1001740,196977.86444686618
1003224,546720.380215723
1007231,386561.65720707097
1006541,518624.2091719199
1008923,530614.1680487107
1009049,255941.11599736803
1016316,304605.06421763403
1011310,591351.4794633888
1008080,391967.04364991834
1008004,318044.6150459943
1012679,263770.6554272463
1009606,343651.2233270116
1012429,537787.991088542
1013191,1388192.0865735302
1000196,236389.7670907421
1010944,1255921.1776881807
1014161,375394.5486462261
1002010,388605.6447825278
1000873,782725.7989565904
1001620,825796.2670107059
1003682,937811.6030519479
1015470,159819.93622602132
1007196,433554.27251439117
1007769,229029.4171541189
1014684,354259.2002809751
1006115,509871.2354247263
1011174,402464.9979918192
1015995,168601.7072213886
1001144,543610.8838720261
1013423,1115894.5978622304
1010992,339370.6689408094
1008402,501082.7186118896
1010580,172117.61044122512
1003094,918258.4687892635
1004506,311592.7660123132
1005473,423967.1182030431
1005946,925134.7193221076
1007781,959640.8784444279
1016752,780240.9030054347
1004343,130527.10434429163
1017557,426001.1303894126
1011306,535719.2451696408
1002716,390309.3428296454
1009868,366721.7864193405
1016692,624607.5386023144
1007339,177541.0242409062
1016598,289744.9327976333
1013691,1082279.0861658882
1016534,902294.1402503292
1012605,249027.28776544012
1015251,575850.1992349068
1006546,223222.92776072794
1005834,1072202.3864039325
1008021,166538.40058567823
1006929,225122.24949109743
1017345,137140.2315032279
1015979,342388.17115734523
1014785,659643.5708311044
1010031,674219.5255288775
1009506,618135.5500663539
1012059,368537.268961544
1001682,591695.4052816047
1009185,550184.3943353373
1001056,836646.6364625832
1013154,382624.5389383841
1011907,341557.8219048771
1016139,385031.10368204
1012943,569370.4056892386
1000645,183216.84732453994
1014380,1090655.8282304083
1004399,163164.48968375902
1012882,272851.8679288368
1013932,234583.78054886134
1006161,487693.13136727246
1012135,392886.4249233517
1012627,394083.05705934187
1002181,1017424.8840893725
1004035,197933.080377759
1010027,111587.62970910504
1002080,151007.7774338775
1000717,782361.7742518047
1001408,253979.34811080858
1001367,130980.87758958015
1008623,172828.39141785132
1015432,362427.5860252561
1002310,359374.64550516504
1013724,324697.3299935354
1006338,786671.3671869438
1013433,609892.7490703925
1008945,603253.0867168905
1010677,801474.468190157
1011289,334659.2396056634
1015310,1210662.6704692827
1013294,805448.1531632533
1004685,283163.71147057763
1003246,358754.70598047326
1013087,1103023.4474885256
1007210,425388.4651639574
1002649,350865.43370466074
1014458,505646.0263707603
1011919,120757.1345361491
1004282,361505.6307325233
1006681,1070268.844318625
1009545,515686.835543684
1012165,200128.3688355072
1010367,410496.6556879883
1007025,751711.7934642268
1007760,401777.72902891703
1007770,289417.70779887785
1009689,515911.2310062994
1009569,647920.936498735
1011411,451118.26660723425
1012615,696206.8066963457
1002325,507688.83308570174
1001297,146124.4240212332
1001202,1080618.89430259
1016385,479312.9915582481
1015072,490991.48301249556
1001678,295267.8258748907
1013606,448795.8765260559
1007949,536445.1837588553
1015814,172678.5189537189
1008684,533648.4561307221
1001984,1327487.515914148
1003131,641605.5528102762
1012408,348237.818807664
1004137,1053215.609761026
1013240,438406.56838387786
1017563,308680.4378882307
1003200,542022.0287130371
1002859,738375.2708034043
1000358,386935.74652864865
1011511,924288.7616704096
1009956,504811.13640190975
1010503,632319.4098231406
1016733,355912.14004584745
1010193,305075.8110901499
1014711,696464.236150329
1004637,590099.1030208336
1001867,628819.3998990144
1008496,437096.4647351121
1012393,184636.52165976554
1003403,411795.23420917353
1017586,259628.16065456293
1007580,303525.66555210756
1004688,616801.3788823
1016196,770416.2959467388
1014191,496340.5745459038
1010401,403245.8696158774
1007216,210006.10760035066
1002403,1164808.5109153488
1004055,688680.7958651438
1000956,528398.7699575161
1002423,734658.6112000892
1002738,321194.22792462265
1002530,1021266.6007843774
1008608,277263.8814285169
1013733,943819.1331108687
1012614,276666.95001418993
1015161,737865.3156929596
1010070,291043.32711533835
1013683,411758.6139823602
1017319,901328.9950937909
1013247,322888.00046927645
1012186,242312.77525050504
1005511,294183.90373275697
1002803,619274.2365008122
1008711,149460.82390130605
1005584,580330.944269221
1013658,1064866.9899830525
1001843,1132216.9364542244
1013519,104661.65938487957
1013280,636213.0728246248
1015884,432920.50823628285
1003425,855209.835327899
1014270,182772.82454655253
1004501,385057.3668775964
1002665,488186.7182915165
1008059,537617.7107882863
1008274,179666.45223975083
1007988,341952.1738981911
1012634,649574.5254713773
1008754,265332.98175189237
1008439,927444.483926315
1012725,524672.6377180611
1016549,719095.0563278454
1011702,567146.9501143976
1015230,600462.5917058968
1015028,712924.9706222517
1007753,585840.09546053
1016142,646672.5723366346
1008087,477367.20280576125
1008098,358034.27535712207
1014036,310143.3230123899
1001376,180885.718937305
1006783,740777.3833587312
1015419,156158.5740621931
1014908,1016351.2651658641
1007153,306917.4825514513
1016996,714428.1730781769
1016298,108583.91849654984
1001997,266106.219177102
1013358,405361.8125619874
1003558,458838.2653818318
1011530,344482.49386033905
1012555,911559.2356363238
1014884,1136039.305853695
1000623,533424.9342482461
1014114,202130.61701349256
1015515,387990.233874996
1004927,82417.26040895944
1017426,1254358.171127723
1009200,360653.7978795443
1002586,356007.05771342525
1006111,161484.38602377215
1013194,596444.2388785917
1009479,449450.4137651328
1013846,442885.20160405413
1004740,592171.035923673
1003006,971168.9913695102
1002999,445898.15491619724
1001941,517972.6758090873
1003093,312324.73358093103
1004752,386913.4027124694
1015955,655623.0828899813
1004783,268403.51767403184
1016140,408965.8033546331
1003437,519945.48106041306
1008047,994464.7348463922
1014061,488196.61675523844
1015034,698317.2405290074
1016201,961171.6319129514
1008848,737042.0982592886
1016974,967358.4726836088
1008048,590081.7832733071
1000329,893844.2035952809
1004659,532473.0604231837
1002599,600017.6364201842
1005770,506711.94793807686
1011470,212595.55254792902
1010881,470126.44852219673
1008971,128171.82923693092
1017076,446238.26886061503
1004384,186620.3284940083
1005402,215402.24106033953
1014223,498554.76840181334
1000651,302262.5466375453
1004433,744314.5777350122
1008477,349998.8659902943
1001817,1198553.9073187283
1007915,283666.5461126551
1006535,631803.0413481345
1000492,185414.41384351678
1003067,457974.77876649407
1014094,561082.408916433
1013457,676593.5234520425
1002863,416852.1479310439
1012853,488368.4543248183
1003013,622274.422325522
1000183,421981.2678072969
1004402,573556.9316062416
1008320,494357.4758892976
1017095,619677.8949369517
1001823,334502.6830616181
1001021,159878.136993492
1016879,343986.97173065384
1001150,294875.9225746129
1016724,611713.96768906
1011998,178772.61007551567
1006211,484076.6857074713
1017456,267920.39632583235
1015971,368759.47381491144
1015947,982258.282493757
1002953,1022120.8582000186
1002757,554798.0965066367
1012784,631153.9366400964
1002532,879921.4308503625
1013961,232064.93581377406
1010721,1138352.075597115
1011798,1122889.2120599467
1015808,484558.5283189317
1001265,340257.52416434523
1010742,816646.8147459243
1008079,366057.21590310987
1006556,73372.75370019117
1016046,218406.78010201638
1006363,181261.98772293096
1005650,300068.5057238855
1002161,396904.06681923266
1017329,795062.1247673868
1010372,382321.6577778582
1007947,855844.0666027439
1000383,250418.9917146675
1011776,231410.94410548272
1017577,629454.5333819079
1016570,463277.8672317746
1001664,583308.7863624401
1000866,246737.51224022673
1012715,597813.1694690033
1005516,970397.0137258992
1015839,278328.10259455873
1002470,413633.40737845603
1010311,453858.73971693876
1002841,435101.008818001
1003948,932789.5241440546
1003846,541239.9432606251
1008470,624085.1673672005
1010242,90850.41628770035
1013904,269400.7648857711
1015891,106254.0468788704
1002484,369684.74980715575
1007165,1042913.6900487563
1011591,193297.85950960038
1005267,552769.6176483727
1009801,683046.6106200105
1015004,401494.04637265095
1004422,705573.9548644375
1017293,676901.2023382226
1005851,316806.1134273065
1013543,607081.4291907481
1007001,344048.4523791537
1016696,950647.3721315687
1000937,405283.0384021915
1012992,286396.5294424133
1011486,267422.4862586867
1003110,439168.24990833976
1007505,868079.7657128345
1004725,540445.7704698
1014146,311753.5197553368
1011015,458031.0040280011
1016651,632698.4219006473
1015219,1269024.580731968
1004234,333452.58871122234
1017229,456259.955827167
1001372,293537.0768229875
1012085,521221.35259261576
1009143,223545.2526405112
1004808,334707.63370058
1011767,154015.6014433908
1012683,292569.37416380533
1010271,814337.0772570659
1002283,433169.15389463474
1003035,174937.79359139525
1014105,1059669.6868447422
1001110,681572.0703572031
1013600,169719.91856536278
1011832,498981.68993470795
1002284,252034.04430776415
1010343,650683.1177799051
1014791,330425.4704578194
1013427,581026.7012437504
1000207,544734.2445848816
1008685,1465176.317541923
1013345,1255376.1050620575
1008446,369202.4162120517
1007430,175126.6612071834
1002444,1263726.708003759
1004168,321086.2759718401
1011745,723233.6656427438
1002569,617293.1523032035
1007069,223257.9435605539
1002967,459992.21270224935
1003073,252909.91450871073
1004727,211957.92545547563
1000308,96809.75529002928
1017166,638015.6400021507
1009463,238004.7668993239
1008893,564239.431083472
1010606,172075.12258432983
1011937,764786.8949184002
1015279,265645.84902717307
1000448,565902.1701716755
1011813,401248.3432127128
1004601,453517.0238894904
1014566,686248.8166095609
1010906,577139.7320514426
1001281,190118.31008894875
1017430,502260.20825082896
1009268,341554.9357607696
1008209,705005.6639202567
1013366,796885.0722264589
1006938,1149529.3693012146
1004283,380673.8163867626
1013720,1029465.2426285878
1006809,296410.1329111001
1004787,668926.3951673823
1003018,302411.7962162103
1006908,356281.1109824084
1014651,775118.5877230776
1007061,330129.3700831164
1000598,374308.84973148495
1011905,405288.10086936073
1011954,128741.0008894917
1007732,601056.6349362537
1010940,390174.54707451706
1002989,413114.23775708437
1006028,300141.752882411
1002679,296962.9579837073
1012257,1280367.4077849588
1003428,130768.34623413264
1001478,694833.226031259
1007957,486483.8366517569
1002919,484001.2671019652
1009838,371594.1787607646
1002942,637344.6462482151
1007771,1294992.1726745043
1003967,1119208.3986424701
1011405,574930.3011604525
1013935,771887.3105742007
1003882,337862.42763829237
1005629,453672.36272031645
1000621,429261.18698055774
1009869,444997.00976268883
1000150,689131.3880556884
1017409,117790.42331115836
1008480,1056427.5737279113
1006749,183940.04154437032
1011324,570197.8286723681
1003298,1002650.4114647788
1001122,220114.17909670708
1006579,497267.2386341975
1016155,332453.0556509267
1017116,530323.7550940175
1007790,671583.284847292
1007525,282088.9164717481
1012280,111966.48065283732
1006779,384143.5831594941
1007875,329749.5816785901
1003893,777944.2208903224
1011094,465705.8561791215
1011389,453871.244834549
1017016,449584.8044134275
1002902,298227.61673277814
1008421,620157.4696490442
1004956,1081079.4082226972
1003775,577079.2962200731
1001428,589808.558391227
1008840,211771.30645429855
1015298,131598.44048695642
1010760,243922.01375758633
1017420,279076.1183301607
1011563,488394.3366728169
1017493,573395.924195998
1012880,451114.0933093522
1004450,706343.6382122943
1003173,869966.0189895584
1001955,580846.3673658484
1013804,227055.42815802482
1010632,624229.0059902373
1017200,1129369.7379405245
1001988,289011.49721644685
1016348,1277283.9888125372
1008757,267734.2215424171
1010239,697087.3522323604
1015379,401683.4120961014
1016709,328807.5305409846
1002555,380219.87765607826
1014351,979473.7602329812
1005843,398869.12080108235
1005286,1073561.6233268182
1004602,266441.5034352273
1014534,690979.4932277516
1014466,902838.2118865876
1000731,252502.54210537512
1016167,927387.8924627011
1004317,116822.22063377177
1001045,596370.0253576606
1016154,118565.60765762138
1001464,1043211.713570344
1014564,219233.99492342232
1001929,537838.2282194153
1010763,684075.3588337309
1002031,180979.01477826166
1005378,744791.4657716515
1016660,769072.1438806964
1000653,820332.3548267762
1005252,273508.3658426093
1013024,142150.78104788097
1013766,403250.48186776513
1012195,667026.0842870461
1009539,456892.56027173967
1002023,510574.0759421456
1002059,466627.88698845066
1015997,605518.6132390428
1005083,461160.21858983306
1016626,1137394.6921854776
1001082,522956.180825681
1005099,337280.22451497376
1015069,482672.1329759151
1007878,102358.23230322592
1005518,854028.3713064598
1002598,397251.36504480836
1015220,454143.66363771044
1006177,570070.0330928549
1004769,466234.83195607126
1013734,535209.6586947284
1007736,856899.6025918464
1005855,224432.41117641775
1000509,461123.97666117584
1003362,254378.15528974976
1005152,285998.5767230408
1009013,171979.65430035937
1016611,261780.1050552615
1009864,702540.8200406188
1013007,552754.3719675762
1015356,1074581.0101627565
1016558,411692.81981054187
1003772,266958.73407857737
1006826,248640.41700868538
1010614,86040.66933847417
1015670,303978.8617492756
1001260,434500.9804534903
1014952,816355.4570019593
1017089,436472.7965036605
1016780,202858.69788169715
1014599,256906.14398289638
1015665,474178.3059398437
1016012,991203.95258984
1007124,314860.84495438
1004130,632148.2832053836
1009935,81274.22106121699
1014442,280991.0310323286
1011201,94241.48098320531
1011703,442715.8370059203
1010516,541532.78164314
1003892,1092012.1269279972
1012127,235952.9253663016
1003800,437902.50687907427
1000994,277502.48611766717
1010813,799755.3472742925
1011041,586204.216527904
1011034,302577.27319781086
1016172,540844.5990999674
1016424,385114.3624354573
1014525,574574.3668521364
1008170,853056.5006423584
1017122,343334.80164049426
1010106,303184.63798999967
1004955,443751.7956167213
1003807,355805.44334828935
1011404,706454.2982516377
1011359,308802.9459611003
1014575,976097.8918077543
1013524,589947.8533848678
1016108,931026.6719231533
1011992,302676.2538523182
1010451,1091867.0748217995
1000033,620969.1078670745
1007057,624611.6195587288
1003185,1011176.5407773543
1008181,281893.7415008394
1003662,543807.6837683164
1004166,435003.81229168485
1011668,1427984.055159295
1001827,354988.6055770331
1017529,541557.0986453851
1016731,205404.27987284368
1017164,159378.08040879155
1015835,323653.76380303246
1016346,438803.08589293214
1015984,1315218.676104542
1009702,788092.1363489343
1016192,1166081.7588237082
1015136,140214.16366556028
1009488,339535.1858777303
1001418,697834.6227207038
1007143,411633.8534048623
1008149,444412.03016983997
1003576,1258510.1749095013
1014249,266972.70623275574
1001937,1233385.7599220313
1005905,273074.3292482181
1017593,1269559.0435921554
1015152,641519.4438874503
1008746,748192.1356454622
1004026,562906.529100902
1015850,768809.7226077633
1001631,771321.5733930967
1010649,836818.8217714019
1017385,767461.7656357607
1007684,656037.002220209
1003533,379500.8892933437
1016886,1114083.6001740359
1011373,635206.5201554764
1007594,293544.0411747726
1001641,490703.8963233443
1011666,466645.2931105552
1014539,274452.82931280514
1011494,385011.2432744106
1004754,1237894.7795217053
1011887,467211.17102978093
1010565,1061026.9795708717
1005649,1046866.8395572682
1009100,762115.7979687302
1007774,239641.15285453343
1007931,971472.008483766
1001146,317325.8991665809
1010513,396190.00857757335
1002933,295821.69865688344
1014883,748101.5614372339
1001960,759945.6114217233
1014354,373710.8953494098
1002740,1076692.1866529272
1005293,1048688.573673856
1008939,427848.16359958384
1002029,367663.23304687825
1007547,545286.2870495111
1011991,174500.82753678382
1015569,140709.79006118543
1010519,590740.1433248899
1014349,236288.84202608187
1007289,797477.4303656337
1006559,236150.3743274296
1005452,852171.7913028707
1007962,627213.3519694145
1011662,249189.52566938844
1015757,189745.7585745004
1014591,398665.2920189113
1011040,784213.8393964907
1005379,916236.0067272657
1011543,411149.0484910185
1014511,566558.4251718756
1003432,730019.8451188778
1001617,530153.4131645489
1005888,1182804.7617348512
1007273,488132.15469977167
1012253,652118.8625516889
1001608,170410.28671745726
1011523,416502.6737953474
1003946,112552.21730870305
1003941,1002602.8367108583
1004541,329021.97408887785
1009095,740279.4468289558
1007755,378673.94892971835
1005984,490474.05562850845
1013546,827335.43148543
1002130,310259.783666178
1008571,764280.5205146234
1003804,999393.9352138675
1017351,207830.87850781172
1004636,516989.3369889809
1013178,1100631.9864538885
1006133,662300.5095155698
1007263,724130.2479893487
1015916,170717.46500142588
1009906,329280.555123994
1016377,833477.168998817
1010584,384223.1823722499
1012065,531234.8732296432
1015529,641156.7394700182
1007845,461342.97089767706
1007497,354024.72496907023
1006039,249471.69113741032
1001679,309655.6148037508
1016354,361585.46457791544
1015148,205348.5148559775
1010825,221068.66329429037
1010774,167052.3809925072
1017167,285903.05288423214
1007040,628477.974178091
1000950,1359652.8615510336
1011200,1049572.9399046178
1014876,770022.0520074969
1003924,597367.2151188316
1013308,318798.6688667217
1013505,141727.93411754907
1015442,391202.97166955774
1016559,252558.61855100663
1013040,709906.8746672854
1004884,301857.40189516445
1008910,173884.41839492766
1013539,366733.60745441855
1008491,423452.3617929727
1006812,889570.6220123706
1007903,856830.0874739374
1008567,227399.92746765303
1010680,612661.0653864379
1003555,791570.2002566357
1004379,137337.98913544187
1004270,445943.8165476248
1016112,587811.6025623669
1015092,385939.4495801179
1017548,478503.4062219765
1013757,773349.4057729745
1003601,636022.1904158307
1007754,171650.2695152503
1012834,450465.1030414751
1003027,116175.3571595878
1006776,904505.6422678827
1007682,93227.96997069319
1004499,234662.4215179671
1002522,1330407.8718772978
1009582,854720.1162183613
1006138,223342.2967709848
1012918,847988.372158029
1016800,297178.5987599199
1007801,130691.21341584373
1002844,529205.6535416433
1003758,356415.43834152695
1004022,707164.5273394441
1000074,239815.29689660374
1004573,753395.3556202671
1014543,1235249.79467383
1016197,185729.30552739723
1014640,1059191.769611093
1016532,395880.65318144823
1014626,183593.56121762088
1001108,388831.96406586183
1014930,313247.39007289964
1015364,1000325.8426404346
1007253,510299.11565276433
1002861,1132838.210612978
1010973,1091062.4527298838
1011553,552848.4989976261
1010201,986427.2135563801
1013033,930594.256235969
1015660,348338.6956498947
1002882,790322.1838294809
1002973,989975.119097765
1007723,472424.93619568134
1012622,721855.896666145
1003420,470386.0524886963
1014709,391696.43821802747
1013322,167146.94709548945
1011312,566869.0241401333
1010213,207486.8028106435
1000934,499167.6134141635
1015348,1125255.8121589317
1010635,269032.58912113693
1009189,425294.1250304759
1004244,272216.48096621974
1005331,526066.717388675
1007276,695806.3473413897
1004378,901030.3636273314
1002106,1037656.0205160547
1009065,499662.30048893974
1015329,451609.3194215508
1001499,645102.0511780374
1002415,146606.22266984975
1005154,466313.11623987334
1014849,721241.2804284438
1008743,303021.3404736859
1014318,918183.5063320012
1015283,415197.9288420867
1009318,156187.9144809393
1002121,428581.4148167228
1013701,413626.02718042204
1012483,157815.62453618355
1005165,412239.0980592478
1002980,278208.6852684047
1004532,303782.6763636752
1015737,513965.6440714046
1007846,164733.83465485947
1012444,1168823.6770374968
1000149,1357628.456540571
1001123,254287.6686070649
1010289,178521.16788396795
1017450,179035.14465184143
1010512,1250083.1845263666
1008996,1020490.3873349683
1012268,274517.4554138129
1011122,278851.58664852794
1006083,194707.40286083665
1011854,1121183.8991567306
1008860,305295.7106512694
1012678,548675.3409244035
1002076,843105.4459147851
1015083,534273.8005976361
1013593,680116.7505814142
1008398,463364.10604878544
1010907,495122.2099850213
1015415,770503.9505299625
1015791,301862.19705487485
1005020,706534.3522404392
1004392,813688.6498946993
1011974,527520.5648171052
1016162,112953.78347349868
1009125,776928.220739838
1010404,756583.7297930967
1002818,969738.808136822
1001261,325228.75593642157
1000032,479806.4082292486
1008718,162259.67667695438
1014464,387535.0154819982
1011616,233990.10092730404
1000941,482779.123332036
1003606,390036.094490774
1016687,516804.1602308254
1004526,740021.027081702
1009681,1015188.4940217964
1007260,505104.9106988003
1016442,1042423.9073190984
1008227,205587.40928451627
1006705,490930.0444525491
1011676,317076.40513446456
1002721,208502.33181602255
1002747,413829.325837468
1008959,127527.77662302069
1009748,768572.3393106022
1015263,655649.316041291
1010619,422091.68968503486
1013678,192721.39906106627
1009307,323932.960876303
1015596,1123042.9273942928
1000671,435979.8785004513
1014238,566011.6666268914
1005208,594285.0670660151
1016997,543020.5520449252
1010241,828957.2124946679
1007998,216022.44400642795
1006234,519211.66153260827
1008169,251240.2578069209
1010368,348137.5090372326
1012378,402357.19355198025
1015952,134491.4495745532
1006854,292559.51990480337
1005673,551590.9360299173
1000306,426752.05175522796
1005688,718092.1293343848
1006422,688910.4636662467
1003914,281629.8765569331
1000476,250610.46285798287
1010018,345918.93168022303
1003590,826824.6045066771
1012928,1096741.4636120782
1007019,669091.0359681839
1013791,1040683.8861643074
1001420,243788.7306976995
1002053,294235.85957864166
1006576,284077.2952688389
1002218,362820.5232583559
1009187,491978.00978001946
1007730,929694.8307194231
1000462,564702.0909729297
1003669,401070.4390234605
1017018,420519.8688507151
1001335,159734.38852339334
1002903,593448.4138012399
1000967,195528.20086147374
1006201,423634.9043971289
1012236,427420.8941737338
1007136,118622.36600048208
1017519,738421.6168424208
1005476,233538.1310090804
1003120,661733.0231798607
1011075,175731.10716375214
1003561,342900.3721854402
1009790,156785.5901561643
1003720,346629.8640388894
1007487,403477.11587012134
1012183,883836.970840221
1000181,217714.06421798386
1001518,337950.32872245926
1001319,233583.07800783057
1013710,370318.0676944539
1011663,507159.56087138876
1012656,533015.9059612292
1012005,700530.8180883073
1017386,325286.617082236
1015996,631948.0065254008
1006292,807033.5089718453
1001095,339116.7865784566
1002978,280516.48097362334
1004241,861038.2066612234
1015532,692100.4637326268
1017049,562289.0964474592
1010078,414773.16165837855
1001076,317824.539731979
1003724,1097604.2111136091
1006175,1082305.986275879
1000570,644979.1607566855
1002126,470557.1328142848
1008644,598467.3001930234
1011484,534561.8610362877
1004970,502965.7576827532
1010747,305989.2912610033
1014040,585930.8226114787
1007665,479731.7342758681
1016080,143981.60922103972
1015195,323205.7715417512
1007191,525985.3596479448
1007324,132193.47701598768
1012865,402329.5462518717
1002191,1180015.5345874808
1001302,975637.9421902562
1016043,129596.60005928973
1003643,441772.41222230205
1011901,729708.9024603348
1004284,804478.0914557973
1004053,145794.1706787502
1009755,702773.9919938913
1010074,903847.8942992745
1001775,261564.18714420183
1010733,643960.5849858512
1006994,331766.9210130988
1012126,1054378.899675568
1014565,283900.8604332629
1008666,464238.3874560692
1012394,343098.3957157303
1015215,266303.9418098915
1006537,547820.8879885601
1014728,509620.5161913245
1001414,594126.0248386326
1017398,441211.16809910507
1002426,308706.7644498407
1008456,819625.5160246956
1002849,172464.25391064875
1017501,609246.0240355524
1007060,1448563.126592861
1008799,567251.5563321975
1014767,346102.93247627653
1012047,152044.24851802457
1003488,268870.85844977526
1002094,523170.7616351452
1012500,1060012.102658328
1003385,971129.1257801462
1001834,188174.03600188295
1014265,814117.9962060573
1011841,500235.82794201915
1000833,630116.7438674024
1010827,747535.9546043634
1008182,152038.5445493664
1013937,398443.91726705147
1016624,684775.4739131209
1016682,451868.7953468872
1011375,91223.336607257
1007696,424409.5659534974
1008198,607747.2828273032
1012568,526802.3661607584
1001837,442472.1516012933
1013151,820829.7714476809
1009188,1206436.5178015942
1013327,747118.6881971172
1013857,390482.56879305857
1015973,277873.98933700967
1007350,185630.64376162886
1002656,539942.3040033705
1005085,550646.2089814872
1000501,503102.657762569
1004396,1197281.0769732944
1001795,456740.5791394057
1003149,465670.5848275202
1002041,306000.06174395204
1016194,581601.6210068436
1016522,147164.57233728236
1009850,155362.48237325682
1017392,985877.4644107088
1011542,480853.0534738092
1008607,474634.2284525549
1008287,101414.88862995805
1013279,643911.8932218128
1004838,1083729.4203065215
1008281,415842.8388879447
1000225,562674.6449268302
1005403,1268763.51237078
1010521,584508.2216543515
1006280,263314.8701607732
1014861,444035.7672542094
1011244,827093.1491197192
1005606,287773.1395971794
1013376,281242.16380280635
1012331,332450.63993698626
1012200,131593.71254300847
1015106,456333.63890795433
1003306,498070.51365641423
1001928,389082.62986547634
1004232,323809.7302386859
1013747,299247.5435206818
1005253,335624.74563246546
1017022,415173.06913775945
1009342,496801.0507480402
1007655,879627.9975009693
1009698,339850.7776806757
1017311,138892.40556795496
1009243,977320.6459548858
1002823,161274.90320048793
1008009,1177668.7086624561
1009120,520125.39321295667
1015994,654413.2678943514
1016947,524911.4072477081
1003121,1104690.5989562706
1002150,281104.0977480333
1010328,357870.6374765969
1005537,270425.4200246219
1015065,619879.4238457783
1004289,296740.8929023627
1011304,328985.8229360119
1000963,403983.4657984279
1015137,397044.6060163117
1013430,1012700.7375814874
1004773,604354.8766959148
1003974,630841.8360298985
1016342,202409.75579344167
1015113,315549.2107928188
1013062,332527.5452128967
1001199,274975.01373309485
1017455,810524.9213740813
1004337,487613.0727190449
1014901,363738.5215670716
1002324,1380642.5576933117
1009086,189399.36820779083
1005679,446469.1100203423
1017437,685851.8410408883
1000566,376738.5522681618
1013215,758141.6453120682
1008385,433563.0002840488
1011636,275021.9810950133
1002142,436372.6350343662
1014798,683045.229591389
1005052,536727.9505223555
1005166,410148.62643750326
1007916,472810.6197482068
1004973,533392.1771509367
1002196,344391.51731986064
1004656,577425.7863095226
1009029,445113.7664307654
1010410,297642.16761097923
1003127,711527.073703402
1006850,262588.6810294873
1007763,515679.8909778487
1009826,703869.7270299587
1010600,678136.5952555934
1017260,623298.7027138238
1000679,230143.74764872924
1002112,460577.51920529595
1000905,167306.5871945975
1004062,437045.0645119175
1011761,700446.7372278896
1002519,423525.9261739735
1006246,499052.97076475696
1006981,490092.5348781234
1004804,508024.6422277724
1014668,379339.91108559474
1003082,1182507.2279361596
1014172,433518.2887263104
1000988,581931.8098282616
1016805,550900.7683938276
1000220,606197.3536155233
1011743,217899.73260447706
1008660,254726.6479204912
1002763,1163335.550789494
1001593,450733.58354834997
1011867,385432.26934362
1006010,717688.1467203783
1000525,464155.94699881057
1004530,321343.85829852195
1001720,283970.4098212827
1013810,248037.45647965022
1012255,296662.6272308312
1001933,236670.8447232233
1001449,319590.0181916909
1004668,626585.6774929008
1006702,1310882.3398097733
1009060,532433.115558287
1016242,482534.11840636167
1016574,438134.34340629313
1009476,547192.0368851307
1002438,984534.9753897426
1008895,267294.96815062873
1003763,514097.70245713525
1002922,922345.5947355333
1002580,246477.97897610377
1005398,483153.7580246606
1015615,123497.29838451125
1011615,242961.98767315986
1006345,133633.66093755586
1010972,369272.44428405183
1000239,302471.81995580386
1003835,1297754.322857111
1017350,528357.4663815497
1015928,666343.406978507
1008145,667067.7109908756
1014895,808222.2827879294
1017078,546644.3571760495
1003554,1001165.9760827379
1000365,739112.6892008114
1004548,472912.1416752677
1012516,627485.7111202305
1003102,292637.7405370556
1005034,400898.6346974802
1015085,554719.978185064
1012670,905424.011844939
1004599,350700.502814764
1008653,1230751.3591068755
1000724,575461.2060089185
1004860,451525.599909433
1013906,564119.4880365544
1013183,161058.96454702644
1010895,580887.0960016116
1000133,666813.3888708261
1012493,468564.41741775913
1011655,343661.89590316056
1003217,404672.9169418571
1001205,442927.74040660734
1010088,131690.6792989385
1006164,283461.42131178384
1009398,444657.83523309074
1011020,258986.2072363515
1005773,181931.55498004713
1007511,506169.0542550658
1003598,321397.94743524457
1012367,269798.5591153304
1010435,517027.96796464175
1016553,620810.7391497695
1002223,445681.3497700093
1013069,402712.00856025616
1013046,731661.7346626928
1009573,197309.11101942536
1005870,312472.56079066684
1014031,238533.3693384035
1008353,921395.6848664773
1005327,474840.1100719737
1011118,379988.84519844485
1012830,228352.40344383824
1010380,1207082.9951944682
1006365,508073.0972130501
1017447,765978.1227466115
1008150,317003.5133478112
1014633,573576.8264610525
1014083,775075.0027114177
1005005,376296.79003607406
1002961,283911.5039263911
1006253,1103659.1409508472
1017310,424813.02498728246
1016268,611924.7176793613
1007047,496920.9475828538
1005981,187226.85873728737
1001526,1424092.6877629233
1003379,312716.03779700643
1001055,610514.505795901
1007557,349112.9990257821
1011385,424199.4122430825
1015912,1103817.8341588813
1011847,234745.84480817372
1001582,817795.598442758
1000678,1035353.6613480196
1000619,325776.3550227107
1001769,352500.95988619473
1010208,611283.4924813594
1017520,191035.8697246846
1017300,1212309.2346146374
1009443,350771.09003980004
1009240,847475.4704139647
1011965,130959.68611435407
1006787,862563.709265776
1003855,1141456.098845364
1009433,793200.9107796027
1013795,1255014.8335132708
1006457,307532.47449407313
1002240,454439.6727108179
1000634,740275.2511149357
1008319,646256.9840818773
1001585,325681.9737018885
1013918,1222420.461805501
1007553,478902.516294687
1014438,1003856.2419589206
1016961,133018.96218884498
1003400,202258.49049526887
1010740,486863.1593201609
1016592,705530.910032927
1008904,1231059.8834299725
1005368,225673.32761365236
1001659,847119.4918261569
1013377,736438.1204086207
1016226,487399.770133585
1001353,739338.3796898265
1013668,409494.80980296945
1003480,485020.594552
1003387,179394.2513549202
1001389,770921.3969493811
1007764,733471.7199167759
1013754,237602.3552728518
1012702,365702.24071339547
1013909,500964.3008265014
1014497,767362.841210666
1008902,986379.0537091586
1016935,507513.14543973975
1007139,264261.5116983125
1013800,258749.89395455655
1000744,289650.8564845006
1004923,985940.908872591
1012449,679840.024066749
1000807,373558.00971994194
1005076,212752.77139487548
1007640,392934.5610507308
1009558,596520.9426327802
1010556,1104946.6796571363
1006436,455113.994717847
1004047,573234.4368513594
1012304,96709.94726370687
1000681,645186.1535638842
1015690,530329.7828205191
1014443,890661.7026024716
1002288,1417757.7984069856
1005215,1012062.4451987963
1002768,423625.06068618083
1004962,257892.58628429763
1008516,1015273.1882662254
1012311,594923.8659033173
1001238,948281.2430775652
1010392,386617.42338809074
1011225,474469.30824106495
1004434,264069.2748125827
1017242,592461.6164761228
1014469,583235.6069133547
1004813,908967.95997368
1005187,991996.1328180359
1011828,439798.743847549
1007279,289393.1208092595
1015593,584293.3932913304
1001512,724576.4623119496
1000023,548454.7763943293
1010473,340917.6320229768
1007409,585287.157841246
1011646,441636.42675811093
1004619,841369.9083757555
1003272,225394.058433732
1007363,840950.3885465804
1012370,474490.56291906664
1006168,1137827.148660649
1004643,805660.8786013785
1009021,952146.3718476534
1011456,316996.69738927414
1011667,763763.1888348551
1011540,581409.7570218615
1000360,397506.6896157412
1000272,958720.9725195457
1011366,481981.1020949713
1007149,424164.2662922053
1014323,763816.5359030291
1000482,574356.898722587
1000384,408810.83242862945
1016327,407547.9954250169
1017500,789979.645778085
1012117,266715.77927504637
1013729,966408.2207381024
1013463,672391.948806586
1013165,291538.3367331947
1004701,406506.13675656886
1002334,251268.95100266344
1014666,355497.86685879156
1008520,513652.1702305125
1016071,225397.02750437497
1017473,564072.182560219
1003055,632755.3560384064
1008071,396716.0337713769
1008283,318797.2194045643
1003749,757681.7326141753
1014592,543030.3772648096
1011014,448429.08639889595
1007650,489340.845882536
1016389,410925.3062723493
1007432,766495.679576249
1002617,422974.16476677527
1004930,167890.0801197087
1011724,332043.61678565934
1007918,320517.0181116599
1002492,324886.70949810557
1015638,752147.0167718475
1005028,245725.87963431177
1000755,246094.20925982654
1016870,371529.29003107484
1007334,147543.47788460326
1004459,394519.6170789579
1011126,389699.3320048478
1001351,322602.47049975523
1010044,203412.76579312017
1006725,385809.073519097
1002898,770005.2379701469
1007459,484840.376682457
1012342,171308.339715409
1009513,416971.6180856564
1008234,487639.8320292046
1000022,912355.4123921164
1006227,730551.1781572883
1006411,480459.1542191969
1008342,402513.71008235594
1008171,583126.2620628586
1000650,484293.57288658747
1012187,142868.4607198619
1005483,475381.60570904356
1007611,674852.434110513
1016536,230617.45901853597
1000915,658991.9772468128
1009744,406874.53706421395
1011401,269037.36355891306
1010779,462861.8510923813
1015216,522744.5679507688
1017151,228397.03088661094
1004857,189285.3876688652
1011367,1153156.6788654716
1013339,672594.9238978007
1000066,948974.9561572146
1008345,415543.2957390623
1002206,1233683.2745480365
1016324,460804.3078130919
1017281,218591.39678083136
1008474,532303.1325624736
1007938,557913.5036211859
1003012,783737.3316100497
1004855,688983.0246171459
1009368,991040.4614568292
1012361,295025.47364211635
1002697,276329.19481906656
1013525,186461.65411714505
1002696,281436.9970429472
1008821,441752.2547958147
1006387,552953.3663515256
1002698,329197.59866325895
1000148,250023.03060848013
1005140,442322.9712365955
1007970,1233157.5126131931
1007658,245536.12343843034
1014751,611625.798552093
1007364,621261.017799696
1014004,358341.2657693132
1008696,338279.87538426067
1003678,386670.3064946549
1015067,489117.3816566793
1003026,383102.98725656763
1016010,1468861.0057721287
1007789,536312.7902731423
1016087,442612.3002472621
1013839,185306.86349762123
1016899,255562.43191131364
1015595,136182.20406362362
1016284,330788.55089338566
1007125,627502.0622029902
1006816,294718.34871290985
1000283,492880.17345711467
1011507,369205.24352732114
1016291,150550.19523259348
1007538,531771.4604059379
1013750,943994.4586186863
1005643,750263.0333968289
1006112,598318.7109947616
1000935,213761.2781529138
1009918,302646.60481538886
1002436,352575.7297245001
1002485,142489.64808473137
1009424,165492.22477006452
1007444,196021.36302338963
1007542,483549.2385951861
1008991,169069.52158020876
1003056,439180.55493497296
1007941,507323.89436150505
1014312,468841.7759422834
1013059,370722.96603207855
1011951,1149529.101223619
1000813,541376.8852696334
1017075,491363.47676871694
1007561,423665.9258202622
1012951,495161.86823542457
1010128,1238426.8960471419
1012909,536214.5523149758
1000290,502906.1162452688
1005247,496224.5107831575
1006165,718080.4631553802
1015063,601686.5407902325
1016537,616210.4780847664
1003445,323718.175404516
1016579,264342.3243979314
1008065,242989.8356377349
1015324,492918.6478448431
1004824,148175.79512650592
1004975,201349.21089775406
1000262,799762.9295785386
1001569,660669.3848058126
1003706,515834.2820264842
1009248,289695.3081299461
1001017,495685.33007848484
1013472,674198.8641578617
1009011,455310.64566594537
1006125,799500.444527164
1015679,353153.1847709778
1017338,309571.41243837186
1000643,679156.2471000754
1004003,1028201.1633967143
1014180,1116013.545435621
1010189,1210849.789132144
1010159,1361784.4892608274
1009269,974845.4582772034
1002489,359849.4245250762
1002384,632994.1850362589
1006995,174760.71057685302
1017219,958552.2881848625
1004868,721863.1374154086
1016426,373055.9851103104
1009292,601871.8611127167
1008917,188081.70084263157
1000975,280471.69154481083
1010037,377819.44262857904
1001249,1095355.0522007337
1008121,699092.228243777
1006377,122775.31416632535
1014432,276807.07246702566
1004208,264771.73846050294
1004658,1130695.7550087345
1015459,466162.97343244526
1003957,441632.8666602751
1015150,661760.1152809631
1002729,531111.1020102567
1003959,160219.1865104048
1001064,761635.3513526111
1006208,378573.39216598053
1002992,529766.5198295788
1016568,330778.7398058902
1010500,416246.1019188645
1001397,898309.8871864746
1000727,1363275.6048386956
1015045,514523.08029264054
1012279,685545.9150677053
1004479,257343.05523921337
1009430,280034.4499200454
1015877,720270.5285548718
1009374,414700.59327440045
1006367,581123.4221315273
1000435,1005676.0149905158
1012803,221681.52368279756
1005513,820177.9199332236
1010406,236363.24564392946
1009455,440594.5028423001
1012441,990195.1114733019
1011440,242216.17505725633
1004588,588121.8908175667
1016118,421061.7962408418
1007534,345907.95868716604
1008553,352992.97998604295
1001267,236794.5567343861
1003836,485750.90480493894
1017470,1029761.1376596298
1000571,1292361.6580367151
1015231,469895.84979033173
1010912,408177.9980193117
1000764,173054.53790336204
1008736,1127774.7236417828
1015410,483749.7980742283
1014333,514348.5448415187
1016912,447601.80485159607
1014000,188797.49120957978
1012635,1000250.7511444343
1014870,1257466.760155124
1006592,168334.64856181873
1000828,264808.11161058326
1003277,221099.24055473928
1017123,501777.2350706859
1002019,453422.6469312548
1006612,603819.3753398203
1009973,566625.3622126863
1006020,280224.7002548921
1016589,592165.4706500772
1012317,978562.5755080844
1000683,417509.460563565
1013237,593494.0701316348
1010331,472958.38758554606
1010461,375533.23682458623
1011101,121196.15107896764
1008905,1246470.812422016
1005799,868335.9079568563
1013099,538783.6560378348
1014167,669793.8247035726
1004013,684703.1924993724
1012018,587016.5695696847
1009145,457250.4715159321
1006793,354144.3686040959
1002936,608716.8099381377
1003805,203142.53511856656
1004300,1009317.8624138607
1007813,593881.5611347195
1001855,322096.490441869
1006510,1047045.5016099231
1013609,205037.58925345304
1004721,840280.0527054063
1007589,114454.21394300427
1001018,668137.781220052
1010990,705631.6274958857
1002366,250078.7285878437
1014551,578579.3491887893
1004684,184140.68645927188
1010349,327631.26716732694
1000278,290394.6120563937
1008224,175355.32131667598
1003812,269329.8709210875
1009082,658067.0045939243
1000738,205147.32155749036
1012980,444184.32002700947
1007475,1081301.2565067594
1016310,197904.35768107383
1016796,385631.77958590083
1010036,340865.8850154466
1013566,410809.98440058046
1005336,1174965.9985951106
1007712,332848.4527791279
1013573,1280555.4336265915
1003641,127711.36403012974
1011182,1239737.3150663855
1015198,306945.7362086681
1007951,900584.5962124857
1010520,713369.8252169983
1015484,800979.4202011711
1014783,432694.38773947745
1005874,436550.2324430994
1010700,246255.9416901123
1016102,342905.96110256534
1001511,233331.28294778513
1006660,206724.5934614571
1010045,521128.5952392248
1005051,151218.28072104361
1017395,347110.6951203234
1011091,472676.88246348454
1003754,819699.0887746954
1014005,458867.4959589948
1015619,233819.49352298304
1017194,382609.99274893664
1008716,495468.88791972306
1003418,469805.4985244231
1005880,602833.2091594161
1016973,439754.9141774
1000247,1102896.624780224
1016320,1081624.2137260726
1010363,527036.0586801448
1011946,196152.3141444664
1000844,270674.10972366895
1014998,697529.1463815835
1001381,1234919.972525712
1003043,477511.2686130429
1008479,791753.5062109532
1008033,295054.6287622844
1004246,403311.12110637827
1005699,853917.3965468386
1010254,529256.6643321415
1004428,638121.0994745336
1007889,305382.0340570048
1016193,172803.24357795465
1015606,197714.9702398819
1012722,803399.81137324
1007397,356439.63328441174
1006810,147629.23500294122
1004971,198879.72920141154
1005235,254682.64440893932
1014897,955945.8722504509
1007946,619112.2312724177
1011280,350725.4178234182
1008382,1091832.6991785227
1001574,1040929.5456503122
1003078,717011.6356570354
1016355,471570.88913025695
1007521,436023.91567257483
1013821,411031.94642530393
1005943,219165.74527221802
1003316,1253994.1220646994
1004677,1271085.6141013354
1004630,673968.9342108605
1004129,401079.8933333315
1002461,386436.88724025874
1015254,491543.8366642007
1000741,1078135.3536298776
1015224,406151.95431986684
1015921,373645.5244260879
1015131,522113.4828771814
1011514,254046.15308117558
1014544,961529.9249441106
1009688,480994.6867817568
1014253,171163.6147975707
1007445,404650.11697707546
1004686,779684.0970720183
1014414,319677.46542221966
1013030,1113427.758882334
1005698,292090.6460112392
1004281,441804.2457854431
1015851,1169239.4335559204
1004143,159608.23940719315
1006220,442008.5092776164
1001271,427390.66222764447
1013997,1070617.9364789105
1015691,299765.4053999962
1012749,644212.4030046072
1006950,420514.2770219821
1007999,176381.2924153939
1013808,557755.1920079251
1002816,646248.3306766979
1005517,506823.1950979444
1009304,499679.0466772089
1010829,362676.6259594617
1008534,320347.88562298333
1011361,379994.93570882984
1007423,234162.42200492194
1007966,479244.357798308
1009444,1045559.1073538732
1007912,895564.3608314437
1000923,349359.3035137903
1004775,429313.66055947804
1010013,833129.4423985952
1016333,488084.02862684143
1010223,1046081.5587362456
1006294,482894.86413859733
1005186,857382.2347959669
1001578,348643.22941297886
1001940,477699.2741173534
1010303,929646.5559166716
1007892,563941.7427386862
1010306,1222592.6093653883
1017107,528509.6025207095
1005567,656607.914362271
1000471,144026.45309137425
1016449,507161.72978863097
1015086,811170.1993700053
1009612,201952.966030509
1006482,595710.6135025141
1017479,857707.1354514579
1009696,329016.5417137737
1013634,659826.6923596475
1012890,824169.8788055909
1012173,278346.1752088654
1001448,967772.9692324627
1002317,318895.6274601451
1015180,461579.5453843429
1007428,277280.33435339207
1003535,702085.0543971879
1009550,306011.04729871923
1004159,234472.5128028571
1000577,253485.16407430894
1011424,138665.58990915833
1002293,179277.48064045387
1002881,188270.9766818849
1003042,397798.96329109377
1008270,610978.180162732
1017463,1292715.0978738777
1004622,698588.7655735575
1012087,1042842.783511682
1003721,359714.6284496201
1015304,575669.8702998562
1005396,425680.3378714818
1006636,867074.2266046242
1013855,1239018.6166948962
1008430,546579.1125776342
1008589,503213.38547732716
1007297,439105.0231372541
1012411,190495.69154321853
1015911,494497.3109975366
1012528,101028.91869095311
1010684,616225.2942664172
1003826,598785.3546278318
1011926,904425.0687640314
1006264,414305.9224746193
1001445,826857.0612264285
1016238,323198.03066401085
1012278,495806.9992003322
1005765,836093.0524858552
1011063,437823.3932128059
1008668,712238.947117671
1001531,466604.94226681296
1002425,354475.16740408196
1009904,181665.62198422576
1009580,699585.2358139437
1016410,546110.0392221812
1010479,241681.52728681322
1001156,89620.26555966336
1011638,317026.5255310367
1013100,245511.06466035073
1010146,161432.9283035719
1000349,606891.3688205864
1002820,469078.3903297639
1005875,467660.6880007648
1003219,982306.6252640091
1007877,193160.01238173887
1013884,160845.8944967684
1005325,871196.9549561286
1001241,447986.91373724584
1001886,883250.6177595123
1012661,273681.8365990703
1015217,907721.7216482601
1011572,228196.81920531899
1005102,473314.279927008
1009909,351604.41185956134
1010094,155442.74417357458
1006960,232685.31871596386
1004398,973623.1552588621
1013206,139408.0340372113
1000395,282462.49229290773
1008813,1233401.0442345461
1003393,301752.30439310084
1010454,1025234.9933774906
1004810,780660.2074424023
1013208,379617.1503323564
1000078,354682.9168580391
1001432,466782.29834211693
1015695,961750.882357693
1015933,568501.2825397359
1003507,192697.57134058842
1006304,440850.3381774287
1013330,424766.66521552694
1013405,498833.86810881406
1004560,561544.5261748609
1012358,542570.4537099368
1005852,1105705.4842804407
1010243,438208.7873331353
1016312,89443.86325088328
1011278,661378.942661218
1002231,156562.97021194597
1005589,1313039.7831526808
1003378,129422.16661844653
1013074,1278486.1144662234
1013402,238357.99880236163
1017045,773830.2657568088
1001547,219565.69514353087
1004864,248707.00694906278
1016951,265524.29570696637
1008755,1094045.352674644
1002236,224296.51337405184
1003270,345446.7449247091
1011415,1117619.8576679537
1003546,1237594.1684749082
1015552,167009.31233666567
1011154,1025704.8786744514
1014946,525958.057669556
1005933,526125.0575407818
1001976,352622.3267351274
1016256,1239296.141091467
1006915,531692.9880305375
1000268,431499.8024375909
1013389,466690.35556788783
1013029,854624.6867254053
1001244,623706.3380857256
1017067,805823.399563069
1008898,368599.12955762737
1016231,277106.35563730873
1003637,490926.46421213454
1015059,690127.5511029263
1002521,729771.2604104935
1004720,317638.57690139615
1003003,489667.87371557206
1017443,726902.9778387276
1017031,273891.6947787808
1009761,1321071.0086918685
1015479,221295.68436951665
1016701,643337.2340070615
1008262,352123.4792117207
1000835,1135921.850370359
1012886,787549.8756419888
1008310,544530.2787483666
1010255,535101.2482060048
1001516,668538.4260951709
1014812,329450.56603976403
1015189,626379.247012432
1013424,877651.6949334778
1017238,301402.56111097534
1011383,348197.48404658487
1016971,363595.6518522288
1016363,437373.5844301804
1015873,894891.3508394953
1011137,215960.5453004516
1009667,514437.69916886056
1008769,203234.54165497073
1010089,785908.1726593978
1002445,976800.5340145548
1016972,574945.2518119824
1010802,263766.5722085041
1011436,1213427.6176974017
1015262,330747.3666893412
1009786,413054.72460101196
1011845,344559.93649927864
1011806,487943.3641808956
1003101,607617.9539156395
1008272,667765.8362643159
1009242,433623.74864734965
1017388,669230.2932697368
1010135,167265.19077693333
1009622,468821.07835728495
1014906,736108.450837371
1012112,142687.3634890963
1005868,315998.90001371276
1012125,235411.52396567134
1005958,369472.3654142863
1017444,342709.9384392417
1005678,162488.9677631307
1011079,1062757.9686902307
1015115,539559.3152294243
1002340,230796.4186918705
1011167,469742.3133584614
1009592,354339.66130281065
1011599,333016.9068312376
1000437,233933.590546936
1012471,630634.4252681825
1009721,413680.0685971795
1009156,530720.1531985125
1009986,984232.6590325371
1016005,470053.9327199569
1009766,176922.7167287884
1009216,675857.0606106655
1004356,212338.8610699379
1001888,193201.9192828179
1007383,1053574.44700316
1010337,1070984.212823495
1001936,385867.54318030295
1005546,202435.92304321812
1006466,491248.0269772102
1010868,766972.5355757176
1014922,218370.9028045056
1008686,774212.9470412425
1003034,1205630.0073412508
1002061,186828.5183390114
1000887,633535.6477534397
1011860,608945.7502706933
1010807,809981.6396588649
1001895,322054.5579158134
1016186,441122.8350636616
1009926,397874.54309587035
1011157,351169.8924066557
1009875,684223.9732696092
1007859,1087805.9677839286
1005138,134246.84890925043
1012632,285357.4568397384
1009701,85433.24544371048
1011858,91794.04009072986
1003711,410009.0989664375
1005206,304839.3400048934
1009113,355010.34157988674
1005872,459989.9520185984
1014246,1186546.8920752814
1007936,493455.32461493294
1003979,770714.8879345938
1016095,447465.53583945194
1010061,153595.0660576379
1005640,918453.2899761406
1015171,485834.5579066959
1006140,1007970.2461077532
1016905,1180176.9643032048
1016190,129052.36385640493
1000891,397393.10908773704
1002256,1056657.015198042
1005736,745778.2630841557
1001573,1371936.0703097195
1009877,1285583.9527621819
1014803,857687.3143256685
1010971,1172230.5497028846
1002852,609069.8449931345
1009561,817397.2232721247
1007054,1162482.0980007842
1009122,412527.0976416986
1016423,561074.6094632464
1011417,140333.68831413024
1006856,909360.2320518896
1016319,455994.1505094682
1007851,930602.9223379145
1005106,299039.87841424614
1005723,265676.33865734417
1002788,624177.6061148847
1014250,385929.7836940391
1004112,1251969.64036706
1011984,109574.04167108712
1008215,244174.66120871418
1001789,1153265.2665049543
1005846,178122.9486254601
1003793,590655.7332450466
1014079,918214.2895816355
1000742,206809.60863804558
1006197,761301.6294158553
1014628,498108.6011056307
1004610,606821.251592759
1017169,626179.4907108718
1011250,242726.03978525606
1007391,1168416.9877929657
1011443,203153.66383353525
1015409,1105572.914121053
1007468,1114233.9269591775
1011050,307808.81823076593
1001584,757120.3956223126
1007187,708295.529238986
1016819,722784.4191949687
1000025,316123.69413371943
1012982,395384.7513247043
1001236,1316218.9563617727
1012708,1109089.4951570984
1004536,1064659.5506377409
1001921,519888.1569280215
1005497,480020.2632284684
1006400,486305.9795358466
1015108,476578.6654124444
1006393,1049204.1913806705
1003258,386528.6449626298
1016023,517662.65344772197
1007275,477451.3606978422
1001825,586961.7176947859
1007032,376359.1414760352
1010386,1047487.90026906
1004534,451876.6561095987
1002681,684003.9415436733
1001107,620513.8888293225
1013104,187491.41287050443
1002794,511637.1797604192
1006356,507214.8749472586
1008465,219910.0211863205
1007329,644631.4955310235
1016949,327572.6030068084
1011652,1233065.7216872044
1012459,648960.6041782928
1003049,1024607.932189532
1010126,487796.40693182964
1012349,925261.8946540821
1005333,579074.6821143712
1003052,348177.17830717884
1016505,237737.20703674445
1017001,199651.09449511545
1009254,561531.6748728962
1002565,207891.84933062491
1006107,212869.3909190142
1010123,739591.4140485118
1003080,541047.0695106984
1001540,605631.8404115773
1002032,947691.285693192
1011468,719724.4710355006
1000886,415652.37630169187
1013111,728434.2459794665
1014215,141474.7046602114
1011387,959375.0968214206
1001455,402450.2962277541
1014852,840432.7903101887
1016542,230634.60240005355
1007063,465347.1047195332
1004561,419142.10201256204
1017328,352060.32227896416
1001962,582472.0526597297
1007932,486474.09002928296
1003897,1159352.426113503
1013321,225249.094341764
1011941,498532.1083026395
1009051,915313.519608227
1003142,742923.1047614911
1005174,361232.14743653405
1006737,549599.723144016
1015533,693559.1052470285
1010963,365108.5897082654
1017165,329499.885614514
1007224,498931.75449104945
1017017,410353.67084785324
1011153,949430.5802770345
1011827,872206.5604977702
1009710,450637.7963409042
1016615,651610.9650592606
1010754,447800.1471959809
1017262,423365.4411201545
1014491,396648.6455465333
1013243,844508.1045785794
1000917,421493.07602411305
1009767,390608.6475138701
1009063,711110.9111256803
1004448,511090.447362958
1005179,291983.24152907956
1002523,489617.6379520121
1012359,554228.0328990133
1007668,374444.27576121455
1014093,519552.88800548064
1009922,773960.8086611616
1015151,1039172.9159118878
1003394,539020.5302327194
1016374,247068.16447666418
1009867,226141.36424203496
1013001,366217.64973569335
1005298,1340094.575803615
1012074,416944.89469506196
1016952,333976.9477923758
1011358,260581.24142233204
1010038,321769.1761064098
1006399,672539.2802338146
1016880,169229.77957718895
1004696,504719.0945622894
1007925,161091.27539557646
1000769,1149546.435515679
1003044,1041376.8110510646
1013333,459709.00849951635
1016383,452511.54833087337
1015157,464827.61927433335
1005352,597088.4615464967
1007840,410230.378631239
1003441,274649.2508519437
1012226,203103.75814343442
1004071,979629.7698692344
1009245,239530.41141445588
1009902,695956.3535940245
1011311,504444.614713422
1010810,702417.2859620997
1005108,747239.8384881526
1009791,422205.5819903963
1014284,902453.4753129935
1009891,271767.4627924664
1008289,203595.61089498116
1013091,800420.8746546843
1010057,1177422.5975545405
1002570,370353.5711342642
1007967,737295.5237220464
1009046,1266942.654884786
1011103,1343804.7237326195
1001317,1172091.0218338359
1012414,322778.89180984686
1010076,722782.0152522889
1015727,409029.59116871585
1009491,504189.5618193202
1010794,1200213.9078964079
1011799,619504.9548680888
1004322,487104.52833339036
1009693,629169.2951144564
1012805,227010.90984770708
1005463,1173879.1717619682
1001254,89827.02192119081
1007532,511531.83944836183
1016964,1058143.5869235287
1008952,229425.01485772652
1015205,638975.51926421
1004119,531908.6600815981
1008770,230842.11435646398
1013020,549518.1407178539
1003939,575606.5734907759
1003482,776997.1232018475
1011772,850910.6769801937
1014221,525675.0938124005
1014913,137931.9037988165
1013832,578111.4386046702
1005382,940043.9852664972
1014482,1136162.5610769233
1012907,205843.50396444486
1010645,423514.6129619062
1006896,1227406.6013250747
1015057,1166475.9884282046
1015253,637280.443991266
1013765,338070.66867912293
1008218,693559.3454962218
1000876,462895.9480027947
1017173,483210.648848925
1012505,464080.391348776
1002129,553811.924539352
1017380,306861.2045763036
1011768,627509.1417480797
1016676,208683.90299571975
1017389,722654.6991634251
1002401,1015784.1650892581
1014372,283689.8910991128
1007922,296347.46918012324
1000860,1031113.1599928157
1015032,307900.53455062676
1000802,320563.9689017822
1012960,458372.57696120895
1004314,248094.43483330455
1003381,1240073.0632687574
1002246,348963.84670819517
1010642,469895.95960566896
1012748,407026.61884422245
1007835,319669.7204085389
1003288,995888.7554961058
1007417,478212.8837052374
1006529,718754.3142681209
1009504,833313.2330002881
1004693,652025.8539505469
1004034,491918.78469850076
1002209,285290.9569448755
1014871,356663.6207690028
1016668,434007.9239496956
1017599,1376933.2134492153
1016456,114397.65240588572
1001615,644586.1016836951
1003962,425110.37086883
1001500,1105337.6465434018
1015968,418070.04211178445
1016673,144675.292785077
1009780,932215.9117543426
1004228,238090.73962117572
1003911,314117.1433923127
1007105,944706.641889849
1004757,239291.57002003878
1009441,238870.48640032968
1015345,188755.1185558197
1005781,528300.2424237597
1014262,841478.6006520463
1017453,282984.79265649786
1002270,411648.09011927946
1016699,529108.2761022106
1007856,320452.26789942465
1013412,139413.03751230252
1010497,443359.4362631474
1000093,308242.23006089363
1010715,129557.95692910781
1007013,163840.20461891528
1002627,288164.7253834301
1014632,175419.64772878875
1003830,1117681.8916136117
1011288,1177533.5092460252
1010527,505791.5001210263
1010953,185996.06037953874
1014075,604961.2656450205
1002892,154062.4104421059
1011856,726670.1359616958
1011881,430454.8025435546
1015244,1001647.9974013045
1012435,177691.67181944838
1011349,494611.83612533397
1000785,559554.4763629566
1003336,689551.313690688
1005119,385219.2068301337
1009594,512317.42689899425
1007633,543830.0803640889
1009876,562821.5681958117
1016245,317087.4839756962
1006502,525761.6660245472
1009568,633512.7492180573
1007555,136357.3267171177
1011944,329665.39873491134
1011084,1156210.9535077475
1005696,1102915.348332882
1000281,580433.1397635704
1011589,440406.4796162535
1008518,440606.3798651533
1002486,627665.3461529267
1015892,419563.69173221797
1010727,304834.06302111613
1009756,418558.1418589808
1009495,259016.78471088264
1001093,187450.18916815968
1010849,384898.03967644647
1006973,646537.1831743756
1001739,418449.8393258881
1016475,324609.9439290382
1003084,335708.97890266083
1011898,535629.2244814086
1010426,144462.66491189494
1013103,193114.61978754227
1016315,1002515.2312689013
1002854,523330.46066283406
1006712,358639.41050568846
1000573,501440.094930608
1011350,360485.21533471416
1014982,695082.996499525
1004054,586467.3079503146
1010453,419497.8957535241
1015396,363203.0642734472
1003879,239630.93956577976
1002060,366815.80574662663
1003613,555652.2225167331
1017304,385033.2506835128
1008928,211025.06061926493
1001689,473287.90583416796
1006731,669273.3709079598
1010058,432486.9272510009
1012816,456982.55633151555
1000514,551967.0469693514
1004639,438726.6945830099
1001240,498718.8076491495
1013653,403081.8195144364
1007120,423949.989753995
1005040,208871.80619266967
1009851,366846.87627263373
1004059,398578.63792708673
1007358,337957.86961937015
1005346,265215.1481441889
1007671,166192.18771835224
1001909,110360.18431655713
1010698,235218.71928425628
1011501,471866.27082703187
1013413,180009.83008430907
1008955,678796.121342876
1014945,241064.15958996268
1011792,139188.98678160176
1015268,478978.2200738557
1008802,362839.90299845935
1007366,609925.708336274
1007804,1170658.4721146831
1011608,493703.1019898319
1001553,369773.2648070081
1001136,436265.5308344486
1001099,606295.9051379509
1017327,442951.04357080377
1014014,600980.1869091463
1014326,219949.00269693838
1016300,705472.9055699864
1008228,1320003.525113961
1008354,386782.90180084103
1003315,294794.6066366633
1008700,262729.76950609876
1008495,174024.47461125185
1003111,684936.4619873231
1013451,348526.1851579012
1002402,1137717.0411243564
1003087,587033.5768651208
1007341,464822.8830037469
1004797,528520.319797622
1014141,477949.66816092766
1014701,654292.9133573591
1006279,345654.71671158617
1007879,233055.43143385064
1000276,179132.2252305368
1009699,224492.3085657952
1011395,706661.4958163777
1011276,466643.2724304951
1009871,411765.2544261648
1003970,519885.8195338835
1002372,194384.48569190997
1012099,467606.7768502552
1012345,994057.8679100127
1000414,641671.3614870075
1004225,640318.3704281072
1011464,831203.279120289
1004039,490400.7839634018
1009089,719187.1749690131
1003619,735300.8737911965
1013572,262344.2802845822
1007488,190662.18734798074
1005760,391209.75536312535
1004897,539958.7135792528
1007744,376632.4282472364
1008188,678617.4670279747
1017359,746736.0911482141
1015549,409348.73301317537
1008178,455094.398512252
1005182,209142.91275865005
1013450,380433.18085114326
1005771,611169.4271962002
1014677,414602.67325412686
1011635,170697.58702294956
1012506,647693.986606301
1004932,671605.7128110403
1000900,289419.3177793443
1016826,281105.7119963963
1009465,894860.9011364613
1014144,1207289.8811750014
1000166,367893.5898842368
1012768,199028.69263034582
1003635,474465.50199833285
1014363,321653.4688562723
1016404,496581.96849932737
1008862,575389.4455657798
1017494,858808.6350954208
1005570,570453.1301734414
1005794,587259.39261259
1008153,395026.3887387466
1016882,165688.97684880006
1004057,598711.740470238
1002132,412119.0591764053
1007322,868915.0883378378
1011726,500504.1933279857
1008950,137901.56192493066
1016488,380698.91763586266
1009218,1231128.9330707903
1014416,120844.0967031245
1007046,695267.7321110388
1012158,132288.40927780114
1009682,973998.994533566
1013938,1327400.5092922198
1015313,475065.4524985684
1010618,290962.3653677892
1000467,378006.61232839257
1004604,370749.0282433048
1012128,173036.49152037324
1010598,1204926.1118147613
1014166,376876.9819004511
1015366,482566.8438611309
1011080,706226.4136271292
1005618,526224.3721397462
1004694,357340.12837014627
1002869,429605.2424678732
1008297,313030.1887837526
1009449,262619.6045088387
1005008,517970.55134014523
1008134,538346.1013665408
1013331,477556.40039724106
1003401,544545.227811647
1000350,454586.89207443024
1013680,425067.5845530609
1010182,995462.3080935389
1015556,221833.67441616455
1016948,290437.79286686593
1009250,434797.3178347688
1008042,344890.47743215435
1005161,376324.7065484022
1014385,867489.5591986186
1010494,222076.11032282774
1002494,310624.4096072389
1002047,431810.34857163514
1013667,168742.46835077772
1008793,652633.9628987279
1012643,242366.6963401866
1008003,129170.44776589137
1002636,417826.28897054715
1014430,1109398.1605714492
1008758,921091.9531511163
1013611,914066.9319888087
1003232,198987.81320321307
1000457,883171.6242586207
1010111,910168.3255580985
1013897,369390.38233939774
1002801,314336.34490037983
1005168,225757.07311689795
1017324,712904.6603469036
1009217,163200.2570988592
1012964,272081.76937255386
1015000,377833.32748208323
1013057,781688.5733999844
1010136,786478.6944328203
1016749,192588.5453399634
1016466,816361.8545269463
1017490,490760.3043174617
1009624,868664.56889858
1005575,130355.88667754908
1008151,567324.9950728948
1011551,636100.5670068234
1009417,524785.2087075063
1003490,1109220.3163258578
1004844,972790.3802425846
1004653,226923.27589840148
1009526,287261.14010619296
1004295,1009555.2498555013
1006857,777910.5150280858
1006269,490480.47194286657
1004983,284668.93081792444
1009053,1062111.6564407418
1008824,1067963.299264172
1009358,1143848.2145669912
1017142,268024.1859763443
1005032,838764.2783747464
1001440,434890.44353429275
1014459,684221.9696245765
1004795,346733.24640236533
1011066,392454.4103913832
1007316,393083.33137420844
1014177,763431.9483755825
1015743,132697.02089735612
1002158,312495.7453983845
1005257,354576.5892601944
1013278,190725.7126466837
1002102,674623.3014534239
1004597,1233257.095371578
1010652,438790.25950440334
1003958,589371.3399112897
1011804,852783.9971031825
1004719,157559.78313836877
1009278,518805.4852779734
1000179,325649.19872546504
1013077,274295.0919195655
1006420,400936.32388319675
1007214,108692.17906476074
1008293,623884.8013750274
1012629,171391.19713774728
1007593,1142906.338590557
1004889,559795.4514469833
1008413,857545.9939931186
1013776,877997.4428995118
1004226,332503.6664354201
1003005,485145.265895506
1006755,1208899.6761747838
1014345,319196.44249396014
1013260,320231.20029187424
1015644,747172.9801660499
1011517,531810.8810845752
1010265,1056022.0250134214
1007958,867769.7091487533
1012961,470807.71398282907
1014624,231255.57719653758
1012434,1130081.7828758617
1007388,446876.3899411128
1012272,493925.66515576927
1010975,499370.5581567866
1006424,1104313.5321596742
1003594,329246.1277506217
1000924,1347079.7933753454
1014594,777360.1191545897
1002821,1088329.7745137257
1001211,1194594.4386582547
1007161,603092.945720141
1004516,274489.98220919626
1007721,282928.15323102154
1014420,544454.9228759886
1008142,589027.8852129945
1008057,180446.11415876696
1001798,472774.16326168884
1004133,1089367.8794407248
1001528,194428.8795612598
1004906,255742.16149374458
1002099,114912.36401416497
1002477,479030.63173049304
1000926,696970.3638674857
1004028,303985.4846064062
1002689,176621.57592923407
1007037,333872.1922710522
1007572,483442.7477039346
1007059,276226.63817692496
1007757,523491.9201012845
1012934,418626.8139819076
1010237,1015359.2553150811
1005797,503049.78737156006
1003267,397486.9369460893
1011912,1184017.9671751573
1000946,275743.43857452826
1007123,309397.5724762259
1009484,332613.7355177559
1011737,873118.9833263356
1006924,539980.1593093473
1000879,228459.64327990616
1003919,1265783.7208140197
1015688,470887.0830686173
1006781,1052753.563622345
1010035,533015.8699243214
1001441,1047349.789328293
1011296,703737.9727377594
1017457,320469.31607930106
1012860,353207.0857383697
1001561,571550.6598620892
1001804,630164.5927902706
1013038,1440921.0299479899
1007148,520553.1703099587
1011346,318127.2099487384
1009472,215074.68330677514
1001624,254145.36256473788
1013841,580277.37973711
1002875,320996.9944225437
1009203,414299.9807941606
1005976,372361.40629517124
1013287,890101.4128121136
1012677,162109.55436178157
1014571,714586.2888869774
1001094,151911.52802990144
1013185,372355.5988000371
1006012,496867.99699030374
1003195,542238.6832665843
1006899,357556.53021711623
1007674,513631.718528892
1001824,676945.7585775402
1012064,405032.31471244094
1016649,619401.9610341531
1002215,1073519.281499261
1006662,413117.6231959861
1015812,709721.3715620578
1008926,268050.6466394661
1017126,409350.27868186997
1017097,857341.1060904224
1001600,829868.2407191594
1000402,518974.119711459
1007277,641569.1332513451
1006512,297070.4242424768
1001149,391778.0870387615
1014399,476783.2222054845
1012592,1004149.9508066786
1007065,226891.8808822387
1009536,524685.1532451399
1005520,344402.33157872816
1002971,1036274.8910436358
1002906,215200.109981938
1006649,414407.4913382737
1016210,1489206.895358724
1004743,433977.90231535217
1002736,327300.4402726669
1012245,1188637.8700630125
1003180,449738.0632592306
1005682,382406.6028043342
1012249,315180.1384120571
1000333,654724.7444594778
1005917,259105.1973574817
1003413,394103.90467083047
1002454,182426.3845702174
1012920,157698.56300697173
1002264,1183562.3248315752
1009366,1000902.6237571847
1013320,239340.12042609218
1008726,1049586.4221845418
1011434,591232.563266841
1017378,174560.61215971154
1016103,517022.3660077021
1011939,151131.104644112
1002012,335345.02266234555
1003729,341270.7883123066
1013770,952129.7758565651
1006518,917029.5175675187
1015326,677073.7452670702
1002908,191982.85988711464
1008671,674184.5059059666
1015699,647598.6975887401
1001315,331908.2103319531
1014470,536468.526145538
1006748,387893.9426023908
1001640,431496.7228873405
1015417,558219.4397699281
1006561,354120.35613136226
1006373,850037.9743891314
1008561,796040.9011728441
1003176,292305.453029176
1008387,242892.46558130498
1001461,456357.2262022669
1014920,389586.6676192347
1004854,474338.49973421084
1014090,624425.1542606631
1015372,443136.4916310212
1004136,467273.8684730001
1001143,624637.0007820693
1012674,358386.6187206532
1011189,422857.10473763844
1009679,1154086.0179831267
1008381,402727.58120813617
1008636,362829.2849069516
1008041,529837.693199564
1016744,283622.1648053168
1003663,940998.6351609592
1012827,157553.71567955634
1006449,794753.5936819842
1015016,596088.276367966
1012199,378436.32321045356
1004589,271856.10643205506
1012297,512713.0035098319
1007718,406306.3322886709
1008588,804382.5298130801
1015201,1229048.3630533176
1015168,507830.9067051061
1008322,665390.6718130881
1014109,520714.50415600184
1007943,304107.1030203818
1009635,804870.3844318262
1009657,423712.30522730545
1007639,692871.3012335233
1004024,279444.1140407579
1010382,231482.4358519119
1010994,754718.410769965
1011717,607794.3602341908
1004888,600851.3236303887
1013315,225488.19952484322
1004191,472054.0086913644
1012191,365741.5008400177
1008157,422973.5726790118
1016945,457160.429254372
1013567,419794.058477318
1008113,600137.7813284531
1000199,439996.19170056796
1016868,169580.01312796748
1003075,302962.13401602744
1007622,313045.98230352055
1012637,403020.62784420245
1001787,448741.6335075665
1009731,377552.0858371678
1001891,314529.1015892754
1005456,493155.2648887623
1013645,194377.47641373493
1006453,564746.8887554342
1008445,362614.8532592953
1000595,721326.6610755967
1003137,511365.2205433581
1007960,812172.7941693444
1008081,311417.50775332976
1011746,125712.37979632932
1014710,992401.3219796765
1014563,163274.53108725496
1010199,270107.045994618
1009797,156285.14208078993
1017375,213060.90166012745
1015206,1249722.418502538
1014292,203977.87180419886
1005959,109129.29603434354
1006464,516196.41460494336
1005241,679318.1683649666
1004354,181313.78411497024
1007450,226523.74462308487
1008363,184609.83472944875
1013700,943612.0522062702
1010418,314911.3145156758
1017175,460955.36861483817
1016062,694083.1583958912
1007307,717411.5714541039
1004435,760733.6804122806
1005337,963573.3960932362
1003491,877657.2446881826
1002513,714030.0891766122
1015346,302348.7410841979
1002388,638535.3956079623
1011196,511939.31405929476
1005335,429544.35329647915
1014309,554825.4774990894
1014272,361738.28522041644
1000473,657674.8401408573
1017052,280810.9737166117
1006514,753966.2243657925
1007437,709391.3546362686
1005903,282423.28577341215
1009776,366693.94041202334
1013868,643708.1675865068
1013843,1016982.2040942725
1001343,1245644.077141053
1000528,155453.26712203788
1009468,509390.5719253587
1000930,113982.61178502876
1011426,572937.002987299
1004629,724863.3912521205
1007294,740336.234380084
1005585,392439.240020418
1001358,716755.7316213312
1014612,811644.2493555852
1016044,218745.40336190158
1001029,467670.51697213325
1008393,200577.81248824537
1001548,275499.7443728391
1003119,1323548.1963540066
1008460,438222.4277633919
1000983,533855.4536296625
1017584,490750.59946357296
1017117,758976.6528964287
1006190,585199.3328589189
1001666,155100.82056620158
1015509,530398.4423252129
1016784,519433.5742307727
1006395,297075.1780867028
1007413,501480.2954018899
1000380,293311.09227597306
1003961,248311.47917574696
1003556,339519.15426279884
1015935,154112.23078262497
1014283,550487.0139234986
1002098,574341.5354833233
1007285,402990.02509208967
1007750,574405.6266097594
1000063,570119.2976802866
1007613,147852.82641733965
1010421,318534.5247519177
1000481,139811.10743907475
1014940,413505.5389667525
1000497,495201.17643953953
1001105,1263150.093750521
1002030,209483.4619115471
1008093,152836.40954209355
1010597,507628.1665973704
1011248,470453.3473873976
1010217,545501.9393954352
1013880,565376.8543011583
1000543,444666.7307177519
1016234,443857.28567948216
1014992,490437.6188962513
1003697,377928.11121382425
1008414,512169.0662877696
1006911,1016678.6622295533
1005702,370552.17673264723
1002517,221166.51870392115
1001326,302300.74390783324
1011397,449743.23274445784
1004206,806029.7608312847
1011421,516032.53841036104
1002969,420181.3511730686
1004535,1211980.3499324159
1003981,470954.89271471
1015448,528698.1154877542
1012921,868419.0492813233
1006922,611583.9361788923
1014685,319830.75877961185
1012260,413005.9250211859
1002036,178673.37641491936
1013026,437111.6410812547
1012989,240880.6924594951
1009437,752757.5053328538
1011909,480350.51059498504
1004466,1071037.1219121786
1001554,513546.37147859676
1017464,380245.31608489726
1000020,700974.6237244445
1013314,442531.216690569
1012365,475513.18903543166
1013476,612023.584441838
1010951,878601.104189785
1013803,249453.39322760774
1010637,408087.276785234
1008415,284116.07194034616
1000429,382815.07970598
1012933,425313.56919604447
1014765,270756.4870061758
1000725,984963.5632543045
1012727,461868.1254828919
1004318,306634.4577204802
1016086,873027.3547553206
1009587,274350.07736134273
1002235,410850.09396979836
1007605,311374.9035175707
1012417,285955.84243517066
1015471,699068.9024226761
1009407,122895.70197705037
1000186,499425.4410420645
1000719,490660.8851084549
1013863,551656.2657609632
1012780,817565.2104189472
