zpid,predicted_price
1011541,223422.79072552186
1005445,427516.292828985
1002822,210903.09572802138
1006212,581615.7331695581
1007959,249158.76333473044
1011023,129184.93160110095
1014874,347500.5846125763
1002671,327018.9259927676
1002323,564466.6941678731
1009937,237862.2674450087
1003854,467792.3563943319
1015847,270593.47235020006
1016572,364961.10913388536
1004566,507358.60648489336
1001662,359998.76809674804
1012423,209822.1112115692
1004180,1108070.2965787589
1000532,459294.43828639784
1004040,388817.0991747028
1009507,433530.34155178326
1002658,258252.26131276623
1012675,1002695.1834608691
1008450,816853.8673441453
1006979,369985.4030217714
1016717,1280412.7043798042
1016875,596154.359956063
1010928,511910.80673872033
1010002,602671.3450365663
1003930,937805.063472986
1009881,224180.21663654162
1014137,496582.752851033
1015460,1239920.2977486358
1003712,440050.25208098884
1001869,654560.900444349
1013663,117870.98107367396
1013647,635442.4780877689
1016041,586812.7586575991
1010809,226496.27166830975
1004106,744090.020954182
1011446,1003661.5440154901
1000342,183083.14779136147
1006067,417427.24342616415
1001131,941734.6352837837
1003424,972440.3331769956
1009477,636373.6868718811
1001318,138755.11408001688
1010358,312177.6685099789
1001522,408578.433135328
1008637,312021.9276117022
1009376,172617.75050467227
1004827,636725.0042449862
1004848,224059.29965829453
1007831,239221.24204405915
1005103,832825.6243158507
1008951,345980.06757208944
1007666,373029.950944994
1014545,596460.9454309859
1007308,151896.65283227584
1008501,558225.655680143
1012036,1175641.5187028407
1010214,1093033.6779418672
1015576,712779.7997923609
1004821,847274.7850945345
1015531,366184.1839970147
1013902,139409.1433322954
1014398,586383.3016321635
1001092,693131.0170580206
1009260,913670.2098389232
1011403,390893.2964721369
1005356,1093589.308900607
1009811,603427.1105380828
1000359,320804.1751741631
1003602,232313.7892983569
1012671,652122.0991849543
1007213,277061.87246583623
1013160,520625.35711598414
1014412,1306728.0323986663
1015931,372388.601851291
1013494,505496.1690082457
1002927,532955.5986466464
1012510,964307.1046386267
1014003,420064.8663594442
1008112,410551.2391223592
1009388,507649.4352154458
1014279,319654.0501922135
1014808,876895.5771204501
1009225,464268.4984950107
1014158,351287.5145809828
1004102,118689.78994644864
1004070,403739.7375887306
1004220,157907.98156959456
1009655,160969.668589339
1002983,368767.22713331255
1001348,678412.678784203
1002802,292589.25551697373
1014703,192288.30949995463
1003884,419718.9833543409
1006274,532057.8920568812
1014150,566671.9302785635
1001945,1271646.7704506807
1010924,868341.5068206995
1015174,961875.714212081
1000396,335071.00500337745
1003019,1026170.0033190754
1013090,456926.95553502836
1004010,447254.7703887974
1016515,599488.55104434
1011082,1184987.5233104534
1016202,197089.84636454584
1004596,528119.1330351894
1004843,425419.9687859765
1003145,483602.7637279818
1016002,205192.30905716613
1017149,542158.3707733806
1014809,757628.102715642
1010534,370185.4567928725
1009411,244171.9495624192
1005586,687301.4381961118
1000213,1213408.5636865462
1014621,683769.7923161532
1013758,437356.4658157112
1013630,719365.6096401878
1007189,439709.61623693496
1007241,607864.6671703485
1016706,365104.309785073
1015753,327573.1766224172
1007230,274569.9028793216
1014174,1025743.54231108
1012498,417081.82068836346
1008126,251603.1331021693
1007807,493332.6678519093
1002407,459507.27840401995
1013002,505555.18308531865
1016866,227647.87575772568
1015051,452000.66543726827
1009116,519752.65228537266
1012134,745448.8557734508
1010528,178768.77226408978
1017357,1101815.432460649
1016521,296342.91805643716
1010298,470823.69600157207
1004712,440725.3787797049
1008587,386333.39218266594
1015523,129835.44773114301
1004063,515036.9276034523
1002562,431928.9360468335
1015767,1155383.2156456143
1008314,436127.46371129085
1006718,713261.0351167874
1013019,307254.7029155895
1012090,356710.039179982
1009600,314855.75015545654
1014434,1301019.0896436605
1009886,366276.88966524194
1016620,487826.5801397575
1013515,250279.188516576
1004342,415047.3144335978
1015681,539725.1547108896
1001385,862481.8716225859
1005203,364641.19337973144
1000793,152948.66555840033
1000555,904053.3656969172
1008562,540180.9826012604
1009321,459978.68963658117
1009633,403521.4525802469
1002761,794594.7311182512
1004905,350477.50583870977
1011495,540709.7715856391
1009035,286018.64654284867
1015597,711885.5594098511
1006200,375027.0203630116
1009234,873746.8593509541
1001307,1057363.1112728661
1012767,723617.6140562489
1002597,1273427.974419165
1006043,448811.15429857845
1015566,991282.5652288254
1001570,701488.4139360619
1014163,327584.0318726514
1015907,363162.2635127091
1003395,390236.77730619675
1001473,451017.8474919738
1007815,839831.4582079507
1002950,424378.34462587157
1005259,226764.14580478062
1001735,1067877.6207049799
1005236,507642.0557386906
1017215,424316.4264318295
1014555,355152.9075705764
1017172,560645.1650522711
1011432,492491.70981535997
1009418,472189.5014352574
1011535,407134.3776606321
1016808,348325.0580341591
1005437,347352.9317295234
1016830,468358.8013165749
1005694,860031.3901709272
1000790,180032.40952847566
1010884,156352.23730568134
1005038,366658.6551433784
1015316,1165345.4017501657
1002929,991082.9319940532
1008179,388504.28402348416
1007653,638855.061198455
1005542,652896.3984832929
1004840,337325.7870299084
1006593,1213756.0609164487
1013372,755290.6974534256
1005349,414819.841497869
1001289,289468.52148849075
1009658,454267.61586487317
1011744,1100945.8006277801
1005345,374802.1767062472
1004474,435733.8289422334
1005391,615194.875034214
1008242,1053135.8159388932
1004654,518319.2297024645
1015774,758400.6818006027
1009905,615428.2583049351
1001030,256684.59296086553
1004976,460653.4621749306
1017465,523427.77566166053
1017080,352670.447809611
1017553,246056.46973482272
1014529,350606.93362654204
1003025,207935.17354931447
1009174,399404.79158121144
1008125,751744.5843737598
1000892,642256.0025264577
1016921,333050.67688074196
1014603,578506.0971703765
1011817,382099.6741751483
1003364,546735.3006376099
1009593,627261.7855726103
1005915,520151.1174029985
1012930,237303.59412460244
1002006,1272933.5449089943
1001805,341406.5267758604
1009914,656180.1293167913
1017594,515531.4183975993
1006836,821135.0649418192
1004238,442785.5862022805
1012198,709170.5638804287
1010411,351511.4711093042
1015351,371633.62375380454
1001979,495037.79389612493
1006358,997307.4429341432
1001880,360429.257898591
1009849,525924.7959221981
1012045,250321.7301631052
1011508,185136.68025498235
1006843,490620.69806515635
1002312,416517.87669424637
1006507,733835.4162896757
1001266,387267.7314493866
1017344,400836.39731468883
1006046,420670.2585248351
1000271,503298.2581294844
1016221,147851.23628675388
1011047,635836.4011705279
1008416,287053.73506235407
1003404,751834.9986366301
1000256,464951.99269131786
1006259,349765.77488219284
1013644,1186488.9821712826
1015190,662419.8232333935
1014008,888236.718878968
1014526,992186.2789054493
1008798,265763.123426227
1009015,490117.8954667075
1007494,483320.4686352708
1014999,192024.80354287516
1005244,391048.0836898002
1003582,235266.53957640572
1010388,1034908.5959258658
1013510,725485.1957754842
1002092,277529.3033559771
1007850,1016655.9982697803
1005557,196797.47833788593
1003940,859153.8863109294
1015852,446815.3960800208
1016294,566914.891037052
1007156,698589.0979031799
1014939,460876.902311475
1016416,691610.7789101322
1004823,289841.1313017984
1012390,402462.45639639325
1002074,467930.2803137293
1014463,437411.8241429177
1012903,646040.4406269206
1012428,633992.4748688038
1005460,221843.05566379565
1003460,319735.68497267546
1011214,853930.4019315958
1005531,525094.8447451761
1016432,437685.86618942994
1006096,245406.94834774
1016783,261945.48523990766
1015514,1041870.7312333167
1003475,529090.6454114284
1002634,600577.9755395185
1004100,116368.16836740349
1002370,819174.2806291783
1001684,435301.7181073994
1001628,222266.12849130167
1000305,684403.5868246411
1002360,670668.7693445211
1007991,534372.1539885601
1010315,298233.78515191673
1008719,1067090.9727043405
1000823,282415.5087818779
1016469,423870.82253500796
1012812,995809.917946266
1015352,278323.77303615585
1013784,300511.9167885992
1000246,271526.32036774274
1012054,384808.5041288907
1004512,1478672.7674981232
1007311,525016.6301065831
1006059,654293.7095477029
1006977,148004.2878923824
1006966,383996.7617178778
1015315,778486.4331788085
1015792,567540.6709925302
1016669,512458.17199002625
1017467,738685.0589519801
1007987,223670.39026836868
1016040,603166.0202457296
1003359,1006923.9662161315
1013210,993922.0841233927
1016271,619723.493927589
1003949,543523.9442987415
1008007,213363.88086452938
1007779,389327.7355905821
1010316,709128.2582346598
1010204,441784.4136584483
1000018,1337238.2331980295
1006803,447035.66016256367
1008084,694821.11368287
1016725,303365.3796958106
1004178,366598.2287915253
1016085,717052.7113423551
1013655,117157.74340786683
1005844,344795.1822437664
1000028,497257.0483427915
1003273,186406.4731326556
1003573,593271.3577513043
1010462,1277069.3560157942
1014476,395761.147122098
1013448,875815.5366695846
1010440,398412.45048934227
1009263,122927.6841028752
1016608,1004500.2345917104
1005467,693985.5675224464
1016444,1099813.8721994704
1015446,203941.51928059536
1005478,912900.1684398196
1015605,435771.3284172615
1014578,484561.7559540766
1014081,485890.6274886758
1009133,1029217.1223461982
1017087,299535.31893335166
1001160,244641.29635989855
1011028,499842.77376481146
1012817,164440.53030730048
1016755,1199409.8178299852
1008512,547634.7492996443
1001911,313443.0939020534
1010490,988232.1650106685
1014366,398212.2501001017
1004514,360607.2321641883
1006923,559754.6477522358
1013149,400388.5247203954
1004811,447899.561803624
1007384,127185.76808601817
1008814,539076.0372027601
1008066,188485.14427386838
1008167,529239.284267839
1012075,331453.67245919915
1011412,912185.572476055
1010877,544917.003683301
1014519,961340.1515723097
1003182,224125.14614958703
1005150,204648.47021641477
1012763,136755.1091874802
1002589,285508.3134607664
1007698,160270.28548584267
1005025,262100.42673499123
1000446,968686.8999003263
1002248,431062.49504044664
1014229,409224.61218338076
1008796,1249024.4975001665
1003440,184768.6024597313
1012955,272442.8248575678
1002375,368712.91091160104
1013015,589630.1477064545
1005896,427229.1556219539
1016769,737922.9513771031
1013945,580471.4004724002
1016360,1171439.9402152149
1001106,1282015.9524744914
1006195,147340.59775150672
1008579,128502.23117640184
1017130,518138.3274798674
1004886,327614.2870595826
1015318,382242.5028742
1001277,602668.2903225869
1003656,393277.03891991713
1004142,548354.3327237952
1007492,541023.8747031128
1009239,519906.6078365385
1017539,410432.20835669606
1003755,203052.8915062795
1008279,602679.5578195874
1000291,491861.8209383651
1010065,501199.3082568332
1012787,402717.7014364266
1004822,932081.0014059184
1006463,368774.72168082354
1010892,435674.05980100046
1017543,622757.757746279
1007135,857110.4391328545
1015474,778956.6878581584
1012868,128016.93750317956
1001226,411183.47400219063
1011318,917121.3504157512
1004175,499207.7678608272
1017445,596052.9164673754
1013963,488273.67309912347
1006643,261855.9925846787
1015308,636084.2971515801
1011471,83740.623546205
1016388,169231.94773576953
1005998,323085.7928449595
1001042,976773.92492109
1014472,1090248.8133907225
1002385,348195.1089350513
1009151,646414.3965341595
1002024,570684.9782088548
1003468,527288.9552312731
1016748,458929.2075255762
1009704,449493.3481738594
1005299,409525.6217114332
1007344,587123.196988415
1013742,513267.8993877641
1009794,895834.5863134227
1010633,758616.3048036826
1010603,240600.58063235963
1009117,1063988.1499169662
1000617,429734.7534455748
1001692,482895.93832655204
1004340,981756.7117192731
1017295,238184.60989059624
1004120,470814.2328319628
1016584,339001.7397720291
1009531,447358.71775208536
1014781,674082.4030415701
1003474,117225.36308161597
1014988,723634.5939603769
1007075,266174.7483312598
1000862,759071.9786471872
1009980,234637.41886155723
1013862,481358.05969377904
1013534,238268.59764046772
1003370,599140.4788557341
1012043,593759.0412824751
1005072,304099.3421913874
1009236,260525.0841746319
1003672,505784.73795395606
1002876,1322021.2765679772
1011865,969748.4139311165
1004044,169324.09444103422
1015250,1306427.6382107555
1016718,452822.4159871854
1012713,1527161.233637415
1013306,912498.1957091622
1005600,812639.0769839762
1015601,448574.390871711
1005886,311041.42455851356
1003266,488628.4064782772
1010872,1168517.9161493226
1005146,366679.5731065024
1003186,1242522.562651424
1017226,531796.0761557618
1007346,747059.822359914
1002766,585749.1809759517
1014453,263799.04690769856
1010857,871777.4474815441
1014264,521393.16022801097
1008214,786352.2421528253
1014637,522653.90547208645
1010489,114200.5162554824
1011834,1091507.5663973568
1002469,692550.2413244117
1003570,272990.86519699916
1000952,252264.10690425837
1010000,856858.706894862
1007348,439445.48142437456
1007629,1101773.5892884762
1010833,274769.80907096725
1015015,423879.65457330906
1014647,787899.233542507
1010821,542659.8854967195
1012994,578939.6800536606
1011526,258069.96355009652
1010345,488771.32644228044
1013082,489914.9774070958
1004828,383727.6346391747
1011597,382002.2712513395
1014718,733629.8860390965
1007994,407455.4962905223
1006890,268189.1068937856
1008600,388702.8001820077
1005583,172906.66396385804
1014973,685893.2805225187
1009246,372079.898106688
1003915,309188.82780397433
1008981,209013.13870712498
1011472,1093375.23276121
1004833,992339.1196105679
1002986,824352.0429356745
1016695,783527.4438033409
1009743,1358481.026071659
1014196,410997.06090223574
1001497,161904.4858801684
1002203,1108890.1517075545
1006038,1299776.59392259
1004215,105108.73258640865
1014368,656727.8275717662
1014260,156769.45453198688
1007885,294854.9863601553
1004865,498875.9363153137
1006375,1042474.898741805
1003936,632216.6070396361
1010012,541235.6069668697
1014902,384825.8404444839
1005254,782123.596373252
1007026,517404.05184118875
1002170,1058020.9295558354
1006622,295887.3078065409
1005891,695377.7208916462
1007293,294579.99586404633
1009672,562124.2033147367
1007693,275076.0398034203
1015418,403632.0469947769
1008152,261667.91267188467
1013078,446355.61937757215
1000159,294758.0237294386
1003066,438898.12077590666
1013416,281007.45866771037
1005956,988514.0264437621
1005414,195392.65985824147
1000200,343663.0791259536
1000393,305740.3178167275
1003716,513905.2772311544
1006268,445760.3743560563
1013554,401138.8649879494
1010977,482520.5046546079
1002241,413007.918648283
1013826,428981.39319179405
1007544,99452.31944673997
1006023,306181.12576828053
1008841,686099.8304237357
1009733,882335.2460738544
1002075,457111.6693683873
1001639,812077.6020374523
1013980,1073019.2580382067
1003193,519619.8100202644
1001763,157535.9122651475
1006385,900801.3926533476
1011185,108709.05795057006
1005524,396170.1240624593
1000169,662056.0316518117
1010936,711609.293995843
1006324,739044.9753857538
1000714,348274.26633978327
1007808,1072171.8745673075
1015608,133737.83432999082
1011228,275985.66683198523
1008724,558290.5723680152
1010385,825273.970557561
1011303,223122.53994748968
1014598,261271.9774148943
1014095,795770.709692901
1003415,678839.1239086229
1011123,535250.459743118
1012094,448190.5316118156
1002439,287602.27720022004
1014974,415689.5438969195
1013379,197240.62436783963
1017481,142607.0982482984
1007591,427036.13862481364
1000627,698325.0534487619
1004584,655480.456199171
1017118,238255.76608894503
1013662,103358.12919528635
1013239,1331380.9444586078
1008698,466570.1055098095
1005986,833709.0438402338
1005619,720218.6668283752
1013318,510463.64566342364
1008925,1191555.9302443576
1004248,196732.7052395444
1011140,514102.6635227179
1002835,619762.2717406965
1000847,605699.2661141362
1015275,234677.9680578108
1011105,247799.4928849479
1008298,115468.9195145733
1012396,393292.5683124546
1001756,158559.61526928135
1006413,1074684.7253038867
1016325,411274.5635809076
1008958,357273.3785254976
1014058,478119.7677561502
1013620,228401.01562850425
1001145,257387.98192992722
1005385,157172.85605825228
1008911,403455.87322321214
1016862,1113451.8045430344
1003714,494128.03569753416
1007355,315938.5573386147
1004834,142583.8325734319
1006403,555261.6354864227
1013819,1277188.407538969
1015350,393161.4777857446
1013871,769114.650016132
1007737,316481.2664788015
1000070,464836.0326066094
1000405,384142.91910846543
1014419,442697.30159731593
1016259,876962.9440132111
1016926,279978.16754822707
1001039,378035.13219870266
1016799,302669.3280115853
1011714,98270.85927087108
1010409,378088.659402986
1008130,548480.2891883125
1008379,335205.41523541196
1011546,312304.05456879054
1009048,318861.8900772223
1007190,166512.4850350401
1002507,463443.9011094351
1009284,599971.1445435284
1006258,245068.65289595156
1012509,1182046.0030315649
1013317,918988.3674624544
1017528,899348.7384976392
1013816,388596.8308276357
1016001,1039554.03322325
1005353,118734.86465888863
1014607,567784.5654975381
1002673,445200.87884188397
1002947,144106.69868408304
1015185,313857.0887122594
1011142,806225.1119419977
1007167,170051.71269532223
1007853,764971.7753894266
1006291,342919.679271285
1001831,1012204.7950261418
1003943,384751.2365903738
1015730,167975.02875148613
1000824,166318.2160248988
1004349,702892.0599824063
1000868,596787.8259513137
1010185,261837.39451990783
1006082,715805.1465398532
1016632,163568.72427675125
1004329,310695.2824058656
1013253,214385.8826902134
1003900,873982.0761168913
1016821,280800.7378424709
1011544,453493.4545658172
1002593,718378.1732714002
1015784,311805.41183897306
1013383,1162032.530810889
1012023,1238774.5120884564
1006834,269336.908487821
1001181,274552.9837588567
1003859,667197.206171729
1006339,122530.37861550678
1000726,1087172.26112796
1013968,626492.4046283255
1006060,488331.9563385065
1004510,950223.9261031584
1012376,471680.63176656043
1010176,459143.07941712183
1011755,141854.6095250779
1008159,400974.2543890136
1017579,165603.0018463726
1003144,1302904.931069453
1004037,147593.05391061504
1002779,297926.74465470255
1011051,969013.5638248982
1003351,142251.32266130068
1005879,190712.20147138555
1003929,524726.9740601839
1011465,208761.17879506157
1001534,1264741.6984550646
1003141,253106.1196272136
1010389,615388.4012984455
1017554,917176.4851383108
1003225,532484.3892356863
1008308,587482.4443861358
1015023,619890.4271048638
1015030,514460.98995288863
1013025,450361.9140542418
1017358,734510.5830640349
1012889,495169.5383375802
1004032,371334.8796235762
1017587,450329.91739697277
1004288,517552.6420360575
1017129,202664.70341419973
1012522,408926.4438826127
1001598,410695.37103561155
1005137,105893.8319189165
1016042,390282.31724284583
1011956,1075779.3222443624
1001718,1052512.7172902643
1012684,397487.60104315646
1015077,346529.26198940544
1008103,689126.9254699445
1016915,402407.09401970386
1003228,371211.0708360033
1016639,480547.8007558049
1016815,351894.65155641513
1004814,643193.4433958025
1005495,352199.59695793537
1008670,488861.08350640495
1015982,237346.5394112768
1001394,355440.5373127146
1004046,471742.0241858259
1003532,727206.6790975158
1010956,241498.64148623805
1001404,360191.35904088704
1001134,1262088.7478921944
1002078,423505.0725710383
1006900,486010.5490184324
1006404,303400.6730344164
1001242,277699.528783264
1000759,940617.546064969
1016782,436036.00965922425
1014422,282617.0419187278
1014518,776918.9711384075
1000646,548119.2285887385
1008590,658931.448079789
1003788,588631.9441451397
1015822,350430.9232376399
1017024,470629.634061202
1012783,1230035.8494628018
1014818,76017.38395281302
1003235,651485.918582977
1017436,358622.29336299887
1014107,506303.7072048995
1001167,701620.5979380655
1016366,721167.3049583609
1017448,833758.9234472166
1016716,191785.23598387412
1000675,327520.37962695956
1015335,160881.55189112035
1015112,311438.62509155076
1001264,439427.2902092831
1015780,164298.26743490156
1007614,384388.84118999
1004383,895330.3201121605
1009164,763058.2870415458
1005223,361700.45260382275
1008967,379897.60627067194
1013912,806869.9219047036
1001047,388412.9777051176
1011815,295837.53627937945
1003126,1037914.7981153898
1000302,430699.49570576043
1013581,285814.33386259695
1012532,278888.0638673387
1012410,1177139.279965478
1016407,290129.2283581138
1013328,217013.1460320479
1005283,444193.4824036191
1000024,1128211.693846446
1012745,768387.8514373535
1010469,407825.80628637574
1006746,194097.8721529871
1003798,756722.4781233108
1003077,383719.22432735737
1007869,1000277.6968763529
1013461,127092.7102113522
1009427,492622.3939316022
1013687,671897.7868975035
1009473,1325976.1866375096
1007704,331336.2574794131
1011789,481509.0407042646
1005571,775035.0032762772
1000116,282292.5118361002
1000640,153165.90763169393
1008312,255692.95037562982
1011068,260029.54685182904
1014931,529591.8384616893
1014828,1085206.8221792704
1005730,436102.0797174223
1009577,689367.3444305878
1003060,512319.46548083244
1008606,1169032.2912047852
1005626,888235.0912197989
1000693,1052355.6686457444
1012261,330373.17503002804
1007034,560993.3158431475
1002884,495916.33196369815
1000765,494272.3737557059
1007603,572452.1591643903
1011049,525286.8535580599
1012744,201427.87831687668
1012412,1109032.8412282031
1008582,542684.894349709
1000624,347966.32615957985
1015186,304707.6456098801
1010896,341318.0811187623
1008997,524752.938384739
1010415,783872.070064457
1015476,580388.858544808
1013911,356802.44642256486
1009822,574025.3118795512
1012608,591462.2191729553
1003585,860297.5891916807
1015880,502379.33335209114
1014126,163456.73961831265
1001860,1227303.1322355496
1006846,1457060.8432992657
1014581,1069635.945407514
1002279,577080.4513341207
1013204,237117.22919378598
1016665,489645.0134415558
1000584,536622.8129637557
1005446,547348.389716655
1001162,1161901.5473488937
1007731,1074537.4418294192
1006610,412745.92993503716
1001757,372449.4744298075
1004144,905622.5573993892
1003353,723995.0301462533
1003374,226012.2308711304
1003966,156752.25175035791
1003233,299699.3461015759
1007686,926890.3492594017
1014020,579703.4859394083
1011072,511389.72720120207
1012612,546216.8417709182
1015193,873732.2322565868
1014319,202333.9961971377
1002591,158830.60258652386
1006040,942437.4438573337
1006433,457401.82059892605
1006455,598539.6642026146
1016836,1070739.6354131075
1011968,332870.4653764395
1009778,560123.0487208904
1008843,602224.4815197242
1009405,335307.49810754496
1004179,246937.67990884837
1005249,328193.900802489
1003823,521428.867835233
1013021,885573.2685479443
1001866,557438.2788155334
1015652,150757.8110623716
1016634,641676.499014085
1005411,128152.47716014372
1015535,330595.6263467785
1007673,1025004.6980361849
1007154,595548.260346543
1011820,776315.6963330626
1011217,612946.9773767125
1007573,339491.46400217863
1013334,635758.5765308818
1010570,460911.1182724152
1008434,858998.4760512485
1000490,1320948.7838404304
1007549,787531.9345126264
1010797,395840.5662631573
1012197,1509923.9532826482
1013391,476705.48999810097
1009583,369220.5049047874
1006421,303093.4899189919
1007945,598092.7676355923
1000664,273075.9338771089
1013500,783863.1087002776
1012660,497777.1418794172
1001176,416559.08891480643
1008017,301926.95545764785
1016070,402481.45364475634
1003796,355469.6753870143
1011388,371456.27480467374
1006897,444910.6718049432
1014062,835892.790580362
1005752,315182.41090189177
1009181,145514.0677984555
1001275,442476.1088000911
1011807,372246.1486375582
1003657,615942.5747249709
1000162,383992.94402327377
1002528,404955.0454635951
1005153,399074.1850796028
1012163,547018.9153328388
1002542,924156.6711107685
1001484,503936.3025332428
1013946,452666.32591058477
1012712,247772.10425007695
1009462,309798.3267887312
1000463,347253.7123847129
1012625,145835.2915397296
1011562,244551.978295703
1010569,780984.3369780885
1009325,345262.2949846376
1012711,672050.5847882208
1011319,441785.93512903847
1016200,546669.3705323632
1009779,485102.15507100424
1015936,503342.48667742044
1003021,1123741.4448523675
1009300,320773.71671716345
1011925,542576.9318602855
1007331,185362.87401809735
1001097,752159.0625829531
1001396,215474.21102619756
1001220,260804.01997562757
1002390,754521.9637853988
1007227,150206.1404841509
1010444,910580.7825666551
1008537,553811.2455590911
1006845,191458.49585531073
1004042,528191.3674858531
1011107,690680.7570028466
1011479,308173.2208874673
1007985,349668.9527770613
1002449,440853.01515491586
1007833,514281.1232220799
1000454,421108.78790007334
1016436,335192.0968982333
1011345,424393.61709393916
1012387,579133.7087597915
1004470,611282.2130936285
1002145,544350.0772717233
1003650,694976.8253928891
1009442,1007665.4696761374
1014299,261222.7539360073
1017525,815086.1531009402
1006804,361353.3544330659
1012430,491271.61954447255
1010281,443217.9501239878
1005480,216164.35473970717
1000112,493701.9340883027
1007163,604598.4072601261
1009446,1492782.216913406
1002455,282659.6378936866
1007795,1310608.5658399672
1011215,1251683.5988679025
1008934,457772.42586580565
1010067,292922.45966346265
1007767,273898.9653232834
1013130,336909.17524554365
1004870,379379.15345480765
1015428,488040.24906705285
1002923,395513.1150144289
1017415,179593.06706091936
1013313,371873.7330915843
1015889,851165.3802008673
1010612,655135.4768378584
1006244,612091.9657050833
1007503,445553.6480800868
1011382,421055.54588063003
1015134,589151.3706493009
1016884,659244.4585732927
1016417,411116.57947767724
1014175,583006.2834756107
1011301,367521.5333262688
1001174,414078.26288881706
1005614,250780.12237470175
1008478,186174.85812643348
1014473,490177.7407531008
1009265,406352.67690535315
1013703,571512.1540689202
1007827,749858.1310131252
1005262,274850.54479799885
1002888,577976.2112201063
1012750,840798.1346146156
1010611,763619.7021977182
1011677,443928.93220556964
1002273,534090.7399798057
1003839,509210.3964944052
1000523,527985.3129178523
1002508,157415.28406554976
1005397,600800.0787353069
1014301,455488.3345235177
1002633,96151.23941857797
1014484,659561.4739854707
1010716,462931.74530536396
1008219,1193195.425064576
1002476,311147.71219958866
1011093,589554.3763705798
1002831,180990.67354049243
1008661,1012859.835307818
1004293,225435.96396730794
1009090,486409.8439195813
1016180,602197.8531383765
1011218,492713.2938684309
1012061,1148395.9240713066
1006800,310837.63156721037
1001687,123262.7173486448
1007972,193664.2638708209
1000632,467681.36185130285
1004793,971856.9818861961
1003655,610228.4174218638
1004367,450061.14267054363
1014477,529518.3309361927
1015414,1030178.3338448902
1010210,536000.465112476
1007248,293526.1334246254
1012576,427649.56345562736
1011193,252687.31613475858
1006959,301033.93099418323
1000363,303927.0054634508
1015321,455212.65406453813
1000979,203680.33112034196
1011372,139973.74198477363
1014121,139164.56117874506
1006099,1006314.6117341254
1001728,498704.7532908416
1003307,853110.026821349
1006336,526245.3787782993
1005791,288070.1932461421
1011097,190947.28241092546
1016278,1161593.7129920633
1004000,631446.3570144176
1012796,346841.67202719086
1015406,304435.08490488114
1016406,918985.1003015332
1013591,397375.3086820638
1008321,970474.425820129
1012804,378078.2609392375
1001496,210923.9576194389
1008498,436068.4507564071
1009915,415692.992237387
1009890,363562.788267733
1016922,945392.9410676836
1002013,287591.47134851513
1012579,264401.87751343835
1005709,322430.9962858661
1007029,299412.2101780384
1016513,706801.1973352091
1017275,216335.75823876355
1004495,494351.2986404906
1004276,1210162.7734261802
1003559,164949.68272832845
1006430,769284.5881043043
1007134,771886.239834549
1015405,330387.9760622168
1007303,632806.3001747745
1009654,125363.62560910253
1001195,756521.8917308882
1014752,333752.61669371865
1006678,1088792.7439283675
1016703,742341.271320514
1010579,286950.0401964724
1008089,880990.964296101
1009346,563045.5616110811
1009708,1381299.6298828768
1015734,206500.65311296878
1005198,263697.0264630198
1009971,830907.9928690876
1017268,314608.8778697918
1001657,526484.0562253558
1016740,402478.6888293109
1004353,171447.2902213823
1016794,354864.6937260918
1003538,619806.1373280722
1009337,283593.98437210574
1006216,1031961.7320978543
1002514,527489.7694156696
1010787,587139.0020082158
1015369,256588.95387087704
1015875,485583.5039439584
1009124,184958.65644475486
1003373,523030.8391207123
1016074,554002.0423656539
1014510,376021.3418663621
1005355,345794.1087071008
1017526,457055.0647314099
1011178,751976.0324129397
1003183,636505.7275193447
1000788,495375.7548350156
1006686,292940.3977403584
1006704,339272.0308745906
1002197,399724.94160187914
1008386,536034.1159811588
1011846,433878.1440527119
1013952,955514.3077191157
1012445,179671.50534680195
1000035,552600.7563884163
1009746,348104.11969474284
1003318,546342.6357083286
1011482,674293.3556105341
1011654,286881.6949159731
1010785,705865.3879466368
1010879,259176.27533895482
1016122,757903.8535296755
1014905,976398.0916636043
1007670,186191.39572306184
1007094,240000.41567296718
1011269,535150.4308222864
1008000,647930.1469529916
1004781,186049.02272452845
1004989,177617.56928864546
1009172,253749.74829433855
1013624,659217.4585183028
1014179,402504.2419982999
1013925,675651.2752156716
1006348,473234.45488304493
1010448,179074.68999674683
1008027,373694.1854754995
1016021,303994.343973516
1007337,906230.3676617777
1014018,372153.1048732669
1007243,719283.7278781125
1003702,479030.39553791133
1016846,748409.6265425289
1003166,917232.1143188763
1011477,338923.52114664076
1008617,306793.414019606
1001551,387555.57677628816
1010234,402692.70769032184
1004336,382753.1616075842
1016254,636373.1835368512
1011548,599881.5024860281
1005340,112535.53749896008
1005471,1017682.0705276909
1010859,598585.921852036
1017317,379971.5892714291
1016252,519948.3585601594
1000080,151893.01975610683
1005343,212872.4168650756
1008583,325600.8276140809
1006499,523260.4798703585
1012357,403769.4872579396
1014315,718499.4780565358
1001729,477502.10190628946
1006014,283150.7887475266
1001942,202876.39590252575
1006696,1319196.596979088
1012294,1084227.192235736
1014382,306924.42799054465
1008662,658781.4236789815
1017280,411263.97493630776
1003174,1315172.5655699454
1003158,813091.897319009
1012970,895021.4869828895
1003689,376352.3717359343
1011716,540173.1126337677
1005764,456895.6692889183
1014055,805496.6041423941
1003430,411254.7903451268
1006057,532397.037025834
1000834,760723.5410503721
1008366,988407.2572836304
1016817,1434306.9976797658
1004525,271718.58673779224
1005300,1090570.8898836204
1010279,285016.62626469566
1001050,712260.1161173404
1014617,190178.74523107507
1015084,1178447.0732059795
1014388,348497.3435942301
1008294,463169.4296528846
1009996,391496.6073284277
1005046,647528.024089502
1009316,987361.0301738137
1004311,195225.4461495737
1017498,433623.4549806856
1007309,147066.75633175042
1009614,456949.9628859138
1006193,345381.4885978634
1002397,464676.3353481591
1008563,471275.3422741874
1009460,462508.5119907505
1017071,803147.758164093
1001623,445056.96585319325
1004837,673767.565559483
1002775,392238.6175426619
1003031,546416.192205774
1014744,1008210.7899383573
1017559,227602.30958987397
1005302,259233.99579903245
1011275,398051.45168614335
1000314,186639.33600118017
1006143,555195.4115103155
1009190,520847.70397488086
1014576,268808.5498636746
1011353,1123872.1028678745
1007787,953262.7774210228
1008867,995512.5075077707
1006188,378103.1061013638
1000277,150493.8442477839
1002389,283884.95951733825
1012655,1392106.793964921
1001741,490855.90549361665
1004585,1281965.2977301597
1014506,1083589.8531483517
1004213,185920.31306483265
1015390,609020.0234739541
1017518,854559.1056384209
1010739,86204.66656814424
1017247,304363.95908116165
1015845,546090.3606996338
1016904,511197.2865562208
1011341,269260.69632453856
1004806,557861.9650848459
1002182,701537.4380777858
1008186,195007.17559407945
1010629,411532.8646646098
1011246,388633.69022425415
1013513,384844.29055536084
1007489,254781.79656320863
1007681,1067302.0959533602
1009045,102887.57072667568
1001753,453945.6536354666
1015101,316095.95193979575
1015451,414036.37565464026
1001514,821812.4146487569
1001023,251206.65025059588
1001871,547528.4764718052
1016937,553716.6182070456
1001342,150749.850295257
1012550,1166411.583200787
1011688,695573.7420511805
1009562,771396.0491006613
1016969,397425.1898355031
1000316,364611.83507235954
1003904,901586.7281550404
1008199,742898.1938253029
1015922,355947.91902809485
1009530,215266.21217458777
1003074,149011.0301640616
1004847,588536.6019736489
1010905,187165.78333619656
1010350,755115.5538789359
1006742,682929.1552999666
1011487,593660.5019133439
1002811,627430.7637176077
1001965,633523.1695967593
1009589,565813.5821093647
1007816,159576.2951560546
1000130,464803.0910390097
1014423,593631.6910756448
1011290,631318.5849389345
1006226,226631.67015247548
1007466,154297.85405000887
1015528,443091.88030159695
1007694,367520.560797243
1012533,389052.5280654493
1013740,905942.4190049587
1008584,674446.4596101847
1014501,808644.4638777309
1015848,727575.3458187346
1007565,357374.1993363217
1009590,430548.0787939989
1007233,540505.9324525349
1004352,344286.80906050483
1004247,869370.0520193398
1004707,873828.8931931709
1005129,635805.0068746447
1009091,377933.2363626486
1004791,1045137.5211495227
1001294,566116.2875718109
1009942,756393.3330136721
1002915,1122090.1019862087
1006777,658525.8031169648
1011610,384126.58529757976
1013486,235996.53238851574
1016263,586995.285596536
1005787,456220.44633045996
1000572,217127.19849536585
1007146,541266.1098723483
1005577,324384.51446479076
1001755,363092.68766559864
1013538,522360.0360129646
1007902,447491.59041094367
1005763,477420.21498904366
1003785,525241.7687240753
1005911,596557.7635154073
1005422,666771.0767618176
1009389,624053.5496812192
1002641,1108824.980667394
1004892,485637.8678462359
1003062,959351.6713889226
1001581,311467.9156508474
1003874,125287.46676593482
1010263,881142.4275943537
1012791,601170.924161226
1002079,456635.428602264
1005469,716049.505460683
1009394,529578.8751743658
1001292,373607.2569410068
1010780,566602.2413386537
1008550,390305.5146479154
1016361,198022.4221929541
1017187,135248.18901857676
1002234,567723.2935807807
1010965,1226349.7669435397
1012900,782827.4512131632
1002342,268592.0273097803
1002335,494981.42512195243
1002411,457872.72017796204
1001399,972238.3393749743
1013788,1053685.0893471455
1017183,505450.0009290663
1012468,832388.5840106795
1004683,336993.76679454494
1006245,383050.82968539314
1004755,952235.796032454
1007443,790819.5007840958
1001063,599614.348761515
1002720,846058.3397542405
1003022,821860.7559544952
1002025,1346978.1589719227
1007710,1022024.4073770676
1001745,108235.93169928582
1009213,157709.15510344543
1008424,396476.0164428424
1001369,535685.6404428731
1010736,281633.9184409107
1015758,303938.93732222833
1016440,106711.22375463232
1009945,442568.0776979871
1014203,152356.3579781446
1013145,469576.80451668025
1003365,505867.58722565224
1010783,846084.1359539921
1008396,459896.19160101906
1002772,673312.8223338028
1009553,134052.8221397741
1013894,411459.62661114143
1008792,714462.4623151432
1003639,697614.1121497977
1015633,471887.65637663874
1003399,408148.8056494374
1000677,209969.77618235894
1001015,526965.321549212
1004346,1228404.937312931
1014275,803275.486767388
1008976,176250.4188733477
1016191,831457.5802537866
1002946,1042551.8236520577
1014900,172148.97596116774
1011929,843344.0790793936
1013917,296992.8580541682
1011959,407184.2898836827
1016127,447067.57990225544
1000701,1068876.9143941656
1007989,320597.5484157047
1008523,546526.1760714297
1004663,1061021.031498469
1000041,757711.755686143
1004631,665102.7072872182
1002117,653212.9810555629
1009275,575100.6767773139
1008565,361727.13350049814
1007360,510106.9836057321
1009666,615149.31962345
1001731,143972.7117249744
1009142,171301.81301784547
1003723,439602.2871677337
1012939,1227116.124148134
1002242,392036.0922659577
1015779,437524.62153835193
1009510,860978.7862864282
1017061,1132591.7331747988
1002752,697983.0239042835
1016965,303919.42649412964
1016028,324365.17500920163
1005721,1300416.2708401293
1010224,1130769.1074701613
1002706,366716.8197455308
1002254,224870.76700067375
1005935,418084.945897621
1013672,312731.9773821506
1013831,827868.8049552973
1015466,410129.0250158822
1017411,578287.7569027031
1015411,316915.9016995748
1001073,416072.0413264416
1009595,668751.5133701517
1007952,815021.5321171647
1008694,752694.6153204174
1007483,275763.5992812617
1005697,504083.87343248323
1008020,481057.83777692687
1000580,881518.641022322
1017150,551114.0931141011
1011408,354206.1978685652
1014029,292943.4775092844
1001510,1263321.0255274572
1003033,214145.09700824082
1017115,138518.13158286174
1010835,207148.3446982099
1013994,723521.5203532532
1010130,372186.9177582942
1012176,194482.61667575914
1016998,738104.45610384
1007110,160007.6430594358
1013789,1386177.2147754661
1010148,998835.3953507559
1015377,518732.20254791266
1015048,169818.6408099916
1017050,872001.8689592568
1009830,266146.12103323947
1001907,382522.9670659139
1015661,515815.61382606876
1003239,295481.3706441607
1009734,263141.907468262
1003851,235768.89562443263
1015801,331460.0440395399
1008947,108891.62767038122
1014536,396895.47923804936
1007596,224722.4126049842
1011957,236146.76003755076
1011247,784985.2651104296
1011342,227132.1565638015
1012413,833054.7444173335
1017180,612150.8188456541
1003873,667652.2090674272
1004583,661935.0170410681
1012132,653541.1496756808
1016091,468987.0756333098
1002441,344955.3694498843
1017321,110575.70821524778
1002070,304358.6050794915
1000434,628370.0402249059
1016064,265364.7548613639
1013437,225153.0119624748
1012704,380082.9160921305
1014864,144260.74963272843
1003162,976584.7975783979
1016455,313615.0819187535
1011402,124936.5825125356
1016999,371763.93587680825
1009759,374387.4912311046
1006093,265543.6818838323
1001828,723950.4805962212
1005509,224465.78082771378
1004145,1109507.5312497015
1012143,741043.7463890841
1001927,705462.3299909321
1002227,503163.9774649567
1004181,131466.17808330673
1012645,234612.76944370466
1004772,253050.92864486604
1006563,133926.77766262655
1005941,270153.74437273195
1008210,570936.1930373708
1016858,465426.2917628835
1005270,645083.1523550249
1010155,208681.66409773516
1009866,625688.7136909491
1005394,436331.0600898325
1016485,634748.3713556412
1012234,473494.73960855685
1015735,463657.73661185463
1015395,316058.3025611711
1013014,727108.932103078
1012433,309650.3891985224
1014148,680465.4946495431
1007502,342958.51776328054
1017362,578539.2022658642
1016409,547217.0291946564
1010757,402358.03758757864
1009673,155424.87065222918
1012902,391793.7590869686
1007652,971200.9045305386
1014663,317280.6915685623
1016169,119604.3290200641
1001311,629306.7575722069
1011208,567765.8979408026
1011970,499065.24829550274
1008713,351769.15381490876
1015472,748970.3107473049
1008469,401310.7261396585
1006025,126290.42340820335
1010370,298613.96805445827
1006243,1094552.6198312142
1000927,544367.0962973083
1012687,347691.09612127586
1015862,253663.74988524776
1016577,908595.6914930143
1012746,572158.3695486244
1008564,702209.6164085568
1013771,387956.9248108064
1015641,475229.25067781
1003085,537203.318135386
1004153,395992.3827147273
1003472,457674.9940721841
1007088,330842.194909895
1016793,922668.5590424875
1011704,582964.2206865281
1017227,644824.3277859974
1017533,555344.3282323155
1004292,548501.254431576
1002421,153811.99629820918
1010267,359272.0528291217
1009782,489723.2288752397
1013520,387931.0781655806
1010610,846467.5687272495
1014210,782017.9751470773
1016842,324262.65378569014
1013610,401640.69443522196
1008651,716806.6714031711
1007385,1192064.4512767666
1010179,186868.0504654464
1016032,477819.8881020356
1009725,463912.83300603105
1013998,201234.07456852455
1004099,292820.54235916137
1012649,248855.39107550285
1010205,954246.0165384754
1013296,142710.62985628966
1016788,499283.7109941801
1014019,1015651.6730843243
1008927,495146.3440584997
1009006,518805.7648891198
1012927,125304.87727399687
1008143,207023.26493787198
1008920,347305.5952791614
1010100,259072.86142065653
1007504,529863.5357067737
1016983,660353.9353477937
1000190,295241.0980280877
1007726,372239.9429668224
1000128,201145.87834541744
1010120,1188911.6201421723
1010149,740833.8068430084
1004453,922494.4425598474
1009155,414652.06720178336
1001354,174216.62800704542
1011793,660651.2034651837
1011698,1130403.1916482148
1013338,393263.24997491547
1007524,975730.1076755617
1005011,284315.4825093586
1015274,326047.78450061416
1002480,663016.4833319968
1000972,926359.4096903524
1015261,1129374.7416773578
1001924,364430.7201196719
1011922,309289.323687653
1005135,767545.9063365851
1006822,378405.60663495597
1009775,457288.08251898247
1011298,244272.67877430026
1013367,408118.43794544484
1004726,862995.2043061958
1007527,452167.89570616564
1010387,481641.1867425112
1006055,319801.24488852406
1000327,787350.7336367662
1014181,594051.275720949
1008906,466976.5380199806
1010133,447799.237978865
1015398,944894.4840872234
1004858,1164508.8818416444
1000944,697780.2242150997
1002163,679263.9132629323
1001191,273245.27950085397
1012707,349626.0399983376
1000777,998647.387609091
1016452,916025.7162805665
1006949,497548.24038016493
1013970,585829.7606263092
1012338,461574.3659185555
1002952,728877.8794913045
1012495,510337.6778389564
1004852,1399880.883803702
1015687,688528.5661578128
1003357,994433.6291591196
1015053,383183.9830176437
1014614,236140.61498753983
1003578,437840.33614994166
1004632,633113.4824962815
1016993,454199.0320397347
1002755,916948.103428366
1009527,370398.0321206157
1010836,175261.72725256268
1012885,368244.2824950885
1015125,243253.44945411995
1011442,226727.5174561518
1001934,404524.66177017434
1003853,1058781.8781415762
1012915,441383.8096672382
1007238,537390.6908844213
1013047,971830.6632208859
1007301,796988.0299271333
1015551,346243.8110274989
1016195,121514.2499665402
1005123,1125417.6023109264
1013182,234222.2501865347
1006716,663298.0324109512
1016654,410814.4206307966
1004362,268152.95190823247
1006372,246524.015158566
1000104,908014.3848837957
1010062,1246680.0101326492
1005908,616847.3854260076
1003091,267979.54364352225
1000073,487330.9052665408
1012329,287714.8651072809
1002604,399014.00377187954
1010743,111527.40330166796
1003872,485838.4474246877
1010156,666637.7252617895
1011862,121541.5443312259
1009211,462988.4839996917
1003692,421774.7980887484
1008230,579256.7137885385
1014288,473293.9115125229
1016857,281999.8660971294
1000999,388814.93838423275
1008877,937218.259231088
1002640,503014.31276299496
1015118,497036.670868643
1009739,472151.3910030764
1000936,420236.1816174187
1011074,405955.1919675746
1005667,224368.75628020382
1016209,526110.8296942264
1013198,599628.3208235842
1012539,696128.3056042584
1001379,254013.3516149432
1001290,334380.9214057357
1014847,323419.49503426556
1014230,300746.8302197419
1010820,898171.6411001952
1014233,653015.7452080717
1008453,653358.9460284794
1017412,349628.95024261763
1012271,1192050.2843505363
1011844,548530.2310368132
1010050,1022559.6683019083
1013580,790645.0489288862
1004531,386058.7147666088
1009554,1290274.7994967087
1001357,315900.56144235155
1005545,350303.3109171016
1008395,337813.8440047974
1002302,598808.2154493365
1002546,999059.4364122025
1006444,185252.8558006894
1010648,697366.2627760314
1001527,432263.04880488187
1006905,465829.47485107684
1016368,222220.97261295802
1000322,1276613.6734448823
1010163,271377.2519694276
1016425,292588.5426864813
1000379,533979.3565906857
1011872,342254.5349010175
1011124,407396.2984548758
1015627,615107.1496454419
1010505,681256.6804832009
1016662,580516.3299922302
1011223,1042910.3035222864
1009792,245016.85590554023
1006073,846290.758076806
1003568,382104.8981662329
1002386,316646.8077513841
1006690,125700.66803712405
1007986,106024.2046658346
1003857,966564.7732070718
1002217,440663.595297889
1012343,654782.573316765
1000652,357164.4431554936
1015521,659025.2316133914
1015964,613305.982056656
1009206,368292.08257656946
1010365,1058118.1639568133
1011982,432110.48360950715
1004940,575143.0044720053
1017580,947965.76252761
1010488,510224.8496055023
1007080,221939.28660611296
1017489,1195750.0906485934
1013959,722653.4903532367
1011160,435951.4042603962
1008836,586576.8076113584
1001609,707674.8855259643
1010607,543413.0002076867
1013979,713169.4817742589
1005004,749807.3492128486
1001877,1252418.740716401
1009898,293649.5775490262
1001974,927241.7176790996
1010596,417712.5302592825
1007151,544724.151660679
1009570,532192.2519591898
1006656,342915.63780635945
1013923,276521.4165296382
1006832,1124409.898442945
1001610,396507.0287342697
1006033,163565.7905909826
1016471,759959.234800055
1016460,253567.58597004492
1000134,441505.63645151304
1016655,459975.5119618022
1002874,1080208.6140732805
1017090,681100.3422002582
1004582,475426.65790708776
1006049,546286.116985818
1003571,372066.42285037553
1012557,339619.97475431254
1000894,1168154.7073989094
1001460,657962.607354484
1001393,1085530.3596972136
1016960,124698.5470217486
1013146,289352.2991737662
1004672,514378.29357809457
1013096,329276.9504228685
1001077,1374361.356377279
1003667,489066.3889482091
1008964,145927.06195921171
1016399,301493.3908374126
1010274,407134.33347463363
1009285,819395.1413896558
1016541,285089.6766914946
1014742,1197015.0721451233
1014761,691335.7582690174
1016555,257830.53545217687
1008761,733992.7323577316
1004309,670237.8802234229
1009412,500476.5807400038
1013348,604624.0360359827
1013616,999753.1128264433
1007742,462781.80766496726
1009503,530877.8565080432
1002694,139730.59774136497
1016131,399621.58093920426
1003236,406928.07956746616
1004540,244031.41171440188
1013116,343937.6686011617
1006209,1105586.5496104818
1001371,487817.65276136406
1012008,323340.52624738944
1007921,303334.1254810453
1005436,185398.9703220465
1013983,661888.9133204317
1014822,661800.2256238227
1015967,407065.1907099921
1005432,564717.3769218537
1006329,553738.2577682034
1008689,659048.317722278
1013231,558159.3971587372
1004066,689167.1755802614
1002381,547649.3815150987
1001705,411622.25506921095
1007546,422218.7620222635
1007446,993775.7417043404
1012883,265401.13326905
1014725,357041.0502439576
1002868,448590.8728316146
1015856,1216160.0580341502
1001233,940310.2060071724
1016304,298391.91317127994
1015530,332757.0626936755
1006928,296315.2969556616
1006568,364221.71508971934
1011764,471748.6811787673
1007203,403146.6992558692
1013756,291995.72872911295
1010482,289275.3635291684
1014277,201378.99716711818
1006815,211132.06792399377
1010468,178461.34641630892
1015252,271167.45204905403
1012956,209529.9253882373
1006162,665908.387990172
1008873,279070.4953221515
1001715,130176.51806257373
1014601,220348.72767438806
1013335,251478.7982965164
1002541,1156486.629509032
1005930,441431.5771119413
1000589,333352.698228053
1012395,386728.76971863105
1005566,832197.1251302877
1014461,1096226.8611797497
1010127,783249.9512965946
1003122,256776.16712629521
1001668,578589.5983562625
1001985,643663.5833352153
1007740,115532.62152508368
1014821,349416.1693539944
1016079,482991.6263088622
1017576,885394.0585635077
1008692,296942.2446685977
1008331,709788.5131798071
1016661,327101.75254023616
1005049,191136.4466520195
1005370,729085.7299288588
1017542,323442.586090318
1014862,175580.72148503351
1010374,809117.445619144
1009075,150895.63960124683
1013589,688454.0279410694
1002596,440856.70586768986
1003632,327009.0705965463
1005479,369283.52576569753
1010235,336026.60976975283
1012354,330398.47678742243
1006550,833785.5440021836
1002622,398234.88505561743
1000507,249612.82674496176
1001726,782004.5853834256
1003651,336103.17549443414
1013197,1052544.8285315845
1001850,171690.77500880527
1003376,439373.50082994095
1002988,248670.2702955911
1014013,344582.8815813933
1005601,472073.5501317175
1013060,1323852.2230616915
1016240,459138.0831305712
1013595,970483.131395497
1017503,471186.14713058376
1015461,177186.07272192862
1008749,421575.3781022459
1012686,354287.9719045083
1010550,312949.9100528949
1002277,234323.60718739667
1014012,211546.52959289445
1008772,115957.43957003044
1012461,267714.886171514
1016171,700724.3410608566
1008394,342775.04493837885
1014391,474736.4325122336
1017598,571688.3367270954
1013575,1176808.491388891
1017603,416331.6570268096
1003756,1478937.6043946596
1011545,244717.29688512007
1017517,284012.90392736264
1009139,538670.0773589504
1006652,646430.9144278797
1016344,133225.06878534422
1006916,118090.92723021508
1016020,128479.61728202464
1010530,368505.0210978925
1009815,225542.1928220254
1015349,673057.3188514586
1006974,490695.5054077344
1005651,535631.1855319536
1001754,304502.34935999307
1010476,167917.19533863783
1003628,984469.7636715877
1007244,560394.4697378054
1005189,721349.2358142477
1007950,568367.898530695
1013298,1002074.380288363
1012362,380469.84609222313
1015449,783639.6306219669
1001112,525354.6912423426
1011886,302992.13713892986
1012072,391144.3782531931
1010495,295562.97130576323
1008502,775113.8946974454
1000925,330341.42128024064
1002531,264575.5076366062
1001377,194132.33490720243
1011183,554875.0915436889
1009283,139642.19129574404
1003367,273416.243294258
1017571,1361483.7483853044
1004230,280310.207808983
1012491,651943.6151379177
1017093,203924.70268806303
1000996,524900.266238737
1007427,813050.8099516949
1010203,1253185.371681347
1015807,473719.858079182
1002361,451669.4653205688
1014186,426852.5465084199
1007697,650481.9234858213
1000214,408268.3755322233
1009378,386406.25538864324
1017243,370567.1181069702
1000254,181863.94358002034
1016106,1427462.8113291336
1001923,1444414.5345675482
1005041,452430.1217246699
1015207,338377.506319985
1002685,917197.7330821414
1012941,1288171.9837042727
1001207,644638.4383752467
1015562,579544.6388298864
1002429,414444.7363536778
1017104,595255.0265241623
1005086,430395.63046903553
1012291,1157325.1290567452
1014056,127354.50671524499
1015158,748322.8383162196
1014296,521036.0696338652
1012046,630812.8108723649
1003011,167421.28860072303
1014244,588689.2904741571
1013309,392197.428720576
1001966,212646.1804825627
1011245,811253.647621361
1004967,812991.9525288328
1008086,541118.0203410877
1008051,517013.7863879285
1003099,1337959.485709876
1005149,495348.54391730163
1011054,160483.37285323915
1016050,338322.78285106603
1014891,226847.4399056899
1002291,638883.8430510991
1011241,360341.515335299
1017044,402421.4669694525
1016739,122689.45670661065
1014336,257653.87665450518
1013636,465638.02990176744
1005992,506901.1735170438
1007628,616663.6832431814
1004177,1105113.8487454003
1005814,685119.9332827213
1002639,589486.2276872072
1007408,988415.5738237354
1002635,493412.50980274286
1008678,502424.59295337787
1006163,355259.4320974597
1016516,178184.9314052624
1000515,441269.13442443643
1016332,317228.50599435926
1011890,215699.19616523237
1002524,497576.31390333246
1007577,326006.9050178118
1004871,545844.0446126641
1005147,460475.27356587147
1007197,386606.8199979313
1004936,264628.26234251313
1002939,122337.22806083274
1011877,605303.5213320991
1012870,346364.9684212741
1016258,543694.9656608467
1013479,527115.5216564643
1005220,366100.66813988064
1003167,678788.962718987
1011132,904561.5367189797
1000340,514174.849216822
1004646,366249.04069074045
1012243,763530.5037129142
1017384,1093683.5791637213
1011733,511351.42158542806
1008282,389923.02121792844
1009522,329150.2139320825
1007103,621266.0025517138
1016420,1351107.2935076607
1007396,603850.3438089419
1015745,359286.59630945756
1013628,388155.37001746293
1015214,708844.4439089112
1017186,778075.0451453667
1004008,382759.94343066536
1008811,830896.9068401696
1008490,513628.417077163
1011483,522547.09454049246
1007711,425612.89377341425
1012781,605977.0373227474
1014108,291204.5067358264
1014830,376157.7752007334
1001781,620663.5939423719
1002103,91256.22387170518
1014866,471872.79423580586
1014994,350906.19724053156
1016727,210918.58078716122
1017019,242992.27745885093
1012825,509315.14392591984
1009360,1026566.9819018451
1012696,683520.5404723085
1002855,380336.0900305299
1010714,376959.8231873487
1014189,305204.013965181
1012222,820873.9934240936
1007440,872310.7201979804
1012636,213001.20507585886
1014424,497800.9391684458
1007062,565972.4078380959
1000911,358681.34046498814
1017550,530695.788382974
1014788,919751.4152356777
1007480,1137640.8493604003
1006619,539581.0119811835
1000888,357839.73058997846
1008977,152171.68571255964
1006470,357251.1534597864
1013244,434165.0538173115
1016713,461823.1644527104
1002490,649419.1353641564
1001507,183934.26348603674
1009812,248319.58489961355
1002778,365155.61691915157
1012084,528913.58282126
1010477,1196062.135317034
1016618,504305.6685195174
1006608,1128477.646098227
1012448,514560.86732933077
1002022,350555.3172960484
1011554,590197.6185197205
1015033,526517.5413486232
1012906,1158910.3005340577
1001293,208102.4798172756
1001948,340002.61168644135
1016275,179056.8886168698
1001175,624744.0508207411
1013271,759779.4370420264
1013576,461963.9397550325
1001270,408531.1073456597
1017508,1209351.2015075367
1005637,439539.15228157834
1012484,368753.54469299194
1002452,844595.3857544436
1006351,1365306.0439041716
1012884,742857.5137062549
1001814,411271.2182791856
1016847,545455.9564109774
1011928,389105.5494620876
1003473,430121.81098537677
1014579,1196833.1394886756
1000228,370256.52223742864
1006283,632489.2416638234
1008128,297504.3614335589
1011948,371274.5827880022
1006601,416061.70162863086
1015831,496988.68653830595
1017492,316051.6404162301
1016179,403651.9608086464
1015273,539255.6380057984
1000962,1201739.2922163738
1008548,250606.80644477464
1017197,591229.1773505962
1001000,361608.9773427164
1011002,468716.22279292555
1008039,415760.34494183067
1014085,323755.9837137581
1002269,764581.8599904682
1006744,736104.993547218
1006508,464675.6158691474
1000172,508703.2150481679
1015049,508010.6894449808
1005648,923265.1183552904
1012333,786599.364443993
1010167,748284.8079249499
1009647,1483853.8272108648
1009752,514152.2623633703
1003045,551541.7478997691
1005593,1040013.0265786756
1010854,326745.1378194796
1004157,157476.39654551135
1013681,794211.097555206
1017336,421729.06465465156
1001173,302005.4265590979
1009179,239872.80013649352
1017155,406234.3081731498
1000334,573706.2088858713
1005621,448950.0443213678
1000399,291671.1136220337
1006965,374390.3389115548
1000789,1107642.4677068181
1012633,981392.0164051907
1010445,514303.474898775
1004521,1001000.5603232059
1007543,132279.08632947577
1009923,329051.6783832105
1014962,221382.79066549946
1014836,733744.6905200512
1004748,458386.2639346244
1009551,461674.04005315754
1010253,161472.0930713673
1007016,232894.2393834112
1010546,569476.8151374393
1011232,643607.159234069
1009579,513956.35799651855
1011233,995345.9695144899
1002275,331914.8742554772
1009208,966110.366553067
1013943,708912.2685377712
1017589,899627.8142905438
1012832,228451.06181368302
1016496,1291470.8377981493
1016672,765437.6687110249
1014508,439623.9806439605
1004303,751298.7797634341
1009471,305054.0640687954
1005522,324542.6636722723
1014979,167858.7732127825
1007172,308562.2105396216
1010496,1022069.7703946657
1016563,1054694.6156112382
1003995,399379.4040135844
1003197,346772.4169381696
1000880,270341.613216315
1010465,487987.90507472144
1002044,641937.522127782
1015785,1445594.4702089482
1001333,285908.79275474965
1003254,323149.30115662504
1014735,350635.2055430727
1014771,585708.5396314267
1005883,352980.7196818718
1000504,325787.97953432385
1008715,329924.8137723091
1015087,311961.3215069203
1008542,218400.49217027298
1007630,634474.345854222
1001237,1229050.0797018358
1008197,656079.6919185957
1004391,402775.2392919369
1005384,361045.7949890731
1014451,979234.5556980411
1002193,363557.2445572579
1010194,469833.4589251676
1007886,1052971.8384204307
1012631,427873.9598680438
1013398,1241333.157157551
1015140,136236.02574083462
1000356,334183.4361806453
1016286,236164.92538225654
1010238,144203.71430575033
1003063,498474.61098923354
1012613,910252.6040885241
1016726,376349.31931234465
1011277,339548.44423007907
1002928,614719.7018792992
1008551,218291.0455188497
1000036,732927.2886272719
1005118,600597.8479304853
1014088,632631.3544075341
1012050,780399.2902142182
1013928,265881.94312631735
1000848,681684.9247632578
1004478,268051.1997549894
1015166,644861.1272929339
1013336,1271024.8617521836
1011428,407529.23205904523
1008223,201329.18098889053
1015787,263624.96603466047
1003977,280010.5294426081
1008596,642188.4388047409
1006159,831217.7749529429
1011849,951166.0282875636
1003100,546106.565447847
1003700,468211.37514038547
1003937,768440.5956995608
1014352,853236.5217212418
1000223,387141.50533621764
1014271,1158664.209707583
1009567,764777.1626784072
1010449,314100.76134259684
1007554,707772.5936655968
1011612,350604.59380640456
1013064,419692.12949225924
1015154,765276.4682138386
1013032,468220.4872020872
1011466,402641.4519107471
1000709,563608.1076870936
1014762,203543.54002480212
1011252,505938.91448376543
1005094,478158.67975147866
1007884,372428.60097314545
1007164,383222.968148954
1013355,91655.6030632026
1001457,564269.2659332973
1017397,182933.94478831033
1015328,436238.31176947046
1004123,136442.69021223212
1014274,832542.0764916698
1002784,189496.0129413444
1015200,837024.137477959
1007569,347843.07323101023
1014527,295651.4995299539
1000737,1112334.84886425
1010433,158721.2731319048
1010522,415787.36912693566
1014070,139527.2274382071
1011681,563089.3116297758
1004390,246595.62537048658
1015333,970387.2156682779
1011516,974590.1127508387
1010824,118932.56621006188
1012248,353493.8688318772
1002935,516256.1969724304
1010766,473443.793616955
1001926,1232439.4218256294
1016055,343398.2362544118
1010703,207382.87163969027
1002987,745300.676619513
1014616,104960.97482686753
1014329,832958.873625735
1014017,563994.0814706081
1008050,375640.8865194149
1000212,483545.0630863927
1008845,1101600.8157690063
1007066,386792.281426626
1009295,523649.20582309796
1012962,1177158.1600541987
1003328,441760.10021548055
1008807,742790.4061222248
1012105,870239.6561932985
1013778,688879.8797498394
1005539,465961.1042915279
1013873,222182.50274701134
1001719,532996.8459718813
1015972,218784.9785440388
1003303,279973.8543357065
1006527,441824.1596481043
1010741,505613.2874245712
1014734,406396.8217151092
1000919,197038.38322876065
1003478,702123.5333220583
1016213,613616.5403513237
1007327,999752.556175217
1001386,697390.7941110284
1011229,273625.81774817087
1013688,667075.5041529036
1005237,110399.46735895406
1013924,326566.4301800616
1005813,436537.61551971204
1011095,507824.88690178277
1016058,294716.30699065607
1014723,130285.71803269052
1016411,124287.38203165156
1015625,105948.12204637694
1015163,1334798.0794689169
1006337,317791.4679753092
1009247,649871.8160584718
1006747,1132110.426774183
1003817,1123172.9125073412
1002316,1342051.4793491897
1005807,172971.39765013804
1015722,566692.2426093555
1000088,705986.7266885475
1001033,383858.34211117454
1016503,258963.36723666405
1007600,183458.9815726097
1010491,350015.89005182247
1012001,458817.02723849454
1012152,246638.00966136917
1010932,468107.19592547725
1010717,387857.43210292445
1006456,605284.1509980389
1011885,741968.2033914105
1010206,456447.34350633464
1004174,640364.7535841163
1011728,195262.8816491291
1009711,388830.2676342834
1002867,604506.3654394663
1011621,1080752.4674681965
1016641,349627.12255714816
1001592,317787.17190103745
1016789,765773.4551958656
1005825,1274189.7986945782
1011664,638941.4234351609
1015042,314295.2258353497
1010538,182752.23656630047
1005909,729555.6778860209
1016995,270717.0050760933
1014198,267489.63412557426
1003257,454085.37401658046
1008598,733937.2471673422
1008100,654924.1329567716
1016889,429551.4409544616
1008987,1091545.192645421
1003088,240829.41177659857
1009773,411511.43246764096
1005423,525175.373756031
1016648,682157.7204648507
1007863,487107.6104539575
1006278,314621.0234322732
1009566,364303.3590430434
1008580,673952.0506472717
1017259,385419.0336355221
1005540,189632.97977196268
1002055,1368401.0728941518
1004223,940961.9829563182
1016977,126331.99779758867
1003317,412817.1138154628
1012052,329052.2477682603
1004819,442526.0964322316
1003757,443873.08003513253
1010115,303029.57835495175
1001791,1216967.1792907275
1000468,309780.68509985897
1001104,910724.195438101
1000002,480571.61612603086
1017438,814121.3869626943
1003409,824415.2724636755
1006806,351820.5287437224
1010059,843283.253084474
1007036,323668.88774142583
1002719,288694.62166133703
1007612,758179.8150078668
1012221,253069.57074449005
1001874,344749.6593409705
1017153,298201.13820869505
1004377,546470.6571221082
1005077,671496.4586451534
1013285,366460.7385664268
1006117,277190.4838196931
1001168,518238.1393122156
1001799,301232.58155993896
1012549,905161.4974911587
1008162,453542.77632937685
1002751,884228.1410081795
1017213,836243.8301476759
1001471,355454.2023136521
1003618,838451.3544390352
1008837,545963.2342347986
1009069,404835.2513132652
1011943,302582.145844006
1009514,684398.7703231862
1012039,603769.1139835628
1003240,423959.35531256226
1015458,104590.4101807973
1001840,396912.6629812979
1004332,392940.115932806
1011086,126195.10418829953
1002758,643604.9805423284
1002865,1230518.6043173634
1016049,234822.22799166667
1003068,1179009.4964538794
1004613,660206.0792064476
1011547,513499.33028277353
1015176,946380.1796705653
1001637,284899.89664279565
1003902,239608.84106768804
1009509,234275.36718308815
1001572,369860.7272923155
1003707,335179.1714987337
1002208,167136.65169016167
1009705,485658.5860586707
1010826,605890.8928820115
1005766,845009.1706291357
1001901,418432.8728048613
1017578,737769.197120104
1012276,439587.5402438334
1002252,249623.81731876644
1005058,417176.8489256252
1016874,456891.28159764735
1001252,485124.664346696
1011952,343918.6420124819
1017066,181329.12683637178
1002066,498149.1414931244
1008572,385327.40326281317
1003608,483963.46271784796
1006087,448680.4801759608
1009609,386575.40163523966
1010379,771242.772989071
1009110,900641.0215865594
1008714,446331.7894488572
1008527,402532.2847894324
1014631,436751.53093728557
1003821,985196.5959288138
1008728,288131.2880323117
1009227,334518.11007272906
1008615,235754.08123463384
1007691,1059063.7373101728
1006631,120591.29490613911
1011485,1220701.7823083778
1001380,100159.26588844144
1003029,247229.8742007451
1015861,861150.635586146
1009897,174953.80674368088
1003680,365277.47081488214
1011709,543087.2391816131
1016957,96993.76818426306
1000708,692596.9116088836
1003999,268850.3707300666
1016779,832543.739474372
1012042,382854.3894845577
1010091,363935.0551795607
1012840,378756.7537404237
1005710,415645.8906611466
1017236,383980.6408189945
1002153,449030.13629060594
1014493,956245.5240203069
1008703,691912.291187611
1012824,1289442.1151087643
1003459,389740.5178992663
1013342,534271.2541456213
1004549,471169.91213998495
1007131,714914.4180182271
1006005,307327.0520125994
1007265,676518.8780741796
1012284,908927.0939275778
1013854,643659.5498420462
1016283,709313.4211273005
1003494,753238.8955776471
1000870,1181815.743689686
1003278,854037.966484446
1006860,542913.9733047455
1011723,144438.71332276604
1000491,461899.7624843531
1001219,213717.45784365307
1007486,765969.446143079
1011179,329393.21930613264
1006217,435582.2701700033
1012109,740153.8627647777
1002141,128680.09715509
1002255,339180.70654103
1004440,1233417.4167570556
1008492,283346.49941860826
1008311,281139.4485552786
1004004,442756.0225196251
1011191,534961.8981654524
1006262,815095.2406312788
1010769,360326.3596383182
1006964,496048.14942843927
1016930,360099.5636908747
1002322,590890.9064848595
1008468,103384.33050597021
1001790,282517.54077187995
1006907,183306.42481723073
1004901,369593.2284410546
1014160,1067296.3541035508
1005162,502104.4233806313
1009353,460436.63047227694
1010822,195720.19185284316
1009639,633613.2171697399
1002474,693791.9496435293
1008768,424208.5458445385
1002756,549617.1226904588
1015857,110825.87914161237
1015838,740950.649665689
1013718,1011004.6607821087
1010436,396231.3636315334
1001944,606368.1858160793
1015267,898954.4095925008
1015777,1062144.572014611
1000098,597510.3479880388
1009676,513399.34636272397
1011715,84820.8271835873
1001081,391384.6136260588
1014374,98273.45210535928
1008068,295310.4605905761
1002502,686982.589533992
1004202,1149500.0613606072
1004380,1261112.7426022817
1017105,180462.11231444983
1014898,493907.6852998104
1017286,560333.4479259257
1001135,431740.8839847122
1001958,495394.90009861934
1013127,1249274.5742447942
1011011,405388.8634256952
1004161,207138.20679765998
1016757,575863.1939825492
1007109,537291.2455871123
1014486,1005477.9098032727
1012154,536834.0234175174
1007349,343255.8907633197
1000317,304849.70135334734
1006450,497037.91989765066
1000885,258920.77483835703
1003343,380395.5226895064
1011889,616046.7674571623
1007376,372499.2836074295
1004113,1219800.5084695262
1009810,785222.2588119822
1012341,904369.9523079166
1003621,326025.9923687669
1002159,185719.3170203153
1008937,958183.9848334241
1010524,1404701.4164628135
1016239,425282.80464683846
1004715,256343.40597884267
1004373,490769.63077958504
1005371,177147.53107835673
1014540,295140.60654840415
1016897,348241.5831719033
1002016,755377.2667605529
1011868,217525.9254816996
1002529,297341.64104748215
1007550,337605.25950959005
1015052,426584.14374137716
1011497,429409.9023324256
1006906,483835.0071534922
1005449,1242848.164797059
1013557,681327.6229653881
1016257,437348.5232297644
1012517,271031.7830482419
1009832,455498.18706833373
1011017,343975.6324091266
1012598,232512.4011206639
1017253,544902.3142308663
1008601,146708.23581771646
1002261,379816.7979407025
1007699,281719.5811183423
1008791,1186940.2798016756
1005489,413787.5402251834
1013633,207825.72776007646
1012878,338160.63712844165
1006511,345881.9609928748
1002500,503610.5746760125
1001053,308260.2946740879
1012726,443685.1436648944
1000658,257331.69605857163
1013834,670110.914575837
1010548,296830.9269400432
1006844,596742.6570535585
1016990,1015558.8770505822
1003725,525526.2411787286
1011678,853090.342135206
1002073,215036.13783289588
1011993,270839.85463224084
1011791,512822.3362594808
1000684,331952.50707165623
1004128,683973.4307551779
1003895,822373.2533228914
1010628,601582.5903780116
1006232,1133924.811104117
1008858,120265.2528036786
1014342,1029900.5009888052
1015800,367995.70324697637
1006249,515366.0354612306
1002253,398529.27103274903
1016415,834675.8899555252
1009807,268701.91434540536
1000217,254729.2803689504
1014880,199390.579050511
1007587,428019.7538748789
1008475,169329.93200109087
1013102,1190212.3213555706
1011131,315685.54151175526
1016030,290008.8293548703
1004386,352624.2188066628
1009960,648497.7020492661
1005529,610611.059039763
1006741,1187920.112970625
1017451,695003.7593226713
1013393,440388.4778644447
1002889,913916.0795751999
1002707,397233.1691543463
1005081,431429.8432851715
1014671,381700.95918185107
1003831,322005.51446598
1002398,520833.61993513955
1014934,614627.4916577328
1001638,1111595.3549132668
1011423,681467.2145944956
1007015,1200546.2550606679
1015769,484758.47387004626
1009829,163782.49336724478
1006346,168140.09334773265
1008785,782524.5188425047
1010801,1004489.9306848736
1008277,440828.4154345514
1014947,634769.0975558441
1001903,519114.3284862536
1010172,268095.4290860712
1005664,661481.1380623122
1001268,668045.6363891407
1001853,959266.1422196785
1008674,866862.5845188353
1014435,743916.0090317873
1003188,433200.26667221484
1016556,251135.1948714126
1001956,194985.070598047
1006821,872896.8221306312
1000998,1489020.296947054
1013233,246050.67986634924
1006653,159663.15634855442
1013004,270359.8271348261
1006591,845418.1738044396
1004083,338047.3240329583
1014358,626319.4691261394
1016838,444598.5969680153
1017564,308155.2310927872
1016053,142732.4771203762
1009737,516552.6605227916
1010808,163932.0815471863
1001811,438085.3656909889
1009754,686672.3093347375
1010867,231671.93783676802
1009130,382467.845867105
1016818,440634.1292719009
1000313,718986.5131349083
1001409,971577.8976573047
1007451,788948.2199780251
1013378,429907.77234906744
1013223,739287.1014436738
1009951,1185997.6451526007
1006459,290360.9382384509
1015394,452717.96071363625
1002295,454907.4586681196
1015871,180110.55838153805
1013837,225737.6763986112
1011661,509726.7760581455
1012300,634964.9981511567
1006871,379496.17565815453
1001098,803303.9806934682
1005420,747403.5398441881
1012861,339255.2813101222
1011177,242928.70112675714
1007083,760590.2943565216
1004550,667124.1744304223
1007900,531576.2846172818
1003795,579679.3282001395
1007438,360598.29738005344
1016177,880133.6183736309
1011155,464711.25227942434
1012258,326648.2464299064
1007470,328479.659210855
1008166,576660.268483363
1010290,944927.03574037
1011619,577176.0314447314
1006795,543370.1160822813
1012334,374809.88677348295
1012977,893362.412074107
1006654,900452.8783274334
1005376,998251.0287311082
1006443,233897.06851383793
1008078,215775.66178385724
1000387,616207.2204277345
1014257,588865.0016290575
1010839,567547.8119190224
1005404,801489.1664356205
1013392,305928.6023485401
1006503,590619.4691540848
1008330,586742.9422854518
1007381,460352.4054492917
1005350,311289.84590061125
1013741,414033.21808313695
1013217,225433.05583513752
1004447,260500.22164171116
1003522,312139.1710703638
1015826,948376.8977161777
1008118,738619.0977986666
1007106,369103.5011060288
1013013,152089.92693139383
1004524,1100113.3768145596
1016083,421444.6162400031
1011438,459158.31789389777
1013011,94812.81888494593
1009796,280009.1793517462
1012379,803883.430956688
1015260,974545.8384445243
1013990,362207.387844274
1003132,1149293.1236977484
1004030,491322.6574987244
1016575,694308.6811180332
1012189,952234.8616928032
1006554,278000.9717096974
1001626,778637.7914950488
1007891,501779.0541441763
1013319,1002921.7210418539
1016459,1055024.3492424802
1002308,457215.3849157549
1004950,608183.091571146
1005521,444525.41368271277
1000895,253977.08368727082
1006501,834745.7737624208
1002645,760746.5170913565
1009037,516318.0528906171
1008483,544400.2765183463
1015768,98106.20156110905
1015457,103992.66574963668
1004029,959049.7386178854
1015905,503348.31755529245
1002313,657349.9928318075
1001118,394225.5847020415
1015225,255787.74617351207
1004269,519374.3829407764
1004652,628076.4769511294
1011721,753230.2230829917
1014205,705603.068593231
1006397,146272.15847633427
1013284,626204.1896003524
1010571,563783.9226123503
1013118,331562.82147419656
1005321,545160.5088476895
1017283,382760.24348576943
1003730,403233.2306641692
1013373,632267.6062036193
1014826,193544.2570813826
1001964,482892.7050418478
1017513,482012.04228768375
1004825,842575.3937446591
1011571,157784.3934954348
1005312,685297.852467942
1017339,844283.7571145166
1013545,1448834.8179719711
1008341,309104.3172790736
1010946,579762.0841494711
1005279,290474.3284072179
1012438,725364.293708958
1008367,199016.93651611812
1003677,732463.7653640546
1017270,362235.79419695993
1007968,536873.3228691148
1016430,470107.9534512935
1010536,583527.3634122786
1000799,537397.6293865445
1017565,633881.0244744224
1010841,743393.1767968403
1003916,334617.33521802665
1015750,1079123.9387277903
1012282,118403.27181548241
1010099,1135117.3336338215
1000204,789035.1374891173
1008280,469544.5483720011
1015815,635939.8369438049
1017276,732511.5336323674
1003427,477212.1140865849
1004944,406614.4825997829
1004954,1183439.797813197
1015653,412940.5768673362
1002329,358473.4549591359
1014065,886806.6965723054
1017302,260888.23555910186
1015966,151485.86093770576
1006566,548587.7200709992
1005631,626884.9341301959
1007783,913001.1475541595
1004947,887879.3909649724
1016380,178288.13059547287
1004539,862833.2582887642
1002631,557177.0502336657
1012372,420752.35342469165
1002677,652294.6963458821
1009447,440475.15704974433
1014935,903550.2816874888
1006572,252570.56460326072
1011422,184924.7236176269
1015499,424806.1529737931
1009714,411940.95602790476
1005067,423113.5676571057
1008922,272783.2498616058
1003612,658166.4941605469
1011927,218139.37037498687
1004012,897885.9351734841
1015116,199284.49753234166
1001256,796470.030926804
1012142,130669.04612569249
1016609,836281.842604197
1012076,534814.7947236381
1015781,447906.3568403393
1003516,331759.27000404213
1014392,184933.13187432304
1008659,189330.66808904082
1004476,595700.2507434812
1012738,540377.6434560568
1002189,787901.4518652636
1012801,389947.6093269061
1012600,387728.53315525525
1016798,361198.9865244024
1010019,255617.539335154
1005374,956310.5435006522
1014335,264589.71818219766
1006048,697534.2968434626
1002704,176510.110337707
1001287,235796.51917077342
1009459,883924.3465263366
1011622,316090.3558081794
1002354,917083.7265707434
1011637,228381.3705871478
1003708,898380.360446674
1007500,260205.87136372802
1002536,281773.6906436496
1011784,403684.91127582843
1016165,443670.255799964
1012160,154650.57403938475
1017355,476712.4510501705
1014987,560788.1528566553
1005739,466879.21283591
1005569,232823.70363681973
1010302,435279.4898229661
1004517,301250.9747509651
1000050,722351.9940244928
1003545,428127.1329993632
1014558,368319.6128642633
1000565,284267.91120259365
1014757,512699.26262010017
1008245,1166415.4329474487
1015423,204567.72154191413
1002026,576464.7880458384
1001523,169661.57527845528
1000904,749682.5122843479
1011520,107035.38613561608
1003972,935051.7258137146
1004887,469290.54953941214
1008657,121883.79383554982
1013009,274108.3258171645
1001730,180127.1143234726
1009659,714494.3086082159
1006100,344930.9254067674
1005054,196392.30404295327
1004315,729725.478036143
1012265,131546.90398526192
1007893,523203.06101487565
1004731,449061.98557892337
1011630,266460.38914839254
1014509,445192.4018132581
1003076,441512.2844688872
1005194,236342.01747992035
1012863,734869.9319347187
1014268,613342.491204952
1010552,216702.55058264756
1017240,600070.306213666
1007255,447883.5562851592
1012644,441341.5799520522
1000436,408305.4002387296
1003310,1147696.0950259822
1003735,457411.5841153194
1006104,319074.5865445766
1015760,522305.9259374277
1013395,361285.1509361833
1015951,246070.16951884734
1001779,962756.7841779123
1002804,235033.38747151324
1013569,573579.4970176154
1001215,732884.0981834786
1003690,533687.4054889265
1002699,277983.4178153155
1011430,755149.6293272612
1008740,792565.8439706751
1009591,714182.1351753335
1012188,558379.4258660356
1011194,697858.6166677594
1006682,404096.64238257695
1006344,257772.39819919446
1008734,419176.12928182515
1008092,153501.21446952695
1015702,631718.6108893405
1012776,188821.21057591145
1000791,366900.30131490144
1007370,422127.96932631626
1007775,419882.89629865345
1009134,1327540.22137672
1004236,827989.5152265308
1003171,227646.42612949543
1008642,724529.6489498711
1008896,242925.98091446876
1006590,291897.83868652774
1008438,359323.91489773913
1005748,138620.69492947985
1006762,482273.6430233137
1001558,540981.6185612926
1000369,249738.3655339673
1008872,604377.774342245
1007969,396527.94274583843
1016419,439217.59564907604
1006600,455329.26404571015
1001858,1099978.859596093
1005654,499915.18854878715
1000208,744325.0190233089
1014615,837600.5440376626
1007927,567029.9069206909
1006405,294551.385781715
1010889,219368.6604805289
1014926,368582.5438079185
1001541,548560.6127971851
1011410,338876.3492551123
1007375,488919.77264753357
1006799,924845.0404412858
1009949,1238407.5559893406
1003951,773573.9954630554
1015501,377982.16383733467
1002974,247495.35029370582
1010551,1100887.571330822
1002091,669027.388454201
1006267,317410.77719863603
1009328,977464.5965077729
1000089,1292225.6726759572
1004763,665835.7568067531
1011152,366320.47796413884
1016686,329338.5365495114
1008620,209953.38362234193
1005007,428939.5687362163
1005303,430831.142875202
1008943,569761.6524867963
1015798,481018.98885529186
1014211,592905.9230863285
1017035,1333393.6191619071
1005069,392807.4728979222
1003154,108019.75688525873
1011803,131225.34423486504
1016351,548993.6008312807
1016781,231430.21208001295
1010704,292073.7494046605
1015104,1108480.5545751294
1004577,256825.62146234192
1006000,1213893.37739136
1011613,127525.11352149946
1006873,287746.41716513794
1011235,1188772.1901690885
1000045,276575.0886349741
1013858,791199.9467090351
1000803,266399.1669093527
1000081,768054.8970596296
1009584,269422.47373016214
1013814,630406.0760222198
1011259,755985.515818118
1010144,820443.0350080079
1003097,385203.4139093925
1009094,648884.8933443233
1009420,998625.3056006117
1011489,1212899.2004925779
1015813,182564.25657342828
1001446,249975.54787926402
1014028,589789.8250641574
1001560,667843.8523898341
1003010,638565.093629634
1007247,485598.82760010724
1014961,643309.4263840247
1012524,430024.52436232637
1015060,204919.2262311855
1005281,575492.0067831272
1000330,354562.516254122
1010749,1486211.2204771019
1017482,1112087.7834661978
1006937,461646.7113041401
1004623,1135771.2061933216
1008442,280182.3698300719
1000977,755722.7623809794
1010927,100301.40441649876
1004660,579355.0295416971
1015686,562517.9101765747
1012474,318147.5096403976
1004779,609458.3159424949
1017121,1131557.9129898455
1003988,632574.4837342505
1012620,746762.2863082435
1015188,237184.9165074688
1004051,185702.32909706671
1015744,651122.5181748546
1012872,211461.1045957486
1016976,698001.5227564446
1000616,134583.9469267454
1012185,828138.6344717031
1013010,1255076.185668105
1005645,469973.9478048352
1006951,160723.51762637965
1009140,384717.03985085286
1016329,514412.85743189056
1014278,699902.2993132137
1010014,570441.2235503007
1003891,1322299.0138739916
1006784,851326.9327997149
1014170,965992.1641610041
1014154,560998.5797485084
1012741,160972.32416931022
1006225,479536.10527478135
1015172,269888.3251319246
1005314,969279.5813199887
1013174,502551.938300325
1000827,681697.1030642416
1002544,370780.1664313176
1017132,453472.6706285823
1003684,669121.2043854857
1014015,1075673.535089611
1001286,689433.6046571562
1007513,557275.5465523303
1007517,416509.11355603725
1015286,493883.9239153789
1005175,234948.07461038808
1010030,290195.00445558113
1003597,147559.33208523458
1010949,160720.47076071083
1000075,597759.9913800379
1015574,823646.3829116813
1016393,966417.4236592556
1014662,402465.51543795905
1007000,408445.58363763045
1011536,256247.14961318675
1016940,646799.3714794317
1000470,295913.6893402717
1009556,652914.7445237633
1008229,379728.1480939099
1011906,777514.5294405812
1014875,452395.24567338644
1013962,508079.50877783773
1006764,321915.8732142928
1002451,1142801.8077142956
1000811,1223504.4468974965
1003439,374659.6058360186
1015932,215535.52445132792
1009132,572398.2039173677
1000832,285175.15235882107
1005455,441309.2504148173
1005906,356017.1076251015
1004067,318811.5421556541
1013915,1263483.483548047
1015700,888367.2123303753
1005073,559717.3364549497
1015170,610400.2990412544
1000553,882115.9821587238
1012978,379760.12480174704
1016814,716181.6639626686
1000285,218409.3412058104
1005928,960459.0326050571
1008695,562135.9685682546
1001320,312650.803023832
1002611,441760.5548747518
1017377,270475.7217643416
1010676,259043.13930639136
1004818,381270.056716648
1007491,475122.0248055081
1012381,459611.184503304
1000053,534227.9137885446
1004203,1080277.1469049403
1011261,856821.8437073193
1006651,289177.33068950794
1016481,376014.5078134998
1007171,575926.9762641424
1009603,430034.93955128524
1004606,424064.9159265368
1007158,522594.34375216893
1014468,524477.2905710711
1012957,144368.4931768443
1015264,263987.3225239088
1016807,577463.609772966
1012503,888962.7574960975
1014514,102133.83206419257
1003271,489864.3744454229
1000735,468589.87180790096
1011493,197640.82964488122
1003319,1102985.7381398173
1006796,419343.1818679919
1005671,172651.3608987801
1013571,608652.136373509
1009475,668692.128345051
1014530,462051.63941673556
1004979,851264.9113291675
1013632,582072.4228303147
1006478,244325.60767111395
1002412,530310.6187253563
1002857,523992.3109978703
1001846,380652.85430738877
1002809,698539.8422659537
1015289,452539.66224069777
1017138,216910.99809937726
1008473,443559.65880726
1008766,187381.75642355494
1010428,468529.41988206736
1006041,426357.2554671904
1013670,335647.07097849064
1009010,361388.93376506475
1008107,1089706.1038857999
1015571,485884.28766473953
1004626,225329.76816059923
1016765,684234.9871810124
1000778,319964.9590441537
1002710,490210.04058221006
1004538,165501.08669078953
1012427,322699.67194266355
1002838,391965.6330540908
1012095,595545.222948028
1002899,895478.1201171634
1014729,230683.869818316
1007112,320738.4070982345
1015586,550981.215083226
1005812,315684.59049652546
1011302,374961.39913851884
1010294,177096.2182432273
1009076,424454.9707152681
1014903,539080.8260511798
1000665,702191.5200610787
1006359,144495.81165447316
1003783,625422.0025516511
1004661,476845.7912859832
1003414,332450.7329138643
1010066,258148.9750914738
1006765,498428.21725131455
1008484,982679.2420922857
1004912,626741.1941342213
1010492,264638.41191403806
1001004,1202683.7286440006
1015391,1324036.5004324026
1003016,515763.6048846036
1008856,265789.45016691106
1003079,282921.6237781042
1003458,264667.44862148433
1013388,311580.81098780583
1007581,413664.66123488435
1006862,392991.8007836331
1002506,633976.179005719
1013053,915384.177587564
1010313,440154.8506084318
1016825,1184447.313651514
1001557,1173389.2622467354
1017168,384976.8322040611
1014724,532931.1743409667
1015963,689574.2816102132
1009157,358652.06296802504
1010141,139666.7759535274
1013312,117012.767199985
1004468,396763.6580405301
1015841,404032.24209526344
1003207,703749.050578606
1001206,235035.88647820932
1016517,444968.7381066216
1008823,574279.0456257223
1015266,494358.6115245191
1005218,291093.7449090698
1012307,1051723.0393269972
1008691,151393.27858850252
1002037,189567.33678934
1004272,411511.9938435098
1012104,458613.93370759435
1006581,410203.3177059903
1001950,905574.9143387554
1007152,577559.9874193426
1001525,1189985.4207038202
1010941,341070.0187645983
1014327,456770.65872342035
1004689,111504.28026665877
1002496,214853.605921275
1013276,279151.2562408869
1005084,433840.3753709808
1011088,811121.0579702852
1010292,303667.3078658203
1015500,729571.5613058337
1005759,107672.79674872165
1010943,629700.469599277
1004407,436840.3131125613
1010732,582101.4707987054
1001777,1125780.7639803253
1000513,548039.2334600397
1015354,241713.38941430315
1010220,556733.4211226414
1006084,1224567.715963351
1002564,360580.2736156769
1017136,450779.54406710545
1011239,457048.97242585133
1002472,406682.15700828657
1015659,672871.3768133525
1011329,339260.72772947996
1011377,217717.95293272551
1012901,646562.3497845919
1016963,786248.6547548029
1009668,833129.3520127379
1013362,1218092.238639263
1014719,1193504.5258425677
1007990,623723.3023931117
1006665,1000886.9974182021
1014676,315339.5487410423
1007130,458591.7716060436
1011042,542068.2070833996
1001870,390287.7401627648
1009480,1069049.662287053
1003350,634603.4687443281
1010048,318835.3755593933
1006092,365816.1702066532
1012967,579925.1062850808
1003525,695093.8803231071
1011378,137269.59539960345
1000878,294985.361309777
1001232,506926.08838534256
1011505,140174.18454332638
1015103,216233.63175143898
1012595,974866.9663334913
1012531,1030958.689818842
1002826,225172.4008586654
1006730,1100798.0654313078
1000901,908562.4973986498
1007033,414094.6011521914
1005078,508967.22262717027
1014452,370271.82373068214
1011332,400128.27457475435
1012053,625470.153363012
1003175,208086.65474159803
1008404,511833.62242400134
1012374,500240.7796403626
1012617,891836.1911392015
1003847,417006.3105419593
1012462,889693.4304408369
1008267,623986.6550821803
1008431,234221.02035491716
1009630,464405.8422628656
1010429,690811.6197527073
1014248,819085.1871391654
1001263,619602.9585994744
1010049,101129.3959678683
1004017,624813.4591453718
1012862,237261.7320831271
1002095,872583.4142782646
1006626,472955.201808488
1008323,950541.3401936281
1001614,363885.2161204369
1005485,818993.8472129592
1013794,552901.7118574523
1004551,548265.5397370361
1015610,592074.5042728898
1008257,279725.7471724777
1014415,130670.81754426338
1011163,538277.7537982368
1002118,476825.5449523584
1007794,504495.4202232968
1015903,505129.12627422117
1007202,1034056.3077604071
1001431,575394.0205160857
1014295,331059.7477629801
1014192,654451.9179790097
1015061,433734.30309705046
1010053,646635.3937328157
1003694,307523.52904557914
1017012,623153.2079163782
1007752,472758.3582547816
1000304,160505.29630477988
1005653,379960.17203406815
1010577,790736.4716620939
1014911,270673.64761311444
1009763,513656.6512337713
1000259,643612.2867834106
1001894,978954.3474586885
1003226,198452.44791749812
1016719,187157.5218005479
1006343,451392.04692907445
1005383,434404.1321625528
1016908,347541.68899473245
1004851,232815.95949197438
1008591,409384.7928888379
1003820,868070.7936401666
1010501,357600.90463259176
1011617,376480.8244962402
1004846,887459.1152424619
1009339,742530.1751352331
1011279,301210.760148457
1006240,557369.8693620635
1017034,916981.0791164809
1005060,457435.64728858
1013301,687053.3624266603
1016663,409070.28632768604
1008578,431533.92469214916
1004162,445235.2610809528
1006921,457428.7979193384
1013744,545969.7239619602
1016477,1050449.9848032265
1007162,335745.75010964234
1005775,261081.09436018526
1015748,428452.4706216896
1011938,456047.67854255927
1000034,1281024.152717625
1015017,744753.4499918211
1016694,599554.3005612092
1015600,1356513.8688603472
1006852,619366.2722148547
1006327,424214.4879947608
1015243,477322.7951755994
1004605,388804.5457549444
1009359,844207.8741763419
1013018,439094.3695976547
1008370,725480.0483171938
1015399,1187881.1603105918
1004457,288773.4557145813
1013939,807337.4571138861
1001552,462809.85898453766
1004537,658199.2573015926
1007874,649482.1636451127
1002105,1252348.722171353
1010568,1419849.2408697763
1008213,451746.18225213035
1010117,816774.8153260963
1000654,1032959.5153849109
1003053,147800.383688977
1005536,583412.0130338906
1015998,286918.1237489286
1017032,598147.8801711511
1011749,492362.90457858896
1007641,554465.7978380497
1005113,742092.9092415575
1005563,374479.85795738274
1015855,421430.5187813988
1001272,566902.5276816003
1001788,265974.49350475176
1012274,582072.6236187434
1010034,1064294.749503524
1005047,290734.60646253737
1007300,250991.35891502025
1002488,175788.3340735139
1015513,1485176.4118170636
1015178,879282.9530887881
1006521,466331.63010063575
1003295,402147.6401154416
1016272,388499.4773348796
1006303,429523.9731591608
1004473,536169.9755614595
1011935,254229.7547214524
1007564,374462.827469729
1013360,444448.88567939244
1000275,417040.14864369266
1000774,532566.6168916406
1011568,562516.4566213738
1006865,490754.0884293848
1000771,190127.51211920916
1007608,623783.5591748309
1000704,853811.0598094437
1013792,712741.1572518288
1009401,484173.1412793262
1008129,406468.3695428988
1016364,520959.3835788517
1014408,839745.9095541951
1001257,363420.72767150303
1004728,99525.00250597192
1008176,254566.56980596037
1015258,351771.10643977666
1010537,362223.52543910255
1001423,202293.9578189513
1010667,389543.7216853811
1003674,387307.27595582814
1014068,498397.08414785867
1014535,415190.55382214335
1012790,448894.6175134745
1000224,478922.60730808513
1011697,452812.934602384
1000321,211084.95489187897
1004126,547805.1463676803
1013201,194226.73198606813
1014513,996677.1377450952
1005143,361732.94227593223
1000800,642464.2453997479
1002394,575328.9139032044
1002499,431128.9129474225
1005658,907130.7207292264
1006634,215473.4244277811
1003061,701215.8260059695
1003530,424632.96180378203
1004328,837791.2711146378
1014077,985958.9591614385
1014337,440291.5519034686
1004192,142201.0710937679
1011683,323669.95174245443
1006355,622959.0222058344
1016448,334822.8755908559
1008731,602469.2832622003
1006110,456069.83121435496
1011283,1258556.2570939416
1014389,382880.57003751723
1013711,674709.5241930494
1017128,853955.9840339693
1006123,593995.5228353788
1013617,322910.7319573457
1008830,224147.49301872158
1013065,178868.12412266855
1005322,245334.69271168186
1005288,959417.2463082344
1011128,883350.1722878416
1007592,278417.006310968
1006954,707166.084600085
1005192,523809.3764177951
1002567,472265.4145834893
1002149,452092.2427614428
1000071,596469.1235832254
1000158,685143.3938611111
1011104,420200.7146029653
1007724,226342.04158483748
1007566,934632.2710279231
1003709,387026.1352517311
1013621,426428.23827031703
1009257,544433.7002673757
1011973,636808.0991767902
1000585,297849.4068139174
1001634,1200593.8989667532
1007246,157392.89291179433
1010506,875922.8545448786
1014437,603782.142353685
1000798,768251.2278301353
1001622,632435.1525865819
1011203,243956.23749997924
1004883,472696.042799149
1017343,267429.7970442982
1005938,290634.7890671677
1010993,387871.7835034939
1011282,541599.5716399141
1012758,586318.4417501836
1008546,229795.7556082515
1013039,467132.0107652738
1013425,769367.2207801369
1001007,609638.3786391584
1014151,288638.94709884963
1012193,342729.6080416001
1013731,581462.3644702029
1014467,509619.4109931951
1001427,254229.59266746585
1007460,520532.39640960173
1003212,834679.1394783813
1015658,332334.98235579015
1008773,242686.22650747598
1008458,237255.39141793828
1013359,348185.764554863
1014507,215806.8480331846
1007904,1135634.0466942703
1008364,614426.377845398
1012232,468999.9297749704
1005199,532089.1208611396
1010655,1164409.8083809896
1002664,748104.3213226545
1004084,571792.1141974459
1010844,307477.6051653001
1012905,647394.5454665218
1002427,120604.70681270704
1015481,740441.1382439164
1017497,164656.97936843766
1017010,1205422.1454822498
1007336,1140912.7596372787
1015664,381605.6984669671
1008074,173544.67107100843
1005503,478246.3776851426
1010178,216602.39581250423
1016446,218160.54049619942
1001170,161045.53872518326
1001905,239287.44715377796
1001101,720388.2954793496
1009724,1119468.471523628
1000403,439166.9244160043
1006515,629592.5507702343
1017174,1016464.3050871154
1016525,544450.7123144425
1016267,287164.85021569557
1016301,294791.72670677153
1001002,345286.6404429438
1015486,229023.14265878062
1009210,674334.4538132269
1006703,551955.2383317614
1006720,338598.53587203723
1016311,351372.1977307484
1004853,245120.53726949487
1003747,592779.0173914419
1004274,1228249.653464009
1000711,153261.5911676426
1007777,1128390.9112235452
1015454,613255.7412872002
1011644,298522.7331822993
1001815,904712.8846825844
1003753,1081059.719117944
1015297,909108.2593356015
1004285,350418.93852953083
1010301,133654.6890530713
1015088,432519.8727754904
1007619,325658.9112060763
1011044,538374.3272179505
1009106,339982.24943754234
1005323,418615.6959561186
1015828,291924.16996503976
1005075,198364.16194249882
1000749,344411.8474093214
1005947,689748.533872557
1002900,376583.5493189102
1012544,145147.72829205857
1009092,314065.24819516804
1006912,343200.79862583365
1012330,473564.45598168735
1011874,131665.14874806086
1005803,520414.33986082184
1012653,1072288.7873230835
1000092,820122.620665918
1011796,382190.1200491751
1014667,212713.24575787867
1012454,194004.71635764156
1001308,421997.0746687315
1000235,399414.9535920047
1013458,449214.17195702496
1008335,728473.3822371989
1002753,668992.111922195
1009017,676819.8451121909
1006071,309753.8545512639
1004664,726967.452539341
1010697,979096.3312678952
1006178,366979.93219595536
1012251,381840.15529207647
1013418,556581.5309368339
1008820,462748.7891461712
1010653,425364.2983791665
1002086,511736.45219772577
1008930,194340.8822175175
1000030,593603.5016077164
1017486,242771.5858265878
1008133,282838.449034992
1004968,832054.5581151183
1007023,506137.6806781304
1016334,1169235.7948046727
1011787,1043720.7334447367
1015934,524159.4187658923
1009549,618526.1909418277
1006914,877871.7948987351
1015825,271058.66596652067
1007312,789466.929536865
1016720,280334.4244070764
1007872,211505.87032746908
1005163,435219.57885090006
1016698,1416042.3297201535
1004841,660665.3296012026
1004839,378619.3609631469
1014917,1407235.6063334187
1001571,466092.7167762
1001259,516597.3922247086
1011351,763811.8534489113
1015127,769426.1920968039
1014888,444627.5757192289
1015285,497591.41538542364
1002466,401718.8868866126
1012641,637646.6699642092
1010025,930065.7143915402
1007647,375032.1699877977
1007144,407786.1395391625
1016422,217664.90437173474
1015981,1104077.007151106
1002652,366372.91025716986
1001383,1364164.8441394137
1008974,450891.43321560434
1008744,481325.84896426485
1007433,306009.44066829624
1012694,136728.1886044259
1011626,246138.58185458527
1009641,320208.5430116547
1009469,321192.66839474544
1017220,625072.0284116042
1001177,471809.9892938869
1013926,310005.5236978302
1006491,223438.38091517473
1013132,235321.12776401444
1015518,305816.1813473646
1007051,549292.5972824316
1007975,250398.61414483312
1016833,423637.3371626275
1001067,120669.26332330554
1000054,892908.946480183
1000257,565168.1912137091
1002003,302541.7609207677
1003054,743015.4244068115
1006575,415534.0566187494
1004081,928080.8188023735
1004251,481886.40936873486
1013772,234815.4067111266
1012289,215712.71940206503
1014831,1391332.3019759022
1014844,315678.8399571228
1010817,427405.02263161005
1017218,622252.3207270999
1014325,273095.14074632875
1000696,705764.4746721414
1017460,1155537.118868118
1005862,1180718.883405248
1007310,994120.1687810643
1005470,776654.4455207477
1010853,883993.3703492774
1001229,696841.0450956032
1009765,434355.21937271464
1004875,547300.9431319244
1015598,764154.852826238
1016985,244085.0464406815
1017516,442641.92684175546
1014286,204717.43826162763
1006230,510259.3404929826
1009314,129851.89200376907
1006154,581406.4537512596
1004431,897322.5700785131
1010636,900979.0404801046
1016305,760517.8691691005
1002443,364722.9249953918
1012514,772424.6731969388
1007822,608495.3459924975
1005070,1265591.0047484126
1010247,780916.8549037573
1000805,511331.810391512
1004802,426694.6910023871
1003279,346149.76196617755
1007058,828868.9170548936
1000583,667636.317309575
1004515,355717.5816479201
1005950,605895.8563774104
1011693,537473.9469033629
1010470,426562.4748319169
1002357,379874.2057469573
1006694,133402.91030535896
1002464,154275.81989015243
1007649,500545.3400903389
1005291,518800.9485304734
1011139,581234.8920577319
1012799,108654.52549562382
1011800,340631.593615675
1010641,667161.0833150302
1006833,291564.44832272286
1016216,508418.61281081097
1009541,354104.8459274394
1007415,420510.03877057217
1000265,720762.0860742063
1001079,262283.62788310193
1003683,293707.5019674251
1010952,164248.69013002218
1012628,689935.5211658847
1004483,433133.01330799016
1015680,208249.5026377828
1014410,313824.9026260933
1007266,399023.98347287235
1003020,196090.81147786594
1005256,768437.8539137274
1009056,514333.66612566303
1006129,580357.4050110802
1003950,469214.21175784763
1006760,297816.7954316281
1008378,355879.9903721343
1006638,1076202.0946273603
1001361,266936.5185538364
1014971,477219.54846549185
1003668,536904.9165035348
1014882,431704.1795463367
1001010,283129.1323573602
1005641,757661.4183822231
1012828,639147.9307269268
1009364,95721.48071503187
1007796,723033.2495393485
1017282,328507.03491382697
1005805,450626.98561585264
1002199,353407.5397803219
1017054,437571.8609005243
1008011,897527.4216716159
1008979,544780.1616428645
1004528,380252.3008035745
1002065,932747.7082631967
1011070,964466.3514412822
1006103,1050654.5192938754
1000556,542836.8935456618
1011425,211617.96926116213
1003339,177102.44283368989
1002614,265925.33498735307
1005898,517077.016199788
1015074,616090.7175398476
1001699,394960.9531415924
1012587,239885.25931163688
1016129,256252.62901606868
1004667,202952.63744584043
1001325,352498.92994348146
1002213,566376.7943056589
1015834,598650.1925341571
1003496,457507.9780941523
1000865,631461.6027123991
1005405,387481.5550360028
1009397,585504.6057475371
1010042,697096.4685482141
1005273,531354.6853695743
1002056,1002078.4307415696
1004210,491134.1952810051
1015520,365695.6709338294
1011888,413947.2337161528
1016151,490842.21007540356
1003396,567746.6275265752
1016869,1220210.813196063
1003584,193863.04152853895
1004705,322772.22327280097
1008619,419235.769111529
1011092,733968.3516991924
1003214,275109.5480452395
1001680,227361.80033753425
1004921,126759.54978738131
1011942,242973.47913828248
1015628,1128999.7187788016
1000806,185942.4751404108
1012321,259265.31642415805
1003227,1114737.916446615
1015836,206387.3126028109
1004546,788355.0638069775
1013948,258033.4894743789
1008104,767403.3199600856
1003605,366704.30099180463
1001239,488138.67534388555
1012350,482397.0869119288
1004278,984377.8321697873
1000421,785676.6018701441
1003363,437401.15459926525
1004998,374783.0783548049
1013357,867850.6591150815
1000336,519129.71517484065
1013659,1011680.3439727193
1014780,697489.5115980057
1014447,428066.5982713307
1002085,963235.4702786077
1015397,376623.4962351553
1016163,722258.8228368179
1006414,432400.312371808
1003081,271138.2477729891
1012384,519498.1687973509
1011653,144621.71713129763
1014800,209987.0585599681
1007677,399884.10042355553
1010079,241037.07625561097
1006522,164452.66820466568
1010913,419114.88388057204
1004744,181775.51400007497
1015294,946905.5638895177
1008643,508327.97507068666
1003634,658541.6047514124
1000955,682456.988254551
1014098,177624.57074080248
1001091,319932.92069172976
1002843,541995.8923058307
1012149,146155.5433150954
1011394,699594.8822311772
1009107,390635.75460359425
1014313,473043.9456650979
1000550,453270.7842034656
1017072,304396.1395730109
1007791,685445.8099855767
1006877,501407.97571716
1003751,334874.52037946804
1007249,276514.18442131276
1002576,186727.19183317505
1015715,304605.48792412365
1009538,141764.9652221567
1001653,614435.3470669106
1010419,472927.2601687112
1010696,626034.3546908929
1007746,874134.338986005
1005101,915451.2594921375
1009924,607101.2269171459
1017042,831845.3133193513
1015040,260966.531241561
1010165,509498.1829077803
1013955,511816.45845474896
1000989,807500.0008571552
1008648,199947.9296473853
1005185,253404.2473450019
1004103,911448.5141431204
1000628,320779.77155829
1006648,547745.4541047793
1015860,179350.05705985532
1005012,988830.1705211077
1011706,369581.12739702075
1012724,188772.9943586676
1010366,456453.18884612474
1000345,720969.2280262134
1003947,512190.0058754627
1006027,482301.54836520384
1011633,451949.63054262666
1005857,1064780.0910418378
1002830,382220.66442157334
1005951,912522.7084040341
1010455,602815.2245982407
1006250,176469.6354048637
1002504,926399.3670037624
1005316,366416.6277424434
1012858,416603.4941870865
1015865,470765.3424823968
1016530,768353.2573652379
1006562,417324.59523519303
1009961,471237.8181851834
1004641,203773.27700986204
1012786,139229.73715470958
1008216,733577.4284205849
1006650,272704.2704451363
1010914,280117.0664935078
1009253,750165.3521407751
1011712,511851.17718067096
1015793,905551.9544914028
1006254,373530.36757093517
1000676,653848.182208788
1005776,1213170.46735002
1015858,519019.93687273166
1008885,1352942.3067179476
1015229,497851.3610350004
1004558,143455.4062026822
1013052,1071723.375707738
1008290,308616.4790081341
1000519,402865.4438923379
1001627,986916.9944467293
1011392,404744.5795228373
1015212,521779.411723021
1011960,388346.3913806504
1004749,663430.7014942054
1000062,175096.91835605752
1007421,1057280.6971529266
1003323,624615.3475967553
1004777,686684.466854585
1007221,435077.8542222011
1000047,266179.9726922891
1015929,638729.2929815779
1006874,797511.9440231639
1012846,327885.8557832392
1004233,344338.661325638
1012650,929315.5160986907
1014550,165565.64802485847
1010788,488607.50694671593
1000982,617709.1294798729
1001671,278903.8960562018
1013042,442017.8349139244
1000394,437733.8585445748
1005932,388092.08626807795
1013905,365392.0136907032
1004590,338930.0964739816
1003733,278649.0693509345
1011354,394608.6685286065
1015240,448303.7667892966
1004451,660288.7176380693
1003636,265737.7082618257
1007095,287795.7403442485
1014985,276175.03525392216
1012910,576661.0057325902
1004245,455090.81045639364
1015307,1117610.6299190207
1010691,452950.867435242
1003324,687311.173348312
1001749,328462.100433302
1002566,277890.14099627896
1013950,575540.5187012014
1010891,610378.0661951636
1006736,1299879.2096299678
1003136,172788.6714761742
1010959,375543.97851985064
1001493,163311.7013973756
1000762,978656.926396287
1007373,511609.0165789909
1013110,554556.5153228015
1009428,465073.62266570894
1013292,201443.8597822611
1005796,940493.5214622853
1007168,753130.8240010563
1002320,356493.3794092682
1015167,626048.348938776
1005180,674107.522543915
1016810,874674.4774125328
1000147,261641.1442250735
1011141,402439.16806554503
1014664,761801.7784045729
1014009,310757.5361668973
1004633,390240.4932434089
1017096,461439.80612074083
1008146,416162.74715670076
1001337,316866.9712252954
1017506,264985.89503748744
1010341,1084115.7079993389
1014824,430015.7304748791
1005970,1079220.0933784351
1003942,1144293.7476514427
1001338,284076.08778777
1007510,462224.796082245
1003028,850438.0992711894
1010623,899558.7228453442
1000674,169480.13692978473
1009870,663988.473871283
1002866,668139.7273213232
1012388,670882.0807495136
1005289,155771.67533203456
1010856,528241.1109137678
1006036,468912.2515852571
1017414,1173148.8936810256
1006222,283124.80540100706
1003150,930374.665674035
1014814,350041.5019851564
1007411,611313.2344514095
1014394,472149.68944247114
1003837,223857.67708773137
1002626,421692.91390876286
1009137,515170.7175369922
1006879,344908.2271259686
1012114,709846.782653316
1006479,733315.9385260248
1009320,729678.9436293223
1015503,909671.2557953151
1014580,827496.0294799682
1012718,741684.0183741709
1015950,347244.2256719467
1007881,649652.5902606642
1013310,481586.9964248356
1004420,439591.9648140679
1016269,391361.460030017
1002730,1180553.1028550938
1016328,1020870.5064261236
1006364,250598.8918884306
1007528,516349.4554799048
1004673,832114.0699857905
1009802,867019.5269660638
1004809,458850.0709994702
1001648,311079.9428071272
1013825,360518.41193967714
1004957,898235.6188404892
1000978,92895.76704766492
1001130,519424.1429442896
1003642,397100.84574543766
1016292,554618.616448215
1001184,456871.4285374529
1006910,118655.10353795772
1007176,973934.2810565094
1004768,241150.84270887563
1010102,289310.11763738294
1005351,250878.07988940645
1008440,246763.90841948264
1012011,270207.3705671167
1012455,395694.3131777648
1001253,388365.3236516129
1017499,218347.46122884954
1016900,251850.83404616878
1011447,306860.0846617721
1007832,300129.27541425324
1007463,846227.426175846
1003161,453628.6440250262
1014308,1116079.1849588184
1012206,552931.1336004102
1012578,623277.1878431339
1006079,439377.2946360955
1009077,487738.92698631017
1016681,273118.1556401376
1011001,519143.6045798263
1012648,647821.9500124018
1009434,252268.8995006846
1003327,524363.0969711498
1001612,435156.8367987316
1003603,91016.9124460953
1015607,369153.9119968168
1005127,212964.27186264913
1015811,385087.2938365435
1013200,183961.10909273033
1001835,497566.8509547272
1005242,320679.5203777507
1003071,513583.5905263269
1005243,682494.8068205771
1004374,117275.63340626468
1005285,265056.8728233917
1007876,361351.3816905698
1000922,376409.6124632444
1011685,473405.91512041603
1003330,938310.3377013253
1012488,507713.1793310637
1008797,765455.6848495548
1005477,858886.5889503245
1001165,467489.73101055785
1016450,544856.2121675471
1008284,232460.30434997127
1003840,874151.8303689935
1015886,749587.5250853528
1008776,372059.62485994305
1003843,797701.8177731037
1007418,194682.4232533359
1001878,575637.7482773926
1008538,139118.43962339527
1006711,380146.9533184589
1008405,838974.2612609759
1007637,511761.7741974765
1004424,466610.8281481394
1015568,195354.80883633916
1010147,1065275.9600842164
1009273,233342.19963535538
1013676,584984.7325643932
1006837,444568.4169409728
1002525,595735.1829958247
1006427,1154386.6726811968
1009860,226416.01022746303
1000347,472179.54874262796
1008485,287186.9286813394
1015006,1130590.2094094562
1011740,419562.66820324206
1007226,260265.923371394
1009229,411083.5429494435
1001712,465029.1485874737
1010819,393897.1725712793
1016702,403925.5706092059
1000609,244562.2701456486
1006955,378943.27819747204
1012079,502536.21620895993
1010976,623557.6514902182
1008935,173019.33839852604
1005749,385090.014922914
1015895,517705.1647164268
1013311,478983.30368214886
1002188,600078.5449733316
1008586,671657.364124136
1013181,410142.43579880195
1005133,273636.1298097053
1004756,1100279.6602561977
1006753,859395.8166386235
1016480,399642.43069283
1017256,411554.21675867244
1006673,356193.9234192568
1005250,438013.1105872827
1003550,407772.02546257875
1007195,313923.8891199502
1000009,258016.82807927552
1001284,1138279.0291040875
1000218,102061.79755672251
1016451,298519.1786841786
1015635,688592.0464046526
1016137,269269.2068954101
1008025,188528.75228763715
1004454,131365.41850600866
1002829,640404.5638651291
1015169,307263.1367700111
1010231,529252.6330406085
1004147,1045463.0260148685
1001949,437477.67816483846
1001707,506011.7132382787
1002741,370511.5287929422
1013167,158823.35784417822
1002433,586491.929280025
1003896,443953.39420673164
1013249,1017061.3122335809
1007372,531211.9836491442
1010594,132925.2007366173
1011769,856380.303128715
1009262,384506.31751017325
1007456,108316.27317551772
1009399,742954.9774223239
1006534,981376.8958269611
1003577,713713.1331218731
1004262,320412.50880633795
1003600,652222.8359919467
1015923,391028.99280216574
1010080,679219.1590257586
1014827,228625.81298756614
1001819,391582.5732896269
1016786,816090.5164196573
1014604,522233.9058461008
1017147,270481.9309350377
1011272,212613.6706184549
1014485,633177.5075057694
1013708,829405.08537175
1016743,483611.4626976367
1001770,482826.6311030498
1008165,298644.8970418462
1008045,228614.81451260042
1016617,1250755.2183666034
1000797,993169.9550166683
1007908,1210119.9181863186
1002431,738469.03210659
1006919,149184.3040727363
1005877,218272.39198286366
1005010,131207.07720341775
1004627,180028.12841589833
1003998,273581.715802182
1001166,322135.4727005604
1009121,615549.0493331281
1007588,127567.7487725554
1006239,245929.0550589634
1005665,334741.97162383987
1011908,614320.6125982483
1006819,181834.0091906047
1008196,1479519.6774030998
1014683,295853.0527590687
1002588,857095.4745947234
1015187,354693.71309410984
1006128,319854.96343768865
1010681,333829.9813142236
1002976,321935.27315285563
1000804,478372.97795472946
1001606,1011961.5749573498
1009429,446089.88170497265
1014873,1097687.9604706406
1002606,563150.1532673016
1013097,281654.92189172504
1003159,825506.0436251119
1004116,349464.8116188787
1015025,906259.6549859375
1003759,333681.6999000715
1008427,242867.37365204346
1016705,809146.8017480979
1006866,423867.46199373953
1013455,136969.2348619029
1003470,237791.79403437805
1009652,541069.1875646667
1016616,776102.1744456289
1006625,366097.26240308746
1009152,449740.9240453019
1017263,1093514.9625656947
1006118,391909.2516786602
1000733,198430.41735124026
1016051,344573.3439855885
1002994,519243.612148416
1003130,519433.002549197
1005853,361577.0938450924
1006317,269255.20382028195
1012240,1470818.0182434383
1010097,601852.8967309761
1006434,309624.59580884175
1014638,373858.3373993287
1010173,458634.0036603407
1017026,424160.4044402469
1014384,158438.2707659411
1010589,1014608.5802541474
1001794,1063023.6888879112
1015577,108161.2233174482
1014332,359284.9454389487
1016303,538341.7159415417
1000010,386758.5709179761
1016861,175615.10606530905
1008633,1226404.6444897044
1014787,302956.7564941824
1016435,1463540.4338024084
1012214,511884.25015466224
1010692,284113.72510299896
1013933,499190.61461635685
1004049,108769.13855025357
1009457,630987.1125735657
1008452,482653.9391095399
1005033,1162605.0088311976
1010792,290410.1528632465
1001462,619096.5252016098
1005607,776116.3852100044
1014696,718814.4147636238
1003274,409229.8865790137
1005029,296467.4554361506
1002930,402189.92949494446
1005597,416195.223151707
1006723,1166556.654115478
1011650,498521.90518666554
1000893,780063.3709529329
1015591,489900.71739386977
1005701,173007.24985461863
1017417,660139.370014424
1001153,344126.2579195515
1012301,974482.7179484818
1013536,293437.5699163148
1014377,372171.77823939483
1001645,947753.8114626532
1015462,447334.6735506486
1004253,791082.260255988
1016737,362562.7686428808
1004079,1349349.974509278
1005617,134939.89556502693
1001818,444019.6459388054
1003898,904521.6627440002
1005409,1340516.744135742
1016614,696418.8313991902
1011759,1242897.1881699997
1012369,534520.6552567192
1003284,920139.9764073233
1006206,1293820.9529231524
1005793,392806.29160397773
1007498,250432.62461080152
1013235,685170.130598416
1012706,497162.48638769187
1003213,530500.105731687
1016025,310167.38137191575
1000586,845206.3786986774
1011162,481359.6880735693
1002180,203690.6239403329
1008682,1011967.1214583372
1005188,495489.2701360881
1007471,563270.2847368605
1014128,467492.2439696343
1001074,196716.64439029232
1004580,389184.5218053787
1005098,244876.116701388
1003115,523934.1646378704
1017485,130338.45494770871
1016885,728286.2013355268
1016228,447841.4118878299
1005450,303252.1844417154
1006307,422540.41085458524
1006354,821368.9280032772
1011480,373458.742863539
1004375,578414.5340117249
1006817,241687.5630765013
1003436,606717.1054548091
1014047,1009300.639923469
1012963,429677.076014465
1004170,321599.1425385788
1014251,707418.757915045
1011577,442051.8053422664
1015247,373897.5108564049
1012800,284211.4077686885
1002749,378943.196665152
1010539,635490.9406705456
1015651,755662.4495298574
1012774,1012765.0538826032
1000511,366839.65656961274
1017014,432237.03953963896
1005778,267389.0903933261
1001171,367417.2742501253
1009215,874795.3160008562
1008140,577440.958303771
1005962,482256.68287223805
1016619,164333.43881264393
1002018,454605.4297386773
1002527,462001.81626711
1011950,1088825.604121943
1011590,424913.0246569901
1008359,191659.9498880199
1014132,413495.9564538528
1015492,817979.4782964936
1005926,861327.7923251468
1012581,826246.7997152563
1014409,344676.6816056306
1000097,143111.3765643804
1006139,352276.0550024012
1005762,277917.06138937094
1012658,632627.1466144007
1009276,124195.52236053014
1008299,588346.0033122875
1008220,492851.372768882
1012515,695452.5128065088
1008148,138959.629615069
1006186,715752.8792361271
1005609,375657.48070906854
1001646,559688.5182329535
1011932,567754.2022571351
1010919,157517.83488484146
1000465,1147898.0940607206
1006150,351973.9851922007
1000301,394578.055704682
1008602,320208.9076688152
1014622,294258.03503241786
1015303,231219.15796725592
1013218,843488.39562372
1000001,536105.0645032168
1006797,207242.86749523313
1013649,430105.4450042826
1008544,397982.6340768085
1009653,377581.188662366
1008913,132954.7202752994
1009972,220202.80630957626
1010998,352535.62741005584
1013782,648568.6966153131
1005594,508796.0441521474
1013140,854632.2517987934
1001881,454497.0596097108
1009485,371758.15961184795
1002475,308398.75939871935
1014533,759331.6894235171
1004231,309879.299281685
1001872,1131807.3835995947
1011751,451971.75469418813
1002250,365343.67310323217
1000503,376830.02335920715
1002714,215277.3579518568
1010400,425512.17616432876
1008315,304949.9104467669
1015980,465370.2566875008
1003770,247756.95608922074
1014801,395177.31674517645
1009458,428532.4482950837
1004816,391944.3290684296
1002503,606910.3721963685
1001767,289503.2837623447
1012871,445801.44378250395
1012080,220966.40688661765
1009192,414323.30120399495
1002913,659563.1207883867
1005835,609981.2004535863
1006127,280408.7910556808
1017037,223142.1530193258
1002905,281490.54885429516
1008333,290837.3143516541
1012228,1076171.3134527605
1014943,293265.043819685
1011419,126362.83353946134
1012773,846092.4429494826
1007192,372340.92432631936
1012107,645620.6953660151
1014369,576184.7381759482
1007113,280596.44372650934
1000251,145974.9729871772
1012818,398436.7265349017
1005230,311793.4136386977
1000547,244823.08391934648
1016911,701299.563094264
1010174,836386.9893064724
1013408,441107.2461116781
1005647,416360.8342121303
1008072,477997.086689782
1014149,499797.3931008217
1001957,456646.5378365461
1002101,531756.6316275416
1017308,1213132.207764962
1013737,594022.4289071441
1000889,265876.7665648817
1007271,576000.54434477
1017081,475376.9707285609
1003764,1110155.4108995765
1011758,419255.4431742366
1002296,883990.3005756986
1015946,588657.98973396
1001280,1221840.3313658542
1002550,833185.1255604589
1009927,372145.3443764652
1005512,447528.0872702741
1009232,414448.42662431195
1014207,166142.27545603394
1008441,413519.81572982704
1009651,160308.70520105722
1012976,458330.4187147199
1013615,241935.37100684736
1013133,291960.5373195049
1013044,157337.8924928388
1017538,123028.88844645103
1007268,409104.33179050294
1006551,262258.94860502385
1000703,284817.73812969006
1007177,158522.7414598021
1011866,319472.1894361025
1004820,1000499.3522121476
1014245,909339.2836215675
1012119,1156964.7012064266
1012225,483908.32952076074
1006172,1278910.1947832624
1004301,1288048.6906007093
1017100,155958.43197426945
1012397,354066.25100221595
1010452,961040.7187196794
1001908,147600.11971205668
1009936,379690.5797455154
1012184,365825.6707584669
1012309,489969.06144460395
1014786,1073547.7430896673
1003178,403793.9638235399
1006778,148329.75334153158
1006864,358153.0333570845
1003591,381717.995752347
1013541,303926.4491155482
1012672,495091.04113704496
1006719,1087609.930557101
1006169,858730.9199062547
1015482,185020.16064629194
1003934,607308.8512745298
1014941,554514.5530291591
1012771,205500.89129314266
1000538,242356.45405584614
1000908,987955.3500150439
1000483,269719.3959195039
1002833,611249.1971115794
1007558,759588.2486723649
1005290,319561.74969225086
1012400,324223.72580031154
1006271,472482.4164225351
1013811,572160.269273553
1006691,945780.8329882739
1014690,961613.8049006661
1016802,923031.774613381
1012737,208363.05941324605
1017137,484852.34439001634
1013290,289708.79781978263
1003454,447108.3198949472
1006488,287496.94073058275
1009194,459342.4027031206
1006261,1348386.9622411893
1004050,554925.6454427697
1005965,289009.9716864059
1002931,526361.9387740968
1002850,520574.5762307571
1004812,1018181.3599828763
1001224,774102.1251511764
1013303,402995.3629062638
1015960,277238.2455053028
1015809,313246.6388305057
1011639,469336.06455395074
1002795,1097074.0954543208
1009896,1021859.9811712202
1009483,1264656.8672193734
1008581,251568.62152125026
1010942,425727.38355949183
1016107,637963.792962155
1005636,716782.8948901354
1013098,588546.1824144787
1009066,289857.3704178483
1007964,525489.0351851868
1008324,731752.7858211753
1015720,617236.045381883
1007512,369558.2558843632
1004945,1275487.4373849574
1007852,370513.47748455004
1000236,705515.0634117526
1016109,940556.7786145452
1015733,568540.4964297499
1014043,447001.8023290982
1007768,755760.1222069521
1015747,349443.8852275306
1008835,366414.46551582887
1008031,362160.3354549929
1006472,538248.7263345332
1001596,365129.2787660661
1000307,418065.0468183213
1007258,89968.52790132446
1008919,211264.07867544747
1001854,365876.650641942
1003406,364649.75138609967
1002473,353319.92290847807
1003865,303193.4235420786
1004344,578010.0288500482
1001765,219136.80281743102
1011273,563407.2925963645
1009683,360631.94458608417
1014894,1061802.2377326733
1006677,531679.8362242657
1014804,122705.5438003063
1006722,429429.8033304032
1013596,217106.60327160268
1006003,270531.9121758287
1006442,292299.5614287745
1011875,787528.2807244168
1002951,377448.66359441105
1003304,427943.3221107509
1016078,765450.8173885773
1005523,453870.82728108816
1008597,517530.70546018606
1013559,676530.5653789095
1008519,440958.8663432684
1016675,337578.58448821935
1015498,623339.5665036222
1002620,723171.557708339
1017354,951289.4953270869
1001959,166299.52769043169
1015438,693293.1388197017
1004796,122638.80418424527
1003521,343321.81388815364
1015331,940539.8851295426
1007225,771114.8592978646
1009677,147579.849852661
1005995,505135.1126215937
1005494,302912.36860323197
1014713,1386134.9073964267
1014656,143970.58348802675
1007340,772999.5873246688
1002970,605460.5304340995
1005171,534534.9618925955
1001665,575558.0575429101
1007515,537803.6927415886
1003644,517032.6784916714
1009626,448309.1477511464
1013005,410014.94425164326
1012028,613140.3020197753
1012171,775167.8268645705
1000686,1283658.2122367912
1003194,360269.59886571707
1015037,367497.9598642455
1005519,236931.1449601069
1000003,174605.32898026443
1005003,171117.49095371258
1010161,153896.3580245851
1014682,330403.72075555177
1013849,527086.5553989764
1003308,266454.54587865545
1010866,277905.2976726727
1014044,599205.1736529786
1010669,582938.5642170879
1007108,167678.84603874816
1003935,962519.800744122
1016594,588816.8988344277
1002726,553846.3146515845
1011788,113603.46040439673
1007540,294523.2263380374
1009270,371458.1224849323
1011821,242622.82074617714
1008868,580466.6615281096
1013406,559730.6119705116
1001577,1314469.5889381946
1009205,542423.4598737974
1015765,934742.3665912318
1001075,860238.7941190442
1015829,186231.65405681013
1014103,275811.41647033324
1009003,860742.6362920487
1005864,183985.5874880743
1002309,117106.05490596447
1009640,702923.4768546512
1001419,761604.3760321297
1008265,387142.4318633716
1002265,614052.2673145703
1012822,577274.7040272712
1017552,357691.3962027716
1012682,157757.0492721395
1001336,859770.3531644121
1000642,511846.3593602516
1001737,599106.8050638292
1017346,130069.96895204473
1007895,178020.2922463311
1011043,1040904.8309038681
1012793,256455.69611426975
1016730,415163.87411574146
1010314,280622.2394536243
1015450,220845.78098402394
1009492,200560.32246619792
1007092,1035602.2106140899
1013677,560393.2248575564
1004904,168992.12360533682
1004679,1176587.3282987669
1013516,1260604.8541790096
1012328,566326.4366988168
1006448,324448.12626611866
1010902,342206.72827421164
1007933,517735.3914693375
1002134,679243.0815494227
1010384,690584.0893559919
1011618,670511.6868788069
1014427,438382.50556603837
1017540,315339.1371567951
1003500,832765.5443310434
1000253,419390.4200583506
1013471,365795.2858461671
1013522,839903.6222340425
1014832,347641.4722173495
1001632,502098.0473638369
1006158,672460.0601442188
1008705,1051690.4747804848
1016056,342066.25512106385
1003562,715345.2905225884
1005095,388711.0168806502
1006016,227802.54234005572
1015387,531859.1864471568
1007326,312804.42240768194
1012987,1047909.7256961424
1003607,1049621.0896804605
1007441,620274.8953329735
1010748,706381.089842115
1004432,293000.3958602499
1006739,493348.08035852003
1002331,429135.9385630112
1004745,1424930.7546421688
1011592,262961.0287762553
1010249,183576.88031763033
1006934,279857.47328097105
1012170,277990.829149812
1008556,547325.2251554887
1012720,272025.88749366027
1006724,327440.9030015374
1014867,150386.25737627604
1017112,628448.2346708196
1002539,526926.7104439697
1008309,760646.7457066093
1000260,279577.85163063626
1008455,458840.06480495154
1002465,795281.9785244038
1011731,248157.6910778045
1014440,477932.4075551458
1011594,1033220.8065433356
1014135,681226.3994695084
1003366,462319.16048843943
1005802,297098.2495318943
1013084,506124.5044290667
1011783,383117.67459703336
1007862,331614.7883127852
1013570,1231561.7651898484
1006792,333318.9463151508
1015024,641289.0625577386
1011916,871969.6812077981
1013045,585359.0605403703
1001469,257941.75888545855
1002123,512951.3300459677
1013558,275499.01331162214
1011331,777451.0145373931
1011112,460478.0854035835
1016335,1037277.5493338383
1010293,107945.94956274635
1011143,268391.8064773449
1007708,531738.04935582
1014561,387711.22291529865
1013036,632362.7249456389
1002365,360660.11328670586
1014986,1034087.9526036808
1002621,971730.3458235692
1011336,317533.21526685223
1011559,296577.31884550443
1012275,654214.2631034122
1007531,416391.27331044705
1004665,418953.2813344126
1007623,424909.5577605751
1002894,428127.64330888307
1009887,556786.4655509698
1002932,644297.688471206
1004109,498516.94897582463
1000747,408878.85687891056
1004648,1351361.7585761016
1003252,332732.20032525086
1007206,325169.015390344
1008907,448318.5961388612
1002160,790904.1241424491
1004463,348118.3009445879
1015584,1273350.2297633078
1002168,717724.839738818
1008077,530664.2856660985
1000458,386769.44221074873
1000707,275528.67236479797
1001509,508596.99150033446
1008765,743114.6748820646
1010354,316518.3502581501
1002817,152853.78575250146
1014217,270805.6155360657
1003531,600975.1222390194
1007079,596735.2550922239
1003484,441508.30292916653
1012425,723506.8745712959
1009104,391324.9877586897
1009894,802468.3774464013
1006835,534563.8353790103
1015534,135255.64989526122
1011500,1050685.4364775843
1008652,277011.2294058602
1015228,298521.1631902517
1009717,326101.1791028745
1016244,634216.1288135534
1007022,586657.9189342222
1014522,176326.20157655262
1011297,403472.78849763365
1003360,435944.2070623711
1012041,196683.49253093943
1014397,413590.1913918239
1017177,363306.8295270085
1014778,1143724.2511701256
1008343,224546.10133088872
1012415,459252.3983142991
1002442,220820.39573598377
1011202,698598.7375537322
1015363,353131.088493007
1002735,872190.2395652158
1001044,1154578.852166907
1005211,483858.02512474864
1005369,536677.2766741208
1000090,390307.8335455152
1001417,315065.1227892645
1012958,326468.949115144
1016088,179549.74313368852
1000084,471198.5779655645
1007821,542194.4225053465
1007374,583427.9935392835
1006185,356442.0111016454
1001951,387879.55612867913
1006068,390292.5791666105
1001575,146212.4717264803
1013501,964926.700174244
1017062,201753.30388626788
1014365,386623.17433459545
1004527,603326.6174046546
1010707,398619.9049412747
1005952,462644.0794967119
1004586,230050.79438710932
1005330,157030.15580306647
1010615,794727.4092510905
1016054,370682.5674947925
1003964,312416.38937312004
1016022,907702.1567005265
1009884,599452.3596743286
1003769,884078.3802390784
1003276,850080.4051681599
1013986,658940.6343245291
1002164,347938.30216394603
1014328,715013.2196736966
1015248,737012.1554683862
1013495,237265.66546316468
1013562,230239.25876796304
1000615,759524.6636299716
1008554,510775.60557691316
1009487,251974.44047091715
1013258,429506.1296886378
1012034,247574.10282076505
1012580,331422.2641823274
1006272,864997.4966466445
1007533,482714.9653094216
1017003,502888.6124730011
1006266,540406.5857193696
1005733,474458.3699346442
1003038,155079.47910192164
1015007,491677.3394207753
1001875,564226.2513412499
1014030,621085.9571084789
1015265,1116004.8318282152
1015135,514652.5488056907
1017341,517597.9105440077
1000992,337846.69868491834
1007250,1158561.0426316347
1007404,482254.2919489344
1010753,1275333.8375335694
1015440,469976.7619737285
1009528,645772.564496945
1008360,507090.48262371565
1005990,815687.1637276084
1000439,303599.75056002813
1010307,256979.48793869873
1010295,346911.9740330846
1001482,474340.5035615279
1001037,381148.90850819665
1015413,1166272.7866107645
1012283,440878.4575991744
1010093,998204.7102817602
1006440,255573.31425957102
1007304,599932.3875912711
1013199,444095.19236868684
1016878,512644.19452082843
1012062,262608.04885688337
1005196,556991.843817094
1009907,513933.75123682193
1003283,483244.4351182318
1015987,497867.3293479267
1003153,451604.06155527086
1015179,982271.9638225168
1016950,187170.90930585575
1002482,527875.7367936579
1014823,811310.5810443175
1015132,1244910.5194602513
1006004,794043.8612682453
1007529,574050.7587328122
1017582,310644.08215208846
1001152,423043.67022571154
1008938,282710.97751815803
1012764,260350.90329163492
1013851,918739.1489589137
1011149,351269.0446816098
1016146,852658.4421497398
1016207,218221.45611005908
1013365,322462.5920849159
1015762,681530.1710253708
1007412,239502.88309120142
1012547,908629.1249823018
1005735,1315153.1595612695
1000859,859305.975166718
1002956,884922.529815815
1002887,464299.20231704327
1000812,261016.99117947745
1010874,123175.98546017779
1003992,387625.94306609954
1014610,429581.7504930559
1016302,346944.11745168216
1007805,440346.1806909878
1014396,422534.7967060728
1013698,404854.84716877615
1015367,332041.1909668519
1010442,733405.7724944908
1003030,364420.68931595853
1009259,559081.7045488949
1014371,386826.82791712607
1006602,553236.7685106006
1009814,974681.9346427594
1002211,567715.2644303845
1001989,151800.0252908563
1012991,704168.0832696941
1013000,1429739.2729524293
1015403,1044671.3384030305
1015818,1340835.0886876727
1008217,1144265.00054459
1010987,153003.57208729806
1007615,215916.54716673435
1007701,1390517.9396877275
1004068,330212.2895066635
1003996,658527.1720230979
1007695,738392.9300204956
1016622,179351.96487994623
1008846,340709.3320838717
1014892,554704.2707218714
1001183,304913.06536495185
1005865,484973.8740258237
1004891,564873.3296089763
1003305,479845.840126792
1011606,580902.5272537211
1011211,622303.9266903368
1016763,298509.6357373782
1003848,378519.2266256771
1010658,126008.23119495514
1003771,459080.3392295913
1011781,352229.69956277206
1017265,293189.2627949937
1008489,555888.1112599607
1011467,208200.95670588897
1001269,643784.1980720605
1016659,270561.37259369896
1004603,1137460.4150227688
1003147,458151.7008420128
1015145,797656.6235666221
1014562,1132411.4872853379
1000776,615924.1173562033
1011320,551177.7989693456
1017009,181803.69981410366
1000768,513116.3802963524
1014256,307488.12232324603
1009516,717613.5426627477
1005627,245505.50680794532
1014267,918449.3597557662
1015941,975874.8356609633
1002858,353273.03846306534
1009520,193599.84050482578
1006504,341268.73153220356
1013773,583252.3465726766
1005895,274530.2688604834
1004417,358328.97822047415
1004110,416479.6499136719
1008948,631822.0208465168
1006635,96879.98851946143
1005021,447016.4164607914
1002002,338415.08311766956
1012402,386397.2659607451
1004118,252590.96070408283
1012950,362834.9372484588
1004001,154243.09881105705
1001973,627749.4995381865
1016454,497046.6114249251
1005481,351101.9789436371
1009989,642886.3187327719
1009858,1081125.315331054
1007680,502934.40770520456
1002807,603050.8352790773
1002796,145451.68153410061
1010823,513632.3844306868
1014474,1458616.391498565
1006495,765557.7664472266
1011933,216036.34742031846
1009623,984312.2050663396
1015890,740143.2346725303
1005265,360208.3732567732
1003731,381705.57700307306
1014670,365349.5473628042
1000051,214483.44749574907
1012548,459286.8656153462
1016168,884208.6015592297
1005425,564395.5991029291
1016493,280971.9134705153
1016637,209428.40926861882
1017323,1067229.1376653567
1012922,657411.8878891617
1014686,1034086.4958826944
1011165,656189.0644964682
1011795,420375.6778524988
1016220,426823.6446675036
1005859,370161.1573149935
1003313,478572.6820942328
1004817,1300066.3903400316
1004505,1002792.9883014186
1005969,325191.8331803725
1015926,566172.4431830122
1010517,258206.16517794484
1008855,620992.1299387205
1011913,670386.1992598893
1012642,430992.6733406501
1005801,345977.759595811
1010904,1142726.9301029574
1012607,1042679.6377045466
1014523,653298.0023176204
1010718,96292.80530944647
1006248,564402.1768485113
1010134,227718.9316964951
1006530,510577.42251702695
1000282,453033.99785408843
1011539,111294.42006812348
1017604,171186.6335700856
1016379,923218.8949339485
1008851,386874.75838702766
1008001,277590.0384999879
1000374,121507.94532547722
1011997,337467.2686537984
1000841,228153.925741831
1014748,669784.1263813344
1002797,239554.15011694693
1000430,460943.7889575423
1001341,438822.7450105201
1003814,270658.57303472917
1005023,345201.345753553
1013922,967894.7739480847
1012619,574304.5583889653
1009083,425556.4610689577
1005841,398410.41904536186
1005117,262957.8294892364
1014227,533817.156096805
1011851,468388.8222175766
1013786,300113.8377994542
1002468,903621.3374123474
1016898,343545.02087448555
1014721,259910.39089058922
1002050,450388.83962126967
1013537,361470.9252418839
1017086,1067528.5121347655
1008899,707134.15858139
1015949,322387.8161195804
1014835,411160.71501206944
1011629,522926.678403206
1001946,651032.1568010747
1005315,1302037.0655678692
1006811,267396.7976904236
1012534,124661.79792661172
1009409,307407.65000067995
1001782,254568.39857696558
1013361,276518.2363810037
1000558,392083.7680829605
1002926,365519.45950829505
1016792,248090.2110406198
1012867,380307.8457977788
1010022,640173.3949758166
1006931,497520.2594010569
1015079,407461.3520343567
1007317,217339.17771023916
1006296,332005.03860843263
1003549,571816.7637422066
1014541,528194.2915191572
1002667,414032.37662911677
1014577,1017027.2977146034
1006680,269658.8056568816
1012058,296931.7482479245
1010549,211650.75125152958
1006467,393026.0436970127
1010296,536096.7799091676
1010650,287910.07842150837
1017007,405765.9594386935
1006952,141904.9924409577
1010456,1107247.426294958
1003693,838250.1546989017
1016855,846735.9731580876
1015107,401686.90236946865
1012401,421388.5984434012
1016225,980213.6833105314
1014041,307918.1200607584
1016736,1240940.7012589301
1010260,1235952.1477672465
1012110,1043601.4544108905
1006980,139325.75726641307
1012144,325688.60630012286
1004644,625789.0060061116
1004751,946471.5413295208
1010186,309514.2695435295
1006733,1039691.0839644182
1009993,352344.7725194831
1000263,398882.6271095911
1006542,799629.3637999258
1004277,218117.61081690365
1008138,250253.47299027396
1011672,275020.27071213035
1012664,1032732.1694751241
1016427,536602.690997155
1011579,808067.971938675
1012303,473039.0351674644
1009167,275433.68830009777
1004494,287386.64577574894
1009631,789330.1664794439
1006818,970109.5373671214
1014689,314348.6118155891
1011826,453118.4244233838
1005338,394164.09400368057
1017203,713862.3046236516
1001917,488159.7708080603
1000699,416256.96072633885
1017462,425913.1452597235
1014152,1344983.45477738
1008616,845967.4850285669
1006714,317761.88138285856
1014806,921741.4271820184
1010582,1132373.2452700082
1012326,173213.32296407828
1001725,365633.66036955157
1003165,330883.43987344473
1000858,142942.17086807973
1004115,1023701.3156972372
1007537,1104462.4100354805
1002414,679019.6029155793
1007648,719810.4098975635
1012875,320354.3037161196
1006667,236475.78020214607
1003849,721969.3595987872
1001288,405581.6983353393
1004031,783093.8994062346
1017469,672779.3137075306
1008303,628205.4611606407
1012230,265772.741697001
1001977,595004.4478834167
1009369,715099.0054824242
1003588,616712.2967472904
1016077,965669.5829278935
1005605,838531.6710733066
1008894,595208.4151984296
1002962,763921.9335588677
1002458,490955.39144548937
1001323,352702.9726283419
1006105,805500.5488040008
1001008,256908.41252393406
1012262,132769.43827077394
1008536,764545.9866127436
1012841,370391.49508573144
1010806,610507.1955234194
1017365,615812.5646754286
1006009,334076.9020952783
1009371,349819.843094084
1010984,596652.912857575
1000593,314820.0297712244
1008095,1137384.42049786
1011039,1411538.907448982
1009294,999909.6283136646
1013049,298249.75567794347
1006305,1254250.7630459634
1007735,328082.2634515661
1002937,464014.3259861449
1010576,370566.19887080457
1006126,523666.744064934
1015804,285607.33879622794
1015296,242188.99581031792
1003913,687200.6984842503
1009880,806607.1396113667
1005395,353792.7525419862
1008634,271957.9258367383
1000156,386445.1148283807
1013587,835951.2039605698
1010227,238513.1043979403
1009821,546867.3223483524
1000702,370588.4394971505
1001451,509592.2066580782
1011441,101463.69601979211
1007829,782183.2704329203
1002378,599974.6588468299
1013293,335347.1798022302
1017530,440410.7398827951
1006410,720697.9960411832
1017029,850978.8271119995
1007709,548841.6027138369
1003828,934605.2393731148
1011147,429664.28514601
1003342,406868.40115111903
1012264,1183066.1030695655
1007362,372000.60385308246
1006086,880061.7777690612
1012463,115903.88726735374
1006573,1372369.1701628962
1015239,124923.24500856035
1015778,737595.3993759283
1010983,313690.9209578254
1011184,89170.7289727917
1000192,396317.64549612167
1014209,250085.47940613548
1000381,273356.93173494755
1008984,968974.0741133025
1004257,279971.7417299281
1005015,314117.95232048776
1007506,313702.46780196833
1013489,248931.4132152619
1006727,497560.5509357055
1011765,592128.2108986285
1010121,433444.5093042025
1011955,205898.15604425388
1005434,421011.29515772563
1007809,339690.7979498745
1002568,138689.82134337557
1017585,109328.50747166178
1005282,501492.30965869204
1016778,459370.14430955116
1007672,589816.3974323361
1006318,297875.64561360935
1008136,195353.69072514022
1015915,390468.0239829839
1013529,459839.98221306456
1011735,522561.9244785193
1009715,472519.0599074966
1014471,577684.8020265026
1012217,259672.37491390182
1002038,931714.8947925178
1014350,911071.0174751295
1002287,413847.52028283617
1000611,197951.7787907572
1005983,986396.2590823462
1011286,333837.16269375803
1005633,1059516.698925024
1011299,489118.83518959966
1015221,1111891.576980217
1001826,221413.85822117122
1003202,181605.69046132587
1006752,333870.1595308184
1017312,162718.6225479904
1008513,338040.36627654405
1005097,533502.2405547721
1005057,489180.8537384486
1015736,475081.01278633287
1016746,522618.17549062666
1012518,517032.3588842449
1007239,581985.8778792747
1006607,1175730.2451649043
1003611,372413.1862585739
1001198,175689.98909346113
1013815,511641.8627884398
1012807,712916.790248122
1014483,451530.99401128525
1015706,436581.6311242315
1016372,459862.1344163507
1001829,527027.6502774612
1007014,571338.0190636665
1002343,278401.28113591066
1015102,368983.58438889787
1015611,478714.2189548985
1004021,590566.9149658286
1003301,621623.7273236137
1012789,698764.4833557134
1014896,251552.5911635489
1009052,201990.76576092036
1005918,365779.3859260339
1001216,283069.8275413219
1014400,228585.70164900675
1006015,392329.7642759534
1006903,358768.2072691119
1006147,526549.6875270022
1007923,298004.4049874838
1014155,387836.62073806056
1010033,252472.3344843652
1001279,503906.67873670184
1000267,350005.9305517398
1003215,794423.5464657575
1005849,526575.3487040601
1010911,730526.4060696444
1015305,427396.5156616536
1006024,289695.27906208724
1003560,1186319.300582329
1002965,659569.3061775743
1000688,406173.6858185092
1016994,421624.64273221313
1012353,186052.00155321235
1015782,173684.967045611
1009559,412394.67688289005
1005472,831953.0097129705
1010541,276190.1805751173
1012566,637536.4564250107
1000040,132182.27424666676
1014202,395159.20975797134
1002975,1118132.5689197436
1001963,333377.25962700363
1014700,110032.99698298582
1009497,444418.3886252887
1017297,819043.7219103298
1015055,254962.93266513225
1004041,602287.3496837567
1007743,539693.169944037
1012035,502664.7182433117
1004567,402101.14289475966
1010955,155783.58257564122
1010081,515546.71806130063
1005858,323699.105611232
1005266,521636.65762757434
1010072,880949.8800344422
1002945,697048.3509517012
1004953,358970.15439582797
1002773,986737.1584164763
1011236,186582.77344535425
1000527,1038981.1155310447
1004708,296243.82937619067
1001995,212615.9329947708
1008610,623866.6582148862
1013752,692846.0798347675
1003704,1205989.5020114027
1002268,465592.9166654718
1013081,642675.773232208
1003487,348136.1667192877
1004575,494075.65621858684
1013027,460533.7751020049
1000485,293228.20435107534
1001847,536314.403285992
1011880,353349.6342312557
1007439,1095578.5095763335
1002125,1188860.6453128478
1009523,826678.3766313938
1016529,658341.3895928652
1001231,355999.3625906583
1003041,540955.2715299538
1001591,914325.251372964
1001868,152649.4399982828
1000401,1026077.3976445515
1011435,512197.8898895054
1002672,306193.35049961094
1013477,491761.4029373778
1000535,397204.9293741473
1014557,478628.41695133597
1011117,406033.66842054855
1002862,1138264.0062224122
1008377,308822.7329410885
1008622,413961.6317828432
1016903,530357.7159909533
1003509,1131422.913029465
1004523,120146.20339404438
1014918,773735.9749681591
1009835,898109.7869328788
1014063,104917.87154694699
1017058,830743.7168176906
1007416,214199.37945719642
1008056,273331.91803659336
1012808,1278444.0820709686
1003811,457699.27393138886
1005295,245870.78341018193
1001452,810979.9019770354
1012845,446374.58168204135
1014879,103724.92476481042
1000121,397035.0086712626
1013438,166324.19201818784
1012038,956006.3997932789
1004758,140409.78903343773
1014133,95660.16803200792
1004861,321133.4792826696
1007866,120040.39340515657
1004061,485812.3737771947
1010116,673537.9665566409
1010077,231828.11273804653
1005122,446982.27010994323
1016916,307238.3702877257
1005742,435760.00733628013
1015491,1053929.4232813243
1017111,1239834.2251629918
1011645,352144.9286414266
1008529,516414.2282702457
1013350,305130.8285485304
1006715,722137.067444446
1004095,550572.0860454445
1000706,592556.97052674
1015453,283035.00755699206
1000015,235651.7305004291
1013364,332755.3840516537
1014285,494854.9119470565
1012007,505738.1449667198
1014168,258721.04393990134
1007462,475398.1022645772
1014546,189605.42480073395
1001538,799354.3802564121
1007604,392016.5459774663
1000940,142354.86177491295
1016820,448083.4635566888
1005869,358507.64978732687
1004714,440550.67530620756
1011556,573788.1457831169
1015323,1464421.913534563
1014006,662990.940479001
1005358,452140.14504436665
1011333,398762.21573084826
1007759,645774.8878162375
1006509,386382.2628695342
1004899,662754.9930082399
1012819,692458.3313679394
1000019,455845.79585174227
1017088,153597.5692345557
1005707,439381.6562666879
1010499,649781.0979322885
1000995,460867.57616437745
1010340,418142.28479667247
1002315,165343.08631036393
1016738,335316.51847616746
1007834,550470.5396036735
1010145,594688.1838343415
1015431,714962.842501788
1001701,407527.2700261073
1008411,424777.9331077569
1011967,251233.04684240816
1017189,160550.95367696177
1007667,1076918.0963806873
1008423,409863.0431949391
1011734,325914.5954785334
1000830,683835.7473901637
1011830,571081.8176825637
1008432,629806.4326271424
1015976,868782.1778789838
1007996,288684.2897831184
1008108,236665.35890369365
1009879,236707.20772666563
1001674,388680.2775174467
1013161,618653.148214802
1003268,235994.13982305708
1014966,233711.03090344594
1007725,793968.7075453018
1013076,590269.4834733964
1009175,651178.5106634578
1015707,635735.9777516001
1006706,358589.6587580143
1011892,897241.4426597015
1004360,162357.46791248233
1001851,405189.16561239655
1007530,439069.6859022611
1016184,132540.91880320685
1003208,1166946.202064112
1012164,459567.19987915125
1011077,1193305.5215633318
1008594,870738.3373764685
1017352,571891.5859392569
1000517,319280.6632931834
1000061,565702.726066651
1001192,153258.58845886818
1003526,260511.72888497345
1014212,242162.08752051208
1009846,923028.4259189079
1011067,988990.4111169083
1008555,457096.037973029
1014854,295029.9323261849
1003352,888677.7097066571
1010547,471583.559074182
1001691,733268.9937507452
1002592,397735.8756225156
1008949,483412.49611743516
1005847,597208.4991842824
1003633,179427.53265924472
1003320,709007.6723776713
1002655,228135.0172086504
1014590,818180.6936575691
1003698,803229.0250664607
1000743,103021.49355627094
1004472,496847.2071900069
1011073,948626.7200973696
1002001,222380.08204460805
1001344,221763.7187566825
1011046,814029.8926502098
1008436,249892.69029767177
1009173,1338452.0493349372
1002346,464602.0385719347
1011455,904467.5282614935
1016500,445084.53344088007
1014586,169266.15320236402
1001771,783258.0906404357
1000965,1219561.9161103088
1008732,396334.5304438976
1007420,191260.35209359712
1004533,441263.56454309495
1014520,225812.30268355715
1016398,193295.14570527358
1004713,472077.94202199724
1015623,1130189.7529668855
1000796,488694.88013934257
1016628,445849.1601630284
1003450,382601.20874768187
1016827,1255695.4889915283
1000970,279680.62643631105
1002737,530368.7795589869
1010765,680579.7945977408
1016293,325344.49530678114
1008015,872127.1263948666
1011035,242609.02643667193
1004197,1089677.2181344328
1013604,200461.31483699032
1009108,962905.0760104615
1013561,981283.7032121975
1006543,466959.9159426045
1010195,115680.43979329763
1014608,442007.5117055757
1008019,1295627.4263754168
1017471,682282.6461244853
1015953,539952.8818534126
1013820,1170686.4136942322
1010277,211781.16586359814
1015939,650064.1158562356
1011869,126878.16543659454
1011212,775159.9540330874
1007792,1451699.8488634059
1000094,134936.94715848067
1015519,482863.17072640214
1003461,1272906.0756323487
1014071,647462.5063257358
1012452,880717.2387204145
1008053,1281901.0804568487
1015020,521004.92195451877
1000801,603816.7277828896
1008658,342786.246278712
1017025,415057.5263082722
1009308,426244.31956599664
1000754,1083150.1372460132
1009977,464632.45811961783
1014933,420346.89873162843
1006889,340586.3304243306
1012153,471744.0395121731
1006061,347788.78764237824
1008211,535859.2489382476
1005116,1037837.5700759065
1013106,283990.2352539393
1006340,248402.72184702885
1007053,625868.7719292591
1006996,427870.35883194197
1017201,482146.05320746836
1009168,946857.2007498018
1014524,410207.8859910733
1013109,245832.9771644601
1016175,621225.3010516021
1000057,294339.92350409273
1007049,970521.7150195979
1007181,1136033.2512731873
1012480,387418.79212103423
1015097,568471.4891208515
1016959,1250623.319229803
1003499,212078.91015177002
1005424,122072.80878187386
1000656,723427.2929047548
1015488,1032602.363919811
1010903,585044.8902607238
1016656,583158.0371604768
1009771,518459.74539959943
1004271,637994.7564843617
1006639,1355830.5931376964
1015732,160824.61272203998
1003925,171578.5635500418
1002088,485174.7247229753
1003920,484230.3061412425
1013725,326000.0184144501
1013248,307606.96764073014
1014739,943291.9284648339
1003883,292050.6043538751
1005506,1167320.3834867165
1016670,358568.80307328526
1007102,577458.3640701117
1005457,797239.1288966103
1004770,1002724.5013216098
1001182,564022.112606566
1004117,581783.9869071686
1002684,513988.82154371386
1002243,367365.3462083605
1015682,1038908.3016272716
1012124,1069249.6520516116
1003983,359436.5400655794
1007956,262190.90292195743
1006861,405222.06603521307
1004916,391403.87919782667
1014074,431237.49830981845
1016047,800660.5798222374
1009632,572206.9106448333
1000850,111223.72959844487
1017423,594929.6750420048
1000064,734200.2438816947
1010284,1032513.5825056728
1009161,605120.0561290463
1010587,303170.6068062256
1009729,219519.54033236907
1007906,540461.7127901895
1015547,436220.14522667223
1014797,1076962.239653847
1010640,503493.7982948226
1012760,318566.07792835176
1007098,1133709.058049657
1012129,653512.7897383147
1005661,719990.1750452907
1003518,455828.77028262394
1010218,629235.7842374919
1008429,936633.5962213574
1006374,649208.633567388
1015322,83374.56205216113
1004088,741613.1850903587
1006539,642738.4873286204
1006735,645934.5435486435
1007425,258352.58908403866
1015433,319792.38585601904
1009911,545551.9208040995
1013999,299250.0815521887
1006151,453304.56732626935
1007715,136308.90572242512
1000540,997049.0496184576
1009548,494552.40328662284
1000773,616603.7299305635
1005558,635001.3118616238
1001120,347537.8084341138
1001838,373336.6620933432
1005994,366392.21606796724
1011521,344345.70272412436
1008909,338258.53269352973
1000194,521014.2512347191
1005936,349429.8455487007
1003065,357108.7631533959
1001492,253574.97195690716
1000323,507716.3730039897
1012981,382032.2293165727
1015684,1240967.4068534474
1017290,1349182.7423479585
1016893,162956.69840937151
1010364,1071387.1378043653
1004638,165899.637332321
1009921,300311.19144701277
1013273,682871.6577337019
1007111,817706.7783426961
1004872,861071.7836876338
1014213,371354.85026538634
1009298,379665.2507832259
1015234,817888.9036613787
1011871,723645.7017168637
1000280,444260.64089054416
1013051,194304.0465061873
1010564,525073.5374679373
1013613,382978.6633067452
1015473,469177.2992668547
1010197,186027.66026934207
1000745,966521.5237176032
1016645,172709.7236519438
1002239,587887.4453222997
1007585,369554.2096805943
1012743,874662.7385415563
1012496,330305.0149397562
1000780,152370.9945892927
1011812,643946.5307985288
1011439,866478.4320456423
1006445,227158.93575219845
1013829,693627.8160352818
1008599,301303.56539135205
1007716,143514.72888846975
1010761,888777.5950447357
1011292,591123.5061224411
1000636,910545.4902584348
1012689,1237507.6843129692
1003679,168058.23982887293
1013135,818538.9513020132
1006976,398142.93312192877
1014118,527384.8356297871
1016121,643361.9642028632
1004984,434880.4720529842
1013722,398038.43706692953
1000234,545477.7212142323
1004723,1201485.1851821574
1006469,269072.9736720998
1009916,145160.08999204903
1013137,374107.5754860133
1000375,140765.2047283988
1003659,326990.28669585724
1016100,217184.225306861
1003164,510172.6547258147
1008649,220756.02145252927
1009109,440578.9807412816
1003008,255552.2310427703
1016365,581905.5919352772
1009730,371197.8617999608
1014674,440460.7889808338
1009932,929324.5706611079
1001672,798952.9748152221
1009861,530517.5920795284
1000060,631359.232130625
1003822,274423.8270960032
1014746,298475.11972966744
1012242,301925.088021025
1013054,400499.2993151303
1008708,391425.34023290366
1017235,812786.2148408926
1016229,473151.1364229645
1011431,1011320.7487377608
1006257,255373.86971043274
1000139,653209.9910524414
1001842,186398.50294708874
1009214,642183.554032488
1011878,446800.29753871734
1011009,615061.3664927871
1007562,692123.1083162987
1005134,441275.891079961
1002071,463233.5117013348
1007429,370616.49427500315
1011368,621149.9142448972
1004027,439649.5825287477
1006396,152736.184335806
1016441,338963.7246492131
1014672,187357.82957311382
1004217,594427.4033924328
1008800,310820.7959776215
1011027,256123.32022440335
1013974,1147148.9505822216
1010561,249095.08908969382
1000311,405935.91335590644
1001542,921040.3895036892
1006941,1414652.2350495881
1003658,599748.8213748686
1005611,818442.9518204054
1000052,1287646.8691528926
1004913,421011.7284358833
1001760,907907.4622602612
1004025,147732.71985452765
1003739,469985.29463782534
1010450,481747.9388841616
1008924,308605.42025059264
1015588,1368761.2415478695
1014542,660979.985791426
1006802,886492.8725831265
1016850,234818.25414049323
1002154,631611.6633081875
1007811,197791.88464936404
1000986,588908.5137347351
1013648,208933.68574698817
1006213,445140.3559174649
1011674,986544.2240449031
1014287,152631.30411394508
1011691,257284.9322608164
1013387,552553.8960591444
1009357,214194.94843585734
1012027,373664.7182614705
1006985,238223.47963726192
1012847,208817.85501907006
1003878,237254.55433681217
1004914,585119.4891455311
1000668,758863.4793770678
1009422,227068.37720820066
1001519,302863.6446480568
1009356,576353.7016131091
1011822,498805.32348784053
1009674,502952.256344657
1016554,725591.8506143657
1010847,427017.2401983952
1014687,335150.6223161392
1017405,1149692.5379946493
1012380,656434.8303908515
1009930,408358.36406201095
1011710,394230.4548971916
1011022,198778.56818174192
1002824,527172.789582221
1017477,876672.0780497451
1001078,473452.55965248577
1010369,542580.1312744177
1004931,166150.5957119896
1008869,137325.86454005106
1016636,219732.68764170707
1014929,841653.3905006826
1014817,386160.3293746246
1006961,803711.8290294382
1016099,737680.9153552895
1014119,287539.36751794774
1000456,409292.1874124569
1012336,316154.8257380882
1007228,256720.98848226824
1011390,259600.77818565394
1005486,414034.84037039697
1007107,317796.3922147321
1013426,429887.8289471705
1017184,648716.5800419246
1012821,1149031.006435091
1009543,1305469.3354007313
1004618,739588.7649395482
1007678,348579.4193369934
1006275,598785.9357286587
1009235,408270.71476710174
1012347,383177.56035192986
1016287,214917.15403926134
1007618,526314.4696254674
1000417,529587.6047269359
1006813,254689.5596896481
1006468,1118214.3116113488
1002148,459161.1544913116
1015043,586384.078294955
1005873,106619.40775005266
1004348,123234.78003660329
1002339,268290.80611633114
1011116,396943.19456377253
1016735,251674.29832972912
1017212,929991.2621232236
1003790,683077.5214790689
1006672,662738.1296281826
1008990,995355.4883289841
1005030,1026058.1751348568
1002600,632410.3246638231
1002387,605079.0506621128
1013594,769072.3022179309
1001040,244187.8503196999
1004896,274962.07199255005
1013035,1167906.395117078
1016845,598708.3979906932
1016613,317358.2955307486
1008819,263903.19929064467
1007798,188257.50462013582
1015986,843229.6355723701
1008781,748557.9166974002
1010113,304171.3768281473
1006157,143126.73660295721
1002109,540542.8457418833
1007093,904938.9589635434
1015771,294537.4584822224
1004717,680645.7070229672
1004155,511294.65814376646
1006224,910813.1968173664
1013401,474695.7766556948
1003489,629373.8898812821
1016970,149644.6395745819
1006171,284167.2398113115
1017047,363504.4156189007
1008318,350347.9088199093
1006370,1068009.5557969564
1009661,253842.23966875472
1008018,681818.9091991504
1000752,315677.9682750931
1017318,385794.2922950119
1001403,506252.1241014812
1004107,256966.54488638026
1000008,523800.96122960123
1001027,353656.8632530311
1005226,461004.3726941299
1012719,706201.0245134376
1014865,449963.0157132712
1012247,399254.9519259665
1000404,455622.3317104057
1002723,761415.0705067351
1005255,399312.0889410923
1017156,325101.1499723685
1007270,1032054.3540090172
1007888,538967.2895227441
1015819,458433.9623379317
1012113,337764.5671479339
1016414,264588.0235052678
1004243,1272510.4239016164
1004060,500126.9016848084
1012591,385791.64702063985
1012190,641171.7654147552
1015483,764490.7641426873
1016852,472641.2179969411
1001971,331193.9820230144
1002880,644732.7482644236
1004600,304391.0917733207
1006881,1088565.9649405305
1003372,319153.9304231067
1013848,282909.407049578
1015869,516978.4801477908
1013142,376570.963584341
1008635,574545.5612972403
1007007,608699.2394885097
1006361,132734.986570961
1002960,290173.7331555397
1001990,1032314.095805481
1005326,411645.76901004766
1006870,286881.3064278979
1015511,826677.4600232242
1004486,556874.629423601
1007140,198576.50783108672
1005006,1047884.1899523082
1000101,590351.3878290056
1003563,634233.7055258007
1008054,370444.8349355431
1007399,338153.3426971172
1001625,376188.24729888584
1007626,565872.2759788842
1004647,362761.9869342329
1011381,506626.3896374584
1010532,93181.77155140002
1000689,483521.1085858616
1009093,823507.7619397606
1012049,378632.1506526607
1015604,557518.0017562469
1009335,496350.0510958038
1014619,623059.0237625443
1004080,467379.6423537757
1002638,583805.9455548548
1010158,473454.57313765667
1009662,288316.35841089586
1012974,452642.39587240614
1002777,439946.51048223436
1015071,1009072.1025199288
1002128,402936.7118663259
1013209,563164.2202835444
1010471,607371.9408405519
1011631,312779.185956006
1011811,593951.751509636
1012389,467839.1615970053
1005900,991185.1949266951
1001125,746150.7315827432
1007188,512707.8440453989
1008263,210773.1710289996
1000529,459912.8198448781
1016033,349638.01116240904
1001780,209264.02406903857
1009032,274243.3409041922
1007150,468585.82741345046
1002120,604216.9776706414
1014084,524633.1785338556
1000114,100591.50330700185
1003114,1326878.5560535952
1013259,564393.7968787682
1007571,290692.85639031406
1016773,361920.2427175178
1011903,649302.0864941517
1004002,764723.7365663158
1003557,483119.7865817384
1008154,850241.1020280722
1003251,983575.9324786168
1001727,132202.64039487726
1008233,264072.69347315026
1012422,339249.8905100821
1014717,352886.61483578937
1016396,250611.5327766367
1001084,694505.9946806427
1014858,259266.0348088885
1005587,516969.00740578474
1016895,371447.17006435426
1016413,807848.1779152267
1009946,357438.2496289622
1010342,527243.5475116401
1008259,1074741.8474354048
1004910,766172.691651057
1015277,367495.4411487035
1008810,1180008.6867346438
1008158,281523.0158829405
1013528,744471.7291950943
1013585,183973.52947759026
1001212,443273.2962192337
1017606,1000933.828378609
1008410,128664.020637571
1001900,279252.4727890537
1011915,390662.12283369026
1001932,270669.5219291954
1008467,172102.699602303
1003548,1335066.491804168
1010504,565882.5471393676
1017424,215617.88775576212
1011188,336151.84525938804
1004279,441879.2901870499
1013159,287343.0142612872
1014755,819153.1174821294
1014965,345269.65092989
1002352,571840.84642645
1009912,533751.4367690475
1006489,633831.3044440545
1006486,189283.53519302775
1015969,551186.4632063368
1003230,467377.46296365955
1015402,1102492.6319417486
1017011,620408.4159757269
1014840,596168.1896020405
1010562,1185941.3444561146
1016482,537714.4117398396
1007354,1240591.0513713202
1012012,285997.58070174436
1002743,333452.1430631417
1011021,601090.0786757699
1010011,767036.8905169592
1014796,674476.6315114788
1009596,354752.85832929244
1002405,322287.4874950405
1010908,167219.36765376703
1002238,855268.2552553865
1003007,630192.8842897608
1007926,331270.531153196
1013435,288171.4732804001
1016548,235755.10809606776
1012259,548192.2155535753
1005500,160203.1247789258
1012419,1165301.5894214315
1005417,592120.109598102
1004587,425688.60455330735
1009692,340261.6982636627
1017208,326952.2653343337
1015031,767007.7874098106
1010838,250512.19090119944
1013088,631758.9352158572
1001503,916070.7317557809
1010830,989059.7099181466
1010755,384674.7609141578
1013262,500912.2400222052
1011864,236796.47438070658
1003402,514590.819068453
1008842,192433.39963999865
1014356,683127.2317521408
1016756,199837.77347607168
1015420,439546.4612561386
1014136,499330.762619209
1014552,551119.8966607566
1015749,426235.62960935675
1006882,313831.6733291399
1001201,418200.272767053
1001486,268573.6337064158
1002885,372538.1785020549
1013491,341227.24528901133
1009315,625075.0254243051
1012421,891925.4348942962
1014457,566013.8106907102
1007407,372390.3987144085
1016917,558339.4301232167
1006089,461350.56170014763
1002409,917385.6002320616
1010909,407167.5804216701
1013157,496323.14175730135
1000296,550842.1566962407
1011966,569150.971003334
1016403,486063.4250411061
1009290,262766.59841531527
1000795,423246.1276201416
1011396,550561.3807172247
1011016,247297.01770115076
1009732,348198.08100102504
1012504,235593.50766761287
1012010,614762.874896711
1001876,401316.69989087945
1012351,809829.7260340541
1013511,367703.1549496853
1016066,1200328.9212836092
1016227,275044.59194851236
1016764,800998.1109037068
1007002,275709.3150538507
1007871,438647.2773257699
1008901,994790.3184995392
1002135,1105753.601435107
1016502,797418.6178391047
1001586,1020955.8182437235
1002916,403412.0058224261
1016629,233115.06824425972
1015464,789514.0039118452
1001405,263439.5884810898
1013975,976330.2827732639
1004124,237852.37443978936
1017064,471760.09918486275
1014034,946505.4580798326
1013907,407679.4373286141
1014857,401693.12425761815
1012025,440748.24849416065
1013023,400852.3181417597
1003086,260316.1051597231
1015003,478107.55318675516
1012972,348900.1476803977
1007278,481091.70956848044
1017157,185622.0088376012
1006315,229221.0208215559
1004859,426768.61991142307
1009581,367991.62327285385
1004045,311630.1006480701
1017544,598750.0515984817
1012210,341058.97493302485
1000606,639057.1028344478
1005502,316758.18364834
1015581,654780.2283838004
1003629,380374.9191959867
1011921,1243866.9271240227
1012292,339555.9146277508
1006416,453688.83132838225
1016747,354885.8852859564
1007325,1070840.5847035984
1011206,451354.6597653148
1013492,683718.068647366
1008247,1043376.317728193
1006717,239989.33565988418
1006273,424663.8983871317
1016804,966175.5414531674
1005181,139224.3262857556
1005465,175111.4027114609
1017408,373267.02680815256
1017258,1164235.6465516235
1015677,535653.090084409
1011052,409759.41565993766
1002300,581470.9376602913
1005655,486823.0249773876
1015882,908656.0034224347
1009129,348243.0069652105
1001968,524676.0421665132
1016014,236586.20414918714
1015914,157585.01104805977
1008109,295240.8505203921
1017285,1024812.8414653935
1015548,307255.83347482176
1004612,319466.57745887735
1001356,1109601.6002629122
1010515,549612.2049854142
1017590,832402.3018035728
1001529,308185.1457633876
1013190,197714.3604724604
1009474,343037.82453743997
1013931,339283.6218962844
1013446,248505.35043235437
1005555,753913.0484350142
1011478,163341.35767611983
1015124,920771.1466105762
1013034,944057.3583080067
1010484,336779.1858908765
1012969,910083.4468106327
1011266,812474.5251617699
1010430,732616.3593814269
1004193,727938.6998212163
1016084,457701.5684651745
1006520,522513.93032211595
1011861,192283.30942568372
1007610,437774.7786225638
1000560,194910.75655108862
1007860,251546.66149449837
1001783,281006.81589093484
1009984,232311.46734079267
1009840,295328.11231089506
1012624,511292.8439446894
1007660,817732.1950692203
1008881,498121.9112700271
1015558,110103.27789847396
1004759,659698.8226524597
1013509,520124.6606544536
1010772,617987.7333292651
1013532,362738.7498747239
1015312,356015.96921462764
1010280,288287.1652464894
1010282,461612.3228045316
1009615,248262.2511621736
1003451,581013.479636685
1015859,493794.1805306994
1003275,564985.1819568152
1010901,320832.6867329411
1002853,270619.7558094276
1015300,267537.22146002465
1008669,768955.1056202955
1015731,505177.27948928287
1000579,356895.6685870514
1010169,806815.3357372106
1000343,396862.15589727805
1009809,1306665.8337332709
1009967,554971.3504550429
1006738,250948.31941424633
1017046,362489.72391688364
1004716,386919.4792859873
1003523,211534.65981425572
1006091,1370112.7242811227
1001667,543602.7669213808
1013493,1153791.1973822755
1005488,655538.3943623627
1002138,252367.53685697977
1006277,387789.3573456655
1005387,625753.0384164066
1014290,774380.978312226
1003448,829943.8525691009
1015620,265015.35598337493
1007454,1126280.941922314
1016336,1142277.8878860353
1013643,509133.69382633717
1009837,455560.4333193465
1008043,1288868.1028410145
1008329,743110.9896817551
1011625,1178338.0945456082
1003539,196243.19628257598
1012835,864045.0271079015
1001636,719267.027590719
1002897,853935.5139695643
1016265,316261.19018839934
1014076,938560.182374178
1002319,615239.1463825308
1016772,196398.1196714373
1015392,1029121.8571911048
1002447,555480.5695984688
1011488,88484.17033285121
1010259,275889.54897061177
1013459,495729.62405736273
1009177,828580.3181944866
1008232,1203598.0279303952
1001435,792898.2440026256
1005608,401860.957240373
1001349,201671.89562775203
1014218,579753.0352139373
1005035,323007.0204754313
1003553,560618.8155498262
1005754,343188.3743816318
1010071,426202.34805013257
1009534,336968.6696537696
1004500,324015.1537584539
1000821,87223.96062440657
1002686,230780.77653680166
1011647,266416.38010701264
1002321,510921.2924262512
1007788,468436.9231753176
1011334,555897.1363138915
1006316,636898.7202280064
1012873,263782.98759608914
1011271,846453.9477039351
1013203,1045242.5823403179
1004324,1158580.8180093064
1002825,1015393.3219045845
1014407,394658.66388427466
1006284,1253604.1472461254
1011176,260043.4858362226
1012029,546665.6012607962
1000206,551085.5919826508
1006657,447623.756341028
1000981,436770.09835706354
1011729,436178.2406693544
1012874,208127.72099062506
1002176,602880.6901351734
1015667,142875.67500357516
1003209,532514.9349589263
1014362,548306.6621447785
1000723,251916.24871562934
1004413,394481.801339147
1007200,1060127.3642112631
1000818,299306.72424127767
1014183,470820.9595301905
1015761,453488.05990251986
1015175,215313.53075258769
1003222,429048.8827369864
1000971,363958.7214007888
1012203,151181.32985216752
1001595,313202.9322529799
1011110,1011211.469274141
1002668,661122.2991102574
1002828,462902.3049982559
1009305,204302.37312433225
1002575,604671.9262277299
1006474,557217.942873963
1015021,666106.3624959646
1002007,314046.0907575886
1016557,613437.9233602113
1011504,360735.2048202834
1006300,848778.0341719203
1002509,612916.095998939
1017033,355052.37157777185
1011227,737543.401291499
1000433,199696.131118881
1014521,1197509.3845034717
1014789,258792.6994264221
1015881,1464004.296210221
1017055,1184140.8405770366
1013055,225291.02603100424
1014714,610470.2573073772
1012866,792013.8330774934
1003912,474717.283574871
1001910,1331936.6381016297
1010573,1145998.8176061236
1009040,137036.8707392612
1006050,183961.7705770978
1012937,188538.71173095002
1004176,1393145.4658757136
1004312,683849.4496128494
1016714,437120.3917689638
1000252,375909.48134869995
1006454,586577.320611953
1006838,286809.581136984
1001643,385192.39431956515
1009043,432050.66340520536
1017040,445315.62172690453
1014064,622479.1876647084
1002281,231568.33256235605
1005366,326662.0629356713
1001467,314644.0883546771
1002068,420956.12749007304
1011186,303458.3831004985
1007282,367209.1539103522
1008488,233776.97341684598
1008969,290084.7689226422
1016075,256746.12625149233
1001986,129337.0359342144
1015211,375207.70333443565
1010323,875206.0575081112
1010191,1077033.767018413
1004890,458779.3286285914
1001036,989643.0735162555
1008168,727594.9308600149
1003713,338239.3220635445
1010581,1268075.7173275806
1013436,841496.5450451917
1001922,353694.04185694805
1010119,994915.2432352436
1012609,442310.22186279617
1001087,1058129.5393202861
1012596,852960.064934049
1005634,777710.038421131
1002938,337296.5558635112
1017461,491035.38575786125
1015894,304165.63055532926
1006166,263826.2676231119
1001494,458418.5795747843
1012168,398260.7490759947
1013921,490392.9565119141
1014747,841558.7894081112
1017504,310678.91754489194
1000766,1059969.7422189733
1015603,137115.90571541153
1001089,209669.99300359673
1005838,374634.37416702474
1004334,406500.6647836276
1014810,300214.34085646144
1003211,461245.0539963709
1008173,784467.741398908
1010439,143925.51099223702
1002064,627228.828405805
1003325,341527.18378874514
1011213,432982.47346739244
1015291,594470.9201652966
1010974,335682.205873546
1014955,536775.1842934878
1000312,133668.97817608571
1005219,405484.17270050466
1007217,463470.2800839459
1015542,834024.8503846909
1005274,573284.2569041223
1008316,241635.37159266914
1006180,600160.028051061
1015463,333924.5595981491
1003905,663101.907042463
1008760,264564.5325817696
1013170,295372.5764843079
1006156,343881.0060412591
1008422,640304.3108422128
1006142,583502.51992611
1010287,464316.50005707424
1009461,125692.57529337141
1013748,737634.7551257625
1017570,648535.8807888698
1008286,181259.42584894923
1012453,258158.22498021214
1015999,282216.14410033857
1014266,318701.61496119306
1016891,429593.4376061829
1000155,295882.02226042195
1006567,591302.7788475244
1017367,1230632.573806656
1002136,418267.14233574894
1012558,295503.5633296113
1013498,646739.3185473392
1008268,293671.8545171953
1005389,495387.5413734398
1004908,662303.8374016279
1002657,724629.4638502888
1015708,900679.861407758
1016176,1052893.9431660369
1008912,378974.9803625895
1009974,1189241.1079109155
1002021,1037316.3074711505
1011376,598826.2429047255
1005050,996991.5965665019
1010170,769213.2159306968
1000016,844842.6722963114
1007824,555471.6838215764
1008850,622697.4262530996
1013415,285936.7672282401
1006757,660682.1661872201
1010356,617902.8170534238
1008163,1257832.838735584
1009330,522206.1260720339
1000118,408478.94248951576
1009690,548209.9147730042
1015099,878444.3718160605
1005980,818983.0113828689
1004418,193313.7239884061
1013112,242810.2756733553
1011518,96446.48294452287
1002338,479852.4665240409
1008013,468761.5982719487
1012082,436754.594128989
1012320,309887.26536273205
1017322,470491.7873982833
1012859,428210.20554693235
1003095,152067.726073198
1001750,406596.2675743181
1016037,617933.2264070613
1010055,318467.7288501165
1011145,275813.3486486947
1006497,463685.31784546975
1002233,421018.18129296903
1002674,324928.124807172
1013478,424283.68619490473
1009853,359510.00610609393
1016376,196585.13954127146
1000037,417487.910015163
1001913,281914.52092291415
1015050,350661.42793271627
1004249,352148.3516105559
1013866,712329.9191278158
1000869,343458.2393791764
1004125,460946.8675582297
1007320,133885.49107635094
1014928,354832.74012279214
1014567,601463.1357937416
1006892,512432.01972787
1014716,409423.52848956815
1017181,869477.622009479
1016684,988119.8989937487
1005741,466578.2170290455
1014460,969484.1645688158
1000721,703388.9836253974
1010814,444378.6530457341
1010225,259066.61521712728
1003241,1119243.9128468055
1015041,290794.8892191567
1013129,611172.7841476455
1011555,272041.08768877015
1016250,447143.15943756356
1017038,984778.4117728228
1013374,590638.4764000413
1010770,467431.0479514977
1012588,443382.11674988235
1012106,397626.5167355367
1006909,681034.9465062597
1012597,98682.39379946397
1013763,756597.0993583635
1014967,382342.231991683
1009166,518388.59071391396
1014428,722564.2264418335
1016498,505737.0266289309
1016745,210863.57796651352
1007431,421745.15074868855
1012575,153675.54727979473
1016159,511602.4633895931
1014122,573176.6677519402
1007995,1134696.5185939986
1012892,563357.6103557271
1008334,617000.5814537128
1001071,716825.6560394989
1015141,280041.26522988285
1005245,1055581.7706336444
1010713,302400.9697147586
1017191,301315.5676848189
1013250,452453.74099491903
1001820,466751.25446158805
1007817,442452.6010646407
1008999,264061.9843877326
1009352,145986.79927364277
1000362,568406.706700426
1016277,139400.03715424545
1011879,349264.0212288381
1013629,213767.16277705313
1000657,1100961.2615024222
1010412,337263.54661771475
1013717,119015.75341465638
1017374,342292.8709046515
1003340,1066034.6801634543
1011031,881151.2367113034
1007484,1153221.8119869707
1017390,559555.4005955051
1016715,633967.8358473366
1016509,482733.7917814653
1011708,806748.204212173
1015643,560807.8562025257
1013996,789828.1536413301
1016120,561028.3027306373
1016753,212920.82720070094
1013805,994734.0226374626
1016677,676011.5627158277
1007180,706559.9816886728
1001816,861062.6864077387
1007855,1331698.8935349295
1000335,219073.0005825991
1001852,538513.9170346841
1011910,167548.81535849802
1003106,301578.52898574044
1006842,178459.2326211265
1016853,665390.5551980453
1001882,1296671.576031831
1011338,284818.15143562935
1007656,408530.7320624285
1016975,695591.6083526684
1004429,1164017.3112581745
1006121,490687.8170096234
1005751,243900.469599076
1008344,631215.4805891116
1009322,502375.18638857483
1003886,1050767.8171963198
1013043,741125.4283849631
1004255,456874.2242968696
1010200,440785.9171049474
1005507,592234.4207984379
1015280,278570.33198256476
1007551,695141.8694338528
1010184,217451.3607143629
1012501,512142.68491712905
1002356,617520.4841483951
1015018,249423.41500060173
1012002,352871.8587111377
1002165,323205.3411982452
1004946,616647.086563912
1012174,672757.537950108
1005937,1211600.9260089318
1016564,332385.5464479238
1016644,343765.0946740047
1004268,1053791.6650798498
1003928,1127499.6854797618
1002045,1046873.7314130756
1006490,804375.6961902567
1004690,240902.7773415429
1000293,410953.1773328775
1001255,290727.84253920993
1010864,297613.430925557
1004409,280204.1311856958
1015155,188130.59350309704
1000411,491940.3527802982
1006037,652525.3883318598
1005769,422353.7469537809
1012577,532339.0140036818
1016096,290894.30939985364
1006332,410142.7434744966
1004611,268549.96276005916
1004388,484152.3774710938
1002119,712456.8910123699
1016205,163910.27575601975
1004729,285957.2033733507
1004164,369563.14425521303
1007980,338330.7686658699
1011449,403539.20639504434
1002750,354753.39880625275
1000718,296449.5817839107
1004252,761195.2042606391
1010759,495742.8730009934
1002460,741865.3197833942
1009542,327808.2290669152
1010622,1098221.0647928708
1011842,433544.89865228237
1002362,381365.9832835548
1003286,304050.98803920177
1004104,773322.393125028
1007568,290385.73552595277
1003125,836362.1105979771
1013058,601050.1149177953
1006122,580157.250857887
1004699,480450.50617579796
1004481,449206.4179160247
1014024,444871.5869699077
1001334,652202.369616795
1010996,630282.4861400008
1001132,518428.5864220143
1009445,636528.2022819973
1009798,616155.7123584308
1015803,357322.0483016495
1008677,140535.0778412481
1000608,1118338.7141687686
1009500,717347.9514536024
1004710,362896.6171403484
1006406,349174.0243228069
1014496,1487052.6844872457
1015567,188763.31911556632
1012220,283443.8398761951
1011256,483506.04570368206
1008256,784913.5173667992
1012571,861847.5260579302
1015978,423151.9189016781
1016173,303323.2293671952
1008779,350307.95108724595
1000461,1112312.0456023365
1017094,629035.525327934
1015010,230669.49915542235
1013454,418868.76218782726
1016578,347057.9636775801
1008206,711925.8430824465
1015868,211007.1622446011
1004893,1011119.6032895029
1009404,537278.1832659364
1000154,708704.1832181232
1007252,308436.33069272677
1002008,356618.59519295074
1007586,422897.8578397458
1013660,1308798.6960323835
1004239,464585.4384768112
1004635,1051223.7784597604
1011380,659479.6379225029
1016771,348634.335413987
1012313,663558.2364404972
1014182,592723.215319652
1002348,1430828.87738901
1012519,1222106.985242624
1006480,719787.171792809
1000143,741553.1456928711
1008576,571100.1191748953
1014949,183466.05096664123
1011611,366282.5358229624
1007607,903000.8237293772
1003887,382169.42323980795
1010811,443268.14367493126
1007539,166849.8854714938
1003103,286872.1947464635
1007890,783995.6536764257
1004158,649275.6560230474
1004746,252986.75915318955
1005881,860851.5997313376
1002307,278212.06985022686
1007126,244801.28877423468
1014620,554893.7366223837
1001896,489412.67068582017
1015494,957951.9317824817
1003852,1189182.964855183
1004709,214197.12387928914
1001126,320195.2913149142
1009114,504854.74134233216
1017193,870222.5693304272
1013707,294467.8170859762
1016777,414833.60029805877
1000450,623419.2389512619
1009498,153232.67109264957
1016544,660091.8517907106
1012196,426357.6990119741
1003899,269477.9584612925
1014741,1303357.8698587297
1005878,271203.2528695574
1005263,590739.5563271582
1003861,775229.9247929485
1006074,384857.279157343
1001359,203879.89751833456
1014807,749519.1935127354
1008595,450398.7050873886
1011978,335263.9005727234
1002214,1170634.003984381
1009000,384366.94434244063
1014379,343526.18691627117
1009602,648630.416407526
1010832,446885.37806844997
1012180,665821.788278382
1006548,182398.34541426692
1009126,422792.70045054954
1015592,235110.52496928934
1016989,633183.1488642904
1013853,904722.3116594364
1017224,1103818.7852508419
1001616,361641.87062468677
1006319,319882.6114895503
1001034,385959.49244303996
1004092,464361.5652435415
1004578,132870.91089850783
1016246,538324.8173457432
1016136,986289.8082637684
1007536,541589.252764179
1016281,145598.42140001652
1011109,674330.3890045999
1017006,688116.7502996724
1014995,396826.2733160137
1001651,548823.2283925303
1013555,377860.24405026174
1007948,502428.11981075094
1009833,527357.3951941732
1005737,537190.2423872446
1008803,409341.25468638586
1013704,679548.2862782873
1008511,312242.8655391572
1013375,758841.3796802625
1016732,322043.4585370889
1003580,1005135.3965873062
1000397,250420.12120905475
1003787,385054.98020293354
1008524,346077.29323652067
1012377,407109.9286691767
1013442,199703.6634701263
1003280,472050.9341813775
1010498,131416.64624774302
1003405,549499.810303911
1017546,403739.1726233557
1007841,564880.3067500034
1015522,1156129.015621766
1004254,403825.455524701
1006584,523861.04869735776
1000808,318562.7445828931
1004966,670578.4887470314
1009997,873508.295327385
1013526,600014.322058212
1016653,617967.6318942816
1011659,323324.3330822367
1002511,1313352.5614408853
1015711,915434.433461285
1004307,586759.725380083
1006707,825942.4356122132
1012751,493727.97712490463
1010960,666538.8542829839
1009026,218909.16947100213
1013603,664092.8120810272
1013732,178075.11120539816
1000109,695371.1626946043
1012638,969784.5371444684
1012069,173342.55824291866
1006883,257922.5068678347
1013340,368439.13860508415
1003386,155684.5194834922
1014957,230468.08921245576
1002337,601974.1072699886
1014997,1100758.423641876
1003710,1077040.422062564
1014528,391271.8238140652
1013180,358236.8046853578
1000728,435057.9708600664
1000691,597758.2345803155
1012472,325629.605197298
1009532,505340.76124213124
1008543,597568.2388757633
1016199,292988.82229623396
1014665,483068.5677912177
1010258,455059.42571365135
1009628,946153.9034794149
1003686,552402.2483361526
1013269,528412.2065414395
1012869,1326282.738842743
1008459,945683.2174629054
1005919,144096.09617906625
1004376,1179829.0585766595
1000328,351921.39303926023
1000157,592447.471378674
1014660,1065183.6793509936
1000772,719869.9634306972
1012288,252670.4572760271
1014021,668212.8432808539
1005214,552238.2385370022
1013713,471807.3731122693
1011234,197340.53244510124
1007584,1121856.0904005612
1012769,614714.7586663894
1001179,964105.3962420124
1007020,267418.91876607237
1014738,1124960.4008343809
1000044,477893.7912903707
1000767,255996.51641232872
1013916,424956.1129790627
1008994,753157.770349095
1010880,392354.30380516645
1006066,425781.09665050823
1000582,368671.8307721928
1006388,949752.7453660998
1014066,1009225.0498864659
1003975,311835.1001392301
1001861,332167.0687554202
1007207,561056.5240419083
1012652,403114.884507848
1010938,519578.99976476736
1011566,1066592.7832027883
1015802,529639.1263605612
1015012,1258333.4453100448
1016823,674868.2087591334
1004242,788317.1670495932
1004205,1034621.2672052814
1015362,209892.48672847962
1000932,886191.816079605
1005967,680388.1126504041
1016774,216294.26544274887
1013579,643051.5712298386
1009784,313040.99425721634
1009862,202635.69499733503
1011407,351068.62371577683
1010376,718508.8436917318
1017306,1100189.2138687475
1013131,499236.65874608373
1005806,326384.1855122697
1002646,660931.2824311594
1005393,201867.23484763905
1005416,506318.472472323
1007664,800039.7219860149
1004365,534150.175937493
1013619,1082623.1498088813
1015139,454343.9917639471
1011805,460487.61482425866
1004097,183122.2705554449
1013225,551391.3773770013
1016149,342773.5406469729
1010796,307129.50583043543
1007734,771904.8278966633
1007119,350887.6667983917
1005207,1236926.053842832
1000948,145295.37816961124
1006754,302145.38249732467
1004019,1113613.930313405
1011774,1077556.7339317477
1007274,274517.1713542879
1002084,219114.020640645
1006341,563949.6941474706
1013469,268994.9221675132
1005828,475282.90590361715
1014220,1198417.8429222922
1006814,166841.1346446016
1013061,447519.81722876977
1005498,1007200.2100896384
1011983,348998.7260253528
1005100,509402.90699144796
1015526,224565.38596050322
1011053,180349.08153078528
1001410,675389.5900160514
1009023,155613.57533563575
1005620,1240920.8145708304
1013266,422985.84400590486
1010395,417447.82523796667
1005786,413365.60924020637
1009621,332220.50878073147
1013267,1017073.6514405067
1014763,269614.4038559567
1001953,297679.6264811036
1007359,751241.7231629716
1015830,686998.87107796
1003717,1019433.0052599463
1001629,438664.6397467285
1000100,475712.01697771245
1009197,754287.1753200252
1007627,558935.8884277339
1010724,988380.5114557192
1004958,630465.1453308869
1005514,318191.40554561804
1013256,762799.9719921338
1011945,424855.13176480314
1015340,631580.4663102223
1007501,759310.5930076268
1007288,625405.9378674474
1007024,450647.13756505144
1017162,632002.3657497893
1004925,727600.2315799918
1010262,658178.6245381783
1017082,186442.4863388713
1005091,592435.7093365568
1008764,454567.1571586525
1001085,335791.4135813239
1013431,727913.313202331
1001970,1245401.1052890504
1014837,1021475.3590964206
1010725,329194.06856394495
1008762,159640.6055385528
1002304,648220.2357434735
1005708,188409.27745964203
1016978,154153.80355450118
1003457,572470.0255211564
1001151,123044.58801254834
1009750,390779.7713787362
1002100,282528.3163400624
1007803,748687.0275159333
1008568,301342.77365138324
1009478,515497.70034935954
1016671,379905.52010730025
1009610,247885.32424193356
1005599,348669.41598166985
1006658,810849.0378351209
1010414,426218.8842897611
1013481,162008.1951908968
1002005,1035501.532533304
1012386,213751.20022778146
1016215,609772.2012536245
1008566,421693.21163935115
1012932,201065.37876479246
1010140,337404.2217595858
1017139,313331.057645746
1013488,1046059.7162419602
1005727,1095208.4077570962
1012316,326077.2296378094
1011976,376366.3406262857
1003768,373269.5905734865
1008016,576199.2970664593
1006062,643272.261773425
1014503,1007023.2523588015
1008956,934706.9436075786
1001642,441612.0692146477
1003645,514399.9959456284
1011920,1021556.5434645592
1007992,128769.55833652141
1001468,383704.84453043295
1016939,431976.59314569
1015029,411226.64765596535
1010040,1002701.0865302725
1009348,242455.43644267085
1003503,375017.52529300004
1013642,344193.87663632474
1015038,281666.60901443806
1010162,1181151.952471062
1004263,373428.5182521049
1006229,302665.03640699026
1001773,369677.5184460059
1007929,431071.36743245187
1016887,257985.41073412576
1001299,451494.4168861004
1012535,638846.4561231883
1000874,355599.64246624836
1000245,500998.0260309473
1008532,338331.6424624445
1011437,1118611.6824121648
1000763,461325.28291988594
1003703,678030.5324572504
1005401,555165.2154767388
1009296,303691.5656649175
1014820,464128.8769686978
1012797,879569.5136474144
1006207,334800.9132877674
1013094,347210.3953547407
1005768,952283.3196037681
1015570,858317.2884226656
1013136,557510.223183523
1004250,204776.5168584169
1015039,280280.2931445793
1005974,449634.39437279286
1006287,337227.4595435001
1003431,103671.83514492042
1016397,1217877.7289646978
1005940,276846.14974954777
1011503,371823.1494390839
1008515,818488.189124104
1004056,267283.81592495565
1013807,118511.00659763873
1013886,291602.65420888376
1009900,250218.3412501127
1007638,460369.4599625746
1006689,129621.27552214327
1017084,291194.5313675302
1013257,622985.0175838185
1009256,781508.5482283054
1004609,1366321.4181736934
1012302,579204.7694546755
1001952,1126945.6584582925
1000984,232530.71023775826
1013847,554967.4101729506
1011062,444489.8782510743
1001398,341092.0265786378
1001700,305488.3124427239
1005677,413024.95490092156
1003471,416362.94176520006
1006031,652525.8733553283
1016531,401547.1777341323
1011742,195300.33342295344
1005055,294495.0301759169
1007398,518334.3863901283
1015182,488181.80406418233
1007849,300404.35723921674
1002349,578739.1886036076
1016101,545159.2115178062
1012562,161174.55701421143
1004985,589231.9906013199
1000416,694694.1873359007
1015783,761929.29420383
1017403,360386.9198860561
1001228,600437.2190091325
1014878,225321.10297353976
1001061,494483.4620160329
1001904,670402.4704805107
1017073,591967.4526561864
1016729,210801.5275946877
1014977,508745.31282624556
1015632,283955.6096315938
1003089,574415.773832178
1006170,495089.1180608231
1017119,835300.480668751
1012623,208762.7328260395
1001163,203826.6395473704
1005525,454331.7803268595
1012552,409342.1211745489
1004674,1244301.3877014832
1017410,267199.9286838904
1000694,637214.5965539152
1000526,364473.31561793754
1014431,324496.23369165836
1003218,502214.95525644504
1004146,741541.490807141
1012229,595381.4774940826
1014134,158790.18408721095
1009163,1071002.9111861666
1003435,724871.935756716
1012096,472273.5240858654
1001943,616855.351892229
1014195,178640.1240466794
1003314,567331.1416661409
1014646,675105.7198021908
1011561,331711.5952580223
1011584,898372.091067011
1011897,1383292.7187787774
1004345,845533.5964566175
1017292,290892.8611311934
1016323,564595.3618272496
1012373,139670.32140617052
1012697,545366.8685389012
1006342,462872.8529724947
1016405,287399.6464184685
1008710,559195.1628913473
1005280,259434.51201924135
1007930,185284.98331377265
1012826,184099.40912601817
1005729,118098.37582701737
1010438,1167890.6947716242
1011995,1245966.3564119926
1007905,105603.35490311324
1003881,400057.3166327243
1008720,251715.18330837513
1009450,788319.916938733
1002520,297272.20299891505
1003309,186919.0841029278
1004306,350618.25942227966
1014125,601494.1875027302
1014347,428000.0265929123
1008119,536669.6235176423
1012654,469987.00736770243
1011240,990671.028589432
1002278,1190755.3212341638
1007595,517969.0175161749
1009691,577612.3998039274
1012122,332747.887815904
1011451,356603.58584442374
1016018,471832.4558548089
1004990,124542.14645449183
1016069,503040.7222830158
1002204,582087.6016657108
1010375,333678.3080043244
1008638,382597.46537807805
1014953,823611.8618989665
1003112,358327.55956633005
1016596,547619.8441377411
1014942,1178796.5375329223
1013957,833511.7247019986
1007861,639948.5541228347
1012159,1077266.0357209288
1004350,1119967.8141011337
1001248,588327.0832809039
1000043,422723.50768040615
1005731,389476.5714445547
1009031,488032.7929500668
1010486,367062.03903935244
1005977,288555.5582549698
1014593,810356.0385358528
1015164,370311.4991727772
1002728,384826.2793587708
1014963,332479.58093435335
1008624,735006.5340774038
1004416,546948.819952947
1006605,604544.8681081481
1008391,366489.44476492016
1003699,738616.4685777783
1006167,453553.6477943598
1009694,817107.0714333097
1009793,838957.9402953238
1002097,229192.94428721291
1012000,276912.32969190495
1008506,721010.7139869889
1008777,400591.50286142615
1017404,232878.55722694538
1016603,922688.6365104861
1006383,213650.37369168317
1014688,410641.175300203
1011777,573709.1321881164
1014775,833477.4302555706
1006301,553514.1196858522
1014022,426259.296492451
1014925,247288.2681684134
1004509,127378.51052542476
1014572,855890.0824318756
1010719,328040.3253299181
1009660,286683.1871846132
1014273,379762.2433244333
1015938,384814.2812568872
1017000,619428.0639472341
1012202,431423.8867073947
1010068,91726.6229732797
1017204,598989.5080210704
1007747,359761.01269418123
1016685,921637.4122172167
1015177,594994.0721534337
1000447,963648.6365417184
1006310,1300292.9076430942
1015235,660061.4268888049
1001430,518442.8845238703
1008102,634258.7939152393
1011690,944671.5145079478
1003024,1151949.367024627
1017566,465978.8759426273
1014306,526847.5029773397
1002498,863117.2501484893
1003991,674873.0415723429
1009064,715395.9765433914
1004572,628103.085808397
1015005,609566.3731377105
1012589,883466.0720576188
1013443,1111143.4472349514
1008891,290766.74028174917
1011829,241061.82205818605
1006621,199283.76739683657
1010575,165279.01238613352
1016787,723276.7703554754
1012940,589069.9523996093
1014176,301057.97250998515
1005746,397554.1123458561
1013531,590357.9943385269
1005753,276065.98138943006
1000391,1092504.3686169935
1001147,123338.86125529207
1014498,559660.5788203389
1017027,211066.77500029423
1012440,535299.6968103992
1017335,140587.96727670138
1016218,249259.96559139836
1009978,668136.0146094469
1011120,570986.987686484
1013162,637254.1487698444
1005580,162827.53385029806
1000590,491985.8236679497
1008032,986039.6207597364
1017316,841845.8007434489
1002424,501528.58263834764
1003157,141169.6021157587
1008801,125518.4341733303
1008683,997980.4308966807
1003813,319664.7280487836
1003614,578987.5085084548
1000855,996135.0052605597
1000809,173991.47164061066
1008844,355727.3825317699
1013540,645847.7897486908
1002430,863445.3945311517
1001613,485142.9036040867
1006867,877905.4558380211
1002702,355808.97839814395
1009193,424834.0950864962
1002306,167150.20694822402
1001425,203343.5846875751
1000966,88716.19098699557
1011356,279786.01095433114
1003163,383711.12110768136
1016835,764672.322230799
1004645,262891.66117978474
1000294,337720.3347068499
1011686,446158.96157958254
1001115,392970.7527572953
1016260,264371.36944483675
1009613,549100.5442027517
1017287,473354.6561808903
1016089,820314.7648912827
1016353,432353.3399739004
1011317,826572.8096576792
1004444,1042078.4857639142
1009740,1057934.1928860229
1015958,218263.46362788402
1003511,1305724.7565124347
1013497,289670.8605769516
1007729,819757.5115523002
1004266,624264.4858526164
1014353,711332.8269589425
1004598,583111.4799563837
1000644,373618.3238187759
1015885,303969.7855587836
1006991,309592.5918368171
1010202,496424.7478314215
1014479,286568.45216403395
1007419,815035.1991679037
1013155,447855.7136800326
1005210,603688.0514355195
1009042,395790.4454512099
1007719,219426.79548691603
1006182,1050166.7351680824
1017152,142672.03436750767
1011797,881896.3129751028
1016678,475115.3157369353
1009828,424932.971787577
1002042,392759.0136521938
1008667,1009147.5110231817
1009224,778258.9488210155
1014487,163876.65653507595
1015359,558777.6467326685
1009153,728953.1095515334
1012098,515635.56209032703
1011953,251745.0246592561
1008494,182088.1855416128
1003040,275845.8700856758
1009016,888714.4802209468
1006655,896067.8376854124
1005638,1079271.880589939
1000123,1041613.8466916042
1013860,629982.4112410232
1004553,417955.3232192905
1000673,390745.3394823228
1003932,498872.75261348666
1005821,1148319.3551704807
1014829,557862.4175385666
1017159,594949.0300573471
1011673,761566.2645103562
1009511,426867.5811919086
1009280,337813.4548407949
1011007,758647.5106556638
1007974,308951.1072451323
1008725,277799.03683977533
1000426,431462.82599250175
1003335,415330.57417415554
1006131,791697.9304604727
1007485,1136635.022743614
1006557,699899.4488909531
1007570,672763.2611645546
1011656,417863.0843302888
1011750,237888.67153285784
1017043,929662.7035483732
1008397,683300.1841641852
1005744,343445.38427152333
1013966,615889.8204645872
1016350,791837.9349821502
1015718,1084126.932444102
1004446,969683.9300473375
1017429,398263.7494805396
1017216,501890.2284840366
1010917,541910.181290074
1004574,766603.7590099776
1000849,571186.1577103636
1013270,302509.86492086825
1009962,619480.4599491283
1001580,341120.17865986103
1013823,265990.5255331217
1003565,638465.567974376
1005239,384276.8018868764
1007296,471144.91054587596
1012582,348626.3528850117
1010397,141562.94919706462
1000591,370317.61817021866
1005490,516985.54255952814
1005624,1006806.5414885278
1005022,910493.4961585035
1012290,387072.50343542296
1008921,789342.3653502516
1014475,254473.43121167598
1010644,1267960.2309125557
1007738,220627.02811101443
1011961,429542.7386791481
1016646,542013.5296458254
1003407,125642.25615679851
1013723,324951.2395941642
1013977,358380.53211759747
1008337,739296.8258801518
1008105,375900.34762589936
1009760,137690.55686718615
1009560,385278.3920781181
1004461,699946.4991057826
1015036,837254.027942481
1010778,546170.8093776124
1012399,273549.3964274243
1015754,253372.92368532752
1015599,313977.7358622074
1008737,627486.3562678657
1002774,921171.251966897
1009954,449716.6065882544
1003993,510892.5629743227
1014280,400807.0821257715
1013286,967492.8055919406
1014768,389124.6517199206
1004212,420142.0699921139
1011096,696347.2756754311
1000750,315499.8342893291
1006614,221759.9825248658
1004570,430847.5703306582
1013504,548105.463416388
1000846,817000.3404641468
1014569,281583.0805118922
1015874,1253933.7812760316
1001978,430610.77005474933
1014968,613664.972854973
1012458,346050.30824415205
1012218,680142.0617915309
1013368,658167.0589947465
1008357,612187.6942387498
1014737,556503.0951824908
1007067,409965.9664575063
1013631,556501.8919311082
1002842,810388.1903362891
1008060,698541.8371748207
1015452,585042.7635265121
1009889,386370.6496965457
1016902,352301.6633624082
1014344,571671.231152401
1016527,649048.4761555649
1000851,242815.26822906494
1007295,199026.39082696443
1009363,260330.7869043203
1014092,438284.01718322746
1004471,441006.1937542217
1008826,489362.665522896
1014116,443053.6606989364
1013842,706609.6385859152
1015455,430356.8391773737
1004443,173699.9072967349
1009165,937800.6491818152
1003910,492059.6489791865
1000837,775547.1292345774
1012908,1065309.8243873508
1003481,627871.2550816685
1017232,328466.5481126992
1010886,263760.9695781236
1015320,145027.01109237198
1008503,629701.4111163538
1006114,766210.6285537295
1010009,354959.32502834505
1012669,241537.57345919157
1012296,891105.9202840391
1000048,292123.744606121
1003665,837516.9265504993
1011762,520376.59694858466
1003864,408706.13066173485
1013172,429395.54854164703
1006885,425568.158915786
1001388,498356.9777264287
1001991,756416.7205572783
1017549,154450.90963128986
1001961,480724.21477175906
1015507,569661.6227986384
1006309,498486.7854075466
1004308,448953.7699909828
1015073,911150.9150712421
1010729,332504.26506570337
1012308,736847.0279457553
1012166,817334.4532356892
1003631,1219042.2260539704
1004020,610314.874209513
1002610,1212299.3723061674
1004381,653244.9275128021
1009736,611482.97478912
1002839,831773.2814843808
1002701,713925.0903129011
1005949,302646.9417205207
1001052,615969.9198291012
1004614,1444816.5018680263
1003189,521515.7979382205
1001621,1340208.9478509962
1015602,519352.9626275831
1004807,597875.8686347565
1005871,837147.7360793732
1011850,408699.078210073
1012554,544514.7764858698
1002810,439260.58443336014
1011833,418021.4287956307
1000178,755370.4171057491
1000119,212482.23409777103
1014042,852853.6709725996
1005464,468823.0167743567
1005662,446479.7065758624
1007954,621402.1965802925
1003722,350104.7466488736
1011418,311190.6298762722
1006298,414548.72281213215
1003868,232623.0664339191
1003338,511363.0063654381
1001362,385762.5131372877
1010878,216402.89413377503
1010781,86146.36269427
1006998,461413.05957075866
1016473,1083849.1719446646
1014106,434287.70647933014
1014702,215316.9335136221
1002395,476155.09216233407
1008292,195223.98712854108
1008276,434784.6481116119
1009565,478016.1336416686
1014263,587039.2940918976
1011760,367279.6926483453
1004747,355649.3030016304
1002584,253007.98745475197
1008365,117871.99282313409
1014123,530591.4553288635
1000493,377439.548939688
1015617,808800.2367802366
1005560,353319.1803436843
1003326,152074.79163709102
1004141,672199.8728472452
1016856,583700.1127183798
1016378,1352979.1886911017
1004455,205157.17605829425
1003802,535784.6891598689
1007422,269745.1149946595
1006863,334916.8518101284
1014643,468003.5707880287
1013768,361991.27775491896
1007776,144641.41642146476
1013288,806636.9100327113
1015553,356027.75617172226
1010472,1092024.2670433691
1012123,367024.1682070897
1005564,1021845.9444804827
1011914,983459.212469915
1000185,502640.71026484825
1007145,953146.7738399502
1004305,975347.0521245362
1016831,346415.09242203936
1005824,278262.9155563769
1014512,205676.81800452134
1003004,161475.6493950326
1016907,834840.2599730984
1011642,231786.6446185642
1017068,346424.5041419007
1014914,454705.2911199048
1003596,319490.9182079196
1005666,287348.5062657818
1006492,656795.7270193875
1013898,341120.83819621365
1002358,496912.3945496483
1011863,345169.9972318953
1002326,218995.5572920047
1015705,464849.8636656197
1014404,630325.8467234249
1010590,389763.48020897305
1005026,285627.8604412932
1013506,557740.8452964902
1010381,216608.38382814024
1015854,741015.1011737303
1014958,612213.2164755983
1003443,351647.7139661934
1015046,396550.4028335723
1008207,926730.4725924059
1007567,765840.210913338
1007193,186758.64847279646
1016652,688253.1599754719
1010246,743844.5496719488
1016816,331583.7355951645
1012048,809713.3420620635
1012995,341898.03073033766
1008389,1123413.9107992058
1001797,873616.5488481545
1015129,284925.56378640706
1001309,889089.8199901946
1014704,334461.97196975985
1004214,402059.02092623746
1012177,310984.0613303634
1012573,155307.7169036497
1005914,856306.8651376637
1011348,1404236.8897257438
1006898,379103.15962022153
1010851,540624.9217869611
1012181,504322.24051059317
1003624,1009705.0661603942
1000480,989673.0277042927
1006017,282618.28655496746
1014589,416951.096896489
1001495,361440.1503769821
1002376,452134.5374341408
1005156,464746.578668203
1013272,115170.93062572963
1013590,726819.1284953075
1009303,423819.15860330785
1006647,406309.590753522
1011701,626966.5048174844
1005115,460932.49623133056
1014032,416019.99833555636
1004359,129165.31595676456
1007352,1176793.2753913563
1005991,527715.9255933902
1008221,243520.41865752856
1000137,973877.6140827244
1017376,660461.3788263369
1009451,134227.68171679357
1016540,1330776.65087773
1006494,306731.1328476796
1010870,354012.8685080326
1002998,282890.4934967746
1002533,951083.2891183178
1015330,457575.60267699877
1015290,663683.5414804124
1000108,791884.6619919034
1016877,516162.0936429713
1017264,907591.8288052903
1016429,1219812.0519778284
1014200,376610.63041265437
1000376,490573.41495502123
1012140,622324.3539266987
1012739,812644.8748089132
1013652,532911.8815561616
1000974,367366.2471417658
1013403,719156.8570820556
1008426,295872.1321885302
1015621,544448.0714905495
1005934,427408.9702105964
1008751,386400.46947177616
1012742,459772.2292560872
1007114,636868.8805903998
1001498,351246.56848351046
1000953,539784.362096026
1014291,141978.18775281438
1012540,258486.0470755977
1006788,1234485.4622764431
1013381,510844.50477940496
1002765,633335.3943920259
1010322,470802.490921527
1000581,430322.67068775743
1008099,565749.5205510625
1016547,296541.65546023514
1002175,196997.75165091368
1004999,1067275.4545851229
1007332,419980.5498503722
1015246,256227.984119723
1005260,375318.4104419695
1013499,690399.3861683819
1000422,491366.7502388932
1001649,487329.18473692954
1014478,247580.9500733962
1004052,265798.2537292602
1011873,224977.76533087814
1012406,130979.10075354172
1009738,639910.5394393919
1017334,1114210.3760882784
1013625,437643.70132801955
1016073,1267875.1319523028
1000042,521414.2393652931
1012147,179529.15744242453
1010617,1026861.6907645824
1002782,504786.6210215395
1013195,305163.62188297795
1003727,273151.7613308168
1005209,837450.6092696564
1004452,1138629.19679351
1015064,503135.15331180365
1016545,260706.97789820796
1005361,547889.2479760892
1001011,553141.9288648986
1000612,474955.2216263679
1012563,792340.6863283847
1008618,137233.8480249176
1014584,110040.13110922693
1003155,999185.3767105807
1007199,1204351.483211552
1002185,1149583.9455495616
1006943,450988.43233007164
1014516,746538.9629569441
1015495,270482.44883500366
1002274,429318.0324497132
1013213,259943.45220646402
1011962,435871.2600676208
1001583,777762.8107493147
1010478,242962.81964722578
1017459,898721.8183823491
1010812,435376.2123829191
1016860,610953.1495764805
1005757,1001783.9319516723
1009438,580048.9320473524
1009847,484468.0704788222
1013920,619847.8554916919
1008611,362870.07637365797
1012699,507400.8605599303
1010157,649747.3905515408
1017217,986062.8068734496
1001802,487341.9696677493
1002918,151397.4031609598
1013483,257858.52672291512
1009373,589918.9598909001
1010674,969516.0542714366
1004938,455019.3028957703
1008435,179514.67237062342
1016791,799022.5971341311
1002618,116867.44245667412
1006325,504623.7077352778
1013095,647157.9620579934
1014886,319736.7474464145
1007315,543441.499373629
1004986,885521.5627383209
1014991,347418.04698763404
1000354,440510.79388576344
1010869,1097124.3760321438
1016003,226098.70324941646
1010701,219568.9247749195
1016992,572953.3944357766
1001189,418255.2705082042
1008191,352664.34712037107
1014779,964404.2234173961
1004681,597693.3995337918
1001227,540422.3724337502
1013551,1102136.1064812993
1013299,880440.7991598959
1003058,187333.73257091714
1003345,290622.9938701792
1006827,446845.0161507818
1011620,639458.1109140345
1003696,610416.1536999695
1010599,591589.5576477154
1003909,481603.60786131286
1009408,309563.9237743907
1000298,177171.2641849855
1007705,549470.5351870514
1016582,684523.0596359386
1004987,1182223.4366911466
1012473,379511.36943185056
1007245,839852.1961694179
1008852,589958.8967604721
1012115,419987.7226461269
1010244,301720.01957653975
1010934,1088793.7945528885
1005499,223015.50242890665
1013865,280225.4972354779
1010876,609797.6208949336
1007843,1361454.3836063987
1013978,723510.6624019529
1010398,325236.1079602226
1010790,1004936.8626071987
1005979,1002694.0338387075
1000545,675878.8915460099
1015773,188994.61628392202
1003264,327020.52031029144
1005902,1068808.6632685617
1000564,1243201.851320897
1004697,768901.5845965964
1017223,696019.8569574107
1010110,200165.2357327241
1014201,491796.44990728865
1002571,298743.7012074615
1000438,392260.0392377677
1012520,561840.7729160269
1011006,318516.35068207624
1001172,381095.6827177291
1000500,501567.4999700509
1011326,335881.65166585345
1007240,1259393.109459342
1016370,793594.2082477489
1004879,325808.02206840244
1014500,615011.8370558493
1014112,438819.88651630195
1016520,1113213.4744632838
1001568,1060682.2964006714
1011940,600493.5456337136
1001247,530442.181529738
1007138,161849.0214540902
1002028,230274.45711810314
1002776,140253.9650655372
1006891,1017375.9813926762
1006930,645626.4785539415
1004154,153267.05751095474
1004167,329857.22278239956
1000126,429299.5627985155
1011315,888324.5096913746
1006547,330051.0645665292
1002643,1359445.6134894253
1012136,337324.16144491633
1016486,530009.4177996924
1013988,364939.8877825017
1005804,452409.55556196737
1003734,407798.98954253027
1002104,287740.2602597774
1005205,130063.2564392392
1009466,413684.9266219391
1015962,1014091.3229613884
1017440,506021.4451950912
1009857,281401.3037653931
1016518,710874.579578517
1001472,585847.700962865
1013836,408178.2396545971
1013156,330152.03446054104
1006419,585598.3358052899
1012327,407378.70136996725
1011603,523795.184299974
1011237,284884.8255955807
1006376,677327.5385029415
1003718,961770.2322562617
1007256,372836.03345896665
1009123,376031.8739651728
1009800,795080.0699562847
1014381,392557.0317240049
1014756,159097.92438199316
1010017,248061.3619440316
1006750,518199.49485283927
1006116,270876.8906053348
1002266,217346.73195373802
1003732,842815.3391255676
1014605,401560.4138502153
1005167,697403.4710959629
1004616,520982.1567781018
1002077,438956.824247476
1009147,119399.82458367516
1008676,462155.9634832667
1000697,1128934.92433795
1012490,263284.03067838703
1008687,218661.47861697752
1008448,434247.67971140926
1011573,464171.2209881889
1003333,464292.6058369714
1005169,501978.8783715115
1004219,679309.6563291089
1002872,367568.4919681802
1003894,1171339.6019520867
1012033,897524.5284690661
1008244,507014.2002866838
1001282,288440.5104800089
1013726,254891.9446979901
1016901,279150.6398286778
1010327,211280.46653833307
1016124,622967.6887157324
1008122,727774.7608361858
1004258,210495.00383416773
1009831,222193.35797962203
1009274,583986.9986150668
1013627,1011202.8070525534
1009112,597892.4131369593
1015444,305245.7319664895
1010686,440832.90218522307
1008681,376794.5870686469
1000230,589169.4674945759
1007830,385293.6722372398
1013370,227817.67698091982
1016913,605560.9488585255
1014226,348246.0973211468
1016295,964274.5653935128
1004218,1465703.1380534784
1002516,485556.4476695448
1011322,479018.6919852753
1003476,589207.0512783242
1002964,421921.2947982437
1006872,709431.2025109287
1013452,872346.4749393621
1015649,454528.107925113
1009762,405886.06958237727
1007675,425985.97637686215
1003517,400532.9549553928
1013881,619851.7346720009
1006465,925685.3152628579
1006034,391521.48067595426
1017387,348394.8461466689
1004974,363468.86991809413
1007392,200912.00572362638
1004006,292458.81878502277
1002745,311395.68308328773
1004186,1118677.0870449962
1016359,610276.9143062438
1012356,686766.0754488488
1016015,650551.7532001778
1008463,458276.1063889703
1004199,480011.4807837239
1001839,409898.66410560114
1012071,167305.30339003817
1000739,415185.63059209887
1004698,509985.2590931826
1007347,407662.579465059
1010125,502634.5332100135
1000907,436374.6145012276
1016982,482997.8038179917
1001607,340887.8813783931
1012590,650252.2837752575
1012887,1450415.8241216128
1010557,358646.894807255
1011166,446076.0658140183
1006471,394394.9954904348
1010588,421489.7848255075
1012891,423738.52115500026
1011550,347173.8487263682
1010139,573957.4696031064
1001429,337596.70781915856
1003229,1174695.0939826027
1003906,289821.0969517673
1015054,281919.1317820236
1005887,736657.734236939
1015218,650219.786918856
1007182,162047.46754275842
1013719,799807.9198762787
1010222,374776.0699925855
1013721,524158.314927691
1015197,489284.5703801725
1007269,1188442.9412782125
1016105,1367544.0275964802
1000455,305134.76075698895
1010921,434321.24337556696
1005663,490163.49123822857
1005722,654426.9744209332
1013901,536952.8481305657
1011037,668280.9006694548
1013080,427153.3534008613
1007021,299301.6501192222
1001655,142072.4483021264
1009118,617430.3876509262
1008654,581040.8387788427
1016776,166431.85872229084
1013291,925608.9986221212
1004200,603680.8099182522
1011265,1251614.7362514623
1007973,1120619.8727833328
1015381,488223.50365331606
1013527,349980.0841268815
1009249,529732.4558455254
1015572,240872.69226094696
1007078,402444.26040568517
1008189,1126041.7968708149
1005705,194949.98742762237
1011711,140786.80774488137
1008730,485590.912356984
1008481,129493.27395655955
1002650,808725.19104686
1003419,867961.0027500994
1009976,284737.28130457475
1007496,267491.67012045754
1007476,951121.3998376338
1008505,768884.0251171588
1005461,206573.7228616223
1015487,269120.0913465661
1011004,743747.4317255802
1012207,890867.7593916889
1007784,435697.1964066173
1013261,652884.9518895653
1011857,556332.0764972559
1004172,1094300.4526157598
1005435,436551.6308124623
1006366,528816.7033569233
1007003,486682.06061448663
1003096,335743.31078445166
1012945,403789.77164331987
1006063,514790.48984608514
1012266,283916.8577822004
1011569,180239.20149567313
1001304,732978.9334661021
1008236,1027662.5947344333
1013107,289621.5264511161
1003889,316929.3749723041
1014386,614278.8757690088
1000410,490775.7633760336
1003479,186553.28685617505
1003497,909030.6645358234
1005053,337876.0988223255
1001748,179926.65701888248
1010187,313585.37755533255
1005659,947699.5006661563
1005680,502834.9328378927
1008428,1022916.5919485006
1017432,175471.62867797868
1003660,556380.8708538953
1013252,377950.58550623833
1012201,705253.1165077488
1016643,330732.4612345218
1007887,1243155.3463519758
1004767,642707.2472292528
1004439,452239.45179435384
1008328,567487.5374970206
1009994,325635.4331307268
1015965,451820.58044683724
1017196,323169.3924488964
1010423,190409.2482710806
1014199,175409.63858426097
1009289,583647.2187424564
1015341,149107.1960697515
1005496,298830.8890285988
1006772,941409.0901528223
1000531,251708.174546161
1008035,353943.1029576719
1014609,611967.5735550538
1016367,373834.0681680109
1006774,253273.17091145695
1007806,479142.5574314869
1011600,613505.4192313867
1000626,750223.4815259188
1013404,694733.4725308041
1006135,223775.42603398205
1012118,414557.9980371376
1010143,533693.2154086197
1006978,395663.9363331258
1003259,518988.6392115707
1015662,502304.1585658733
1010075,229277.30337686662
1008521,915735.5313696512
1016801,286237.39123701083
1004294,572779.2741971286
1012983,289946.81560685544
1014130,570626.5600168065
1013745,383411.0759837976
1008350,839040.0781375304
1002709,440890.2551141454
1015416,299736.90357092634
1005574,657271.4644101415
1008763,194530.09976109312
1005183,412847.3710082571
1016206,552669.0922082288
1000424,345249.07438387675
1005080,353865.6199964418
1000069,438724.17778627406
1014720,507090.59463905136
1012676,580214.8161210152
1006588,482359.53472315427
1017225,1145395.5779554562
1001762,702959.606408938
1011469,738683.3224942803
1006145,401637.75821451674
1005202,465548.18352883146
1016523,553736.4174217128
1013637,289236.1732767997
1016943,329709.4329937081
1010514,148399.90710052615
1003397,848498.0763092992
1002286,491337.5118510808
1000502,521194.6208312969
1010485,1314910.4291094865
1007836,773976.0072967962
1012150,227667.08166070166
1005233,205985.60681241986
1014197,993975.0131063928
1009199,706359.1997712477
1006801,993927.5409581666
1013944,1109701.44843517
1013822,389232.58060804784
1002173,1015960.6810312619
1014316,683109.0121309834
1007745,472887.217026761
1016590,710733.4395853475
1010687,845123.7596050589
1010910,357838.9914142051
1011433,534517.578842609
1007379,1217477.1521780884
1016013,887588.55671307
1005795,485874.6701118287
1008500,563479.8822877348
1013556,314176.0410379054
1010529,1021390.5869228088
1014073,943372.3470905774
1001515,331445.9185872599
1004467,145346.862154576
1008156,1109070.826961996
1009055,585335.2615490457
1013117,438121.30217971094
1011339,293517.3505892617
1006485,1202947.609647504
1006088,336829.83824554685
1014101,281850.8704317772
1012108,201120.67860308662
1016338,182409.83292792094
1008254,927114.5232355993
1010270,433497.44244886446
1015465,773237.9528950525
1013762,672389.0509699491
1011221,592765.7076956613
1015673,1145746.1668348396
1000539,268567.1772438423
1001809,365826.63730533747
1010875,500312.5058081014
1005550,1200140.7617992293
1011158,799383.9552678942
1011687,659386.6764903158
1010625,481142.25750407163
1001350,599952.3104361853
1006869,710065.1394670219
1010291,830019.0807680292
1013838,656452.6908771244
1016824,412187.48119458853
1014035,963058.341429695
1008875,464421.6823864824
1006671,430399.7286833201
1008932,1263131.9637853096
1011934,440058.91598254314
1004798,1184438.9553596163
1000297,309883.7427298837
1005251,294840.81266935566
1009959,170341.5337936083
1003442,619694.7361443004
1001370,732562.4811415942
1013421,351058.37498095434
1015301,571518.2268524661
1017109,556810.3028233639
1015676,147819.75105177826
1017458,580734.384218576
1008208,386281.0507405474
1004862,136779.2528704585
1007353,808483.1762817606
1008482,223591.14773401024
1004151,695048.0003645791
1012137,407015.39296425006
1007552,787762.7985176475
1010626,415582.1170206783
1015002,415785.07201908476
1016647,341555.464693216
1012836,112123.9823246777
1014178,325338.4644992994
1011963,644489.7398942764
1006077,1365510.7100119232
1005704,467767.4649577418
1014859,516336.9422504642
1002251,749722.0786845096
1017178,359966.7019907789
1016402,343012.11406745133
1002133,146124.9779279906
1009486,691773.409442003
1003982,142899.6963146465
1009102,412608.08114998287
1005549,1103986.6490425365
1013951,550161.8256114551
1002669,783690.4308091644
1005582,445989.92210278974
1006231,898874.8216893419
1005945,357194.62111911055
1011222,577470.0383047463
1014054,662144.9211097775
1014585,682414.0998550754
1005982,1262345.0708754614
1007104,452247.81020342116
1000226,1124329.9363303774
1004554,239165.50906298513
1000512,1032726.3676421385
1001364,386685.11005143676
1008559,382673.3444440243
1002563,315682.7352836426
1010861,379541.39452383167
1015344,364800.80837993976
1009564,356719.7589765535
1015191,192018.37161363437
1003615,277056.7441769352
1004982,1083294.3280248034
1010654,337151.2568179841
1014984,273264.4304482994
1004430,330222.90696239815
1009620,857977.1052770676
1009512,481371.7512363843
1012753,254643.62647507378
1011538,394444.90803613386
1015550,744606.8628649925
1011624,218744.41897566596
1017267,380466.5589602355
1004703,895150.878253332
1015259,281379.13243579987
1014924,957098.4089213371
1006536,545566.3589790493
1002210,1224936.286872786
1011316,303199.25917980843
1007563,373011.36613528227
1003269,1020951.0154670774
1006886,587971.0395844348
1001127,356851.0945071678
1012621,104664.1442543315
1012216,575170.6610589782
1003508,314510.9337508941
1016712,577469.9925797669
1010483,672124.5488736705
1012680,399854.49931536295
1015573,322534.7341432275
1003917,397997.61867840786
1004058,1016835.3767949925
1011148,378751.57864614995
1015192,864163.693411378
1008235,90944.04258529529
1017124,173231.5197296982
1001806,441833.66047115525
1017028,395888.48142994073
1012785,481927.0358321755
1002547,260458.316713323
1015117,682196.0284488613
1001703,376752.5513484052
1002941,480744.9024928663
1010873,1094361.5634806727
1003464,502608.03527608834
1014731,1030081.0115561559
1000592,1171363.1665823613
1004750,364437.22083208984
1012513,675159.5752736238
1017228,584113.7634496891
1012616,308026.64850642974
1000248,390401.43810473575
1016711,260016.97101538768
1005809,95695.655355824
1016126,1197712.0001657514
1015282,548276.6880143378
1012762,614473.0988379992
1004139,512236.6165627849
1004368,349945.0214712794
1017209,1000923.1980801587
1002495,157172.16482692256
1003090,460975.61627304275
1013228,980083.3293651749
1013070,802780.1141205952
1017070,1246680.3808352724
1015918,387111.84306893824
1000115,802162.3688064951
1003581,296050.80279764667
1003622,706306.6787392922
1005612,758939.3670871007
1011838,201392.32636444306
1009105,307891.9322126382
1005811,594751.7448425449
1009186,769773.5600645153
1010309,892518.6990573227
1001459,228002.76515701736
1000005,255626.10675243198
1007291,161180.07468110727
1015578,1079391.266693158
1001766,110466.94368071406
1008605,440097.99632267526
1003294,268824.9483161886
1000487,1169317.308643155
1016883,1008317.8820385016
1003221,437576.04949770466
1007644,556831.0130936984
1012131,631539.6164990885
1012314,1312162.8897192697
1000961,304961.5590534662
1004302,134913.97887585947
1001925,410453.15637591615
1012792,1060329.8652832857
1004676,571299.1924589358
1008275,403064.41782756115
1004273,285338.4632378084
1010457,522866.6326526797
1006901,548754.1016028238
1012896,413702.8593009038
1005535,200018.0222073002
1006972,272548.6822591648
1015948,265676.4697506795
1015988,504726.31007932656
1000163,1268538.1752997143
1013141,963583.3049462889
1005988,121232.74585092065
1009963,536203.9942388326
1004803,658567.8123988628
1008882,431902.28169217386
1004485,428119.1407429412
1017030,414575.8687930847
1000548,465337.4143908808
1015271,310915.71107347775
1004114,133464.12737077344
1000320,455639.52244053636
1014046,119391.83234286933
1005842,1010331.2214831547
1011113,1079327.8131230255
1011835,111621.02284895329
1003456,990892.4253214357
1012092,531877.0746256674
1012465,468211.4063491679
1001579,530850.925317844
1004299,226236.37916723662
1016418,804358.9126029987
1004445,399773.4125524954
1017233,114690.80361802783
1006381,951905.1913427991
1011498,182319.18107543007
1004565,499083.40586146584
1005227,681823.6263242699
1003105,444339.6272048955
1016236,325733.91872769035
1007700,388738.0354556908
1014025,400871.1587629842
1013797,385384.94649084547
1010090,362614.42646776245
1014293,395355.24789309246
1002292,218475.34217908682
1011588,323987.34664324677
1004401,487012.4913743287
1007713,836897.9613395245
1007011,1206472.197299296
1003746,310378.1228346562
1012584,424272.07627122215
1016761,313774.7369272194
1000337,418770.4985500642
1005372,1057868.9377540387
1013346,605388.929940114
1003652,486431.63050318405
1012479,299659.1115853506
1009036,552156.443744978
1013690,129527.2540765964
1008645,352161.73675336223
1005839,317312.3597042546
1016082,266307.15933797834
1009719,778248.9149687743
1012850,252259.97755070013
1009544,205463.98500114755
1002216,811302.8386835129
1015109,1296991.3395250465
1014919,204239.10974676473
1012876,657545.5906407883
1017207,177596.14399771465
1009619,724479.4539018115
1011099,309673.7861176155
1014553,463064.39287768124
1002020,373038.7047844622
1003346,431564.44619227835
1016090,475585.8395472963
1017491,1020807.7353675443
1001295,652192.3367995734
1015693,146501.5506081099
1017496,500279.1815931469
1004682,366708.5211081183
1011255,486452.0369466656
1002693,1277352.695286785
1009332,348882.99519365164
1017353,664619.8707329778
1001005,805035.7886212952
1007044,328720.109238382
1002040,130657.86996078734
1004023,277493.5775277641
1003921,592025.045219184
1004829,1052793.6785872707
1005439,475784.5587582146
1000698,228211.24985975376
1007236,361772.5143428582
1004069,302142.00455332536
1005931,587923.0201968286
1017556,703950.9544480247
1010798,388476.295399967
1008889,922541.7629099037
1010510,281367.8723826999
1012281,226642.98718301317
1007576,486290.06244591455
1000338,442836.93390948354
1004760,291210.76918484963
1004007,566973.9438487107
1002904,239463.15459715785
1004475,477097.5287385708
1003380,446360.77950771706
1002052,649973.2943867153
1002680,555080.740305352
1017512,199266.53266839302
1001879,482736.46951698925
1001043,190361.1527285157
1003985,767104.2201590874
1003282,246407.65809776605
1010706,635779.8549448989
1009933,577936.8317267916
1000122,1055215.55477956
1002043,212362.7556996007
1004831,1123594.869989467
1005318,274599.95527961565
1004048,462216.34285981354
1001883,225216.9723662248
1015014,504505.5422542344
1016585,415540.1066808904
1012431,403542.8489185014
1003506,370549.27085353254
1014051,928631.4470560704
1002616,449132.86213045806
1004394,479622.19220656186
1001234,1050601.9033356453
1005767,335307.53215305955
1008535,261975.92781008783
1012662,593629.6730127791
1007901,651898.4178304475
1016097,487084.29832426796
1007733,493034.6456715599
1006192,273708.18204575457
1017495,418238.13413763494
1002579,423170.3462647884
1000339,1285375.0507712476
1001673,279789.94995440205
1005307,406105.13419024274
1006330,517914.8164543934
1002350,154096.95897767792
1013158,127517.5383409154
1003540,514596.21478872857
1005468,469685.17081607686
1017249,256508.40172240182
1013709,602962.3929350814
1002087,204922.16657500272
1014481,306634.204797357
1001049,250477.2932861764
1014582,902161.8668177446
1003778,501623.2037107838
1009302,609509.8221343264
1014969,416220.3945463672
1015961,449529.6920714158
1007394,870561.59540088
1016036,206823.3370088281
1006663,445916.8317813867
1002629,851263.1105773421
1006990,1245199.5801202885
1008063,383974.61487711366
1009127,716429.5243907708
1012990,480715.5228488706
1002219,130886.53847231003
1001080,264917.78402692743
1015066,1181573.1208742484
1011785,465788.5064555264
1011587,196909.20970176675
1016667,355083.0459450557
1004404,338740.0719913979
1003331,407696.853231681
1009345,468943.89809650986
1002559,230197.75223194063
1007828,348056.5000072481
1009742,1273507.8007694997
1011996,907829.4466317941
1006786,260055.11110259034
1014417,211513.1070398682
1008249,702468.1823261674
1008304,972451.1674141311
1000857,194875.18829529893
1007642,824581.9090949651
1014649,175485.99533609478
1013232,297017.9643956087
1007449,525134.5344276044
1016004,211044.2894648782
1009158,401209.3092821663
1011917,574427.7030155591
1000716,587444.7540143812
1008034,383266.93456143036
1017551,387675.1511016619
1017135,856606.6589688202
1008704,1390610.240356275
1010730,548092.3576917461
1009387,198833.43150288472
1015714,453710.17076184513
1004357,481701.2141746557
1010107,421605.1768460826
1012318,818531.5937826214
1003250,518901.76427116507
1003777,525675.9892018248
1015992,237041.47159904754
1009825,362935.3921657034
1005158,824772.1495031337
1014091,637560.3059991772
1015058,798549.9069125772
1013697,303794.66797203553
1013929,318782.0806662781
1016640,716124.0835020277
1004778,279531.5703656993
1000630,1140489.0955475837
1006052,992199.5741883471
1003670,429522.48298903287
1004520,951579.4467936729
1013241,171307.1526608297
1000647,617610.1583583462
1016497,394976.8783557349
1012494,827716.1480440014
1009370,450097.9977578007
1009854,834969.5082016623
1009958,409031.8800602579
1004502,356056.7524794162
1003829,344392.5067183985
1006574,212401.51496844736
1008201,998888.8607015255
1006176,475880.52017518587
1008497,414631.3836203331
1006713,307715.2562786221
1007264,456356.8402053138
1005689,504950.8575693801
1008061,838647.1760847114
1005963,359632.271893596
1005427,227138.05365698677
1010997,811473.4603746028
1005264,952175.8073243889
1000368,1353423.6920132088
1015908,197573.2023297353
1013692,274887.56423615565
1014816,148274.46277289625
1010860,459290.9339089539
1005484,790407.1114110579
1013622,339294.5247670093
1014860,314271.8162546605
1002371,190718.8710593239
1007305,310849.1239548945
1005027,289082.21590713254
1011337,1036415.4178535051
1017231,76582.34807713842
1002493,404516.39614895126
1000231,335063.1739272224
1004671,518470.54398064275
1008246,788798.6173542464
1003072,261966.16335096123
1009282,186305.8117087215
1013216,886221.399009482
1003237,556844.0706342793
1015317,1007641.6862431874
1008707,394405.9710181363
1015751,472549.3470342522
1010362,529012.181414448
1001899,597022.608347629
1001759,767152.5475937914
1001897,567540.6037289647
1012663,1409857.5908074633
1002705,257334.62414400073
1012538,734710.8150438362
1003799,730670.9903971172
1012031,522346.71409325534
1014505,473615.97252770717
1010925,146872.8027530622
1015008,1186344.1092315018
1001549,695651.4682126432
1000352,148743.85569285275
1008825,926075.3174402382
1003051,380615.38428879896
1002548,1251477.654806018
1012752,423130.25042704714
1008006,168437.62677999435
1012594,420268.29558337113
1005130,844018.7708684789
1016431,611206.9606863712
1016822,123602.87990725128
1007689,1139133.8260654307
1000758,1114363.3433457809
1015111,436170.57017172594
1004073,554340.9577972753
1013671,109424.34337564454
1009823,285240.1387627054
1000237,407736.43477526784
1005367,929574.3890779183
1012006,676846.1129985773
1017021,196729.35618054203
1008702,809300.7740606637
1004227,1011536.4147850554
1005588,265450.34641492344
1009987,497135.76608509547
1016700,670452.0727268105
1005592,198357.4727781976
1005082,785249.6588980069
1002553,703725.9061217078
1008646,510644.5781106981
1002545,475817.24153274874
1000420,898099.7580172435
1009170,1021622.5183721066
1001564,402837.1898366822
1010659,864468.2205093886
1000987,531130.4836033281
1011475,194315.88083536067
1013245,434081.610337594
1004395,331404.11080797616
1006829,791365.2910828472
1003001,645576.871803149
1009379,294496.27087898937
1017298,379053.61862463714
1011146,582824.9379469879
1013139,1466709.7313778943
1009770,822724.0119760918
1008650,1204544.8920089153
1000479,643292.2345668109
1015698,636501.0871750718
1014537,209256.76594336345
1010264,971374.8118710145
1016345,1252286.101287672
1008540,557817.4210381698
1010475,697809.8608719582
1000076,413597.96729500213
1003875,801354.4029927937
1010168,379292.641410393
1003653,399728.71462650265
1006095,1010735.2474465441
1014600,633420.3740014593
1017255,328246.38155004836
1016152,1244586.187166674
1002963,961953.6746292617
1010032,482868.1684066882
1004943,988409.4704645693
1012310,1001088.9702573458
1016247,246270.98028424062
1011308,503433.7327191821
1014194,424205.101837422
1015126,899334.3498452301
1005526,721130.4162454807
1005893,306992.3014794325
1005921,660973.6247081963
1010024,120223.58629926266
1007560,482080.47802612034
1003129,884386.5634500966
1008127,912309.111519995
1014304,431202.11863966036
1003842,506967.1357907659
1001987,306717.03678009106
1011010,326607.7827206261
1010198,929411.8040227274
1015281,309744.04356581235
1003963,482947.9239917344
1015657,516783.0374282902
1017113,1100894.806008175
1008968,513550.685678798
1012420,475511.7560800518
1000319,179696.50407312653
1015991,160195.9969893986
1013264,145931.89392523986
1006429,878839.0559988894
1011171,190474.50281123558
1005999,791999.1759820394
1006544,534088.3293657673
1017099,977225.333403463
1014330,497165.1776474408
1007042,315933.0590163409
1008983,419105.2924745785
1002678,339280.8973383278
1009070,181949.88268859213
1010215,198074.9462888174
1011251,1100172.348091125
1004917,1024383.9571888868
1016635,378228.4992843789
1001223,558349.8919840399
1010586,719539.5858458162
1015544,822881.9144723295
1013887,496876.10815731954
1012667,1282925.160696939
1000310,659067.6192804618
1006758,833545.5725613098
1016539,336931.8607426648
1010487,817103.6080909158
1002515,489757.91334535
1008090,289722.6896913926
1005818,391569.4853588042
1013682,335915.14321895695
1016986,523444.25536909845
1014099,365805.6531259953
1002886,461292.22222330706
1010339,800569.6887168759
1007609,403433.3044369284
1017309,720769.8072449698
1010840,707277.653207949
1011818,540136.662807578
1016045,1035064.7296212877
1014596,245529.65070286297
1014792,162701.7039314019
1005328,527107.1081631617
1004256,560541.4208542631
1017534,561297.3865549249
1004556,348786.8363088948
1003263,551755.8689929502
1013599,661907.081221068
1002054,1069889.236721676
1005623,293358.29876828677
1012392,946458.1815723202
1011448,1313864.0679881293
1014038,1104594.9335671929
1003908,294018.4033207146
1011602,656393.6240105628
1009452,514276.0679352852
1014532,674993.4982340183
1013008,90785.63752778324
1007314,582181.0717705735
1010355,256698.9026903218
1012497,674639.5688344435
1003348,154341.36245274928
1017555,210464.49196712687
1008509,616937.9462779182
1005695,378945.0681900557
1008815,332899.12532115396
1006021,287944.2243868537
1007356,286335.3944724788
1011038,429963.9698242612
1005195,520442.7565240806
1003109,115357.8422465259
1003579,359401.7113590139
1012913,176336.86755583412
1013003,198307.50038490864
1013981,529676.2739328862
1016144,814679.7704694072
1015078,389474.50831834855
1006948,515552.66861974745
1009948,1050210.7080809046
1000085,772580.6729689087
1010735,541676.8303996035
1011859,684670.3179412801
1014102,919612.3768650078
1005854,642255.227163766
1007028,461806.2221457435
1008097,625008.2776031794
1014334,597280.3790910783
1017527,866481.9589998673
1002603,579913.3157645471
1006970,1102899.712404532
1006353,368066.6089589897
1001437,256890.63187753083
1002727,620877.4789684432
1009001,416698.2001225186
1005313,223185.18602324615
1002258,406778.4377181906
1013953,1157090.716423169
1003135,464111.84141411545
1009372,482861.25234489253
1003681,490519.96089782554
1008187,898040.286568432
1006570,638639.8919072181
1000357,94197.16869990811
1003989,555934.0294480018
1003422,388860.72464976925
1003134,795651.8049822443
1016580,586740.5775201977
1013255,193412.60151972092
1002731,494032.2512031982
1014996,404537.7587151553
1000864,443998.911160808
1002172,878269.2725261302
1012295,687692.9906624178
1009983,345636.87662483356
1012646,496792.10200497124
1017244,258310.27301504518
1011352,902904.8648333788
1001550,289393.3202457048
1002383,295789.8650135968
1007526,509076.9244526024
1005669,449802.6478957002
1000378,856146.9175976826
1012426,824937.6868352016
1007286,412712.6763205456
1016758,380994.4270492854
1001694,845286.2157994338
1012618,407745.7802098198
1008533,853289.5074086426
1009804,447810.8626708669
1004038,570650.0181145463
1010007,476185.91801963066
1000055,1314790.5868090005
1004127,318236.9354195269
1009928,364735.13882366155
1000530,287917.0897051622
1004033,329384.5143448412
1009432,546428.629028958
1013474,558271.284757227
1016812,640036.801821493
1005136,701140.6640359497
1016204,175552.70555046675
1009947,268628.8526486131
1007212,466658.29979408014
1009410,526169.840706012
1016198,369846.14249274065
1012205,709748.8331799952
1014338,580471.526555973
1000522,695466.1537087644
1008476,1421045.1388747063
1016375,1068331.879105736
1001654,280283.5512738862
1016612,685828.1135218224
1017476,447932.7736292492
1008878,405145.1041225824
1013967,1457323.6738671483
1001792,834319.4230135859
1003595,344319.84366617224
1012212,428661.224042349
1016795,1188040.0130653423
1011134,972295.338867069
1005989,670273.6244977728
1005652,836725.2558463564
1011809,379630.386886783
1000026,389063.97527037794
1009288,469822.86936962773
1001391,447457.7425071299
1011640,476261.85159633437
1015909,566989.4617080385
1012954,275611.13824860327
1009521,1338454.290880142
1006839,412633.40676065325
1017315,119869.32782983294
1011090,752306.3693967548
1006288,1253320.1527061258
1015993,1017558.1201703334
1014606,809219.6607348266
1012993,139604.54510683788
1014153,620846.6273608204
1013779,698207.89355781
1003036,395794.0347679775
1008403,484542.70035494136
1006645,729552.8783415252
1012213,282994.7479904974
1014124,426789.67433123715
1003300,1091615.3735339053
1007482,1351698.7800504535
1013706,1080441.477481678
1006794,230018.19971724256
1004410,375929.28527018434
1016958,1117234.9590644576
1013507,135500.1768975353
1016340,781876.960154706
1000722,442854.6104932439
1011669,99424.38267543545
1015565,207695.25802008616
1014515,557084.4053374447
1002605,178206.9062310897
1008510,430781.6154265453
1012060,304243.3372302453
1010799,607884.9678136479
1015447,351420.8044469914
1017083,665307.077952583
1000842,621554.4633327633
1016061,193516.56595887124
1010422,309809.6928494327
1010101,211491.47381032712
1006616,360709.3232777092
1011648,622450.4697255021
1002167,902430.8686285717
1007455,720512.3152565883
1001920,924739.0428261596
1010750,227327.269032262
1008960,1031608.4978016852
1000240,923764.4230308764
1002368,222099.95468741274
1005929,274383.9959073494
1011130,747522.3154719155
1001849,492480.2852631991
1004926,923735.6755148846
1002299,387306.49108188733
1005720,797949.7941026326
1010995,1297773.7100997656
1005789,467686.4891439889
1008252,349447.86480479117
1009454,405976.86233287904
1006238,448991.64772686857
1006577,685848.1081789449
1004477,1074667.2270232695
1007198,523543.66421582596
1009390,680270.4790537545
1010752,861623.7613750373
1013227,157285.6627748087
1009605,126108.88364397448
1008585,1038115.8971153189
1004621,853668.709916717
1006763,428304.1644434309
1007389,209914.81846100552
1002943,175445.37568028324
1003483,220573.28290763745
1003337,359583.4227207806
1006506,445101.98419436556
1009138,1335701.1288131322
1012466,978855.2142092497
1012040,302500.3022245532
1009574,247892.86222917138
1009115,353779.04969173565
1004965,945674.038914961
1011224,154320.86378552878
1011883,1101100.6983689908
1011344,447605.489843329
1000326,887287.1260151243
1000303,1192630.5170999335
1006848,744908.6372521365
1014951,282310.48930946615
1010138,737360.5166854028
1006583,513769.9779691011
1012564,193995.38184866213
1005412,904360.8946151724
1008135,262738.02370345447
1016962,1148244.0110274965
1002195,515188.4376506367
1004799,349883.0263958312
1013781,273576.94859928393
1002764,203218.9297488253
1004291,416849.53763908945
1004325,366815.303266512
1007636,559346.3349875371
1008788,596362.8095554983
1005487,516599.5984230273
1009096,546060.8672096564
1009267,345306.2529044876
1017170,532023.4697040492
1009436,604629.8954956522
1004280,161140.05447199388
1001947,199245.55025572682
1010046,609208.1525319577
1002440,821962.9949446055
1012844,582579.5489117459
1001363,378208.1743034582
1013211,621593.1497929457
1005885,430307.3956226427
1012986,182487.72463197046
1011736,350862.18264952925
1015790,1240667.3347052603
1017313,450246.97434856463
1001384,1310275.174072037
1004915,434653.93668787467
1000524,463504.36944390665
1001491,381178.2904486484
1011692,936005.684563607
1014644,473978.72398797696
1004086,960258.8520331263
1008351,1053553.4895405746
1010939,422052.93686910137
1013417,286028.2871762336
1006323,948190.2588994007
1016369,345895.24501577596
1011036,387688.26693230856
1008753,317544.9334962718
1017015,293714.14783852035
1001704,598809.6840239286
1003969,547795.9141170298
1013093,489289.941292176
1007414,385939.34291442815
1003789,887239.676831413
1013607,539395.1752063867
1012456,248056.9931579583
1002912,1571676.3444317114
1010937,1074913.6522704924
1004465,1300613.8176940165
1017382,544603.1530252032
1011700,300515.5101957376
1002345,531591.2905194346
1015146,901484.8418983739
1003332,1066337.8395987328
1005018,367280.46300608845
1015650,466234.11539822636
1002708,277168.2331901534
1008944,231703.32049007845
1012630,402576.1079436041
1010026,972725.5250145261
1005826,697039.4488944226
1000029,601753.8735376262
1007928,127779.50156486333
1015365,877608.2064221725
1009505,760739.5188867478
1009238,376530.94027320424
1007810,699995.9365140382
1000648,505116.8210202248
1009396,402177.42079560435
1008655,623981.4472915621
1001470,922258.0079976037
1000667,584471.83544669
1007857,957143.2081200111
1006984,486876.0099807498
1005031,936483.2857727092
1013105,611725.6641846161
1008392,517071.1039958204
1011853,501175.4557435468
1004988,466167.9257827961
1006349,554614.5506718602
1017439,909686.4659992586
1004922,345653.6795020471
1012855,348820.39891908603
1017488,293483.33872802806
1011458,1034186.3247122064
1008828,121887.2484604825
1006297,382120.44504653726
1012460,1071282.7494666514
1013582,480389.2737075088
1001998,185643.9976652873
1006371,198885.88721046093
1014425,325158.24265267083
1005066,1032658.8157655223
1005308,338658.84139365936
1001698,399619.3894423212
1008961,349769.68310615676
1000920,460102.3540400013
1006538,307383.32357305055
1004784,475720.4434541869
1009044,600607.5425653007
1016533,415389.82407161465
1003000,806097.1607918115
1015062,1023322.7965926809
1007424,800783.317200182
1000655,138610.97120344423
1006290,521117.9929284611
1013187,198695.59515794538
1005907,364449.2132867223
1016223,1363784.466250915
1014048,93275.45902025852
1001833,840467.3363014123
1000027,776182.0544757997
1014548,164619.23323998592
1000659,616169.7671156126
1010166,372565.5121590236
1004900,1290217.4587438472
1015439,1122771.7968437434
1005755,342260.10488382506
1017269,611768.5215713449
1009028,511467.525871804
1016987,987833.8028135851
1009646,894463.7557450285
1005668,299103.7734519074
1000783,357023.9679580438
1014661,505065.44529634045
1007254,457811.64073049504
1007064,250856.31016393684
1011274,247498.37221050233
1005882,160561.09966290093
1005568,499255.4515375868
1010803,201876.29353251331
1008212,470212.6998202942
1002856,347330.7482361843
1003808,354124.27303512406
1010431,673034.080441891
1001157,291928.81636492047
1001103,476521.7003006765
1016543,448325.8380710641
1003838,379071.099808882
1003626,507693.84758173174
1005590,769762.5265831838
1016697,345450.68703420146
1016932,192864.58264007294
1003493,534742.1715181969
1011384,372746.608706139
1000273,393177.9402735565
1000341,511581.42266619776
1008266,438671.23951828264
1000409,337793.39555278065
1003311,280084.4017713882
1015334,925238.248028816
1016076,260618.11347346596
1009557,528075.7208955374
1011679,909545.0155465477
1001424,337006.34567644796
1010593,390520.1344292345
1000782,338129.81764201267
1013173,588534.2619485925
1011680,341478.6930486989
1009425,1095717.330512259
1013169,193969.2041322213
1008114,610357.0520273321
1001836,539013.1195925982
1008082,316452.26638510526
1008062,412551.0112415044
1014650,277181.3311994336
1003845,1295629.8936816775
1017272,280993.34674136894
1014188,439526.7542488327
1003256,138837.829052109
1017079,483510.60349286254
1003973,285656.2156221089
1017372,708672.0697995912
1003827,613418.3082335661
1009414,668722.472593391
1011660,1134623.4518087248
1004156,519172.5296672465
1006957,294118.12844080076
1005104,132226.0679337904
1003617,129646.93116709984
1005714,787800.0509576516
1013547,337340.94405294344
1005042,409770.854295585
1000817,772737.284693113
1013568,376828.15926435596
1005269,407113.3261305906
1011473,472157.0905462187
1011802,687927.716800501
1002845,360130.52445170167
1015763,152817.49328070806
1012443,487600.76727715717
1014574,1179376.121375317
1002760,426067.09180036467
1004863,1267499.375805073
1006006,213372.27490854062
1009291,300756.1919663716
1010324,869548.839146072
1007071,260309.63696311307
1006532,1132414.4353686771
1017330,515842.9593150621
1012269,602566.6064537921
1012037,534610.2770861045
1008184,422965.08665967593
1006751,426036.4699944872
1002478,369424.6239421007
1001090,342003.720486912
1000164,240931.07908162623
1011398,950470.0069529928
1016638,391136.33915696235
1010540,673755.8503663803
1007516,364681.9259883261
1015823,843227.4585938203
1009336,681642.5235700674
1004090,337629.20484469633
1003354,185306.9514779608
1008750,922204.4446879125
1006026,528957.6780777819
1016704,116993.68083611575
1002257,407380.0021662962
1003417,534655.2631740037
1005897,293558.98960979225
1001505,392547.08005393075
1013548,400428.9514157954
1016797,685353.0288618923
1000748,1041314.7593329694
1010764,112076.88398890969
1004881,466644.9551860412
1010712,364291.0678791859
1013086,1085061.7401811213
1011839,611996.2071041733
1004403,194350.21436007813
1016507,565039.6588549544
1007129,475276.01813549246
1012761,148987.83162267713
1003806,650583.421103345
1000599,216474.53149612175
1006613,273496.5818092251
1007280,485156.35360642854
1016489,917773.3732083761
1007782,384827.4543748103
1014465,844783.322321609
1011528,498222.7912861088
1010124,578458.6636811553
1002190,619239.7919353137
1015293,886319.3967250474
1005829,619487.6416327239
1007201,312189.78731477534
1002925,365235.43938424665
1013956,777386.0165313088
1009317,499753.97042337805
1012848,444873.2618926464
1008864,406583.8843143676
1011032,325440.2414253981
1003832,481012.1517554203
1013428,294114.9737152646
1000939,560916.4319469861
1007006,927788.8263862376
1003901,119785.65889892375
1001395,1207904.2436924577
1005105,408793.8868221236
1014658,458106.04413444514
1014538,577701.0192201671
1007910,1323960.9077361727
1014623,427181.45764986635
1002089,390304.8323833029
1004832,229850.84905785936
1002232,1009701.1578745563
1007160,813519.3204429683
1010085,917988.7130077811
1000427,472275.19601244555
1009872,475152.6801315378
1009377,606992.1590469099
1002382,536571.5996282349
1003860,136329.2431128036
1009944,507076.9993993066
1002434,375679.450348813
1000871,534249.9838654695
1004557,237198.64885562207
1003938,177563.50382456637
1006214,309577.02654662204
1000351,386653.33045324945
1007479,252729.75374474085
1012864,803553.1269940604
1016925,278748.7320671849
1004920,486556.82023221435
1013864,507786.8121484521
1015022,174791.30909758515
1000958,399261.1117843218
1008120,193820.23208386678
1013048,967455.2382237628
1002623,325899.01601829735
1011649,265187.02157598175
1014241,452426.97967438155
1006533,286680.61478284054
1007237,426890.27271425474
1006628,1260483.7330159734
1011512,172860.8797245317
1011675,228067.77500646954
1015430,599471.0186094616
1005960,369185.1215043964
1006047,1096168.2630419983
1010694,886100.0053581228
1016928,333234.0205298827
1013071,381329.6424054675
1012541,249372.40161906305
1001800,395480.05093858833
1004972,322805.0068002882
1005390,330086.57935765205
1016433,619755.2670865997
1000241,1214207.768369007
1005448,575162.8429288513
1016924,101564.9303016995
1005092,396132.10764339985
1011416,1113475.7251484366
1010443,748103.4188366187
1004608,478852.5735905354
1006132,344323.7363269041
1016775,501772.93624853133
1004771,317834.45818144066
1011689,836980.7700793955
1005743,373412.72975655284
1002725,462024.7830678733
1007583,1425605.840070816
1009645,281878.95043308864
1001301,382285.0509481238
1007535,244282.79910951154
1001801,414177.6402173152
1005144,332484.5661334268
1006439,512376.2140312676
1000909,398461.0851986833
1008794,458967.95545281324
1011119,331516.59949986154
1000067,324683.22444382904
1008573,731066.748556952
1003296,686017.0909705195
1000537,568039.0298026128
1015840,276905.81744060776
1009597,374104.72757078416
1013186,494543.65960639034
1001210,322075.915705387
1011658,474385.9173515985
1011029,329229.39045125234
1005538,202731.30539025634
1008305,484898.4237578455
1012651,494579.1060402151
1010523,317492.24767579226
1000954,1107491.5595832046
1007218,952296.2253840455
1004411,292716.3392293418
1011780,491349.88727923256
1017320,190231.83739435108
1011181,649057.9443088715
1002732,300814.60125849507
1003748,473026.44021882734
1005428,357604.78495452716
1004287,407243.1821747212
1008721,639599.1437816768
1004902,443188.18982495496
1000205,300591.4429671715
1016511,272287.35122880875
1013861,149580.2040523588
1015241,275296.0942685676
1011003,267843.5801224039
1012083,484050.86536623316
1012416,525030.244518978
1002609,316595.5339576547
1009191,304883.1190400992
1013913,517417.64206345007
1000452,991925.1464501466
1016873,821956.2996777619
1005177,209961.24502946157
1008879,802493.2314909747
1001111,369534.5553890086
1011604,452239.8194472092
1005271,395777.2316006973
1017205,962724.7209483112
1002860,467703.3177219348
1007097,1007427.9171223561
1002404,356847.5964190527
1017160,942283.292187708
1009686,496085.2596061327
1005783,641770.937760677
1006080,525414.8906554292
1015906,795331.748047978
1011243,369307.6162307264
1004347,797828.5043928801
1005964,632086.2478454227
1013859,256972.5633278
1009547,1457435.2614028794
1016551,216336.1718261327
1013755,691688.2545660501
1000877,313458.50156399456
1007179,1092149.3334217672
1001300,224483.10102466392
1001587,489864.1106272482
1000464,180283.46704052502
1003249,497925.8943701668
1011894,692465.7564296072
1008558,351726.2761746808
1005831,681375.1713508883
1013876,1147866.5734037494
1002581,705982.9868037706
1011129,567465.1734901343
1008609,377707.2671685332
1008697,628375.4715094069
1005275,577840.9234791057
1014863,1202582.5652751413
1010261,1012662.3858151123
1014156,1102046.0768113264
1005615,184631.94703600358
1015426,189756.76353421086
1001532,1097533.3502058578
1005939,994513.9793190409
1005541,325201.80798101024
1008957,611029.6602190989
1013031,192084.40675568592
1008046,315895.7248826393
1010978,857281.3206382664
1009634,353087.53217902355
1010427,261664.1529933323
1003412,839811.7159882316
1008903,408025.4446516898
1000184,507073.08319447475
1002364,801087.1075465061
1003604,285959.76838527905
1016762,657731.9256659503
1005139,341591.86765674106
1008888,476410.0736303042
1005339,397587.1740546611
1002139,560401.7635963092
1014733,360447.92049332184
1004849,364403.0199576119
1014759,701002.405158808
1004687,800041.8777717312
1002895,286630.65257746965
1010828,745657.5766796658
1000947,302073.75889708695
1015559,550052.053888631
1008817,1344385.2953223449
1010634,510678.07744286483
1006767,466300.61150306405
1013460,447270.924563002
1009852,464535.2589001663
1008073,222191.78139956473
1015642,1115964.6602793774
1016546,497409.4306740737
1011900,1096263.0075163564
1006426,456382.1664903426
1010758,319503.19768500316
1010004,155478.67043217877
1010728,978267.5795108023
1001026,270728.4051990493
1001758,235054.09643321595
1005061,443098.47574504255
1010131,413152.48707047873
1006155,414950.22053807933
1012179,407780.77122596675
1006058,411385.80495243496
1002748,451556.89232489007
1013914,351287.4026931047
1015094,290382.3176270343
1012688,427526.01457073685
1005845,765997.3783488284
1012077,651745.2450041705
1004994,316598.6493216119
1006312,438108.1737817986
1003502,423876.74332674034
1011757,913334.3833645585
1009518,321572.6158002647
1008767,581964.08445959
1004016,638019.3630896442
1015434,416276.52442935563
1003512,288722.2791316728
1001365,196998.13310678655
1007338,849774.7804790761
1009618,234406.19854162887
1009617,484276.30280225223
1002713,813470.0865979393
1003528,249005.62374187078
1011509,183174.0507842103
1003389,442288.74172602885
1005639,1064478.9420771892
1000614,796046.8122866204
1015726,391858.2275111827
1004774,694928.5404728242
1009839,464137.2672106994
1006526,374984.13610849634
1000367,647003.0638874064
1015843,757816.8577585575
1000167,257128.61417001134
1013089,173128.79609218004
1003184,442763.20277017145
1011684,759938.0824954695
1005610,390920.5848319122
1005287,338849.75644087757
1001345,258490.1211271246
1006565,373284.4161591499
1011253,402650.4246918736
1016161,381580.3876819504
1016063,113338.67918742305
1014341,470368.2380887796
1013673,559369.9897882354
1015242,496842.14967345947
1007234,451147.00786115817
1007055,1141426.2105524463
1010105,764305.1441125732
1006194,164996.31549659587
1004964,1228801.9740302067
1000568,469807.0209032873
1005724,183836.01219894845
1014426,1503598.7320911554
1008663,313581.2143913215
1014978,318589.0743234162
1014235,799307.5292697101
1011108,302086.160153121
1013960,127419.80689344044
1008375,176628.40961738193
1001994,324798.55184180726
1002827,464179.74001312506
1008177,545093.2997444755
1003151,608465.8361765154
1005646,453629.8155225009
1013759,702136.1818714944
1007082,327515.87510077044
1014758,374358.7755649391
1002787,412066.39470964915
1006926,330578.54231709
1016391,924987.0949449261
1008941,335852.19585260167
1015517,244452.2011966076
1003140,206434.94457960775
1004504,441245.12791007396
1016946,198439.47074575353
1001124,543411.6726792211
1013716,599590.4881966204
1013297,875678.7960481794
1016251,665048.0847562049
1009426,453715.7520367222
1017185,414860.72846504033
1002878,395039.1610833561
1005837,293171.1383259769
1001016,504665.8165696052
1010782,921162.2264931663
1010175,427599.629456062
1010722,285347.78321812593
1013394,411079.05982033926
1005225,1236224.2644376329
1012487,423691.06901169324
1015585,324257.5529197306
1015475,355949.065125253
1006637,146792.2111221962
1009663,129265.60012313385
1015380,604131.7585297258
1001588,651623.3221470593
1007091,288368.8044072108
1004625,199175.23216678743
1015237,257731.74891222475
1013806,411660.44230623124
1016610,198774.3800245465
1008369,404819.2174737335
1017575,232659.23378210762
1003248,1259665.6836767711
1000710,259135.3193268662
1010377,840668.2190676435
1007186,269392.5247010482
1003485,602837.2410441181
1005132,350131.1394863803
1007436,1252771.1909201795
1002819,241755.1646027382
1015388,415035.30537486833
1004874,155416.31462408823
1007870,241633.49499217587
1000993,559434.2534165537
1009402,360459.3252206688
1002373,503761.67199860746
1007907,245893.29404438884
1012536,442376.62361618585
1005426,1018294.0094727676
1016349,550643.5164067543
1002910,374699.7937454835
1001426,305566.20473346714
1004562,742623.8829456103
1013995,271131.1968619429
1016428,123124.19925637971
1003242,436506.21279327746
1009533,641767.643443447
1002793,1068661.571282926
1003289,89394.4637534039
1005310,385256.57457104925
1001444,1105037.6041516
1006807,638035.52688355
1003334,260214.80672594742
1006286,563371.2689331215
1015355,1011480.351717301
1011168,368731.7462911445
1010638,1357365.9105735146
1016395,639999.6069678158
1009301,460574.47908221855
1014314,569205.9425867612
1004617,542872.4872029981
1007797,194603.70556631248
1004265,434641.7681027517
1007357,811403.0706134654
1001706,473871.1550296364
1000921,164898.43305764504
1003673,450275.2226776331
1009310,1253507.0963037438
1001677,1415722.4730288032
1013728,666670.0193809588
1009636,718914.5382321104
1004222,252320.92946719355
1003923,413303.62849051546
1013888,530143.6851279583
1007519,415042.0949810355
1010041,755680.8514228311
1011313,618230.4729469876
1011722,1315448.9684244082
1006276,710651.0952197276
1014679,399703.680636373
1012931,709608.4395911423
1017148,585605.2190467544
1010083,518339.70995330636
1014138,738060.5267360267
1016248,276100.04161151947
1009991,195122.95728084398
1013973,794800.8648935163
1002033,606135.3815640842
1003486,1061240.817284552
1000201,253164.49068576028
1005616,185024.5083988512
1005068,544844.831146732
1012765,392221.93969950493
1008269,1230606.7365325748
1004195,180982.54045528895
1002879,344625.79444351245
1000756,184396.51679252344
1017583,833622.15402325
1000105,552910.9512162135
1007509,91473.29688968541
1000287,382222.1671371724
1015634,855112.4380457419
1001197,448300.0598603734
1010221,733941.5811241228
1000918,411421.925893975
1012100,640938.0199576055
1005159,172137.43313755695
1001413,206850.299422525
1016273,261715.2726527816
1001740,198672.8895108882
1003224,499887.47021196375
1007231,382819.39151165716
1006541,510843.1292601285
1008923,575253.0615192148
1009049,250258.37830016902
1016316,310545.6627884061
1011310,563044.4621150777
1008080,402185.622751004
1008004,314276.2714743624
1012679,256421.60030284204
1009606,348774.19026081584
1012429,523102.1214141016
1013191,1497381.6169947698
1000196,246575.83460594405
1010944,1234041.7661102104
1014161,370385.68919015734
1002010,389052.52688952687
1000873,758614.3799593459
1001620,757057.5495035663
1003682,942312.1029568678
1015470,167918.7873624632
1007196,416113.61469913414
1007769,236151.50596456946
1014684,361602.78027224477
1006115,494178.2191528559
1011174,401001.59378467343
1015995,165007.7133023892
1001144,536117.2470134958
1013423,1117415.6450784816
1010992,345089.7092838716
1008402,522061.77705762844
1010580,181992.0488258378
1003094,915699.3656612985
1004506,313513.95846629154
1005473,415266.1693407138
1005946,929594.8680201903
1007781,899515.3485417668
1016752,827456.0961227459
1004343,141696.65480283563
1017557,438841.515785587
1011306,523820.2304228456
1002716,388698.01474478963
1009868,350646.26096628467
1016692,653827.7200747839
1007339,169502.68864661746
1016598,277128.92343296914
1013691,1098897.509816549
1016534,1001032.5811871415
1012605,258962.47623327072
1015251,545078.366565195
1006546,221220.15879426096
1005834,1054355.3638047867
1008021,159562.54384796903
1006929,217865.1055353756
1017345,129741.5518078168
1015979,335931.1154954655
1014785,703794.780518857
1010031,697502.4881221094
1009506,616228.8750387694
1012059,377043.86468481214
1001682,620133.2817424258
1009185,540816.3023299266
1001056,873642.1625532373
1013154,395195.2843155016
1011907,336013.4834273167
1016139,390634.21158999065
1012943,570285.4172083975
1000645,205028.28997972162
1014380,1128488.0645895754
1004399,173685.4716358003
1012882,277949.558781907
1013932,245109.29379705153
1006161,488363.87720369216
1012135,390212.852067615
1012627,348334.8502508516
1002181,1114264.7524929517
1004035,178591.20091713365
1010027,115393.28160303144
1002080,146449.51752545894
1000717,771606.8948286059
1001408,259064.89921494768
1001367,126266.46510618522
1008623,190491.38869184634
1015432,353505.2516135416
1002310,353745.1259782082
1013724,331268.67173026834
1006338,818261.6539064177
1013433,604408.0583237851
1008945,650069.5965597741
1010677,827250.6791131927
1011289,330065.2892404845
1015310,1208023.3490541347
1013294,785216.2674085364
1004685,303186.24943039956
1003246,372593.6781872072
1013087,1117596.6623295927
1007210,425577.79191528645
1002649,341183.2531891687
1014458,488391.4948922508
1011919,132554.48441818607
1004282,379174.43965254736
1006681,967286.1630026918
1009545,522683.5570303381
1012165,197924.85241949285
1010367,421372.7625641672
1007025,812364.4804373267
1007760,420673.9138767755
1007770,286336.8917091001
1009689,503985.76449657505
1009569,655684.5291111546
1011411,421637.7541028785
1012615,685763.6576349386
1002325,527075.829788493
1001297,154713.14219358703
1001202,1037735.5569760301
1016385,501957.8545917123
1015072,510666.8863932232
1001678,300153.47097295924
1013606,437712.15032844193
1007949,537572.5823195501
1015814,164859.1446827915
1008684,533049.9688401358
1001984,1359621.8082125194
1003131,636913.7492863942
1012408,396766.0924443032
1004137,1087852.062525111
1013240,435215.604070205
1017563,328814.8359596168
1003200,544513.2309299466
1002859,683075.2961354054
1000358,409716.054076556
1011511,946805.8493525765
1009956,512366.3767417643
1010503,625500.8437243066
1016733,358559.2961042673
1010193,302467.2385892047
1014711,651935.8061867643
1004637,698555.4447111818
1001867,626091.305365968
1008496,435989.0088630277
1012393,177867.3814306113
1003403,402796.0714913119
1017586,271518.93228833296
1007580,313803.8818329688
1004688,583229.2621875136
1016196,773543.7715938338
1014191,485357.5898328576
1010401,403256.8326935696
1007216,209388.54378662663
1002403,1101412.071974486
1004055,755098.6343291876
1000956,565565.1092009685
1002423,734210.5120477444
1002738,325453.43236067914
1002530,970927.6318675701
1008608,283869.614507469
1013733,946657.8060653141
1012614,265003.6221554128
1015161,773978.1440931119
1010070,324895.00738471135
1013683,401902.97591816034
1017319,936397.004954003
1013247,336015.4608085468
1012186,236382.68576630534
1005511,284180.81447100913
1002803,565698.9556001555
1008711,134279.81103047472
1005584,539142.8016233445
1013658,1078559.614917547
1001843,1074099.1020356694
1013519,103937.2038891051
1013280,652579.5186344695
1015884,440054.26305571245
1003425,856139.1317138204
1014270,183106.40537539264
1004501,396171.6851736027
1002665,484271.97616349696
1008059,531635.1529344389
1008274,170798.4288774428
1007988,339832.83742295316
1012634,651411.446506101
1008754,258102.50055515513
1008439,914283.3714221085
1012725,515507.2057418321
1016549,773503.0544735899
1011702,584959.0677556746
1015230,662498.813104527
1015028,700705.8076782787
1007753,600612.7413983936
1016142,644188.9322713852
1008087,450458.15162827505
1008098,355964.4632449669
1014036,313609.7081404735
1001376,172783.40987945258
1006783,729982.0025854988
1015419,145160.5522248451
1014908,985818.5291693775
1007153,302144.6299943185
1016996,704927.3668682779
1016298,98209.50719792634
1001997,269404.6912972878
1013358,405682.72127206106
1003558,451257.50487659645
1011530,361373.8365397441
1012555,969571.0824307794
1014884,1119262.9678214365
1000623,517241.12087395554
1014114,201563.66070828348
1015515,385200.7085282187
1004927,86705.17398971233
1017426,1265010.3665248237
1009200,362651.8678462928
1002586,366519.2063274692
1006111,149408.89535852722
1013194,647317.5552145526
1009479,459692.4038312728
1013846,446351.95402472286
1004740,625384.8448967993
1003006,962304.6287615494
1002999,436201.3416900129
1001941,508305.6131433291
1003093,305051.6371658488
1004752,370228.1861180985
1015955,623723.2196043727
1004783,254985.5041893458
1016140,441777.5908800396
1003437,526238.738500148
1008047,907628.684070466
1014061,522560.13882864197
1015034,710045.718612465
1016201,941265.3020390215
1008848,753075.6069126776
1016974,938500.7141722835
1008048,544136.9299979716
1000329,882321.2937518004
1004659,491916.0392176893
1002599,575934.6052264081
1005770,499413.23850257316
1011470,204167.3818378894
1010881,476978.15077150357
1008971,128335.37573830581
1017076,447139.40867195756
1004384,182321.72126470762
1005402,213121.15970171106
1014223,485718.92333896033
1000651,301734.7627512381
1004433,806319.1167483772
1008477,331197.57647932536
1001817,1175098.053579047
1007915,281393.94421088323
1006535,630262.518158715
1000492,173072.1994118897
1003067,450800.8635920743
1014094,524388.1566722383
1013457,729132.6038695759
1002863,401712.4653172917
1012853,496636.6767705306
1003013,620762.7572166412
1000183,430028.6539176829
1004402,606763.5916480912
1008320,467400.0991349046
1017095,606629.5372054445
1001823,335226.2209980522
1001021,162992.83094705056
1016879,339232.6495932091
1001150,296690.92466006585
1016724,590470.9770655846
1011998,183481.4591235025
1006211,493663.6515420934
1017456,287520.4680170166
1015971,376347.26858796953
1015947,931858.9442779162
1002953,975591.7864817088
1002757,613649.6426143127
1012784,626703.6769919653
1002532,837560.8749442089
1013961,259657.33824621476
1010721,1083200.591460551
1011798,1198499.7951022303
1015808,473564.0098189814
1001265,350223.7413959327
1010742,762229.1081866432
1008079,349843.701145421
1006556,74910.11125654202
1016046,220937.94670836642
1006363,178310.9542987354
1005650,310801.7882243665
1002161,389538.60574621096
1017329,769406.6741608046
1010372,384281.8013046658
1007947,907986.955543463
1000383,239467.15028779814
1011776,222332.06412215935
1017577,653183.870536383
1016570,475687.168736255
1001664,529908.3741678564
1000866,260025.7056678036
1012715,557476.8234564133
1005516,920986.7990069562
1015839,287588.75512784615
1002470,421368.98022839794
1010311,417754.5402083489
1002841,417346.1454022839
1003948,947849.0634521731
1003846,562201.3222123763
1008470,592537.731333931
1010242,87745.28846127844
1013904,267493.40002867475
1015891,104051.45329657708
1002484,390518.0273293962
1007165,982774.1496542562
1011591,199741.0479530748
1005267,545318.5597089393
1009801,671804.0171087726
1015004,383951.3111208181
1004422,679427.0114560641
1017293,683729.4851427106
1005851,301026.1123660793
1013543,609067.0876338354
1007001,385734.6268081506
1016696,924222.7764170155
1000937,388770.6248549305
1012992,256134.83375905888
1011486,284745.47600163746
1003110,446628.067259315
1007505,860728.87592705
1004725,546699.69644665
1014146,297452.2234401629
1011015,465087.99159867584
1016651,700005.8519339947
1015219,1160034.7713055229
1004234,327789.6699469955
1017229,404190.4303834051
1001372,311190.87300231605
1012085,574256.2698973661
1009143,217538.59336950848
1004808,333666.5997821384
1011767,154303.40308024985
1012683,274109.88669155026
1010271,843446.3024106283
1002283,416707.55918395554
1003035,170405.74200336076
1014105,1062632.2143950353
1001110,717724.1635325963
1013600,180637.09253229795
1011832,508767.2258386553
1002284,252143.0633156882
1010343,650323.7739466565
1014791,340584.528126831
1013427,606627.9104620286
1000207,538980.0626573456
1008685,1376654.7436007916
1013345,1285729.6822323017
1008446,406146.8930718684
1007430,172702.3265256832
1002444,1199021.522646524
1004168,332113.14003139845
1011745,763801.2589752321
1002569,620628.7856196789
1007069,219250.2590399815
1002967,439022.2127848498
1003073,239361.51934350355
1004727,229469.36283112352
1000308,97206.93371607573
1017166,617198.2765594261
1009463,233973.31779261687
1008893,546352.4179214792
1010606,168602.26090302435
1011937,783883.1989522321
1015279,284644.83988390217
1000448,605767.8961174985
1011813,404868.3907853354
1004601,442269.5783536979
1014566,698177.8083775805
1010906,585512.9416778899
1001281,193107.56116681593
1017430,488536.95628398843
1009268,335945.9508716048
1008209,689375.8705322312
1013366,796023.4651042895
1006938,1215852.9543196869
1004283,384195.6776539134
1013720,1028797.0395634093
1006809,308611.7195834129
1004787,703714.8584267012
1003018,292527.3051161097
1006908,370914.6489301774
1014651,866024.0136616147
1007061,316278.500875027
1000598,387395.8658236329
1011905,402628.17655892286
1011954,128163.47487010961
1007732,597694.9622732727
1010940,389372.26910348376
1002989,443738.5556943394
1006028,321198.87871373026
1002679,294852.7028268698
1012257,1324639.6861424225
1003428,129992.65048686533
1001478,717552.8544322588
1007957,491434.85430346575
1002919,463195.3167851294
1009838,355900.57738632854
1002942,582669.2814186908
1007771,1225219.5522740395
1003967,1175128.1684599882
1011405,551270.8055196558
1013935,746768.2222324284
1003882,361277.25451334857
1005629,450502.20957015397
1000621,439440.03147202724
1009869,429352.5146054384
1000150,685673.0986904863
1017409,108162.55500968196
1008480,1018321.3712677902
1006749,179309.27184049072
1011324,600504.6259141939
1003298,1030521.3010097787
1001122,216515.75565170526
1006579,504937.831956583
1016155,329763.6218590596
1017116,541874.6262369981
1007790,661846.4267277551
1007525,284976.1781484169
1012280,108155.0184248588
1006779,405677.6165874077
1007875,311708.9394416616
1003893,741511.1175287277
1011094,506670.4278291618
1011389,438220.00260872376
1017016,451088.156408631
1002902,294691.88363194314
1008421,573151.8326245362
1004956,1184372.764232982
1003775,581677.5105412494
1001428,609239.8264956927
1008840,213810.58809678856
1015298,134232.5382933466
1010760,244547.16094229312
1017420,300806.4059277547
1011563,478230.5881472665
1017493,546105.6320240183
1012880,450495.0720495746
1004450,678333.4514215344
1003173,837576.9907565875
1001955,581025.1971182375
1013804,225533.20143310918
1010632,648839.0244489323
1017200,1124523.233472469
1001988,295492.53808586195
1016348,1275574.5682263835
1008757,268426.3271531327
1010239,719875.8755355024
1015379,386913.4812298542
1016709,324295.2893296365
1002555,386533.28364871116
1014351,998363.1912922316
1005843,407258.7790288514
1005286,1080743.6735329607
1004602,263928.38241754565
1014534,714603.5511910978
1014466,927213.8726937865
1000731,246982.7214120343
1016167,919202.2051660451
1004317,116061.85245546832
1001045,646878.8032580442
1016154,121576.40073229189
1001464,924461.3938731215
1014564,245623.67966422995
1001929,482444.358778548
1010763,811920.0284908653
1002031,186658.03517781568
1005378,724552.7851446767
1016660,751620.2560419183
1000653,773051.1216101806
1005252,282610.14116644114
1013024,136494.76379523592
1013766,436580.3260356268
1012195,710650.2242498327
1009539,461033.2208261364
1002023,522471.917851904
1002059,504558.3157377435
1015997,632730.2300559792
1005083,458961.97653970827
1016626,1017633.4348701922
1001082,506724.4233237555
1005099,329274.15110622166
1015069,474768.3392065163
1007878,105632.32045868786
1005518,898817.2181442601
1002598,380768.1499355867
1015220,436093.2279978021
1006177,563105.4674567538
1004769,474885.27060711756
1013734,508786.2924184849
1007736,832174.0711449728
1005855,234135.83443074944
1000509,417243.5349689605
1003362,253783.2651004439
1005152,261146.08311639386
1009013,179032.5656084078
1016611,241481.55330084573
1009864,703843.9585347804
1013007,526893.7083751557
1015356,1090596.5850635085
1016558,424919.31571109267
1003772,253613.20873506187
1006826,242904.51104438474
1010614,89542.43962720859
1015670,320815.3258239158
1001260,429278.26213563903
1014952,808602.9198499513
1017089,457267.9898982877
1016780,216663.61217690568
1014599,253314.46846560977
1015665,488112.5808198757
1016012,1044775.3436052147
1007124,298440.96623834234
1004130,600852.6421356094
1009935,81659.17112068663
1014442,264403.4889601043
1011201,98333.54158790199
1011703,451888.8477592141
1010516,534348.7769450351
1003892,1114554.268334566
1012127,222053.3233370604
1003800,419908.4298507715
1000994,282116.07997456414
1010813,760612.1177981507
1011041,582928.3805244947
1011034,330552.1312964098
1016172,527427.4784248093
1016424,383445.74706819706
1014525,574352.7882952254
1008170,906423.9923449877
1017122,360192.3044711354
1010106,313985.76537844806
1004955,433796.23379425326
1003807,371923.3649481328
1011404,712091.6909225921
1011359,324703.46252260613
1014575,938144.9079207967
1013524,577180.2904494255
1016108,917369.0456887647
1011992,305472.24549253506
1010451,1014581.7340623457
1000033,595172.4479666264
1007057,609464.7218200897
1003185,1007638.0458491398
1008181,277376.4081047712
1003662,548014.1137627834
1004166,434181.02999414166
1011668,1397349.7593815364
1001827,342897.26869365363
1017529,506483.92397338495
1016731,219625.89326176725
1017164,155737.19871454974
1015835,345574.5517530388
1016346,415675.5228588732
1015984,1246247.6570022255
1009702,783958.2209699481
1016192,1105591.1255244943
1015136,153222.8753189597
1009488,347833.39533080824
1001418,739668.1844698016
1007143,418036.17465644435
1008149,433420.0477213928
1003576,1189597.5554945634
1014249,268473.0990461256
1001937,1287274.6512203028
1005905,288185.37064340216
1017593,1256072.6127786397
1015152,625885.8895938691
1008746,767115.3789670251
1004026,616491.5644478173
1015850,730402.8815424446
1001631,854643.1903874758
1010649,858013.8139143251
1017385,759415.1460708585
1007684,657189.2342791306
1003533,382772.11905941885
1016886,1107108.6463247028
1011373,636888.5608013744
1007594,274764.462305945
1001641,491289.33867640916
1011666,465434.17124338204
1014539,274079.9389614061
1011494,392990.14931574976
1004754,1267477.0495144844
1011887,466811.4827247388
1010565,1047651.7382610238
1005649,1031569.763062827
1009100,769291.8158792291
1007774,254261.4028865103
1007931,935060.3594562219
1001146,321460.4745565862
1010513,404696.35449302045
1002933,303834.53552626004
1014883,736559.3286581868
1001960,726631.5711025049
1014354,405424.0266539196
1002740,1080353.9361040075
1005293,1107158.3475386903
1008939,432389.6949431792
1002029,346277.3024236776
1007547,566220.602515051
1011991,159642.54679541296
1015569,143898.4762651378
1010519,598061.747973528
1014349,241055.26479197477
1007289,866861.6386806633
1006559,251148.23279850036
1005452,851553.4710034949
1007962,667029.6749717693
1011662,241069.16365037754
1015757,188657.54054359766
1014591,399386.6879527689
1011040,823261.0682660607
1005379,914199.2737468504
1011543,412824.23216055945
1014511,568159.96731109
1003432,738002.5935484425
1001617,525272.5919210888
1005888,1155271.4716274145
1007273,490414.2644378944
1012253,651773.529325669
1001608,169472.89134127344
1011523,403081.2707222437
1003946,115355.80987284282
1003941,1059348.437353695
1004541,342168.14460697805
1009095,686068.2284097094
1007755,380756.4363430706
1005984,478198.47901156056
1013546,808446.1980617723
1002130,313864.53871640726
1008571,777945.1875296485
1003804,1085330.326019846
1017351,211664.725775661
1004636,503932.91264897
1013178,1096613.5788793236
1006133,672985.2740863926
1007263,746346.731224209
1015916,157621.29838174352
1009906,291952.56531579373
1016377,835599.4156975085
1010584,381017.9665978956
1012065,535685.2035812355
1015529,650747.1283956721
1007845,451479.497484494
1007497,310113.688526141
1006039,239870.02779257204
1001679,305259.50782578276
1016354,353796.28453414433
1015148,214649.35028442566
1010825,221962.0119788732
1010774,173169.128166681
1017167,271708.72586271225
1007040,590882.4243580677
1000950,1369377.7228385177
1011200,1003553.2763390102
1014876,786215.3924484358
1003924,618271.0204136181
1013308,305642.5870925736
1013505,145378.78431584514
1015442,376855.6202481821
1016559,257813.78743699295
1013040,690515.6571253889
1004884,295270.04721838346
1008910,177607.2068458139
1013539,372046.9294971869
1008491,433140.9225317516
1006812,867328.0231821893
1007903,836095.2439883533
1008567,237285.99697230454
1010680,618271.304346441
1003555,832575.2470446227
1004379,147004.2639454515
1004270,445483.13811630046
1016112,577472.0665820586
1015092,411186.41580999485
1017548,462715.8656394957
1013757,740656.0982518544
1003601,678346.8221067465
1007754,177829.87169170202
1012834,486864.9043242827
1003027,118897.91806396322
1006776,900522.368891717
1007682,88633.51163164122
1004499,238715.99554483496
1002522,1438887.003632462
1009582,863505.4039033628
1006138,249794.20097088086
1012918,748478.9470000422
1016800,308343.176021302
1007801,136881.90548427176
1002844,517002.8871000053
1003758,334418.3022489242
1004022,740743.164415217
1000074,234966.45447203456
1004573,750356.5758521457
1014543,1259047.690386604
1016197,192474.47577240548
1014640,1077760.0631951783
1016532,389463.54598777177
1014626,173174.60548517745
1001108,375498.94926043425
1014930,319546.8715369809
1015364,999561.9839443765
1007253,466710.00163586246
1002861,1209070.66365746
1010973,1039528.8005476572
1011553,543890.4748365716
1010201,909290.3824929091
1013033,929768.5933052382
1015660,345570.55863538955
1002882,743380.684568754
1002973,956122.9860630233
1007723,475958.6370238898
1012622,720447.0832017204
1003420,463684.00764612603
1014709,402368.8947190526
1013322,156445.4234622744
1011312,532476.8203881733
1010213,196490.3384529299
1000934,513914.3651231688
1015348,1164353.5313154575
1010635,272062.755918311
1009189,414361.1530480638
1004244,278032.3226719046
1005331,507503.82428703393
1007276,657543.8496730148
1004378,879555.9801207564
1002106,1008061.4780182489
1009065,486530.3032111309
1015329,450476.1028710536
1001499,663312.4174576865
1002415,141408.6749592039
1005154,480060.77063589473
1014849,698208.1241652064
1008743,272720.9703284944
1014318,863922.7667533502
1015283,412269.7479911077
1009318,143168.52009300413
1002121,440900.2454766339
1013701,403819.21588682354
1012483,153859.8813654485
1005165,398050.8968611893
1002980,297158.3580586048
1004532,311455.8155801831
1015737,548254.853276746
1007846,168435.99413188887
1012444,1139956.12719274
1000149,1401897.6339645884
1001123,251350.30960676607
1010289,169068.5804103689
1017450,177292.3314001069
1010512,1219069.9391289721
1008996,1022485.2347380582
1012268,256017.36134039116
1011122,285998.5023927638
1006083,207153.5892301148
1011854,1187522.82178966
1008860,310340.649909986
1012678,546280.1268338375
1002076,828637.464156307
1015083,532385.9927107305
1013593,646945.3390334218
1008398,435412.8079320885
1010907,525123.8210934292
1015415,708273.5191653885
1015791,323353.45944115525
1005020,698446.5403964453
1004392,801849.9128344664
1011974,463560.1694354984
1016162,115303.3467507822
1009125,789923.1781986544
1010404,795104.9951549543
1002818,959993.220401154
1001261,323246.0979680661
1000032,494486.71691631904
1008718,168759.36699102508
1014464,395869.132711117
1011616,233545.71244889582
1000941,482206.67878964386
1003606,368652.0890667304
1016687,505567.68668346264
1004526,734904.0700852609
1009681,992999.4474502286
1007260,510873.60938356613
1016442,1005975.231273846
1008227,204498.99686711808
1006705,524093.43996076524
1011676,301921.0511730868
1002721,225063.9166998024
1002747,405401.38105151965
1008959,127587.16805772974
1009748,743927.8847826064
1015263,637834.7834983566
1010619,422666.05332921364
1013678,187675.5713977226
1009307,333774.82515094365
1015596,1082752.3449970046
1000671,439672.03974501044
1014238,549803.1047551323
1005208,585510.705019248
1016997,557666.3288154346
1010241,782593.3910342527
1007998,197972.64028068256
1006234,507831.74262036
1008169,230130.51425617878
1010368,414855.5170984828
1012378,403060.30329731945
1015952,145682.21057763853
1006854,257403.03665036013
1005673,556882.7828534055
1000306,444094.86655139114
1005688,779355.597704073
1006422,651500.7328830254
1003914,283029.30953144457
1000476,236624.35347340486
1010018,362105.2891671482
1003590,828958.9084711339
1012928,1059064.2624079757
1007019,738064.3458897191
1013791,1118425.0530838103
1001420,239871.069159201
1002053,312177.6492307894
1006576,272877.4844248719
1002218,381011.31636653945
1009187,489747.8851601056
1007730,899279.2303000513
1000462,541837.7547474043
1003669,406221.716830129
1017018,435248.0170087818
1001335,166308.11993071073
1002903,574497.6884958404
1000967,211381.54073973745
1006201,410608.8193616253
1012236,480720.929212217
1007136,117668.9323514426
1017519,750958.7950143927
1005476,236717.8828558529
1003120,599553.6421319183
1011075,173926.82186692665
1003561,347620.2732639003
1009790,153296.64551038734
1003720,352470.9392706709
1007487,406005.70154872886
1012183,884147.7512024508
1000181,229420.8729754743
1001518,353504.3792380248
1001319,219345.18469381443
1013710,353979.92272766045
1011663,538974.0553538993
1012656,554856.1509905569
1012005,754635.583697173
1017386,332215.5167820238
1015996,622082.1984441574
1006292,772317.7295874472
1001095,338893.21890944225
1002978,282895.67117309564
1004241,881756.6931470219
1015532,714803.6172334432
1017049,554358.7092053262
1010078,424351.86950219964
1001076,316191.2033936913
1003724,1042935.6486904774
1006175,1043324.8536372737
1000570,628393.4439054527
1002126,476039.3770304027
1008644,546064.2970951102
1011484,537335.6987418397
1004970,512971.8215309216
1010747,321262.4495462299
1014040,581045.8390827597
1007665,477360.540508617
1016080,142439.29936519946
1015195,296620.0382105169
1007191,552325.9444964359
1007324,136366.82094936978
1012865,398665.6561279822
1002191,1221766.521769393
1001302,939242.2049545522
1016043,121453.53299067974
1003643,415570.8479614729
1011901,723611.8824053834
1004284,826035.2764239156
1004053,141233.52142471253
1009755,680493.8453456492
1010074,1010395.8699178208
1001775,275685.6133379676
1010733,667406.5309041927
1006994,337113.14109344996
1012126,989830.8744156818
1014565,279377.8702447115
1008666,501474.1527839403
1012394,373664.65050073055
1015215,269008.9913436918
1006537,577205.4412167809
1014728,506015.8811848566
1001414,583032.9259436526
1017398,434890.05065038276
1002426,300062.1825958211
1008456,830386.350902427
1002849,176828.1131764839
1017501,563958.4234004256
1007060,1525846.1962912658
1008799,577453.8359132112
1014767,338846.10456755466
1012047,145580.4213517907
1003488,275049.010532526
1002094,549534.6317337425
1012500,1147828.4394827588
1003385,1017541.4840843205
1001834,192203.38803940854
1014265,740776.7656003302
1011841,491295.0128205542
1000833,608814.4434441176
1010827,723998.8944159617
1008182,133415.33584166662
1013937,422871.4557134031
1016624,768667.4319319589
1016682,468546.92940218654
1011375,88316.35876428528
1007696,399870.55947946757
1008198,617427.3081504079
1012568,528212.2697850005
1001837,445541.5329582972
1013151,788920.4151459531
1009188,1230981.1888698034
1013327,741696.2361919046
1013857,397686.5083476728
1015973,284978.53319367097
1007350,201167.5543636245
1002656,529001.6796470279
1005085,534170.678094347
1000501,479500.8147414254
1004396,1249974.912950304
1001795,463076.3702045844
1003149,483728.36262185994
1002041,304450.2155726157
1016194,614289.402729858
1016522,140250.8749145211
1009850,156879.87698262127
1017392,940287.3881919809
1011542,469239.05022204015
1008607,472074.94434349536
1008287,100616.45585556971
1013279,579330.8290780658
1004838,1060173.6180190027
1008281,405012.70011166984
1000225,586206.1306319712
1005403,1352012.2212879222
1010521,607821.1987397538
1006280,286248.42551159766
1014861,463574.46493426216
1011244,798074.3400919416
1005606,274772.2445611852
1013376,286566.47815133724
1012331,346826.13749672164
1012200,135003.92447224
1015106,456535.163519157
1003306,510307.4196563278
1001928,406939.70184765727
1004232,329275.97407804726
1013747,285530.84587944037
1005253,311206.040803014
1017022,404471.96689389006
1009342,496583.78264105023
1007655,881871.9676106507
1009698,352477.20268990065
1017311,139339.33604048306
1009243,990348.4489315394
1002823,164402.8719904897
1008009,1162941.1260831456
1009120,514640.23811431567
1015994,708500.0660645413
1016947,510439.6447687738
1003121,1068391.209685575
1002150,276274.42893094744
1010328,348174.1072246743
1005537,251455.4336794448
1015065,607627.1465656023
1004289,299075.06033362076
1011304,330876.6530334596
1000963,421401.9370237896
1015137,390667.6036750706
1013430,1005790.9131463391
1004773,572547.1039240666
1003974,676219.4050189034
1016342,173517.11706432494
1015113,329400.75069139927
1013062,301931.1904553658
1001199,305463.07768466114
1017455,799369.2192604871
1004337,494835.9680785474
1014901,380951.3990044282
1002324,1418632.96145692
1009086,184216.5583513852
1005679,443270.1271136502
1017437,737253.0408977584
1000566,360802.3450328198
1013215,841538.1284479068
1008385,405801.1358752639
1011636,271198.95291855495
1002142,441711.667783913
1014798,696507.2283830658
1005052,514380.97445435275
1005166,431363.40632756706
1007916,470655.5984021285
1004973,582935.0501880454
1002196,370518.9379794982
1004656,636566.8962662764
1009029,440318.40599668707
1010410,298717.8656070909
1003127,687725.8205480701
1006850,263173.9332090594
1007763,502986.8195121244
1009826,678851.2623530583
1010600,669031.4305535309
1017260,601748.4440495078
1000679,241018.89616928445
1002112,421484.90825818613
1000905,169164.16482981938
1004062,443227.2576887165
1011761,749362.8721281415
1002519,415161.5651356688
1006246,520895.51412656665
1006981,462177.50394510175
1004804,514923.9893963381
1014668,353845.837286788
1003082,1187928.1513861928
1014172,441892.7144976927
1000988,576619.6426722388
1016805,526911.8331175331
1000220,633873.4065498717
1011743,211184.33845556693
1008660,247262.86050474457
1002763,1090713.5733717147
1001593,414704.05123001785
1011867,425506.0617350984
1006010,763777.4441402565
1000525,460040.11930560414
1004530,328727.81131729524
1001720,282957.37441900594
1013810,244615.95985845575
1012255,298565.5375953446
1001933,225387.60094937606
1001449,315489.67085105967
1004668,608419.7581232379
1006702,1219913.9588226865
1009060,559353.6655510952
1016242,506493.0458120521
1016574,436338.81710438215
1009476,531157.6136516696
1002438,953902.741249234
1008895,276029.58346384333
1003763,548856.6130690337
1002922,935947.2227627607
1002580,230890.83846192624
1005398,505814.02843494056
1015615,122623.62484842681
1011615,273096.2146075663
1006345,139894.77044278648
1010972,372885.85020434693
1000239,274177.93687031843
1003835,1275569.3205362966
1017350,517306.29462788056
1015928,653656.9460068353
1008145,702596.789317397
1014895,768712.9945899417
1017078,546445.6276055762
1003554,1020587.1717041486
1000365,735832.9056908473
1004548,499836.40998205513
1012516,625122.436918263
1003102,297687.175594725
1005034,433802.4277903772
1015085,561581.7932117741
1012670,889453.2402149467
1004599,329742.9694845045
1008653,1199890.002054862
1000724,598417.0635947308
1004860,458949.8038286294
1013906,567279.1369646444
1013183,167709.72253387742
1010895,592185.2936396712
1000133,638983.3309587848
1012493,526606.8838732981
1011655,328450.58004333766
1003217,386071.85892082425
1001205,465272.8914941488
1010088,138631.76573564057
1006164,278840.90485236095
1009398,432652.50711963006
1011020,270918.3790114018
1005773,179032.15716185863
1007511,503644.81136494403
1003598,320158.15569270507
1012367,258630.59436593507
1010435,492081.4736024871
1016553,598514.840293129
1002223,480907.5170059002
1013069,473841.8445108972
1013046,674840.44833741
1009573,186434.22569550024
1005870,306247.2331797511
1014031,244768.85105234207
1008353,916596.1739989069
1005327,473768.8814501577
1011118,359312.4097390361
1012830,237586.63063198057
1010380,1184631.8030230256
1006365,499718.9373341152
1017447,774416.7250362594
1008150,309415.3098767026
1014633,539625.2162110979
1014083,858811.0443554583
1005005,384079.78138796415
1002961,269254.96057336155
1006253,1106763.5245443902
1017310,408045.3965422224
1016268,576956.5370363648
1007047,511165.80690447974
1005981,193276.34921305938
1001526,1491832.148169311
1003379,280934.69409197173
1001055,565446.2123060377
1007557,362305.2806992689
1011385,410599.9846690799
1015912,1044430.9374429685
1011847,233790.90845680307
1001582,845607.8398225782
1000678,1031285.6190928775
1000619,323623.4808054088
1001769,347554.6068108357
1010208,605569.6973464562
1017520,192925.89053579574
1017300,1253676.7658032556
1009443,344840.79286694713
1009240,897193.068935153
1011965,134160.45033003122
1006787,810056.5218377213
1003855,1116268.598755968
1009433,799252.7926836754
1013795,1296818.8610459603
1006457,306726.08794217574
1002240,463862.8127094915
1000634,740341.6802529406
1008319,641439.5283960392
1001585,330260.67059811915
1013918,1204976.5999090734
1007553,463627.5824972055
1014438,1014573.5606418406
1016961,133553.3193417532
1003400,201218.38820632893
1010740,466318.0194726674
1016592,715750.2463173281
1008904,1230094.731794072
1005368,237928.24354235802
1001659,878775.6808062568
1013377,709060.4578114584
1016226,484178.94927937834
1001353,717321.7997077729
1013668,436714.67907533963
1003480,493893.5787549806
1003387,181088.16181057392
1001389,720086.4878927475
1007764,761239.2271596541
1013754,238901.74342682486
1012702,358428.64185473736
1013909,506353.73715933296
1014497,802916.261908928
1008902,1035140.4490985924
1016935,507394.27277162037
1007139,274603.44779954694
1013800,258136.31194246814
1000744,279930.0501466745
1004923,1006864.9946922174
1012449,676814.3397156231
1000807,372800.11801258393
1005076,221868.97796661593
1007640,388365.95279296173
1009558,542721.5334931198
1010556,1052280.1950048164
1006436,478536.0513240982
1004047,546883.2133469485
1012304,98128.5941007533
1000681,642420.1767934518
1015690,521443.97507076454
1014443,911935.5010298052
1002288,1468823.512698507
1005215,966306.4808069578
1002768,442326.1355666701
1004962,287779.125076535
1008516,995234.5079698241
1012311,600436.3823159682
1001238,929621.2741501218
1010392,369739.40016914334
1011225,497106.92877161736
1004434,284518.7167771323
1017242,604548.1757169476
1014469,607294.249746627
1004813,988652.828242672
1005187,951190.2395663592
1011828,425799.9620418792
1007279,300104.5584353802
1015593,595924.6344030091
1001512,796778.7701633014
1000023,552698.2308797997
1010473,332460.1283016061
1007409,593001.9536924105
1011646,472593.1896685496
1004619,795519.955970485
1003272,239890.28362456494
1007363,843869.2154765285
1012370,453809.1574244163
1006168,1121523.484483527
1004643,825841.2259251187
1009021,1042793.9915500969
1011456,311334.17416801164
1011667,794058.5573504645
1011540,612014.659787669
1000360,382159.5505416737
1000272,928760.5614477812
1011366,511007.60215494887
1007149,414215.1688029591
1014323,749053.78344169
1000482,555862.6899984345
1000384,378926.92042992177
1016327,407097.35128836875
1017500,840265.1001882126
1012117,259383.93148018574
1013729,939303.5154378669
1013463,659704.4182338606
1013165,275896.5717755841
1004701,448493.13931977254
1002334,270619.54850021494
1014666,360079.9598897085
1008520,505035.9747757845
1016071,209419.54824767212
1017473,603157.387920808
1003055,607041.7690609122
1008071,396574.8948976689
1008283,326882.2234924273
1003749,728659.320379273
1014592,620540.431470558
1011014,427047.1438954742
1007650,480348.8703563608
1016389,427854.9315317547
1007432,748487.4089753992
1002617,414867.1989848711
1004930,170879.39390774255
1011724,347015.606210547
1007918,372629.81958208675
1002492,319020.66245034814
1015638,754011.6708649802
1005028,264984.6364059272
1000755,234902.64825884794
1016870,420127.8369730627
1007334,144253.5133410488
1004459,393056.09346050746
1011126,384484.94388602156
1001351,337552.117919371
1010044,213238.89254059832
1006725,390679.46472888126
1002898,800497.813572165
1007459,466624.61611597316
1012342,166804.79597132254
1009513,396395.5152400277
1008234,501746.7440734966
1000022,914835.3360767494
1006227,735073.7350833566
1006411,464747.31532031234
1008342,375081.65983919543
1008171,553763.5630988429
1000650,439127.75766930426
1012187,152971.02339561953
1005483,479825.0217190808
1007611,732064.4863647824
1016536,241790.05944828925
1000915,587721.3959694501
1009744,395522.2882737258
1011401,267045.3109480807
1010779,466638.68651591416
1015216,512863.7434338707
1017151,232162.4236118424
1004857,188603.79531391923
1011367,1126127.3888675028
1013339,692127.4071100551
1000066,953150.9410235928
1008345,483589.64194646734
1002206,1237568.8633279481
1016324,457992.1351220822
1017281,216872.41044354803
1008474,568107.4955827927
1007938,569956.637932838
1003012,753722.6771383879
1004855,699818.5278721387
1009368,1070868.2100274314
1012361,321111.089511197
1002697,273536.8858887573
1013525,193912.74073981104
1002696,261256.19312108192
1008821,406760.15804857964
1006387,518985.7919255779
1002698,339594.55882425385
1000148,254778.37175404816
1005140,462271.7917419682
1007970,1167892.7706247792
1007658,247839.72577274044
1014751,637567.7965545399
1007364,575891.4267592398
1014004,345750.96685495146
1008696,357749.6053692956
1003678,409382.31097894633
1015067,504958.005549776
1003026,411412.3051112195
1016010,1533909.014471947
1007789,522088.9206205999
1016087,431537.1858815412
1013839,222704.5758089266
1016899,250394.4530106368
1015595,138581.86212505586
1016284,322902.7600219727
1007125,625965.8106216
1006816,299106.8482420917
1000283,533666.6655760318
1011507,392411.1808442869
1016291,152765.7631236102
1007538,568066.2066708897
1013750,976755.7625519194
1005643,703082.97262276
1006112,603447.5469472731
1000935,180921.3857338924
1009918,319055.72068247444
1002436,370169.82293686375
1002485,142920.40108077053
1009424,167675.44788367924
1007444,190980.42947885324
1007542,435967.84993986017
1008991,148638.64070141505
1003056,423889.4927636886
1007941,438837.8118778734
1014312,471232.5773260493
1013059,362564.2156243862
1011951,952712.280895883
1000813,531865.7182033597
1017075,496830.11221647036
1007561,433259.04430186684
1012951,522883.05032211513
1010128,1270854.385499279
1012909,523934.78246337833
1000290,529355.6684130032
1005247,487634.8064849612
1006165,751823.2671913187
1015063,606869.2306480126
1016537,643366.8599202441
1003445,320129.30577726406
1016579,280820.734109234
1008065,229325.9613538199
1015324,471615.95745489583
1004824,150945.6382729227
1004975,185737.66524916087
1000262,865487.5713947484
1001569,645914.2300117235
1003706,563541.1218134464
1009248,280601.0275116088
1001017,489481.53281535086
1013472,679866.974716594
1009011,443573.2922322194
1006125,706608.0502027249
1015679,351106.6093670737
1017338,320296.28658633016
1000643,698757.6858392869
1004003,1040423.342547198
1014180,1124825.902917413
1010189,1227149.1632737634
1010159,1420913.8778406086
1009269,1030849.3971502343
1002489,361453.1369158609
1002384,634995.0026126794
1006995,183755.5479290514
1017219,910400.2329498009
1004868,737716.9994164103
1016426,376076.3390672726
1009292,640979.6761999178
1008917,195710.421592377
1000975,274087.49178812065
1010037,355833.0562611884
1001249,1188199.5496581416
1008121,729336.9654891423
1006377,120975.60010052589
1014432,273709.05279921606
1004208,273028.92795769905
1004658,1068181.7662330838
1015459,459566.4331373436
1003957,449941.4520641935
1015150,643460.5369768618
1002729,486988.1839604204
1003959,169827.01419396125
1001064,743952.6628569493
1006208,376914.760804283
1002992,482891.0670953014
1016568,352456.4146725122
1010500,426640.1091412038
1001397,840392.1380465291
1000727,1327816.106002583
1015045,518911.5362058556
1012279,678790.7272154171
1004479,267672.24880630954
1009430,281575.336647282
1015877,732943.9533986095
1009374,428067.80441005144
1006367,583578.3060167145
1000435,1048957.5716179719
1012803,223562.01635682862
1005513,811708.5894348905
1010406,239186.18259518236
1009455,437132.8136700836
1012441,1009277.595850209
1011440,251434.58571221068
1004588,584347.4985778854
1016118,401882.39566746016
1007534,367550.0219109338
1008553,353580.2025603014
1001267,227130.90291597217
1003836,477308.3052046203
1017470,1028211.0475353795
1000571,1339699.6504798417
1015231,480178.40602244437
1010912,423084.47251318855
1000764,172837.44819024642
1008736,1141331.234582908
1015410,510277.5790994363
1014333,537557.1793610606
1016912,436465.50017480087
1014000,182034.09566906706
1012635,973787.4352393195
1014870,1334582.8287595673
1006592,170490.61786518482
1000828,283209.7394040708
1003277,201457.29422943777
1017123,514501.6678653671
1002019,461330.70101092994
1006612,611086.5466374641
1009973,531698.3903697169
1006020,271396.85611998505
1016589,580414.2825659262
1012317,967851.1481651572
1000683,422084.74133308115
1013237,627861.4648394148
1010331,450510.24210906844
1010461,367393.08996304526
1011101,120158.91733327524
1008905,1129150.7649819267
1005799,817393.9601837696
1013099,584421.0354385044
1014167,700214.9244806878
1004013,711001.5553301162
1012018,534065.8494048963
1009145,459677.4429543289
1006793,328827.78473945305
1002936,618479.8747929198
1003805,204338.88891072583
1004300,1000835.5318412657
1007813,574076.4446937826
1001855,324921.99349708296
1006510,1068775.3512185926
1013609,216603.26241239984
1004721,799487.3315706365
1007589,121032.09748805138
1001018,689991.4978425863
1010990,681365.422228224
1002366,240144.47468783444
1014551,550618.5929693704
1004684,187978.10862621677
1010349,318882.66265415965
1000278,287165.65881332126
1008224,176823.74345259988
1003812,263178.7972664411
1009082,716883.253581783
1000738,207221.81115552693
1012980,406084.00496247626
1007475,1075465.051323891
1016310,183384.71938633235
1016796,396807.19220595097
1010036,340893.17063438357
1013566,430267.67719665443
1005336,1199977.3885525004
1007712,331532.41937971517
1013573,1218419.9598505467
1003641,144060.12457540983
1011182,1229710.6120846604
1015198,343487.27532329265
1007951,920908.4138755796
1010520,749008.1400519516
1015484,786408.322501162
1014783,448698.47419974284
1005874,420435.24499748886
1010700,262320.5290992144
1016102,363399.6778113025
1001511,223038.23175974784
1006660,220305.67813337062
1010045,497496.06724044576
1005051,152678.94533975932
1017395,352542.17629282747
1011091,500376.25675907364
1003754,801198.2984100413
1014005,418601.1527414082
1015619,238933.12969490478
1017194,339357.9562001692
1008716,473164.71694854624
1003418,472780.02745681285
1005880,646762.632029845
1016973,420350.6139636219
1000247,1107288.4132154663
1016320,1222841.6894279548
1010363,570760.0731753651
1011946,187314.05865701803
1000844,277530.3286115155
1014998,710560.5416906854
1001381,1177591.8251406818
1003043,474135.01830343896
1008479,795585.3532770523
1008033,275302.2472217377
1004246,387716.7191737464
1005699,882844.0683472642
1010254,534073.7591509337
1004428,621500.145327684
1007889,303442.9334755071
1016193,174432.3119292918
1015606,198351.4217636846
1012722,787906.5580734396
1007397,332961.2706198031
1006810,149985.18226766755
1004971,211514.2930862822
1005235,281033.0919127051
1014897,998347.6704893403
1007946,633252.0194373812
1011280,353994.47347587545
1008382,1099959.9395264343
1001574,1062498.9483468432
1003078,706162.3426931407
1016355,511286.49520640913
1007521,451883.4020401627
1013821,382080.54497132817
1005943,198804.09112330584
1003316,1264021.374607538
1004677,1190515.1830235354
1004630,641187.1427361016
1004129,405390.249564164
1002461,380641.323522294
1015254,507325.86426424235
1000741,1046298.0771745974
1015224,421872.0492945977
1015921,341512.49633577006
1015131,500131.78385994845
1011514,279721.53114863945
1014544,987032.9778220713
1009688,478495.4823336977
1014253,155688.422621901
1007445,361636.3496021603
1004686,843602.0835117593
1014414,302851.05491912476
1013030,1068466.8188435507
1005698,273550.0521829099
1004281,433924.0426142776
1015851,1209442.0393707366
1004143,172680.87247591256
1006220,452038.6988655126
1001271,431377.1113573888
1013997,1021108.3340210591
1015691,299601.2076139303
1012749,633788.6013271824
1006950,415896.1902728037
1007999,176659.77156112978
1013808,716749.6540306058
1002816,633239.6808943555
1005517,499199.66860396054
1009304,508215.02509486035
1010829,378094.9612105598
1008534,315561.7708230138
1011361,395228.90548946365
1007423,241769.56675970973
1007966,443577.190023421
1009444,1013801.9911550604
1007912,831577.4950828931
1000923,337554.0072785644
1004775,430190.02779002255
1010013,808846.094167193
1016333,550157.0542742133
1010223,1219285.7224025233
1006294,468490.57735148363
1005186,910654.4209866739
1001578,369334.9348898617
1001940,465662.1272938487
1010303,877584.4528612795
1007892,590503.8739838579
1010306,1204959.9389011024
1017107,514506.68715396913
1005567,653761.8371557515
1000471,136802.4641612189
1016449,495389.8923727073
1015086,809589.2572051652
1009612,202017.91221626915
1006482,608605.5480935926
1017479,857999.4531373796
1009696,316869.44356142794
1013634,639354.1344056547
1012890,840958.7640845692
1012173,265721.8839538342
1001448,962153.208699484
1002317,328214.0193123761
1015180,461490.0140049664
1007428,287343.9162808003
1003535,740909.026511946
1009550,315561.53958512674
1004159,242739.2047315997
1000577,254755.17358293763
1011424,132256.08618323717
1002293,174010.01567632015
1002881,192101.5033049521
1003042,401549.5169027247
1008270,600063.3216282453
1017463,1217057.6976988965
1004622,726648.0142479701
1012087,1040322.1029465849
1003721,361794.0699547456
1015304,535396.352527539
1005396,451009.07486057875
1006636,857761.3743894503
1013855,1272728.6356372854
1008430,567699.6005701878
1008589,530849.5216261509
1007297,426710.0492509754
1012411,193313.68572468334
1015911,479170.74609698285
1012528,106170.25019511758
1010684,638308.7539783686
1003826,628858.838307533
1011926,869637.92236688
1006264,445183.9594935685
1001445,884724.7031637969
1016238,337697.48786146316
1012278,523137.3881832078
1005765,900305.9857554642
1011063,419335.34212209063
1008668,665291.5232460884
1001531,457292.7896971232
1002425,348661.1964302361
1009904,180061.3516162158
1009580,711601.8493970537
1016410,565692.5472212463
1010479,253679.17079222683
1001156,86770.37795849406
1011638,320112.5146607278
1013100,243770.05110711214
1010146,173954.56614855828
1000349,636738.6703890589
1002820,451530.02511382266
1005875,462498.226134593
1003219,938859.8050330846
1007877,176392.5231723869
1013884,168343.00195311493
1005325,789194.3588628161
1001241,433161.9747958039
1001886,861449.9188668067
1012661,249238.0552369295
1015217,910043.2587821729
1011572,230873.5059774248
1005102,479951.9552754661
1009909,372722.34090357355
1010094,153903.84774124267
1006960,249312.84804803497
1004398,902360.8124957653
1013206,152013.4150952599
1000395,303937.1278578361
1008813,1227316.4355738384
1003393,322584.20802926866
1010454,1079063.011919955
1004810,775437.1625494201
1013208,382321.529734893
1000078,339046.332228888
1001432,456534.313298522
1015695,929323.9339705636
1015933,529001.399941419
1003507,175588.97704522443
1006304,447270.9403108605
1013330,460406.7754913359
1013405,449784.4784921978
1004560,600457.8362817885
1012358,555881.0977002166
1005852,1145570.4507514006
1010243,429060.51665836066
1016312,90193.72464673662
1011278,647603.6862729824
1002231,159532.95302657862
1005589,1367482.5891996392
1003378,124303.41621149509
1013074,1342375.27173594
1013402,242415.39227980498
1017045,757186.4021504928
1001547,214211.49319669668
1004864,248100.94507808136
1016951,268285.14735218993
1008755,1118881.1467762166
1002236,209174.47864382956
1003270,322020.38623611256
1011415,1180220.558270264
1003546,1167916.495291103
1015552,169286.3271798319
1011154,935669.627067174
1014946,549022.8494344207
1005933,533397.2118421664
1001976,366929.9024486186
1016256,1312025.0311640445
1006915,530536.3926419496
1000268,411624.1849398602
1013389,450040.9237851912
1013029,815822.5483145564
1001244,578121.6795917087
1017067,827233.6864651688
1008898,368974.73875993805
1016231,290316.8387534032
1003637,468188.4878703062
1015059,643031.7889765844
1002521,787283.9449670843
1004720,335465.70096977876
1003003,441532.29078078474
1017443,697464.1333026893
1017031,290270.68647691206
1009761,1312569.2677349886
1015479,217006.6839602727
1016701,586125.4395774957
1008262,361559.0754737757
1000835,1104812.998198667
1012886,777850.5102805849
1008310,559403.9200912988
1010255,546087.081668446
1001516,664526.1391924206
1014812,323696.54319957417
1015189,628744.2758650546
1013424,876861.4351287701
1017238,326315.0261913436
1011383,344258.83769327734
1016971,358738.6681381529
1016363,418166.0616778766
1015873,843865.1775739674
1011137,220777.03671602692
1009667,511241.0917874112
1008769,194540.629110283
1010089,750514.69030283
1002445,1002554.9308172108
1016972,544808.4327032315
1010802,252672.9232625172
1011436,1198368.5146349573
1015262,296555.330157956
1009786,433695.2047249876
1011845,362679.0092792349
1011806,491235.5158502616
1003101,613090.351974176
1008272,623194.2146730049
1009242,420813.7902656288
1017388,653957.7899657808
1010135,161515.9170624577
1009622,480280.0672531666
1014906,704413.9106412863
1012112,153888.54163414455
1005868,336740.20730258274
1012125,234438.95406375398
1005958,388058.2188730601
1017444,343561.11181815324
1005678,157943.10057107618
1011079,1000659.0986857148
1015115,521139.88082893
1002340,259334.02902194837
1011167,479593.16485481546
1009592,410591.1298717295
1011599,346642.3528748789
1000437,220357.13381614012
1012471,579684.3078018932
1009721,418283.35210093955
1009156,538196.571497584
1009986,971923.0210761378
1016005,464326.8408471033
1009766,183720.63840879523
1009216,696295.1494571271
1004356,232515.47618599545
1001888,194233.1925154152
1007383,1070464.3070578263
1010337,965124.602987997
1001936,399106.7643342124
1005546,196458.49088086231
1006466,486342.7133580573
1010868,802674.3110079694
1014922,217269.08687747215
1008686,789634.0599440279
1003034,1194717.539775938
1002061,191147.26143994025
1000887,599364.9011699064
1011860,645482.8527376376
1010807,801858.163934835
1001895,327838.1770969012
1016186,440665.4693945429
1009926,381445.17005818273
1011157,369169.96775347576
1009875,764553.1514203597
1007859,1057456.422511354
1005138,123758.56423184904
1012632,274178.05771142646
1009701,89351.85068430497
1011858,85627.51768279432
1003711,404404.9143533745
1005206,299427.3199027814
1009113,365391.38361639774
1005872,440693.1085800855
1014246,1165545.3676269578
1007936,467218.9482444374
1003979,763654.3989253361
1016095,424443.2520843448
1010061,146655.81996236223
1005640,855390.4666505334
1015171,490992.41933405516
1006140,1052838.5721189831
1016905,1194747.468992492
1016190,134105.49812407556
1000891,392985.7642281117
1002256,1194372.1364424196
1005736,714980.4902149899
1001573,1372922.719223987
1009877,1238474.1515942411
1014803,897799.7444830219
1010971,1163585.707458703
1002852,604050.2396135991
1009561,883744.597041966
1007054,1150798.1849992818
1009122,418188.53157597093
1016423,565628.1435175949
1011417,136142.19131488292
1006856,926575.7181134506
1016319,429391.6754852164
1007851,965542.5636931774
1005106,268275.86386553093
1005723,297460.6883796461
1002788,621329.6862524439
1014250,392853.1292259379
1004112,1258694.1558110248
1011984,114312.77803038394
1008215,246252.6226819157
1001789,1200208.188439612
1005846,155977.90553662207
1003793,608405.456608615
1014079,933612.3164565214
1000742,216343.98976396045
1006197,761478.9015751055
1014628,494698.68526464864
1004610,581996.1523967995
1017169,607930.8868405913
1011250,249035.51132970143
1007391,1214516.4625164531
1011443,211433.33144039166
1015409,1132566.9240113683
1007468,1075082.172217362
1011050,293343.996487634
1001584,767374.3395994337
1007187,713866.8099073262
1016819,684430.2150910693
1000025,295909.63528695825
1012982,398114.64312657464
1001236,1309293.6679631723
1012708,1095888.6853427147
1004536,952083.5770532719
1001921,495227.8980060638
1005497,502084.1988310416
1006400,466688.7393139357
1015108,486269.32091778173
1006393,1070077.9931965997
1003258,382171.03952569456
1016023,498800.75391043694
1007275,496809.08074835077
1001825,638808.5799266271
1007032,365992.0241500215
1010386,1046160.2171155331
1004534,455194.604116026
1002681,632830.380084016
1001107,600441.3850753284
1013104,180550.70226236043
1002794,485381.4456338856
1006356,499001.1093061051
1008465,219187.66473071405
1007329,671301.6047236252
1016949,332360.1831908947
1011652,1241738.260788039
1012459,664456.2478794785
1003049,955008.182940162
1010126,485050.4952337146
1012349,846940.2640024207
1005333,569672.3081471076
1003052,342196.7936679223
1016505,233483.1889786104
1017001,201893.32881438543
1009254,582646.415639506
1002565,195467.65310264184
1006107,213776.42889719838
1010123,725239.2577984042
1003080,541220.0029406223
1001540,595009.8581430854
1002032,931202.0961547731
1011468,729621.1659604852
1000886,403241.39940805006
1013111,716439.9769171344
1014215,146418.57641638588
1011387,966550.2278860076
1001455,401314.583896403
1014852,859309.1797376471
1016542,245728.2703752877
1007063,507770.7606249711
1004561,407669.8794540179
1017328,345838.6511433689
1001962,543255.7202868424
1007932,462723.64266938315
1003897,1190938.910457012
1013321,227243.47595453932
1011941,468013.3753849173
1009051,980192.9693335431
1003142,693883.0119394176
1005174,363731.1996700628
1006737,536516.0254468682
1015533,661716.5709954979
1010963,379654.2142487334
1017165,315867.37080972607
1007224,520239.373049052
1017017,409399.77800321777
1011153,987886.2881055827
1011827,874782.2346610884
1009710,433084.1273169836
1016615,687620.6966236751
1010754,518185.97158757894
1017262,437275.55477940425
1014491,386738.9974936382
1013243,825535.3029707882
1000917,467517.27328256017
1009767,389507.25691909867
1009063,731415.7131220156
1004448,522110.4248225398
1005179,285341.46903306665
1002523,478003.12480282545
1012359,533016.4368005939
1007668,359910.63418967713
1014093,492611.4675098382
1009922,758953.7796483071
1015151,1046847.2639004859
1003394,543372.7904398128
1016374,267217.06378192926
1009867,222603.31904411942
1013001,391109.0545483841
1005298,1395933.7112093274
1012074,395440.26934258
1016952,340104.7505135518
1011358,247794.71620990327
1010038,326540.8645190518
1006399,658667.3837667969
1016880,168572.87726943378
1004696,491257.4311703005
1007925,160703.93073394688
1000769,1128717.4140855302
1003044,1073825.7750801104
1013333,467643.71914745873
1016383,445913.75420933974
1015157,456271.0145048375
1005352,653360.1272846762
1007840,427487.67020217964
1003441,268742.2237766554
1012226,208528.44406311447
1004071,955759.5773737277
1009245,248143.17488640992
1009902,653149.5381253447
1011311,490752.76564262604
1010810,712087.7958135839
1005108,770966.948301119
1009791,409328.1922713798
1014284,912440.9389642561
1009891,262849.35496423714
1008289,193976.66275561322
1013091,776776.374400234
1010057,1158033.7456722136
1002570,378124.30669186637
1007967,692614.6159832478
1009046,1275365.3982328118
1011103,1375746.7130131153
1001317,1138097.7474577369
1012414,301057.41481614095
1010076,759583.3315593159
1015727,390600.62056448753
1009491,544587.4826968089
1010794,1193126.0153081776
1011799,601762.3928039247
1004322,513652.19479361776
1009693,621778.2137089927
1012805,238322.33307464598
1005463,1206855.7708986206
1001254,87517.48547998998
1007532,511457.34870003216
1016964,1116797.6340156035
1008952,255012.1382423105
1015205,603146.0765834346
1004119,548734.6215431003
1008770,226360.88710891537
1013020,573909.87176589
1003939,543346.8561258618
1003482,757808.8445181436
1011772,876699.5940260764
1014221,530685.555606764
1014913,137441.6416117692
1013832,565724.8287071509
1005382,1009804.6200332608
1014482,1201123.9326201237
1012907,200788.22052028737
1010645,391224.917397669
1006896,1219616.9405690306
1015057,1202784.1617140456
1015253,634998.4790894631
1013765,345815.4131145339
1008218,706922.542420512
1000876,462410.4235598715
1017173,498045.7461775202
1012505,476591.3332561585
1002129,552168.8333036416
1017380,302135.3851376145
1011768,627675.3673182585
1016676,200478.34661753435
1017389,729813.6121046506
1002401,1089041.850313519
1014372,301264.29109074594
1007922,306662.9953479854
1000860,979679.7594361237
1015032,296295.98586429807
1000802,321086.24645631877
1012960,418886.8906311583
1004314,248723.06719655925
1003381,1197484.8866485725
1002246,339416.7760444901
1010642,472502.8360493157
1012748,380889.39281400986
1007835,304379.12683149043
1003288,1001295.0011825799
1007417,440900.49506110756
1006529,728017.2215188587
1009504,876204.1176480459
1004693,650576.5503326687
1004034,478025.9511474076
1002209,306290.1382282235
1014871,372514.9519653687
1016668,400272.3907075613
1017599,1334248.6945951034
1016456,111788.58127912803
1001615,626091.3232123242
1003962,424025.7942921401
1001500,1098732.2620901633
1015968,414124.75672970305
1016673,138645.97446929166
1009780,958925.6817936116
1004228,232611.27528917894
1003911,320685.1113395514
1007105,907971.2303838397
1004757,226841.86617198295
1009441,248395.08154863576
1015345,190727.48504974495
1005781,502479.3104362068
1014262,848640.5538768956
1017453,270819.2655376869
1002270,379920.4468215346
1016699,563172.1147272662
1007856,298445.46762198466
1013412,143671.3468958123
1010497,446139.8613241015
1000093,320450.58427106316
1010715,143778.2582156597
1007013,163933.55853608545
1002627,267887.1033576014
1014632,172749.18617191646
1003830,1064820.4506377017
1011288,1105667.4975457818
1010527,539691.5306490448
1010953,182045.45049839656
1014075,611959.738527324
1002892,161301.28925107236
1011856,705848.0885715132
1011881,446526.7395796116
1015244,1017553.5303641852
1012435,180390.2276999777
1011349,519869.1861378564
1000785,573234.3525820023
1003336,689376.1237230256
1005119,390093.7750497444
1009594,486425.16993576253
1007633,522050.2066962348
1009876,618393.3235161122
1016245,322240.99537513085
1006502,525967.0107515602
1009568,584096.2099308687
1007555,125949.0504041433
1011944,337580.2895457968
1011084,1272033.2642427313
1005696,1031501.8015838183
1000281,608546.7397194005
1011589,476420.06500526564
1008518,428689.0998662729
1002486,585256.3838136912
1015892,423844.2879272393
1010727,305098.4632070588
1009756,436355.16602371004
1009495,258467.7317175884
1001093,175864.35684540108
1010849,403326.9226286296
1006973,628783.8140189226
1001739,437893.1101054398
1016475,317425.2783728545
1003084,328488.10906457354
1011898,532140.4192126059
1010426,149833.5158383553
1013103,206654.78112337418
1016315,1049935.4084180556
1002854,503998.02436212875
1006712,367120.05415623076
1000573,538038.5538805326
1011350,343265.78184536635
1014982,678214.6185046548
1004054,613217.3399475053
1010453,414016.98456411157
1015396,381189.22561010334
1003879,244461.08158295945
1002060,342510.5535947225
1003613,571691.299051724
1017304,368215.43965904583
1008928,231840.728999496
1001689,434107.8542289966
1006731,737756.3158268426
1010058,444950.4558989158
1012816,463172.9682923434
1000514,551252.222277068
1004639,416082.8450399742
1001240,495409.15215120255
1013653,386248.5747405634
1007120,461480.8378070909
1005040,213834.44084485495
1009851,375916.5356101502
1004059,402679.7378474761
1007358,341652.4597599369
1005346,255760.01224637782
1007671,165578.4262097019
1001909,109358.03672804043
1010698,249589.15528968492
1011501,424493.61949368473
1013413,181112.67245218978
1008955,615724.0251087389
1014945,247963.71603776157
1011792,140734.1283650632
1015268,471285.140714166
1008802,376996.81379987596
1007366,637360.2947497562
1007804,1093257.0152428974
1011608,486050.88584329025
1001553,348964.007949134
1001136,439410.0026669374
1001099,595607.3435312635
1017327,446892.2578040208
1014014,558817.2179164555
1014326,242921.03208471523
1016300,680182.8388163205
1008228,1270345.5093678818
1008354,376466.37019019807
1003315,301069.7428267309
1008700,236381.78237872515
1008495,175043.84781385865
1003111,626289.5280504903
1013451,335062.35206511617
1002402,1207658.6373508146
1003087,554929.4510369247
1007341,470568.2608290744
1004797,488729.3821149287
1014141,463977.68865244143
1014701,678950.0011472672
1006279,309611.4927069312
1007879,234266.40849950264
1000276,180928.33577038505
1009699,215274.28105386422
1011395,738539.8308196086
1011276,469486.86512225436
1009871,404358.7169725205
1003970,493824.9201998321
1002372,184894.1010074189
1012099,438231.7103024841
1012345,1048168.5010631486
1000414,647822.4288479086
1004225,616702.2986425763
1011464,807097.5005071248
1004039,452077.5484719968
1009089,722853.2861012192
1003619,753454.8098833286
1013572,259542.57825320264
1007488,208983.31417985808
1005760,366468.02390652103
1004897,560359.7892443789
1007744,366335.50601274637
1008188,663631.3420934384
1017359,717225.3491191231
1015549,409525.40358461655
1008178,435425.89505821356
1005182,211261.18014903596
1013450,355413.4330490551
1005771,565063.3826882812
1014677,422443.47949028143
1011635,165543.19442528332
1012506,684123.5213081462
1004932,676941.0156066121
1000900,280188.3629890927
1016826,290132.7613309442
1009465,843006.6687363116
1014144,1135115.8539609665
1000166,369551.8759454451
1012768,201706.3914601102
1003635,465148.8128818631
1014363,312289.09516416705
1016404,522944.1161487704
1008862,586273.6595918682
1017494,861465.3927059
1005570,567458.6940855343
1005794,595262.2858901798
1008153,398388.1409886537
1016882,167157.79392466918
1004057,580840.6669510142
1002132,406720.5895259293
1007322,877285.3347323728
1011726,492491.0539916952
1008950,159242.3939154396
1016488,384378.4788973028
1009218,1213810.7015365837
1014416,118148.67846265365
1007046,699958.7203737106
1012158,128728.35472366915
1009682,976060.487321751
1013938,1326694.3073474574
1015313,464205.87310042814
1010618,291147.16460544773
1000467,366210.0559949594
1004604,374959.92050191393
1012128,166787.35525445727
1010598,1266881.132661327
1014166,403619.33595231385
1015366,540695.0747323831
1011080,725810.8118408293
1005618,518487.7556567244
1004694,389686.55724356894
1002869,450373.02952767187
1008297,315707.6682995539
1009449,262585.07839448354
1005008,505534.5336791017
1008134,531547.5391422214
1013331,477447.42382764886
1003401,575228.913253248
1000350,422814.6617498015
1013680,452032.9872162819
1010182,848112.9887168807
1015556,205642.24028359054
1016948,315598.73919357243
1009250,414773.75030735193
1008042,349216.7527412223
1005161,372583.03820539266
1014385,986075.1174083053
1010494,236368.15720160675
1002494,315449.63331428746
1002047,425553.6137712288
1013667,166415.9988523591
1008793,617191.0882430115
1012643,249059.60341142904
1008003,133612.76335559456
1002636,426692.74019185227
1014430,1080130.9338281988
1008758,933974.0648927644
1013611,878307.8632449645
1003232,215195.3967438057
1000457,889985.4163767565
1010111,859371.4937118733
1013897,362671.9885288243
1002801,322594.20266836596
1005168,230574.3278003474
1017324,733237.1149293183
1009217,162711.9250874007
1012964,282570.6508632977
1015000,395808.1014552721
1013057,857345.394222783
1010136,776576.9786567196
1016749,196379.9870666858
1016466,832213.269375109
1017490,493741.8158135589
1009624,890209.8153215267
1005575,119926.86279070933
1008151,559757.8659405934
1011551,638560.6747655676
1009417,555856.7588714674
1003490,1136427.8204765518
1004844,1002821.1297985167
1004653,219920.52176391473
1009526,275923.35108308506
1004295,1014770.6285356005
1006857,724126.4199357192
1006269,464118.08014639135
1004983,289670.1065640109
1009053,1017924.7677120948
1008824,997450.7672220486
1009358,1129561.4351474172
1017142,270501.0519660431
1005032,803343.3686003862
1001440,461775.37958753196
1014459,712830.064635786
1004795,345036.15168948425
1011066,390833.52658564475
1007316,390321.3982809245
1014177,809565.5300341736
1015743,132780.27347829106
1002158,298699.14749643597
1005257,342801.86074573477
1013278,174087.54503834475
1002102,664608.1424778083
1004597,1237919.2536189654
1010652,428150.36009816517
1003958,579309.1030868521
1011804,901393.2075415325
1004719,155389.60920663155
1009278,507134.0406002186
1000179,303463.93760593084
1013077,288349.8883293028
1006420,412063.3686186517
1007214,119726.25187587185
1008293,590901.7354520792
1012629,171635.29959127653
1007593,1157992.6559992367
1004889,562886.3419586389
1008413,725857.0240672253
1013776,846475.7840516978
1004226,328759.6408119481
1003005,530736.4236891954
1006755,1213293.5494174229
1014345,332142.9336672074
1013260,318865.6111540901
1015644,742303.6516827454
1011517,537643.5655602041
1010265,1121980.5870710474
1007958,925884.4355273885
1012961,473492.59144731396
1014624,229713.07868358633
1012434,1136354.703220284
1007388,458536.88434766995
1012272,480138.006270877
1010975,496814.1380832088
1006424,1079357.7435457818
1003594,338327.89277068194
1000924,1252392.0750122073
1014594,745783.9047685411
1002821,1152298.9032295751
1001211,1200996.8518497315
1007161,638184.4155886928
1004516,273591.72120156436
1007721,290484.3340011321
1014420,511233.9861186943
1008142,608993.3081680393
1008057,187746.07185181975
1001798,468384.347462519
1004133,1143430.5828906037
1001528,209560.62143322363
1004906,256519.47624221025
1002099,134256.11439796924
1002477,484521.07359559706
1000926,699426.0827399078
1004028,287309.44808132056
1002689,177418.07136541008
1007037,327619.2072868412
1007572,463097.8023366802
1007059,277142.32933380356
1007757,521934.15935118904
1012934,433547.38195049245
1010237,1017268.4615299174
1005797,470573.56337104976
1003267,398924.5208132354
1011912,1145587.0023487532
1000946,282175.7188633986
1007123,322687.78056315344
1009484,343559.5684546316
1011737,926343.415601712
1006924,523513.2227198571
1000879,240054.0175361819
1003919,1418774.7194970364
1015688,478648.4560109673
1006781,1076702.092900171
1010035,527569.2874642463
1001441,923534.3906127937
1011296,726341.0237207529
1017457,318046.9105251339
1012860,374249.553524111
1001561,554934.5347571279
1001804,633014.5973879354
1013038,1423701.6249497936
1007148,540218.9752689777
1011346,305617.2990003378
1009472,201024.52775373487
1001624,251793.18238625186
1013841,551422.8721160477
1002875,350125.06278520083
1009203,442345.9349239529
1005976,354086.41124713945
1013287,916843.7741165493
1012677,166290.3981874862
1014571,704556.5397670098
1001094,134264.31559924633
1013185,398861.5450046243
1006012,506230.6453321571
1003195,527538.684180296
1006899,366572.393247226
1007674,533931.9959517738
1001824,634930.0569149855
1012064,399886.53062134126
1016649,608815.9693226075
1002215,1017449.7432743286
1006662,410539.6601601283
1015812,689592.8505479539
1008926,270429.4613406737
1017126,412400.79395365866
1017097,790891.4167346485
1001600,852610.620136338
1000402,520004.8836104933
1007277,655315.4299023331
1006512,334008.97811129637
1001149,378469.2132990984
1014399,501289.22129410296
1012592,996101.1842864561
1007065,274072.0813710396
1009536,529429.0430756562
1005520,333333.48551536375
1002971,982152.0717152717
1002906,217537.34042184477
1006649,410299.0498645413
1016210,1448878.7880498061
1004743,496303.1554664743
1002736,337256.66843984363
1012245,1213754.5605172776
1003180,453673.1564801673
1005682,409731.88446597423
1012249,311380.12279980857
1000333,616498.4772189991
1005917,245335.88249337944
1003413,415119.0187234479
1002454,190461.62174249653
1012920,156985.68746322425
1002264,1231362.387788616
1009366,905854.0727146465
1013320,225031.14200279105
1008726,1101796.5648311335
1011434,558953.728950206
1017378,167889.16538554413
1016103,503253.6786707335
1011939,158042.96332301685
1002012,345633.1784203718
1003729,340271.3250484455
1013770,920212.7497303742
1006518,1043718.7357594033
1015326,689160.3658284076
1002908,188465.3237982855
1008671,713200.9192525524
1015699,620845.625036613
1001315,309190.02404031006
1014470,554806.0096994175
1006748,394956.24461918604
1001640,397657.49956864776
1015417,528717.7991694022
1006561,348357.1446353061
1006373,799255.9222110639
1008561,811122.40430763
1003176,311956.46113759157
1008387,234637.34821226212
1001461,451784.04753953795
1014920,390231.86536836234
1004854,457543.49851973326
1014090,628687.18579961
1015372,444868.85171323793
1004136,448742.5758582552
1001143,575390.6388692128
1012674,359222.4115144706
1011189,411071.91375895054
1009679,1025462.8615354294
1008381,408538.8601416479
1008636,370620.653357586
1008041,530783.8391908662
1016744,261229.64912034603
1003663,877651.4017640223
1012827,160560.02258512593
1006449,859599.2330655714
1015016,583214.7364086383
1012199,404638.90138056944
1004589,273860.21441410074
1012297,528504.1346934105
1007718,413170.8054651799
1008588,782896.9905106165
1015201,1251052.0366203527
1015168,528195.8506198328
1008322,688501.0095212294
1014109,549675.2535813292
1007943,301964.7580538023
1009635,764318.9911904712
1009657,440603.3837365236
1007639,711027.3369650057
1004024,282041.3701192717
1010382,233399.52057066478
1010994,776930.1110324065
1011717,590639.2340843999
1004888,695242.1778348205
1013315,246222.07767906407
1004191,492821.06850722875
1012191,362906.5299557286
1008157,388092.4909644232
1016945,425795.74832729256
1013567,411457.22330697544
1008113,596570.5641198908
1000199,457994.45547035185
1016868,171274.60384415742
1003075,294272.58729625074
1007622,307166.91267691524
1012637,396081.71656094847
1001787,428224.95334560174
1009731,351866.82656985853
1001891,307609.530317689
1005456,527381.149132875
1013645,191566.68298772417
1006453,571448.9801038838
1008445,361077.44848893944
1000595,739252.916494379
1003137,515836.31218646286
1007960,798717.1394735179
1008081,327424.49611242133
1011746,141592.22144954585
1014710,1021054.1159036033
1014563,186754.6842566261
1010199,278462.2193310812
1009797,151282.96303665204
1017375,222870.67467521524
1015206,1162293.8343512223
1014292,205429.12227690418
1005959,108454.41622922684
1006464,483667.0411332802
1005241,661728.2149666342
1004354,201589.43462489167
1007450,230390.34540477447
1008363,171151.92800243737
1013700,970131.8253854915
1010418,327107.77699830936
1017175,467391.4475560746
1016062,737007.8778505655
1007307,677062.2569636109
1004435,718380.9757837593
1005337,976619.6579512069
1003491,869787.443888523
1002513,765518.5597202305
1015346,319349.34569376806
1002388,650386.7409847114
1011196,507973.22198055056
1005335,445785.41644910286
1014309,561319.292132525
1014272,362955.93574496487
1000473,672923.1064321984
1017052,278939.75046391104
1006514,719500.5972400061
1007437,721717.1321585029
1005903,263358.58046348504
1009776,372862.0882872817
1013868,611672.4290767345
1013843,999671.8704715249
1001343,1250286.9021122486
1000528,152896.14258741913
1009468,504686.67188423267
1000930,110449.54696558768
1011426,578556.3441837273
1004629,710554.071717011
1007294,729165.0801863372
1005585,406599.1373343892
1001358,678808.5805183735
1014612,805828.9489001348
1016044,229166.50897057928
1001029,481660.46887479536
1008393,197126.93113061495
1001548,283884.2509514478
1003119,1173173.9804466309
1008460,414781.625089578
1000983,548839.3937631629
1017584,495277.9382660482
1017117,735294.413207463
1006190,606551.2871961517
1001666,153753.37541078407
1015509,496353.97604905674
1016784,503501.23457346944
1006395,301990.2154625625
1007413,503307.2321698487
1000380,284003.28093760443
1003961,276482.01816776657
1003556,353023.23717462533
1015935,156014.145238416
1014283,567529.672621868
1002098,621938.0644637641
1007285,407648.0417673044
1007750,577989.238325947
1000063,560186.9927891003
1007613,139196.8407888204
1010421,317966.0331867992
1000481,137246.7416048892
1014940,414607.745130449
1000497,513520.31769857183
1001105,1277380.2237761342
1002030,207643.37258716358
1008093,146403.1907372083
1010597,502117.0557945893
1011248,478392.578309755
1010217,538862.3343024949
1013880,590564.4720582897
1000543,448102.3716073047
1016234,489404.9495360249
1014992,519984.36435722973
1003697,372705.63990041165
1008414,500120.4454587982
1006911,1031574.412609637
1005702,381367.685105284
1002517,219120.53183235537
1001326,307547.39275038044
1011397,457688.67372609023
1004206,793107.4268496903
1011421,512107.7633167215
1002969,406524.99132588715
1004535,1197060.2219593467
1003981,483384.59558617347
1015448,555545.8883325207
1012921,844505.3855337794
1006922,631866.9061686185
1014685,304355.63109570113
1012260,429416.9810485666
1002036,167373.88042278134
1013026,429080.1545746888
1012989,242857.7096951147
1009437,738391.4784286855
1011909,460934.0346576467
1004466,1061459.6187319965
1001554,513328.2931754794
1017464,382258.8640241126
1000020,687955.6668298923
1013314,476742.4478242718
1012365,504201.2691943425
1013476,630781.2409525646
1010951,866747.0027861483
1013803,246076.3022933847
1010637,417048.52659945894
1008415,293057.87499239494
1000429,396956.9520699868
1012933,435006.14941743406
1014765,262325.69566751143
1000725,915507.6931650601
1012727,445200.2681560047
1004318,296627.8601808202
1016086,926182.8173212281
1009587,251971.92306763455
1002235,424176.6761148343
1007605,314840.95221249206
1012417,302249.2923047289
1015471,679675.7071104964
1009407,121183.20017737539
1000186,482071.438389011
1000719,501089.49970817956
1013863,544486.0569737745
1012780,902494.0375812498
