zpid,oof_pred_price
1011541,231057.19289790647
1005445,392858.0715879491
1002822,284522.5240297984
1006212,624151.6554999837
1007959,310985.9198296378
1011023,285518.6430288107
1014874,340866.06986669067
1002671,351427.05172951793
1002323,211668.44888076055
1009937,587145.2002237628
1003854,452711.9973368309
1015847,290981.5797802181
1016572,430203.7309108113
1004566,601642.5760510289
1001662,470980.84039698384
1012423,261927.94363174966
1004180,966612.6772008092
1000532,473471.4331022904
1004040,309952.0257030485
1009507,327786.9440539208
1002658,496984.4924692327
1012675,814763.9296390577
1008450,765124.9232725318
1006979,286371.45215637167
1016717,1054026.4508580617
1016875,658609.1131812682
1010928,275639.3826061722
1010002,478861.94254025776
1003930,1077103.6534398203
1009881,323471.8814209511
1014137,501759.9752604625
1015460,914203.2229834575
1003712,625163.8719099439
1001869,654052.4466905843
1013663,271830.1869756388
1013647,959783.3242919468
1016041,501701.63690383587
1010809,373328.02364183776
1004106,707368.2047417498
1011446,585044.5201493192
1000342,221845.14694008845
1006067,273358.96994452743
1001131,513503.2969581856
1003424,587875.8379490788
1009477,613105.8131818977
1001318,198342.2899309673
1010358,421422.37154857203
1001522,341510.173869825
1008637,466847.64231029444
1009376,226161.87757101865
1004827,486964.2361558245
1004848,292131.3202267566
1007831,455351.2691134609
1005103,937962.8992499044
1008951,588091.797378221
1007666,396900.69696523604
1014545,508171.53034233145
1007308,382740.46800816443
1008501,598345.0782826003
1012036,561046.8355945895
1010214,1091886.5156944601
1015576,376627.8075307601
1004821,651355.936800789
1015531,463690.8518966236
1013902,320414.7767218686
1014398,617243.3768296264
1001092,725154.4060337537
1009260,1068957.2346045745
1011403,311801.89303214854
1005356,589322.8288622809
1009811,286209.1163919041
1000359,374279.28385552415
1003602,498059.41775244725
1012671,475310.483649422
1007213,380422.0553520299
1013160,435853.0418113003
1014412,488784.98585861654
1015931,436219.0914046177
1013494,379688.4125183571
1002927,484818.8219945378
1012510,518022.0299771949
1014003,618617.1677730236
1008112,547072.6510776619
1009388,631887.2084736208
1014279,290664.65554260445
1014808,714475.1630169692
1009225,470337.78950336896
1014158,465413.6106435585
1004102,428145.2593035614
1004070,662072.4505541971
1004220,216771.0794779259
1009655,197926.41268575104
1002983,377234.223243133
1001348,528667.3070988029
1002802,511164.8607079349
1014703,224757.08021638813
1003884,490805.41098236234
1006274,304047.2544066376
1014150,657009.8349472448
1001945,574539.43249824
1010924,554898.5046342412
1015174,864877.7630405049
1000396,589195.0931525639
1003019,633050.0993764577
1013090,385172.70498191897
1004010,487335.7320451131
1016515,517267.33756543655
1011082,533138.130887264
1016202,326542.6929163223
1004596,361916.9412655398
1004843,420004.8080367396
1003145,508432.352625402
1016002,326020.26218149706
1017149,475308.397230499
1014809,420217.6959233013
1010534,463774.82306996075
1009411,512643.303357101
1005586,482217.3856220027
1000213,580457.798117388
1014621,459172.0521883725
1013758,291208.0427631324
1013630,581277.3342116964
1007189,622138.6835741621
1007241,365789.84111138905
1016706,378294.0973043706
1015753,341113.7107586035
1007230,378715.90046787943
1014174,524059.99034650845
1012498,719436.5409376292
1008126,309121.00022020336
1007807,666815.4194609135
1002407,390578.50748769235
1013002,460829.5465248739
1016866,427530.53542898933
1015051,520227.97458771913
1009116,442812.87360795226
1012134,628444.6667616927
1010528,344900.49333379813
1017357,885458.0834422808
1016521,465900.94779933227
1010298,475557.2669472758
1004712,531026.0333457703
1008587,477494.425057857
1015523,109316.3656946444
1004063,544237.6967818439
1002562,355679.63832408184
1015767,738610.237608226
1008314,653684.4305973073
1006718,524930.4606279947
1013019,362352.4034805058
1012090,454689.25642830646
1009600,439797.83766993356
1014434,727831.6744711465
1009886,365365.5270306789
1016620,457536.30598736764
1013515,295403.9081414005
1004342,467074.2529300345
1015681,521591.5104673378
1001385,881446.8058515184
1005203,510808.3975421629
1000793,242453.84873684193
1000555,484877.1120059036
1008562,481612.58509540604
1009321,426583.439321595
1009633,338459.79257508897
1002761,546217.3485065135
1004905,439328.89502283116
1011495,693853.0826590203
1009035,194898.42111615595
1015597,622741.0593037016
1006200,353089.11183800694
1009234,810223.073858072
1001307,999908.4433328314
1012767,523189.73880508775
1002597,506237.9915506833
1006043,556994.758006981
1015566,810796.6322214948
1001570,470836.25505619857
1014163,402881.9113054451
1015907,331017.2196503265
1003395,528738.8196104246
1001473,413260.8764511846
1007815,610902.0315770344
1002950,499784.05778583285
1005259,263147.66069613025
1001735,684805.0651934997
1005236,459094.9738962225
1017215,415287.262294016
1014555,516024.2051139719
1017172,523365.17218148184
1011432,496628.3849748262
1009418,421305.0333725397
1011535,358445.6038200938
1016808,363030.4927558548
1005437,397900.97264090454
1016830,465718.5988816878
1005694,521778.9009991312
1000790,340156.56964649336
1010884,365370.7626143298
1005038,364963.9817239961
1015316,444597.00380083633
1002929,649595.049935474
1008179,348356.0633060656
1007653,416825.4053249669
1005542,415795.3833782057
1004840,457096.6128149542
1006593,748311.0034308513
1013372,589205.8034504778
1005349,394044.8291400639
1001289,311098.3267042467
1009658,560246.9448289407
1011744,803085.754881466
1005345,417632.69155317056
1004474,648612.374826956
1005391,417912.42157219356
1008242,696598.7118355318
1004654,424789.713320924
1015774,527180.3670253791
1009905,327561.18601481203
1001030,320764.4702170597
1004976,426110.2467074333
1017465,464257.62151475914
1017080,464694.776638744
1017553,627143.9034055587
1014529,415396.28281139134
1003025,257580.72954086278
1009174,530215.6622283951
1008125,496645.08586185053
1000892,492914.46799949365
1016921,380806.0639610277
1014603,601330.7438292821
1011817,499935.4770978552
1003364,565426.7263035198
1009593,727099.5050986013
1005915,314541.2648207612
1012930,353519.9959763546
1002006,512831.0400719987
1001805,457326.9986130794
1009914,880338.1610016943
1017594,495259.24847510614
1006836,692221.5119525691
1004238,457605.68070149753
1012198,467877.97250757006
1010411,333711.27173755
1015351,328089.40617494757
1001979,580749.6378095815
1006358,552274.1276234721
1001880,278926.7894367509
1009849,275305.383462039
1012045,412688.30898453254
1011508,287813.2481875958
1006843,420070.2714978543
1002312,385386.66568459925
1006507,707832.84130242
1001266,309166.282764478
1017344,370134.20678922033
1006046,444361.6663202366
1000271,523099.3159039568
1016221,243605.41131029656
1011047,608228.8944705278
1008416,354346.80311892147
1003404,353949.87086691783
1000256,411970.35970888706
1006259,307555.26738022664
1013644,526954.3027187558
1015190,676425.0253932991
1014008,524841.4837027547
1014526,722748.0813978647
1008798,545644.6878650062
1009015,726073.8427271781
1007494,448391.16024373064
1014999,331606.30131761444
1005244,484624.70870201156
1003582,203657.06025603242
1010388,455345.61160414945
1013510,454810.6335336198
1002092,363991.7454050523
1007850,835247.6165247258
1005557,355730.33429109823
1003940,702350.0777147787
1015852,455552.47740468336
1016294,456846.92832696915
1007156,442855.42535646266
1014939,525740.5436560833
1016416,615814.5404646026
1004823,473021.82739077194
1012390,603067.1606637504
1002074,410168.5988807617
1014463,692493.0938392825
1012903,496874.21047938167
1012428,741566.7121254792
1005460,281684.85788569914
1003460,394826.2685658964
1011214,696980.4590960331
1005531,443660.05398837174
1016432,513383.5962678683
1006096,420452.3108476866
1016783,217899.83154523312
1015514,773216.6190898691
1003475,462022.1178607107
1002634,447839.83154424647
1004100,252142.71690350113
1002370,578279.0504395278
1001684,523791.123726
1001628,387383.20065411535
1000305,504467.72237409983
1002360,600643.4177484976
1007991,551845.2584189103
1010315,462471.13474809466
1008719,513669.2817372363
1000823,446913.7869227725
1016469,448159.40926635044
1012812,803345.7689926821
1015352,397092.0634029057
1013784,531173.1807794285
1000246,322072.11323071964
1012054,451687.7973017942
1004512,674990.9471468916
1007311,577138.2173976651
1006059,517318.68729890505
1006977,280636.51971622853
1006966,315813.72268794855
1015315,422254.5787815177
1015792,493541.3140895797
1016669,437424.8663006586
1017467,346174.11143962445
1007987,252634.12720148562
1016040,646435.557104216
1003359,595104.101489371
1013210,392315.32763415144
1016271,500748.43397093954
1003949,386365.2860950805
1008007,330464.70872158156
1007779,390761.09062007023
1010316,662036.8642831077
1010204,383338.70554443693
1000018,1253677.9663663115
1006803,452602.0300824723
1008084,459299.85941426357
1016725,481395.80465825077
1004178,511320.4003424519
1016085,450607.289077891
1013655,189155.9390332858
1005844,271610.113113044
1000028,678403.1531960363
1003273,513265.0046697383
1003573,767312.7980899765
1010462,818989.9097983323
1014476,562730.6553112798
1013448,619018.5790791543
1010440,415751.57330961444
1009263,197439.97550663934
1016608,554773.0441963881
1005467,684788.9035702759
1016444,758709.3123798438
1015446,527602.4118442835
1005478,584227.5603177546
1015605,428344.5974609613
1014578,426653.1483333246
1014081,509392.76188574854
1009133,702074.6744723144
1017087,430606.4589319982
1001160,304075.4535239411
1011028,404828.05712272064
1012817,173463.60167807035
1016755,450044.9542494439
1008512,411000.6892258175
1001911,396104.04144345806
1010490,966146.3800130908
1014366,381395.42965875595
1004514,411294.18333553965
1006923,626160.3509923526
1013149,436673.54196789785
1004811,420424.77004116925
1007384,357205.18533412315
1008814,344098.4201185853
1008066,207536.29043885926
1008167,526785.2270277744
1012075,378693.6363657314
1011412,388670.70578216785
1010877,548613.1702683856
1014519,924351.0833058619
1003182,207535.98651162375
1005150,397176.4971578323
1012763,210105.8384563058
1002589,296083.9369674898
1007698,350559.4231107932
1005025,284185.23016735876
1000446,414250.31363621773
1002248,408033.5198842089
1014229,351171.9627841977
1008796,396157.1539456728
1003440,480486.51798349834
1012955,315927.9195781096
1002375,561281.3920860811
1013015,559236.9722096437
1005896,354758.96871887497
1016769,578074.6364618414
1013945,525128.25456553
1016360,611470.2811260052
1001106,678074.7657269697
1006195,326548.1590328059
1008579,213003.43553071006
1017130,553908.5943670098
1004886,465841.5941332612
1015318,411308.844575753
1001277,615577.8161262703
1003656,464677.47988477605
1004142,365967.05089554563
1007492,671067.4815722519
1009239,522268.2783826495
1017539,518508.20461207937
1003755,281704.8886107728
1008279,601171.6672208449
1000291,788412.9244658214
1010065,437994.90904781903
1012787,432211.32120610535
1004822,537601.3208929872
1006463,273566.9913861775
1010892,641349.810144651
1017543,503997.55378410016
1007135,823532.5693884111
1015474,565043.0714611025
1012868,286232.91340677073
1001226,481189.93707611837
1011318,549182.7371275639
1004175,328866.5581535707
1017445,413358.14673375397
1013963,493443.940812939
1006643,344284.16113437363
1015308,539850.1896775253
1011471,210830.09184752987
1016388,255856.34382354977
1005998,421737.9162876702
1001042,742651.3392226985
1014472,566630.9041438217
1002385,358822.8568528509
1009151,358064.8685774582
1002024,491418.84216352954
1003468,340648.2704857221
1016748,412461.5777049968
1009704,565101.4494981648
1005299,477212.90422571724
1007344,438201.03510652855
1013742,672999.6059061625
1009794,324577.8230336047
1010633,442060.7131495307
1010603,296672.58905042155
1009117,318117.87611648306
1000617,661958.1625585081
1001692,502434.0214750646
1004340,775735.8296433531
1017295,283907.7742397554
1004120,558132.6149615586
1016584,386893.9313775521
1009531,355267.02933509543
1014781,643554.0167323143
1003474,432347.8879030559
1014988,572724.5751613191
1007075,244651.09867361165
1000862,344555.2940696828
1009980,189230.83274945273
1013862,484714.8256419505
1013534,369808.4990656131
1003370,532333.2987471885
1012043,599151.6146137712
1005072,720597.0919237536
1009236,405787.1725196624
1003672,595078.6942020479
1002876,610403.8485014946
1011865,457931.6480906433
1004044,204269.84531925904
1015250,967037.9430703688
1016718,430431.2043768725
1012713,829147.1171665703
1013306,557612.6334487806
1005600,732666.3818052653
1015601,477182.0008401
1005886,340635.7380718924
1003266,545947.6030539811
1010872,581331.0963082354
1005146,412092.45571322466
1003186,498913.21222932026
1017226,801873.7446441064
1007346,677787.2092178524
1002766,584459.4818827469
1014453,311365.67083310144
1010857,452748.0007669808
1014264,692578.5790547782
1008214,744701.917452047
1014637,635477.3195221175
1010489,447392.7499174203
1011834,1297938.067899036
1002469,615163.9490484206
1003570,372528.3598078013
1000952,433478.9325396266
1010000,391331.46997688006
1007348,477760.6815254556
1007629,409217.58026876784
1010833,442085.03714864946
1015015,403617.8170775222
1014647,693734.5381530676
1010821,528240.414892448
1012994,586454.9462253627
1011526,297528.5020479558
1010345,415592.7994957171
1013082,516959.1468019062
1004828,420648.255795208
1011597,380370.7958143747
1014718,633470.6283356926
1007994,489900.1577026927
1006890,422236.39798796154
1008600,271750.43492495175
1005583,169067.5992459376
1014973,534911.4968882716
1009246,287459.4030608335
1003915,355380.2187053545
1008981,329179.68062720035
1011472,911499.9001514361
1004833,576810.3920738733
1002986,821928.5228304046
1016695,727779.698190133
1009743,798677.6404130126
1014196,747472.7885059705
1001497,279170.0952596045
1002203,873301.5236682849
1006038,461718.657196996
1004215,247127.16479990818
1014368,421719.91332583653
1014260,571523.5923584836
1007885,488790.0295212043
1004865,380099.4757947059
1006375,675729.7736264064
1003936,414868.0819860252
1010012,485739.29785935325
1014902,362267.8696814129
1005254,998135.7799944335
1007026,517452.90435119125
1002170,553425.4099800885
1006622,410911.6752198963
1005891,823060.9578941299
1007293,350458.48122410063
1009672,375470.77601210866
1007693,474689.9414593681
1015418,445433.46468476293
1008152,487823.78167971526
1013078,585610.4776212515
1000159,250898.54260077424
1003066,439617.9509431099
1013416,201399.24309656766
1005956,768692.0056844142
1005414,295505.13371652766
1000200,375632.4540420853
1000393,361637.86389667215
1003716,336756.1669930113
1006268,598214.2472270579
1013554,394253.29002250737
1010977,438114.35167719884
1002241,409219.5899600103
1013826,378384.24930770014
1007544,280464.42276314565
1006023,374833.3507332911
1008841,790601.3438274685
1009733,690343.64082665
1002075,516476.6411846227
1001639,538254.5437042036
1013980,617545.5849623878
1003193,448727.4270094558
1001763,201372.61096045186
1006385,361128.04736355745
1011185,148582.04855016732
1005524,451273.2624712689
1000169,550191.554338934
1010936,1020514.9800731146
1006324,616997.6861490224
1000714,666328.7010308281
1007808,743575.4156502316
1015608,555653.889679747
1011228,311195.87827737635
1008724,517975.59555015434
1010385,542174.0423596824
1011303,246108.65434501175
1014598,279791.5830515661
1014095,675776.5953671929
1003415,741952.8697712766
1011123,399280.13708441384
1012094,627115.0549630186
1002439,470571.81578058685
1014974,525627.7146353787
1013379,380384.9934456011
1017481,495940.0774317305
1007591,372486.1711272176
1000627,550339.2750523667
1004584,637387.8462199948
1017118,183778.44023635835
1013662,166964.44651451072
1013239,807174.7045680105
1008698,321965.84329895757
1005986,684794.4901765167
1005619,554816.7532701861
1013318,606075.6057058966
1008925,636487.213830548
1004248,223352.26406360738
1011140,430867.0912811148
1002835,473056.5217445896
1000847,349934.31363504875
1015275,436138.0067644865
1011105,555939.0891790038
1008298,182173.75717192877
1012396,364086.9542318933
1001756,154412.35827251215
1006413,840046.3510881361
1016325,371766.52766135026
1008958,360079.002846187
1014058,512352.7305565437
1013620,432002.7937247687
1001145,375538.96133996785
1005385,420723.72825796675
1008911,399208.82612985355
1016862,632935.2084897325
1003714,255624.91881102262
1007355,258759.41581512752
1004834,364819.3472412211
1006403,518135.7064087625
1013819,797305.4865181393
1015350,313794.4625403994
1013871,558057.591664458
1007737,359040.4114147738
1000070,624003.7138789584
1000405,400503.06638226396
1014419,363551.47514311585
1016259,747867.0760059194
1016926,347033.06341277494
1001039,339259.7126585186
1016799,451492.1611850111
1011714,262790.556529337
1010409,445363.45236499223
1008130,422733.024644819
1008379,475927.4907623461
1011546,316975.495585797
1009048,266360.56575909496
1007190,148028.7317653358
1002507,347612.41449250525
1009284,642675.7194771519
1006258,220668.134862194
1012509,881691.8379069465
1013317,726637.8285638419
1017528,625073.7177402318
1013816,552559.7770288987
1016001,268713.4138029671
1005353,385781.23450131196
1014607,662960.8898728811
1002673,512876.9462352624
1002947,210062.72980667243
1015185,444125.46969160903
1011142,403230.8786630358
1007167,395651.4719492445
1007853,717796.2219152537
1006291,211005.22025708423
1001831,623894.0599927129
1003943,461993.9315341694
1015730,217724.14778314237
1000824,277804.27907073795
1004349,627306.1037384081
1000868,605337.8287099776
1010185,388162.2660735066
1006082,598347.1224286165
1016632,164864.38320719957
1004329,419755.8807163242
1013253,264570.4851487701
1003900,643670.326239266
1016821,435211.0381355984
1011544,512871.819784516
1002593,399722.6990876715
1015784,331722.5106726199
1013383,608871.8107252353
1012023,642174.8460578263
1006834,227546.75415156226
1001181,394061.18130992533
1003859,577674.7152252923
1006339,342679.0605742348
1000726,485624.04719580995
1013968,558291.357852532
1006060,489130.64635731064
1004510,1019275.5755965429
1012376,425012.2994618994
1010176,338121.96983392397
1011755,199059.19338458026
1008159,384396.1937401122
1017579,299770.94996798044
1003144,800120.9898636957
1004037,166671.95655314007
1002779,327034.78162854485
1011051,649992.9840206433
1003351,216937.33352186726
1005879,399399.2440558687
1003929,431898.5178673929
1011465,258568.5372332829
1001534,971157.785692008
1003141,284256.52042084484
1010389,463916.7070958498
1017554,533507.3393412214
1003225,417323.8311738877
1008308,456529.02817141486
1015023,440653.60149546096
1015030,622762.4365346931
1013025,493973.84584881813
1017358,673254.1356779018
1012889,573723.8278108287
1004032,442114.10982072545
1017587,254499.59810700826
1004288,771199.961976688
1017129,195358.48663967874
1012522,444304.5701803756
1001598,516308.41502574
1005137,281072.9055456438
1016042,593204.6841469483
1011956,679807.5978516754
1001718,665312.8667104888
1012684,534315.6517585663
1015077,313708.5299144867
1008103,259659.6738770964
1016915,558595.7948034179
1003228,532623.8841129134
1016639,617950.8971288904
1016815,512008.19585626153
1004814,500648.59746870026
1005495,398142.83977607446
1008670,560204.8246891694
1015982,636722.9093742515
1001394,532188.7204378585
1004046,413314.7802643143
1003532,478750.00862120575
1010956,444833.44572324504
1001404,402646.45775020716
1001134,654667.3403516073
1002078,412683.6967061614
1006900,555274.3471429737
1006404,341833.3798439564
1001242,481619.62252576096
1000759,459617.52046225115
1016782,566637.6651050496
1014422,332544.3231324625
1014518,493231.4038965027
1000646,799466.6063982382
1008590,500605.02902730275
1003788,603480.7448336849
1015822,447283.3639341146
1017024,533700.5175873485
1012783,968678.9747033394
1014818,154209.39504653562
1003235,535692.0900874037
1017436,424309.0570590707
1014107,654911.3472650371
1001167,629542.229514921
1016366,519560.00852487446
1017448,804397.7334756928
1016716,247694.3036821195
1000675,354981.3280122359
1015335,274404.50689042633
1015112,349802.635828678
1001264,267054.30688329093
1015780,260561.369187818
1007614,472849.1798078055
1004383,713819.9417038526
1009164,717571.3000353528
1005223,454066.1717481155
1008967,408787.9315562064
1013912,755348.5285291484
1001047,358584.554795991
1011815,387656.23801704386
1003126,852265.1361901002
1000302,317683.2543805368
1013581,319237.48019077483
1012532,262291.04027991585
1012410,772849.1706810867
1016407,350731.94920390827
1013328,509986.34891517623
1005283,646640.6926352732
1000024,456265.2460734429
1012745,660893.3907104421
1010469,523354.3600887938
1006746,368093.2669592603
1003798,475488.2956021235
1003077,531633.7548244279
1007869,666628.177668082
1013461,313648.1465318189
1009427,310643.1655457927
1013687,469203.9695886926
1009473,789010.8574245077
1007704,556547.6186701581
1011789,516028.28021901415
1005571,715319.7995775066
1000116,384866.72544994194
1000640,368547.3540200771
1008312,292504.7484523074
1011068,467429.03219141276
1014931,504091.03218178975
1014828,798063.3156269748
1005730,373786.9452779
1009577,818052.9168542871
1003060,437452.47896238987
1008606,940547.816291866
1005626,646672.9955893101
1000693,1050994.2614222618
1012261,391617.95991315925
1007034,590192.1531994625
1002884,470368.16138675204
1000765,656254.9840534145
1007603,673324.769444916
1011049,402558.67322195816
1012744,158361.40534101985
1012412,570068.6530116416
1008582,609686.5668816287
1000624,450212.2151594944
1015186,453614.0649274987
1010896,341038.0849479194
1008997,358863.3723212383
1010415,848554.212034236
1015476,665048.8407674436
1013911,312893.5807407298
1009822,561024.9389788933
1012608,571739.9627725473
1003585,544634.3563110523
1015880,581635.0654170038
1014126,241987.39821515168
1001860,774963.0595032586
1006846,494643.0240586953
1014581,676903.8001291847
1002279,708297.6691795924
1013204,444989.38121574937
1016665,542957.3094188554
1000584,516884.71360548947
1005446,527939.9261259981
1001162,573189.7584421459
1007731,366553.73062155343
1006610,434956.9211228661
1001757,441034.7792437993
1004144,940838.6393881654
1003353,862097.7383001031
1003374,298943.0377172132
1003966,133804.36593401065
1003233,581615.3069454262
1007686,482417.52300115064
1014020,422544.18788307917
1011072,371900.32227212476
1012612,462693.5256378641
1015193,542629.4865875911
1014319,237218.87984232116
1002591,306221.6886009434
1006040,741653.9756121843
1006433,430932.1446699255
1006455,550945.2558875855
1016836,469146.43105030246
1011968,294345.8033507185
1009778,469953.9911709766
1008843,498786.3202515123
1009405,425781.2267797272
1004179,511994.6479964349
1005249,278204.1988271084
1003823,673776.2103426544
1013021,700620.0369013378
1001866,428631.10075706744
1015652,198098.33022991195
1016634,554260.1577220487
1005411,331338.2726391821
1015535,329036.17879063747
1007673,687670.6897293536
1007154,539634.0452594366
1011820,822739.2492799216
1011217,615930.372552662
1007573,587396.1856944393
1013334,496142.9617327639
1010570,479057.372963092
1008434,686895.0465820198
1000490,829326.6369980375
1007549,449526.21172957926
1010797,434154.7852087695
1012197,1009830.0780836019
1013391,462505.5452951312
1009583,433579.2210165297
1006421,309234.10944281187
1007945,792308.3556716591
1000664,312065.3435198878
1013500,558069.930392107
1012660,373810.69407310634
1001176,578814.2348313559
1008017,308650.44817683415
1016070,498983.35567042563
1003796,522132.2698998265
1011388,468632.9552294856
1006897,415083.87611879385
1014062,335162.2786047867
1005752,400849.92551492184
1009181,187110.42268047103
1001275,424509.8039394385
1011807,350671.1249605664
1003657,427432.4092977523
1000162,243148.87382773086
1002528,409529.1919947616
1005153,366750.0229351679
1012163,377724.02123861655
1002542,595912.1001735019
1001484,520634.76095833536
1013946,480212.9994621275
1012712,281176.072331626
1009462,370963.2534700815
1000463,391949.1902847692
1012625,302211.9181651625
1011562,282957.27353231196
1010569,542547.8132916304
1009325,370614.9538793141
1012711,390288.51032233314
1011319,588186.1013653607
1016200,498148.8025198586
1009779,387294.50510652474
1015936,744273.8188552499
1003021,703307.5693414579
1009300,250834.72066788995
1011925,367515.05825130537
1007331,434150.0865154266
1001097,604511.7771705115
1001396,264950.3216771997
1001220,383865.08754853305
1002390,688169.2612206785
1007227,331666.84956440335
1010444,598537.883980126
1008537,498014.8965914462
1006845,227432.1395516353
1004042,493698.263556823
1011107,457249.8431841888
1011479,393046.46003824845
1007985,540884.0601823885
1002449,529272.6879421572
1007833,641157.5530940284
1000454,345034.22331137036
1016436,454036.6165320615
1011345,435775.23829354777
1012387,420808.7666595519
1004470,443302.37531009177
1002145,750073.7918677168
1003650,509604.07901592006
1009442,427503.6724367715
1014299,210113.74483242194
1017525,657800.0593572404
1006804,444696.5453118033
1012430,455395.64974045113
1010281,452820.21529532725
1005480,341992.3007684269
1000112,532496.3243408785
1007163,508012.6871011896
1009446,840441.0237125584
1002455,311344.84604570747
1007795,547817.3323526867
1011215,338862.61340489076
1008934,456581.58341145207
1010067,340004.6173508201
1007767,364340.0632885086
1013130,451356.5119898254
1004870,600842.741758501
1015428,311904.43984029506
1002923,337935.00818424206
1017415,338689.69400663575
1013313,576542.9812022959
1015889,567415.5550647532
1010612,587755.6873526393
1006244,653054.8509488287
1007503,505649.835730355
1011382,353634.34124722355
1015134,743873.2152689209
1016884,617915.9882815348
1016417,566389.8065205263
1014175,636736.6338850706
1011301,494281.22653542727
1001174,477530.32383126643
1005614,244644.4006712449
1008478,282458.4315302915
1014473,543115.7207598311
1009265,390891.88346758444
1013703,557667.1322582418
1007827,359049.12191122206
1005262,335155.44870101527
1002888,343759.0259405908
1012750,1125393.6186141712
1010611,597428.4461314796
1011677,458453.5556890644
1002273,533394.0211907919
1003839,626673.1042116458
1000523,592199.4349254209
1002508,142125.539301414
1005397,496619.5898095444
1014301,594637.5674165458
1002633,176151.92575899666
1014484,570599.3011623278
1010716,369267.9066714236
1008219,724066.3802512926
1002476,413707.278806914
1011093,655469.3132500651
1002831,189777.64403943362
1008661,771906.1555578037
1004293,477109.704085104
1009090,646119.1756770296
1016180,931015.1139718073
1011218,509492.5619350354
1012061,862402.4561455433
1006800,479339.1485864512
1001687,281271.7504381202
1007972,231460.30549904058
1000632,489541.93104875874
1004793,465765.3412130958
1003655,488034.1615412195
1004367,471544.6917516037
1014477,526087.2529410779
1015414,447113.96481469093
1010210,456075.95857064624
1007248,231497.7554378759
1012576,381245.82757426077
1011193,292021.0613555197
1006959,235257.63525777924
1000363,371615.982398626
1015321,361644.64763186616
1000979,222610.1931595399
1011372,605574.9621391895
1014121,149981.4540464266
1006099,442191.19169615454
1001728,343713.4316829608
1003307,779404.527153459
1006336,289124.0831169819
1005791,318410.9099764223
1011097,376503.29027356073
1016278,692735.8403940493
1004000,550234.0491260613
1012796,207484.90502448264
1015406,576906.4321380515
1016406,614686.5496844364
1013591,276796.822883621
1008321,726009.0961808487
1012804,428359.474605648
1001496,283090.6119801694
1008498,408849.74667768285
1009915,472302.36397967895
1009890,363816.29694537545
1016922,569105.6463451855
1002013,322956.8921120526
1012579,331615.0865443892
1005709,411264.46463509084
1007029,665859.5739430331
1016513,543322.5006978181
1017275,509168.6410266681
1004495,565420.9165905614
1004276,804045.6809074373
1003559,202966.782978277
1006430,324925.71670573315
1007134,500916.1084881002
1015405,333573.4654328475
1007303,732606.6269760313
1009654,215356.8933649365
1001195,598622.387679143
1014752,244826.905979738
1006678,705553.2600693149
1016703,790099.1058039437
1010579,331212.5507208515
1008089,751743.1358768746
1009346,273402.47383743536
1009708,1144663.0891462679
1015734,225942.0073398383
1005198,303427.45211716124
1009971,609199.6978651872
1017268,524583.080825375
1001657,357023.880481287
1016740,424573.7830947079
1004353,161209.23568883014
1016794,322097.2023666205
1003538,396513.5259087801
1009337,322189.60964107735
1006216,920494.8317587757
1002514,552177.9540857389
1010787,370285.9564654185
1015369,521797.84112477064
1015875,458837.2213334757
1009124,309308.6912162615
1003373,723876.0537034867
1016074,585268.037548317
1014510,452658.3764943641
1005355,410855.7445616168
1017526,712439.9702389715
1011178,643987.0548560449
1003183,707266.4952310675
1000788,471237.51680524
1006686,419768.3914515472
1006704,384237.115036346
1002197,355385.74113281426
1008386,473226.7621031763
1011846,373174.2664503908
1013952,704111.4243288123
1012445,298934.612510806
1000035,524564.1874090682
1009746,583342.3543447957
1003318,431282.44828908215
1011482,287512.79048212216
1011654,227559.27842790764
1010785,896859.6758371067
1010879,389556.64071762253
1016122,357945.41991206433
1014905,642327.2690370546
1007670,137476.0095990608
1007094,335889.47281577124
1011269,545746.3415991701
1008000,404160.7531938102
1004781,298721.2577090255
1004989,287672.76029795397
1009172,320537.9772257382
1013624,625591.1980174317
1014179,420235.3058477249
1013925,654889.1865762731
1006348,343416.68147505826
1010448,250868.15366459783
1008027,548363.8511290564
1016021,341138.15299496317
1007337,458652.51571570983
1014018,361926.42853072524
1007243,736045.8448108988
1003702,684502.803313514
1016846,439645.21225626604
1003166,951068.5556991996
1011477,389343.0569835891
1008617,398378.1883382802
1001551,244751.9058858225
1010234,552277.8342316212
1004336,437600.749448412
1016254,693599.6098013865
1011548,434721.9782726113
1005340,208090.0240133004
1005471,510795.53537856607
1010859,494518.6842796851
1017317,360874.84814095055
1016252,527522.6279471323
1000080,271127.3945751594
1005343,313105.2574448319
1008583,395598.40762681264
1006499,589845.5883935279
1012357,382067.0793324902
1014315,466344.2517804469
1001729,477245.1883870277
1006014,523058.9308251249
1001942,276511.48595223966
1006696,761350.8317646694
1012294,587541.5385322447
1014382,355659.3747274993
1008662,467423.2931510544
1017280,519595.93878302816
1003174,1393704.7165981245
1003158,664351.667864621
1012970,356247.8252049463
1003689,363563.849447585
1011716,434630.7504339983
1005764,494957.8381891436
1014055,1001123.6567473882
1003430,517249.7682140811
1006057,386192.13920680183
1000834,788179.2144086439
1008366,967925.5324854178
1016817,588392.5974201885
1004525,417660.87533049245
1005300,1023709.0114245462
1010279,512781.2817445941
1001050,309353.00900152855
1014617,311132.09091798257
1015084,676608.293400461
1014388,660340.3302956604
1008294,391179.7542880453
1009996,260366.20989011895
1005046,611037.2265839619
1009316,902300.8565647659
1004311,324442.6450227213
1017498,329237.896261792
1007309,266551.50484863296
1009614,317816.9241577913
1006193,501140.355537048
1002397,491838.6366484404
1008563,428511.5944299845
1009460,433104.6039673592
1017071,774674.5512197899
1001623,562081.8189220045
1004837,477117.70249484776
1002775,579227.9318700884
1003031,449956.90322187956
1014744,708243.078368912
1017559,274802.9480055249
1005302,294199.2425915961
1011275,467648.4563330076
1000314,546907.8336217882
1006143,559023.7391222484
1009190,522552.83240537404
1014576,381948.69104334916
1011353,811358.901061643
1007787,503559.45835992065
1008867,586697.3894309552
1006188,409042.047489836
1000277,246183.87656143357
1002389,318462.2098607946
1012655,644722.4588097993
1001741,386196.832939643
1004585,669634.1756555588
1014506,651617.063384907
1004213,204976.708552959
1015390,815893.3058501069
1017518,595868.9490162021
1010739,157244.75718228662
1017247,552430.4249391983
1015845,457110.30100325006
1016904,264447.9208842313
1011341,319503.0781867685
1004806,467669.2864711458
1002182,644476.1333162707
1008186,201164.72997822566
1010629,295070.5891907056
1011246,468950.33793778677
1013513,468588.776578452
1007489,461678.4998995914
1007681,564464.6493292599
1009045,141826.78898205253
1001753,301540.2195111164
1015101,430886.3720193979
1015451,513222.8486847832
1001514,442059.70516826044
1001023,282455.18404329254
1001871,646314.9949248754
1016937,381408.58598240255
1001342,349645.7247280388
1012550,731072.2866303154
1011688,447428.01366812567
1009562,527789.2972346769
1016969,410818.08428147587
1000316,508215.8095107127
1003904,476830.8773524303
1008199,686329.2710452985
1015922,388212.858809411
1009530,837143.3810596504
1003074,354065.5817804196
1004847,801040.0543074039
1010905,654700.3294794398
1010350,967678.8840895545
1006742,458026.1585634546
1011487,576382.0436894757
1002811,444032.5125351852
1001965,522736.8622107691
1009589,434934.42787385423
1007816,246725.70015921738
1000130,662664.9963274134
1014423,743448.6687769026
1011290,614232.3835531175
1006226,357418.55295673927
1007466,207749.76172820159
1015528,559344.3424780159
1007694,339755.4484352978
1012533,364007.5794819238
1013740,707405.1115689938
1008584,550291.1297409671
1014501,965959.5949788026
1015848,559960.1038861626
1007565,346853.34506717924
1009590,734266.603604942
1007233,569553.8012073636
1004352,396731.1769432818
1004247,621138.0127957389
1004707,612803.7692397534
1005129,434219.8034849316
1009091,431775.57860650815
1004791,728969.9902026647
1001294,367055.71399004594
1009942,656663.3317866696
1002915,856330.2791289099
1006777,529232.2622488283
1011610,481207.41099727165
1013486,266018.13948336826
1016263,851159.1026950529
1005787,790885.5754753721
1000572,511923.5292451355
1007146,612938.3552472149
1005577,539759.7297760379
1001755,334359.2930523159
1013538,374752.9347552716
1007902,370616.42227940605
1005763,685776.413067675
1003785,324653.9471109414
1005911,775224.04989692
1005422,471416.03122887434
1009389,700950.923466578
1002641,622190.1481292085
1004892,552172.5618317972
1003062,353156.9120426907
1001581,285637.534268138
1003874,257428.40676521495
1010263,653099.6284324586
1012791,358612.6283478423
1002079,647400.1799123371
1005469,662618.6791345875
1009394,289826.59920352953
1001292,510165.6769461203
1010780,816820.1509374874
1008550,452445.17531012854
1016361,317758.1912311278
1017187,211485.11838728847
1002234,490989.01901519176
1010965,555681.8532774844
1012900,807309.6352741794
1002342,418625.82595100993
1002335,374613.6147745543
1002411,449810.6543317308
1001399,637592.5871589928
1013788,668749.0648983289
1017183,583793.7456917802
1012468,542273.3108356791
1004683,434184.4551263567
1006245,485537.17537741864
1004755,690567.9073638532
1007443,455072.97677770595
1001063,641258.1027566937
1002720,620358.836378617
1003022,756219.0700394709
1002025,761500.5214039924
1007710,702717.152039841
1001745,174628.06223775877
1009213,435517.3837613157
1008424,334521.1889713597
1001369,452912.48300503695
1010736,272601.8085367266
1015758,515260.15928610344
1016440,136787.68747113796
1009945,390326.4493723827
1014203,198675.4947354938
1013145,487311.1753214861
1003365,533634.0331188259
1010783,656267.5552379566
1008396,439751.6023040949
1002772,409866.27915562916
1009553,264101.34568073926
1013894,312626.9075535192
1008792,446003.3667640892
1003639,433513.5597555097
1015633,471533.366578525
1003399,413412.06076559046
1000677,186831.44690086477
1001015,658807.3770961913
1004346,551565.9110150064
1014275,486726.41430526634
1008976,283263.28206089226
1016191,479539.95092631946
1002946,703974.6830355695
1014900,565100.1833373727
1011929,519499.9789493239
1013917,437192.4666287754
1011959,417834.06578571687
1016127,320407.71826155967
1000701,578684.1291463423
1007989,389257.97058359924
1008523,577929.638473976
1004663,486956.67218226165
1000041,741909.8550973524
1004631,466569.3096822152
1002117,485326.68963034014
1009275,375730.47511790384
1008565,497840.8059293082
1007360,511180.1367414171
1009666,653559.3667755395
1001731,421540.98295947106
1009142,348211.6048533205
1003723,696696.3895304981
1012939,810274.297572302
1002242,431034.8471861472
1015779,478674.0439462989
1009510,829314.799235999
1017061,586880.2237757368
1002752,568993.9476894877
1016965,373864.9531945829
1016028,261759.3669524411
1005721,732178.065342474
1010224,694131.3376351199
1002706,392200.3285986787
1002254,511225.29744840716
1005935,613401.3802259316
1013672,533419.979701991
1013831,716593.2867771185
1015466,234669.7251096173
1017411,464701.92300617177
1015411,331090.98776817933
1001073,354640.3405134941
1009595,358036.9419883383
1007952,722683.3237449226
1008694,546839.0043861631
1007483,375891.9304291063
1005697,513024.89732076647
1008020,449787.94935528527
1000580,786481.0343203985
1017150,660083.2584731064
1011408,296748.56437395274
1014029,387398.84216154495
1001510,901833.2873746165
1003033,548729.0812398173
1017115,314497.04408709024
1010835,253851.74390150324
1013994,633675.2409612141
1010130,267480.80609853205
1012176,320175.69808958675
1016998,466961.3107018953
1007110,517769.3355270869
1013789,720515.8390022987
1010148,550604.3638888039
1015377,546292.4944777691
1015048,270729.8299038796
1017050,502122.90661592607
1009830,349698.30841400765
1001907,458327.08873597917
1015661,572533.6863709183
1003239,498259.1126085365
1009734,436543.5862015414
1003851,246076.14855533527
1015801,278283.44554238016
1008947,149551.66580617687
1014536,457727.6402891182
1007596,320185.71972013975
1011957,361818.3512582454
1011247,649284.8197768491
1011342,235664.72712745177
1012413,706652.7235932106
1017180,662474.3368720094
1003873,523564.9061392026
1004583,414690.6203880503
1012132,447451.7437882108
1016091,591972.383579799
1002441,371489.02912001964
1017321,395393.56485686504
1002070,799884.1051553581
1000434,734922.5070139822
1016064,293943.7134588783
1013437,214183.66656018334
1012704,408177.67369540175
1014864,261726.3929956634
1003162,516993.65856883966
1016455,392042.286987002
1011402,281495.7057867935
1016999,253674.68848550142
1009759,475448.52837294
1006093,294427.9300327577
1001828,599088.2841090542
1005509,185120.9675307768
1004145,536487.0654164519
1012143,606500.2229609664
1001927,546415.7216560602
1002227,522034.8348292822
1004181,199255.5843907276
1012645,219231.98171141942
1004772,247147.90957895044
1006563,324092.6963140147
1005941,234360.61450169852
1008210,629673.0158935715
1016858,692617.8884941835
1005270,590688.1737824179
1010155,326400.75711884256
1009866,513046.4424125514
1005394,495249.97024694894
1016485,489081.04554480937
1012234,524871.1797177221
1015735,568441.8942133615
1015395,337730.24239559454
1013014,957047.4055760297
1012433,371755.9080927572
1014148,424102.89769742504
1007502,278800.36687230016
1017362,425022.79629289487
1016409,580379.4339308816
1010757,667951.3569303602
1009673,215721.58624651964
1012902,499161.6501663078
1007652,1114208.846882684
1014663,318882.48049026134
1016169,486657.3302910257
1001311,362526.85917754227
1011208,680661.189107311
1011970,413570.9512139427
1008713,541220.5168397834
1015472,499939.3292690432
1008469,536036.073143628
1006025,384883.1434133413
1010370,400025.0040573498
1006243,892868.372904832
1000927,574263.5633715563
1012687,492164.3326126786
1015862,517838.74792575435
1016577,880140.706493358
1012746,523527.68616872246
1008564,506501.56056484283
1013771,260498.10325024917
1015641,453371.2724516899
1003085,538851.4159515017
1004153,375825.7476301358
1003472,486032.91432986606
1007088,532978.3840492911
1016793,913734.1770935279
1011704,347902.1407437549
1017227,535360.8274436549
1017533,750826.7739864277
1004292,513150.9803735111
1002421,279457.6150603684
1010267,501771.5381083036
1009782,373946.3653574573
1013520,387550.722188681
1010610,405082.7007122021
1014210,571603.6147513564
1016842,405340.6605427408
1013610,413917.7412015059
1008651,729449.7328812826
1007385,624641.2549239286
1010179,306538.82102162763
1016032,588068.385080687
1009725,569604.9938453633
1013998,265096.1448311928
1004099,688402.7129438818
1012649,293783.6602439778
1010205,350981.64593360526
1013296,270979.9748963868
1016788,681325.9284863145
1014019,501611.00243962323
1008927,366277.9361136588
1009006,602061.8704725344
1012927,197388.92815838268
1008143,279513.95202226384
1008920,394781.96053024434
1010100,239039.80030970526
1007504,283928.2125069982
1016983,435403.73135598615
1000190,370155.5250531526
1007726,374814.44580513623
1000128,355896.1691204043
1010120,337680.34618356725
1010149,630128.6341127477
1004453,590346.1110133
1009155,591509.8154699737
1001354,239218.9408391604
1011793,508936.4467127957
1011698,1106984.8071530925
1013338,533434.1206552098
1007524,788466.204394976
1005011,454043.32275387645
1015274,272924.3986918646
1002480,615129.9014931388
1000972,485407.33715885255
1015261,1010675.2852904638
1001924,617720.5586033436
1011922,242233.1198907807
1005135,516022.35717899905
1006822,433298.25288542977
1009775,391365.4830062712
1011298,251492.63525773914
1013367,561924.4388663733
1004726,315644.4548564542
1007527,605011.2416970321
1010387,396500.7902800962
1006055,386900.8112693242
1000327,394512.8243362814
1014181,495465.80514119926
1008906,733444.9084770101
1010133,436017.2338372397
1015398,436514.5967894094
1004858,753856.9470125567
1000944,705328.7123189992
1002163,419939.9677174546
1001191,310858.3660799283
1012707,404253.1432109374
1000777,716435.0822665474
1016452,869399.8044370196
1006949,313891.517966631
1013970,690274.1543007795
1012338,599842.3743424055
1002952,579060.9879293508
1012495,632720.7085152346
1004852,639778.3344236651
1015687,737264.7069338063
1003357,701553.7608191913
1015053,418850.79890020326
1014614,417096.4214414353
1003578,466554.61293579964
1004632,734644.5922791507
1016993,373175.36037449376
1002755,389103.772563338
1009527,383518.8736586273
1010836,368841.16365461034
1012885,433784.33782940824
1015125,503147.2248832242
1011442,456327.73419878376
1001934,379025.86015513
1003853,537900.2511266505
1012915,426585.2537531291
1007238,821269.2598961466
1013047,645270.7758262984
1007301,530429.5746559907
1015551,381023.14630498376
1016195,125747.27874308902
1005123,972073.1090198363
1013182,292004.490454472
1006716,443412.5071369196
1016654,380260.65578306915
1004362,282298.2925256496
1006372,582307.9402390111
1000104,614236.0162215844
1010062,925206.5967309112
1005908,487481.3265006611
1003091,287021.71144484077
1000073,422853.4177464996
1012329,343588.06840962934
1002604,452264.5403802847
1010743,244893.39573306768
1003872,495695.07256256166
1010156,609378.3092727622
1011862,272242.0310473854
1009211,458065.26599588926
1003692,233652.2798848861
1008230,260607.41754903857
1014288,498242.7958370217
1016857,422932.6439533667
1000999,347694.18317531113
1008877,933009.3161001474
1002640,328894.4987300961
1015118,749665.3449406688
1009739,395614.9222698555
1000936,470292.06500926026
1011074,391485.9050747037
1005667,378358.06085871084
1016209,279201.9508802057
1013198,770166.6313199227
1012539,720361.5155756555
1001379,355780.34156341077
1001290,293530.61902572715
1014847,401256.74723650125
1014230,561015.4876953767
1010820,1078994.1085387352
1014233,947305.8961534752
1008453,566229.3356340391
1017412,417079.7478099041
1012271,1081993.092519096
1011844,583851.0053933611
1010050,586669.6511602394
1013580,411323.9195253635
1004531,405989.05434882914
1009554,941041.2646312234
1001357,371367.6186868269
1005545,353071.16518705984
1008395,426820.4409237578
1002302,567028.7066663315
1002546,787033.9010121694
1006444,206109.11659897718
1010648,393782.0627192073
1001527,405212.9673960421
1006905,592949.4324316239
1016368,359829.7871222551
1000322,627758.4125888224
1010163,276573.00345021003
1016425,392978.0216006397
1000379,498680.3943599355
1011872,358091.1826913308
1011124,322708.4346642121
1015627,474157.8932094929
1010505,414181.53336880857
1016662,567157.2275956233
1011223,524948.1693019157
1009792,241290.41522905458
1006073,552709.6303590883
1003568,458341.2899469731
1002386,262707.742393026
1006690,153410.16691746877
1007986,246928.8004699125
1003857,813161.9258699283
1002217,529406.0705274813
1012343,470747.5754769675
1000652,425994.53474830266
1015521,578689.8108951604
1015964,648515.2482769088
1009206,494011.0057605883
1010365,980961.6841428527
1011982,411972.7359370134
1004940,509883.52852667705
1017580,458672.7685242392
1010488,399587.8014400413
1007080,268824.01238368975
1017489,547067.7531845062
1013959,426664.3844574271
1011160,445645.20383321814
1008836,708561.2076763435
1001609,621744.8331637271
1010607,614587.4937418146
1013979,659535.6060704138
1005004,581674.190063034
1001877,405371.2176023127
1009898,325705.2108823403
1001974,677164.2592627838
1010596,408855.02495306585
1007151,340339.1028452549
1009570,550172.2174255329
1006656,433536.0055676475
1013923,256065.95479972396
1006832,588676.0812373441
1001610,853367.2999712136
1006033,199784.48059808093
1016471,688607.4000401902
1016460,415388.0669825197
1000134,531361.5162221143
1016655,349433.5154207751
1002874,718214.0361476016
1017090,393264.7325525507
1004582,428993.5266690694
1006049,495212.1628547394
1003571,333895.2427514358
1012557,459531.7839371118
1000894,1383089.5857659394
1001460,762185.8630371664
1001393,459256.27720958216
1016960,288639.79079056886
1013146,266948.9644920839
1004672,423134.2816716242
1013096,259469.12535319207
1001077,599702.6005805345
1003667,431276.19653324253
1008964,197485.2936577231
1016399,367780.2521279728
1010274,366741.8458397084
1009285,360206.63867107645
1016541,264226.42911757244
1014742,705311.1441614476
1014761,516639.0936061
1016555,351780.51986978314
1008761,573222.5589857495
1004309,566268.7154200302
1009412,465042.8887226698
1013348,432032.98326482245
1013616,922439.6672329477
1007742,516436.8410322269
1009503,380794.8003717881
1002694,257740.36748916403
1016131,684037.8815266859
1003236,524072.2255946529
1004540,370418.7989050019
1013116,436938.9848637388
1006209,522069.58828975476
1001371,399906.144694269
1012008,213523.69844754602
1007921,327323.84800269245
1005436,244068.51209307526
1013983,569588.0621098852
1014822,623424.7997285669
1015967,485148.2902128802
1005432,655010.3052140704
1006329,363593.2928859933
1008689,593344.4575635385
1013231,534011.9364946567
1004066,457446.2234608259
1002381,480551.493183602
1001705,422018.24877496914
1007546,361514.08280512807
1007446,775465.560734765
1012883,466429.21604048565
1014725,332662.9474608776
1002868,619286.3418543547
1015856,851781.478840256
1001233,420960.87945335935
1016304,375563.4204102556
1015530,309983.83255457296
1006928,313268.7835412843
1006568,411954.2265741821
1011764,448886.75210733456
1007203,527634.3836188564
1013756,382641.27497276285
1010482,338117.6435625651
1014277,251199.85550564405
1006815,487941.2460002877
1010468,394858.006365797
1015252,779091.1638610119
1012956,398684.28962383297
1006162,361992.6038233036
1008873,369830.3136939634
1001715,201468.61260358166
1014601,328131.51549535705
1013335,538168.6462456641
1002541,512712.4153173598
1005930,563513.4538030174
1000589,284506.7484064401
1012395,605395.3318815622
1005566,708462.677462554
1014461,1093150.5367427045
1010127,769367.374246747
1003122,494166.62580938294
1001668,725519.9879017699
1001985,741885.7625925052
1007740,273180.6797580918
1014821,542459.8102734208
1016079,384820.0610332921
1017576,532225.3296175906
1008692,385633.887671025
1008331,610145.5344988428
1016661,281654.0980987413
1005049,385483.0973447158
1005370,507236.8597958993
1017542,225457.25029489407
1014862,320569.2773730026
1010374,602438.4020981713
1009075,506683.00023530715
1013589,577613.0200942009
1002596,458001.725049309
1003632,370303.0478053036
1005479,435803.7885897817
1010235,440604.5236451986
1012354,312624.44814732444
1006550,427449.6256853583
1002622,282284.10230162705
1000507,247489.18214245618
1001726,342299.48155717546
1003651,456112.4887288938
1013197,677824.9471562705
1001850,267413.24350718764
1003376,693635.8117739308
1002988,367362.8791952029
1014013,330724.9243991523
1005601,465901.8761258087
1013060,463564.4510345622
1016240,362495.6968418804
1013595,832983.5072600523
1017503,595030.7705336865
1015461,262256.7229456907
1008749,329511.6562284722
1012686,311863.84750879597
1010550,419225.79234202334
1002277,248805.62533809908
1014012,319742.12111220905
1008772,252092.98080335886
1012461,496175.1850037262
1016171,743788.2459653105
1008394,410292.09997314255
1014391,377262.7419064066
1017598,281079.53946156893
1013575,674016.232639699
1017603,563595.310524393
1003756,1067221.358573042
1011545,220418.50855716763
1017517,456586.03634431
1009139,775404.7526615083
1006652,363902.25676362496
1016344,275341.24558491266
1006916,205733.24907683258
1016020,188365.11266743022
1010530,337551.79246414464
1009815,348111.9053321129
1015349,547175.2852088643
1006974,382453.58495958336
1005651,568615.4339860548
1001754,428870.3683178641
1010476,460649.78954071336
1003628,497280.79425275675
1007244,710962.2510177591
1005189,588342.535764075
1007950,564692.0259969103
1013298,551371.4362697994
1012362,415826.9879750061
1015449,510968.47637234355
1001112,520029.8355424987
1011886,363399.06675852684
1012072,415770.9504978969
1010495,311446.0837329434
1008502,788335.3357757273
1000925,497874.7021780755
1002531,376432.4977208913
1001377,287019.4130171723
1011183,562249.427308545
1009283,317648.29325497255
1003367,272976.6494983362
1017571,853494.539888236
1004230,246968.90288175
1012491,894566.1725990778
1017093,306744.20437589154
1000996,678024.9892020316
1007427,522632.86271958664
1010203,991564.4000566
1015807,523500.4925613249
1002361,465273.95201425283
1014186,416216.0464210179
1007697,614036.8769864552
1000214,381517.7350304109
1009378,344460.4880425047
1017243,468563.5104670072
1000254,205598.80945708803
1016106,1073452.5078085177
1001923,1398111.4260596442
1005041,467508.78292970976
1015207,505072.9383722135
1002685,788561.3035652079
1012941,612170.4861525747
1001207,552490.4692517956
1015562,432087.7944432398
1002429,325179.3226140119
1017104,600412.6286044623
1005086,355469.676409735
1012291,595049.4198428787
1014056,176230.81936076947
1015158,778875.2224825524
1014296,434700.64802056045
1012046,511548.3857063523
1003011,187329.10239397996
1014244,792143.8392321466
1013309,421148.1208310423
1001966,268232.14344186214
1011245,996571.3986211058
1004967,608563.5643551009
1008086,461664.0126310538
1008051,467965.7986386106
1003099,696660.64208104
1005149,443376.6589561389
1011054,241751.85029637598
1016050,333099.0958120142
1014891,349425.73515112913
1002291,615484.618007972
1011241,343029.3199390889
1017044,446853.16010242235
1016739,232085.90619723304
1014336,695894.8079451987
1013636,417638.99574328517
1005992,575490.6230548111
1007628,725495.971470391
1004177,695303.1873684665
1005814,702000.5925222975
1002639,401774.6072504759
1007408,601486.8097120379
1002635,640638.6698441585
1008678,382892.06501862267
1006163,437439.8849361421
1016516,353983.14768252877
1000515,532811.5696708505
1016332,385165.5910979293
1011890,413822.03733790386
1002524,503974.8500604929
1007577,576693.9522911521
1004871,378312.1360830365
1005147,457532.2722436524
1007197,649032.5382861994
1004936,511694.8579617244
1002939,268469.7449155669
1011877,431053.0734500988
1012870,312608.2268694549
1016258,716144.3911308754
1013479,337400.4505840785
1005220,266120.0129677759
1003167,428717.6972242351
1011132,922984.298013063
1000340,643224.262722291
1004646,475658.2803352905
1012243,965576.3372335166
1017384,716113.8541933605
1011733,359733.30944871804
1008282,381879.73241190094
1009522,471665.0253271895
1007103,562611.831184034
1016420,759267.9255397377
1007396,683972.875901245
1015745,324127.5880337395
1013628,543342.6497300825
1015214,486028.1606311537
1017186,575243.711214956
1004008,460055.70361325855
1008811,547509.7341738809
1008490,412914.60082940065
1011483,242127.9167836035
1007711,290390.18754301895
1012781,762688.1512052414
1014108,216002.31859447315
1014830,356184.5005799948
1001781,832238.2428105
1002103,132714.58865080454
1014866,669550.2136101783
1014994,306462.28219519625
1016727,325127.57630563504
1017019,250496.76372025843
1012825,387174.92753184383
1009360,780282.7037851418
1012696,444376.8183261797
1002855,383528.35962140514
1010714,506014.95130018744
1014189,490250.07001946046
1012222,690849.734784589
1007440,718647.268867219
1012636,403065.8978573399
1014424,474942.2766842284
1007062,337429.0664099248
1000911,456925.3279663456
1017550,429442.218163782
1014788,795323.1855066599
1007480,821948.4859364452
1006619,406123.56876279955
1000888,520334.63758355274
1008977,199835.79149544187
1006470,472121.0358737654
1013244,528025.6961697811
1016713,259080.62846322454
1002490,473837.35904944094
1001507,278208.4944899757
1009812,222220.08675912058
1002778,304375.3756918089
1012084,604690.793528191
1010477,744395.0687121865
1016618,395886.19616023224
1006608,769471.5146446765
1012448,429748.12326123443
1002022,399489.1240957805
1011554,799389.192973404
1015033,458094.4430775746
1012906,576646.3819617372
1001293,288083.6352956126
1001948,439735.16742753837
1016275,365594.5989481281
1001175,556430.044858963
1013271,755461.0273357015
1013576,555209.6192298222
1001270,484712.7128352108
1017508,972906.6324448194
1005637,421070.68222065177
1012484,400405.30879693985
1002452,1111699.3010663863
1006351,742594.9381349027
1012884,624076.815716166
1001814,428558.57563922467
1016847,501440.8018961644
1011928,392855.279298748
1003473,263993.60460737284
1014579,1219946.4999001848
1000228,251461.84358568033
1006283,363242.406445013
1008128,466783.79359117796
1011948,431055.69930822484
1006601,577239.688752179
1015831,369764.8614505604
1017492,502342.863194444
1016179,363030.6738956911
1015273,535262.8906493076
1000962,808748.1706796556
1008548,374392.8555770745
1017197,384280.19032425166
1001000,284506.078573874
1011002,450141.5001358185
1008039,341657.5556967991
1014085,224722.82317739094
1002269,632508.5326446219
1006744,520194.4712947289
1006508,531566.975691649
1000172,399178.8650816887
1015049,529154.7051271903
1005648,667480.5136671305
1012333,741396.948036923
1010167,647508.684659832
1009647,1228134.8321727903
1009752,473565.5470806153
1003045,295620.350635554
1005593,830876.9122738048
1010854,421411.5275996914
1004157,208832.52502513852
1013681,553927.5764765427
1017336,364903.3006893619
1001173,233832.92777259075
1009179,414014.2155843936
1017155,540467.4826699743
1000334,408411.7712919962
1005621,668760.3949433076
1000399,533639.0168753004
1006965,376814.9710246096
1000789,718852.8656466022
1012633,719106.7781458152
1010445,536633.0098748751
1004521,795966.6858514777
1007543,240441.11883072258
1009923,389109.3374966136
1014962,314090.96993795136
1014836,917735.9616992878
1004748,529543.2564340075
1009551,736412.3141673986
1010253,270210.96432111517
1007016,340253.0386957476
1010546,460660.0517515783
1011232,525711.570658003
1009579,406115.9012269426
1011233,590857.0591385489
1002275,444169.16944261116
1009208,436820.35333304823
1013943,271943.0850387669
1017589,521303.5950127402
1012832,395005.92539315793
1016496,1179156.0542181088
1016672,872334.7002220608
1014508,392783.3528852237
1004303,407581.85439417855
1009471,286075.09961183293
1005522,370073.4791729415
1014979,343428.04032242484
1007172,226829.60909704174
1010496,656554.6142916153
1016563,702504.6589102851
1003995,268583.51296030334
1003197,303399.5573438684
1000880,260136.0661169541
1010465,561960.9233916238
1002044,651226.6003340223
1015785,378434.0390898413
1001333,373802.125950492
1003254,317743.6582007983
1014735,339534.8076973755
1014771,625455.6740310757
1005883,274209.88096082443
1000504,472641.72822485655
1008715,583472.8451566071
1015087,439091.08311833715
1008542,254591.4778186789
1007630,388722.2489226933
1001237,772836.0363063548
1008197,539458.4658711099
1004391,520378.2529701045
1005384,395496.4081773412
1014451,399297.3913573592
1002193,348499.0140966181
1010194,633812.0044319504
1007886,987256.4497096691
1012631,606953.5976522625
1013398,806039.8143283998
1015140,202975.54968689583
1000356,298622.5687331451
1016286,354034.2859288932
1010238,161343.3333259656
1003063,658164.6388357974
1012613,819594.1113785254
1016726,408406.4510189474
1011277,431194.1942772087
1002928,608812.9251499476
1008551,287371.57543085073
1000036,661721.1127984623
1005118,569844.1796229971
1014088,505694.90051650594
1012050,805216.51092947
1013928,386893.64938129234
1000848,610457.4813810863
1004478,541837.69759088
1015166,608476.6308964827
1013336,1019590.3155171864
1011428,416195.4963543553
1008223,201145.68495655333
1015787,347586.8025290719
1003977,431608.43686930713
1008596,525061.3130314111
1006159,434576.15247524227
1011849,1141514.9065247325
1003100,672887.3837718297
1003700,504564.7954885707
1003937,591147.581826804
1014352,709009.6530995051
1000223,341318.1901027062
1014271,870093.8922542079
1009567,984856.7241652218
1010449,295102.97055827506
1007554,649098.0125434624
1011612,368280.6888074057
1013064,582341.2532597595
1015154,854044.7538850766
1013032,577762.2694199877
1011466,456349.33597426995
1000709,270458.44702925254
1014762,433467.60686905205
1011252,370471.7667311815
1005094,332122.92920000316
1007884,354934.79608302854
1007164,543894.5733664903
1013355,266043.1953200555
1001457,646668.0222660823
1017397,221037.96754190908
1015328,607908.4891816918
1004123,211996.37491494318
1014274,1150045.5117172764
1002784,280042.790346268
1015200,414686.80336208874
1007569,357666.2128995196
1014527,335244.3450809644
1000737,779425.8681443804
1010433,150897.98359889037
1010522,364685.09650941857
1014070,458438.8818434978
1011681,542947.1970006392
1004390,267351.5010127389
1015333,804137.4681502773
1011516,719924.581749699
1010824,358919.5277770806
1012248,434095.7428251286
1002935,476392.93100858084
1010766,601533.8463261338
1001926,312626.9075535192
1016055,312626.9075535192
1010703,167490.120941575
1002987,792321.7372078153
1014616,438468.08218156645
1014329,381756.34199440427
1014017,465578.4268179125
1008050,507978.1509736923
1000212,540611.6518230691
1008845,470331.94872583245
1007066,456693.41248393303
1009295,570294.7845877414
1012962,848191.1835365251
1003328,447646.1240843412
1008807,535981.6227333797
1012105,605976.7508974372
1013778,392402.34130694665
1005539,652924.8091417648
1013873,321797.68740978366
1001719,382226.2807446563
1015972,288557.36953565595
1003303,401460.9765933209
1006527,521575.9381241687
1010741,500294.72446229385
1014734,333910.00366365205
1000919,370623.1985495751
1003478,773792.6353853926
1016213,510183.1575227758
1007327,505359.0062912596
1001386,598184.8106093544
1011229,238266.61477719713
1013688,726644.6531167293
1005237,158001.2108088993
1013924,281732.233383464
1005813,544203.0376890044
1011095,755759.936368684
1016058,414933.2095255083
1014723,181395.62987957706
1016411,254739.16734263615
1015625,394939.47367051756
1015163,1599209.522784712
1006337,449510.3810812846
1009247,618671.5367709371
1006747,777132.953035064
1003817,976917.3877308829
1002316,579704.5534390954
1005807,258941.2902965787
1015722,508152.22750197345
1000088,518954.0559274703
1001033,393470.06508921605
1016503,429855.9440074165
1007600,375798.0698080215
1010491,512921.7131581468
1012001,339701.07437494706
1012152,377944.59157855145
1010932,497376.0310959342
1010717,424917.6198530917
1006456,258517.62828671493
1011885,453688.0075643788
1010206,393535.51659504906
1004174,513114.68779703137
1011728,258199.16985757943
1009711,342585.0786109687
1002867,371078.3645764194
1011621,839319.0578271957
1016641,519893.0915619989
1001592,334168.7413577425
1016789,465874.6174084153
1005825,1012990.7917847151
1011664,488494.9731789623
1015042,359028.51042791817
1010538,147420.85092301117
1005909,727173.6207915266
1016995,471412.4678836553
1014198,254647.76369516598
1003257,373094.88878039265
1008598,479136.99486359494
1008100,458295.319504347
1016889,319982.7270558948
1008987,519570.27009981166
1003088,296809.5982983649
1009773,559162.7953051053
1005423,400359.9123269639
1016648,543217.5186260518
1007863,516899.71131094
1006278,301099.7457041333
1009566,432974.3672809778
1008580,461938.9398195106
1017259,309756.22238212085
1005540,214959.02914308064
1002055,599806.966342536
1004223,491707.89169975143
1016977,221655.71572970136
1003317,585933.1755142335
1012052,122339.04481733864
1004819,402926.89392291795
1003757,626051.3425002664
1010115,471149.48517603596
1001791,1081971.658463851
1000468,321495.7962354389
1001104,343745.5528757327
1000002,471545.2414350616
1017438,499198.76953792205
1003409,694219.4670189049
1006806,309948.98368282407
1010059,646099.3199755232
1007036,268899.2853263212
1002719,449595.83245361043
1007612,526926.055698889
1012221,332362.56333526975
1001874,337484.59734472324
1017153,435731.46000411874
1004377,689100.1953718616
1005077,647329.4541848265
1013285,554134.4240082577
1006117,247038.80294736638
1001168,573459.8972390672
1001799,390093.90909155284
1012549,806206.0377342817
1008162,567945.832383869
1002751,494965.11512315454
1017213,660040.0365623063
1001471,339066.8057758183
1003618,443241.31766721915
1008837,580387.2932230433
1009069,401349.6204363099
1011943,446074.46983041096
1009514,815256.3770160662
1012039,758645.4222252455
1003240,472777.0706556384
1015458,442813.6629134573
1001840,666193.3798474239
1004332,551041.9709661666
1011086,191001.83756369463
1002758,447590.5241916054
1002865,369142.6554506659
1016049,282051.9321563041
1003068,884229.8679824523
1004613,473984.37902442686
1011547,449744.063471883
1015176,538141.9589131234
1001637,194580.855474473
1003902,252544.88216917412
1009509,284450.3750439499
1001572,232278.94959808726
1003707,399167.54526077653
1002208,222492.95282281932
1009705,417746.3544742151
1010826,328645.34944549383
1005766,763562.4103575419
1001901,355197.165886273
1017578,526019.4035464012
1012276,412161.1244863604
1002252,198301.10393762295
1005058,351983.75675098127
1016874,581554.4636873082
1001252,556722.9363783014
1011952,404895.80879862065
1017066,387480.60095913993
1002066,564877.2610177004
1008572,447370.7568302029
1003608,437846.5411860709
1006087,498966.1371993692
1009609,444151.8155749169
1010379,563323.1601433327
1009110,960750.6332034977
1008714,252763.70914916103
1008527,455967.85062703484
1014631,467821.17769631965
1003821,522046.07946687395
1008728,378859.1111119769
1009227,350644.26724213274
1008615,357985.362715782
1007691,733893.2307981724
1006631,150553.8907306993
1011485,580930.7024014309
1001380,277961.5290140194
1003029,350703.3567695415
1015861,650690.6605623112
1009897,483570.0684150988
1003680,591618.7826074474
1011709,456329.89712400397
1016957,380222.8290716528
1000708,517072.3227257098
1003999,528357.3209742546
1016779,873943.3998079448
1012042,725927.6201519924
1010091,267218.64410636586
1012840,449818.14285991783
1005710,609079.3713979528
1017236,340647.1538226492
1002153,434970.77145326516
1014493,854959.7716046846
1008703,485010.5863868931
1012824,303307.92879013275
1003459,235099.73232543375
1013342,491617.6327236628
1004549,471835.3214628414
1007131,534422.7915248855
1006005,344627.69151104445
1007265,522759.4190874894
1012284,691191.6137854286
1013854,525123.4633808879
1016283,617471.6785509014
1003494,604104.487823094
1000870,733030.0510921201
1003278,387627.0296482641
1006860,553415.5098909235
1011723,267104.0378950601
1000491,469044.7205986986
1001219,151022.93998502355
1007486,746318.0497620909
1011179,445641.90062521055
1006217,458571.37225383095
1012109,696905.8019263849
1002141,330485.24126045185
1002255,303817.83594966825
1004440,891139.8308864359
1008492,267534.7989259309
1008311,407069.8915079415
1004004,490766.29702681047
1011191,521432.3907121681
1006262,713988.8212695132
1010769,355992.1904163794
1006964,625904.9016734923
1016930,467524.49042973283
1002322,673021.1212576106
1008468,157017.38157132082
1001790,381535.6236911594
1006907,221529.14564155543
1004901,422210.8867651576
1014160,689421.109299965
1005162,336873.3098821491
1009353,443159.6825353794
1010822,304628.13272015954
1009639,381669.95948043634
1002474,401182.69990779617
1008768,426040.40199165064
1002756,399025.6386126868
1015857,210002.35544064053
1015838,641425.5800084915
1013718,436797.93144575926
1010436,490389.97935745295
1001944,848527.1494058975
1015267,662336.7401327442
1015777,417017.63158455666
1000098,674957.9930089004
1009676,347778.7333214661
1011715,137491.84404670104
1001081,771906.9309532046
1014374,230426.4378053156
1008068,474494.0151885521
1002502,553825.05161388
1004202,700158.2550867323
1004380,743927.1615548986
1017105,417174.45824074757
1014898,436141.6906167804
1017286,450089.3981568143
1001135,551791.0148771915
1001958,523694.4996767266
1013127,627398.1793049779
1011011,382994.71762090834
1004161,442032.34602527483
1016757,725794.6325861888
1007109,468807.75851388264
1014486,968785.5323363491
1012154,656022.901117201
1007349,396655.0352624701
1000317,508279.8118395917
1006450,423447.90940734686
1000885,299247.7151017594
1003343,413233.19523421803
1011889,497168.6726059331
1007376,285064.6861619203
1004113,1355322.2784228812
1009810,829093.6754754834
1012341,502965.6397423901
1003621,516358.6461095168
1002159,379846.69217944547
1008937,617922.2484304612
1010524,886695.5223842844
1016239,428972.98055098945
1004715,375548.85237074294
1004373,302347.53430069884
1005371,457373.6522256729
1014540,424286.88044621045
1016897,334531.514967252
1002016,363711.7451698403
1011868,315316.4995911376
1002529,423811.84485178924
1007550,488909.74294040614
1015052,555147.9531284389
1011497,444115.71415407246
1006906,349550.920711556
1005449,555534.8167989316
1013557,529441.9484800664
1016257,579170.2431130183
1012517,444603.1748587243
1009832,423651.5757703947
1011017,347744.55359247635
1012598,391722.09595916927
1017253,299797.9023100266
1008601,436960.4522629852
1002261,390866.2381003404
1007699,466108.7508871974
1008791,1186795.8029228577
1005489,508884.580865542
1013633,246890.8098732077
1012878,487704.6004421437
1006511,316109.7680176543
1002500,473331.27820333705
1001053,261857.9166320672
1012726,540472.995071662
1000658,579850.8483256127
1013834,803980.5170669545
1010548,542572.3990232352
1006844,287490.23623187223
1016990,665549.8396849677
1003725,325014.1572254239
1011678,690772.0777529423
1002073,301550.66833804373
1011993,322980.9296883758
1011791,526038.0440721025
1000684,449610.6919295854
1004128,777868.4364362424
1003895,579155.134294485
1010628,609478.898902467
1006232,916382.919518912
1008858,177206.20242772342
1014342,997249.5026982719
1015800,341815.28028746817
1006249,446835.43279266806
1002253,407078.38377518946
1016415,398318.9409869417
1009807,385589.3412902304
1000217,381602.3996329145
1014880,347662.98544063617
1007587,243670.95357751532
1008475,363974.6124371753
1013102,570952.2648438596
1011131,291264.8700642369
1016030,417935.51498376054
1004386,320271.75647932047
1009960,485287.8396893278
1005529,817520.6061542718
1006741,608464.5918325529
1017451,452504.73163901136
1013393,456824.9060212833
1002889,756421.9605287741
1002707,479855.57522170315
1005081,606510.7111271501
1014671,520348.9966306511
1003831,506069.8710967722
1002398,378881.17032785976
1014934,735499.8312067578
1001638,948152.2233107612
1011423,640434.1393289615
1007015,898782.3125684411
1015769,451214.74475395936
1009829,384395.15077314276
1006346,336555.2297431239
1008785,563573.5980662601
1010801,616670.6212280021
1008277,554267.5586537087
1014947,459695.93177395
1001903,457057.2492253597
1010172,252600.50386899078
1005664,710678.8595973647
1001268,834650.6651725544
1001853,602498.1125509426
1008674,632356.0221633492
1014435,513259.57499667717
1003188,582002.401212649
1016556,279360.93254816864
1001956,268364.2494232619
1006821,506300.70514445245
1000998,697425.2678035791
1013233,459734.94179641176
1006653,385004.36393806594
1013004,597594.8570291235
1006591,340565.9058971011
1004083,401133.12450813357
1014358,549604.3546945051
1016838,517569.1859906041
1017564,270857.7092566988
1016053,271570.1511901472
1009737,471614.3504719968
1010808,269297.4102428273
1001811,302966.9182572214
1009754,692605.7539726682
1010867,290864.9583837146
1009130,447498.2059695048
1016818,426237.6483949669
1000313,643172.5644663773
1001409,461920.24848944636
1007451,470617.0749585175
1013378,447654.6173699218
1013223,317961.24462482467
1009951,487158.66874132614
1006459,425749.1848737977
1015394,561322.8161822936
1002295,392435.77679214167
1015871,272360.5192216377
1013837,340412.3076469422
1011661,348505.1807625695
1012300,628141.1169839044
1006871,915685.1316000818
1001098,842254.4033769702
1005420,450967.71882786957
1012861,366738.2493046285
1011177,301566.50688767445
1007083,576152.7900710893
1004550,439571.8449478199
1007900,283341.42368749337
1003795,596073.2302346461
1007438,430283.0260318393
1016177,865842.2273004048
1011155,529504.397246608
1012258,343247.0185357026
1007470,698479.2284727412
1008166,507535.2796984512
1010290,317420.3305940754
1011619,430438.20022211276
1006795,564945.8891246619
1012334,437231.3848014687
1012977,437998.6259838141
1006654,433849.76542186085
1005376,483234.7455547188
1006443,257503.88943847935
1008078,266783.4563758296
1000387,508868.4186501424
1014257,685735.8874908931
1010839,481641.1817663818
1005404,651158.0285462529
1013392,281808.08937949326
1006503,624415.2063366633
1008330,520954.41456392384
1007381,435045.88654450193
1005350,491546.38167473645
1013741,448075.4498804704
1013217,417282.05460412847
1004447,518605.22135378595
1003522,511790.0276276783
1015826,842485.3886143417
1008118,489803.08841561264
1007106,403522.2572519635
1013013,407510.7125471344
1004524,486462.8733963458
1016083,265942.3154392545
1011438,388727.41987919505
1013011,122669.9135071403
1009796,464228.55284646
1012379,247546.75883081948
1015260,574870.7192425289
1013990,370255.105356572
1003132,808181.6482964251
1004030,684206.150772442
1016575,737632.2462342144
1012189,967193.8069533301
1006554,382914.31164142815
1001626,703683.2733691072
1007891,367858.1960565296
1013319,656817.5650183337
1016459,831614.8572634143
1002308,326553.5767139389
1004950,558960.444215065
1005521,494661.0591044677
1000895,325483.8484252235
1006501,565207.6818211087
1002645,411910.2613415986
1009037,779147.756853598
1008483,597581.8388326233
1015768,189826.91338144458
1015457,188411.32881307983
1004029,1037224.4556645035
1015905,539902.8050535357
1002313,642795.2637588466
1001118,823911.860594882
1015225,157111.2500211097
1004269,566824.2616319146
1004652,400048.4215874198
1011721,609994.6427226544
1014205,673973.019493488
1006397,220149.26084802745
1013284,396357.2702561217
1010571,483510.67672481673
1013118,342193.4838371057
1005321,714681.7830359994
1017283,470150.53221130243
1003730,298353.66323347075
1013373,489882.2967771685
1014826,487889.3024169107
1001964,1064336.9771714043
1017513,486575.20545746305
1004825,456922.21359505795
1011571,249279.01998287323
1005312,505939.4869846193
1017339,811343.2079086034
1013545,709786.6576315319
1008341,480347.4958202016
1010946,389943.0695100089
1005279,484898.9885836389
1012438,725759.6580264473
1008367,349289.5823150054
1003677,563744.8143372877
1017270,409728.399473406
1007968,540833.4011897027
1016430,491549.93386615795
1010536,544611.4527659325
1000799,431784.9186139543
1017565,700141.6054998473
1010841,655087.6153059435
1003916,394273.7472999699
1015750,716373.4811128946
1012282,225065.21242778827
1010099,458739.8959570692
1000204,696932.2844663628
1008280,544189.8070941321
1015815,454934.80502215715
1017276,548877.6627420533
1003427,331625.97937686014
1004944,398177.66269480844
1004954,745484.3613682556
1015653,413608.448052015
1002329,530311.066280794
1014065,626410.6403845228
1017302,319762.1185369236
1015966,186522.76459906268
1006566,776772.1433348035
1005631,460927.9577592574
1007783,555635.5220735645
1004947,480643.79691557767
1016380,240386.50684186362
1004539,684504.6014448958
1002631,616210.6911591515
1012372,447020.61791763845
1002677,618461.3181872807
1009447,365149.667109801
1014935,1042786.0277541304
1006572,396900.71213352814
1011422,323380.3462982422
1015499,446242.40108605876
1009714,407182.71179736726
1005067,517767.656154472
1008922,193657.22776924842
1003612,475696.9875211028
1011927,489540.8957576665
1004012,439344.8624333493
1015116,381073.5424895637
1001256,667380.8714366105
1012142,218411.8287172945
1016609,413440.2371806514
1012076,337739.689548747
1015781,565260.3073485596
1003516,243784.57125371386
1014392,201402.435969756
1008659,229247.6778260413
1004476,710914.9352211913
1012738,636908.0598789931
1002189,894517.9244484294
1012801,292286.076817886
1012600,446946.98024129384
1016798,449360.79896263283
1010019,342870.67975833436
1005374,765398.4821091462
1014335,449596.38057327195
1006048,500125.17703708436
1002704,337485.0605135295
1001287,284666.92770949134
1009459,314336.0280525765
1011622,604799.6614452642
1002354,661404.8621719275
1011637,322411.988650393
1003708,510268.2935844123
1007500,253033.89848649318
1002536,423491.05294993246
1011784,510088.0837644517
1016165,404381.1181755675
1012160,232952.35780675383
1017355,387056.04677103076
1014987,541618.4121228339
1005739,344993.6712113686
1005569,301363.5461541149
1010302,378212.1610440342
1004517,501783.35848923906
1000050,560508.2083907508
1003545,381020.93564736494
1014558,450859.5470230798
1000565,399529.9738292269
1014757,318867.2851477559
1008245,917813.933259888
1015423,299824.72576284764
1002026,411456.07184771926
1001523,258323.5233238981
1000904,615780.9385601854
1011520,101296.08739825388
1003972,769074.6680008232
1004887,510602.2864241159
1008657,212833.01462528878
1013009,481371.680476827
1001730,158913.63245948014
1009659,681357.1466075744
1006100,233815.6462741577
1005054,313322.4706166285
1004315,444604.01445540733
1012265,369608.7817037277
1007893,565859.6093369423
1004731,473734.9379400333
1011630,310051.91211021016
1014509,644942.003268029
1003076,374798.023465191
1005194,281146.75787667034
1012863,620247.684949545
1014268,834452.8060913826
1010552,317913.33955416176
1017240,492526.0146962405
1007255,290254.17234256666
1012644,712661.2175838427
1000436,466578.22739947675
1003310,990866.401743728
1003735,423029.1779655631
1006104,654154.7483681265
1015760,309114.6719427818
1013395,588477.239890575
1015951,382288.9778017518
1001779,587620.1069072306
1002804,267914.8557526526
1013569,382461.00516274374
1001215,788326.4170509386
1003690,435223.8477002269
1002699,465226.3220273885
1011430,770763.4331436448
1008740,732232.5096843257
1009591,535426.1172042858
1012188,561644.0716506623
1011194,740386.4705178782
1006682,226708.7965876521
1006344,354857.2718373164
1008734,704870.52966319
1008092,234067.1627657316
1015702,547430.1918603624
1012776,196502.92427018215
1000791,347203.12235405424
1007370,582567.9347163682
1007775,474000.6049588023
1009134,1378656.3097993159
1004236,584008.6454967675
1003171,242505.17917791448
1008642,641393.4254546663
1008896,635794.108611714
1006590,419954.1263550238
1008438,457920.18466755445
1005748,344171.4025382567
1006762,428144.15192827326
1001558,576901.124655731
1000369,277272.88470200164
1008872,699135.8372369277
1007969,379910.3597626703
1016419,760725.5446856745
1006600,252988.17535700803
1001858,577071.7562039142
1005654,523457.2034574453
1000208,794170.4630230403
1014615,433405.20883356495
1007927,459468.57146726124
1006405,478226.559128465
1010889,273602.01410460495
1014926,522105.9941322777
1001541,675801.3762485932
1011410,730835.2168207034
1007375,469218.81097070564
1006799,806551.9263457368
1009949,833773.2729232335
1003951,663205.5847467486
1015501,198676.7958391092
1002974,456780.1372754656
1010551,748091.7422193604
1002091,427332.96479085064
1006267,624209.577017308
1009328,544478.693722349
1000089,773664.632994042
1004763,645329.2309266712
1011152,345409.10411998734
1016686,419653.14025381114
1008620,458221.9523301634
1005007,586668.032471879
1005303,383752.06846297125
1008943,360780.6379492461
1015798,651847.1464817534
1014211,489011.04549852735
1017035,591368.6853131236
1005069,460680.5364337965
1003154,171673.53829004648
1011803,203567.33503170384
1016351,423771.5505223529
1016781,336645.7027967836
1010704,359124.7747722811
1015104,682859.7849087043
1004577,466168.4043016487
1006000,1011074.1249994326
1011613,248959.8829185667
1006873,395448.5635355588
1011235,926548.3599884349
1000045,386185.02535890427
1013858,473771.6357929133
1000803,327318.44530682155
1000081,1131531.2330151706
1009584,293794.4887771868
1013814,674514.2904671252
1011259,411869.567477959
1010144,614465.2436237688
1003097,326944.6555609787
1009094,681710.9011138488
1009420,736808.2247984131
1011489,511515.11828980775
1015813,415522.71793648246
1001446,338551.2273189187
1014028,818705.3334929763
1001560,550816.7423415849
1003010,846824.8748640611
1007247,489009.8952639828
1014961,821338.5918134785
1012524,628997.7000555035
1015060,337110.6345517042
1005281,522862.445539712
1000330,431566.0415137355
1010749,864511.7264888856
1017482,760695.011404407
1006937,485960.353647556
1004623,620680.3849404653
1008442,279170.1926542432
1000977,480120.07655353704
1010927,164701.3056468014
1004660,292885.4372616091
1015686,584285.3107075021
1012474,338360.54743974656
1004779,939350.533638753
1017121,626033.4023175372
1003988,609199.8568893892
1012620,474564.80581167404
1015188,314125.31599879847
1004051,323028.1101024802
1015744,432109.4353043764
1012872,289067.1964866189
1016976,660432.6492951076
1000616,458206.1259833869
1012185,670277.7369494473
1013010,1025539.1053981346
1005645,368336.67008527153
1006951,389019.65814741945
1009140,692947.0217470336
1016329,807084.500006996
1014278,580825.0880442983
1010014,368595.78190094716
1003891,629544.8968221034
1006784,470095.7089056137
1014170,900399.5139725182
1014154,416179.175849659
1012741,265188.931030586
1006225,284126.0554142567
1015172,313966.97046158777
1005314,534970.4751120855
1013174,566223.7074495206
1000827,746157.8909918318
1002544,266557.8045524733
1017132,453557.13732496015
1003684,689696.694089524
1014015,651207.1212084321
1001286,582571.7376053547
1007513,538977.584795595
1007517,383383.1133171702
1015286,542409.3606053344
1005175,608875.5461232266
1010030,462661.7519981736
1003597,196852.91673841258
1010949,531314.8871350795
1000075,964266.2827702413
1015574,566421.0154505605
1016393,929727.4148024336
1014662,448979.1028077034
1007000,405758.06481625966
1011536,401560.5996976489
1016940,505497.0092798078
1000470,521859.62570665317
1009556,547276.2447139032
1008229,435177.5261925554
1011906,726065.6171145652
1014875,453647.38718565437
1013962,588839.7979792338
1006764,263076.8138304834
1002451,766951.526678949
1000811,1091810.9109672343
1003439,343639.26397818234
1015932,198376.63257223173
1009132,333449.3313559317
1000832,316408.5930100463
1005455,283078.49917952745
1005906,302820.0267689298
1004067,470198.817893374
1013915,1003369.7288354349
1015700,415235.0105847836
1005073,710100.060813716
1015170,882541.074679531
1000553,718464.1352591956
1012978,363676.08250685106
1016814,779083.4477994905
1000285,345316.4428925664
1005928,565942.6753142136
1008695,612595.4588666857
1001320,474831.82813883113
1002611,505642.1826359865
1017377,478741.825019803
1010676,388158.4259807697
1004818,432327.2858874659
1007491,400502.5743844224
1012381,540036.7103337757
1000053,502027.97673249774
1004203,823188.0779254598
1011261,650176.2629397379
1006651,494702.82163592445
1016481,318242.85340179084
1007171,742408.284037031
1009603,431273.90893997817
1004606,563928.6352827343
1007158,467901.61394700554
1014468,599613.7640891103
1012957,490846.7981979808
1015264,301583.3118583343
1016807,339249.76270656363
1012503,509666.91267450695
1014514,198884.5218396414
1003271,413227.44080295844
1000735,353872.9129249444
1011493,225792.69239331037
1003319,969300.8652428621
1006796,362701.33694469393
1005671,195039.54555259523
1013571,669879.2525109841
1009475,621909.6951872347
1014530,454061.16530187597
1004979,400826.96583606745
1013632,422255.8395432677
1006478,280539.5619517367
1002412,288488.63382144336
1002857,602995.4705227772
1001846,522479.9013018932
1002809,528522.7027423331
1015289,300184.4271906579
1017138,292263.07922879304
1008473,408100.7435335675
1008766,214003.410133949
1010428,520405.1975279142
1006041,517945.4813244315
1013670,784599.487877368
1009010,540460.2550822393
1008107,620317.9169237704
1015571,372572.48127633816
1004626,235309.82851681398
1016765,517638.7628723594
1000778,498832.12997156195
1002710,440938.7124489377
1004538,496436.67902243935
1012427,577714.1410547468
1002838,493308.48135102144
1012095,524940.6343489308
1002899,612465.8670074957
1014729,311374.05183496437
1007112,405077.0751893418
1015586,493772.1559741021
1005812,559320.5531951463
1011302,798851.7248192847
1010294,295404.8983222531
1009076,665488.239648545
1014903,440770.38001099834
1000665,481631.3431370531
1006359,250077.5862610994
1003783,564800.3509799292
1004661,661916.611721235
1003414,286568.14350440766
1010066,239134.37857074113
1006765,484473.77505589207
1008484,581273.2391678924
1004912,567357.6563531647
1010492,428542.1844585257
1001004,570974.419103068
1015391,1271000.251964441
1003016,503132.75473120995
1008856,332780.7889084368
1003079,297164.684968411
1003458,313849.581619242
1013388,273530.5463030178
1007581,407285.69380628306
1006862,369624.0866671607
1002506,456036.05861731083
1013053,445678.03553993296
1010313,608600.4768455065
1016825,540584.0336364722
1001557,514884.5734697352
1017168,606905.2298418381
1014724,451540.72478153167
1015963,511133.9425036917
1009157,318705.992620903
1010141,112005.41263444567
1013312,307150.62803891953
1004468,356882.8898350788
1015841,481450.32285911986
1003207,453672.7821713303
1001206,390233.1485669203
1016517,853860.5738696386
1008823,528734.480168465
1015266,504603.66431034275
1005218,521521.8232531237
1012307,847724.6479850184
1008691,222406.5069931768
1002037,271559.7862701402
1004272,303182.73586292175
1012104,325789.50696966995
1006581,416387.1749612333
1001950,721939.712426071
1007152,534430.6168519022
1001525,381176.375425039
1010941,471009.2398045806
1014327,628873.4644618277
1004689,225437.5239819365
1002496,222299.99480295042
1013276,400320.05018362834
1005084,326633.02129088476
1011088,499701.36563078774
1010292,352901.1981095316
1015500,600019.6507928196
1005759,169602.68800351673
1010943,614066.0798392373
1004407,411066.7825313288
1010732,476672.04286991584
1001777,491559.6819184167
1000513,468045.3376637765
1015354,513063.0663620169
1010220,652682.7135768866
1006084,1166379.619124415
1002564,467634.9915469833
1017136,294402.20959871623
1011239,424603.64246518473
1002472,402696.38353984314
1015659,657553.1611868619
1011329,508322.54833924357
1011377,243563.0175363322
1012901,405731.9100423932
1016963,532940.0680984303
1009668,530710.5107615155
1013362,1072462.7627897197
1014719,980748.5490126245
1007990,785801.19336919
1006665,736509.7078354951
1014676,413451.7974409203
1007130,532466.3856980823
1011042,421975.03475987894
1001870,524947.8863434644
1009480,517869.49057434377
1003350,388346.615262443
1010048,387017.5190927546
1006092,343838.1810138431
1012967,487437.668215648
1003525,390699.62928893766
1011378,157644.78414553238
1000878,376469.6347355809
1001232,491475.3548017741
1011505,170145.11810759432
1015103,321969.4585198398
1012595,598119.4314896399
1012531,731777.430562777
1002826,321638.7275677842
1006730,467719.35183673404
1000901,506794.81976522045
1007033,534335.8172623207
1005078,438862.29001961066
1014452,318656.10673639463
1011332,499871.20385560516
1012053,622239.2171780504
1003175,245380.68682885595
1008404,350921.82173204626
1012374,384609.5156871366
1012617,619008.982163209
1003847,471481.28523519496
1012462,610805.2087106153
1008267,877336.207680901
1008431,340260.84956360556
1009630,440080.20687088196
1010429,367917.98858779855
1014248,515041.91429209476
1001263,786433.5435132202
1010049,110140.79355064165
1004017,299533.92676848563
1012862,252336.8267185923
1002095,748693.6438445089
1006626,653869.6530311663
1008323,591866.8344229952
1001614,333511.1889650266
1005485,807220.7932118851
1013794,510969.4680249183
1004551,333871.12490886473
1015610,554300.6421512464
1008257,382474.9946097876
1014415,346136.7038242369
1011163,571911.6849866717
1002118,528811.3310883524
1007794,426928.93076883885
1015903,598889.1857618702
1007202,542133.2392146824
1001431,360830.3740018993
1014295,371501.22101435484
1014192,636182.7099521968
1015061,430026.1617023049
1010053,499272.96554000303
1003694,724886.072496292
1017012,366223.8550453971
1007752,470128.10870662436
1000304,391647.1974525934
1005653,315461.9104085475
1010577,664330.8264144458
1014911,251881.96988600667
1009763,615105.3525924006
1000259,678456.9374239476
1001894,776127.1926570591
1003226,588442.5780911619
1016719,239334.11371694
1006343,480538.613408721
1005383,506549.2835620632
1016908,333574.82749843324
1004851,307099.4112659095
1008591,461667.8766476046
1003820,530436.4560297217
1010501,426374.4294714717
1011617,213298.06547246783
1004846,605969.1717455504
1009339,582951.2491081934
1011279,617589.4336323369
1006240,478312.689756646
1017034,697958.7853062387
1005060,466193.45993738767
1013301,668852.3931802246
1016663,408171.8985568928
1008578,434163.4725947452
1004162,452634.712992375
1006921,500561.3886213996
1013744,546383.1058605898
1016477,538236.7335731435
1007162,309420.2260157845
1005775,464383.6992108147
1015748,623816.5533808875
1011938,381329.859647106
1000034,1342439.0008907416
1015017,622465.2515867178
1016694,424556.09494447085
1015600,610042.3822180083
1006852,728509.1028915197
1006327,511289.49236395827
1015243,420673.301772801
1004605,312626.9075535192
1009359,468874.6885926176
1013018,558610.6634578393
1008370,603601.9752060539
1015399,566623.091150531
1004457,546104.9030945352
1013939,932460.814546667
1001552,293719.1061483173
1004537,660298.7528561411
1007874,720186.1315131864
1002105,1486375.2580124328
1010568,958615.1845367518
1008213,400502.9663288531
1010117,879016.1213718955
1000654,702881.595342028
1003053,515887.9382017927
1005536,569197.6235555228
1015998,420148.7714659521
1017032,554717.0387674102
1011749,584601.0901411898
1007641,407737.21374576475
1005113,425945.19531068136
1005563,260230.6960947112
1015855,384158.11247798393
1001272,499467.13800248574
1001788,280460.96587327955
1012274,391268.7465060175
1010034,622948.2946996412
1005047,238469.9442590384
1007300,346695.8293621315
1002488,466179.7404460336
1015513,519181.9243316312
1015178,743403.8481511443
1006521,319596.9447143263
1003295,388596.2784341512
1016272,383285.01229235955
1006303,337810.968595286
1004473,722740.8692013237
1011935,323013.22319993086
1007564,448418.4267300085
1013360,543554.2710027787
1000275,357790.59427024995
1000774,416394.9381267079
1011568,829135.7451581928
1006865,258423.93129462897
1000771,387383.20065411535
1007608,597129.4335320791
1000704,837937.8652823102
1013792,581205.3141199566
1009401,386840.7291873668
1008129,355656.4280993363
1016364,419598.71207842807
1014408,613170.3658750952
1001257,432925.1832565398
1004728,159785.82913789322
1008176,436287.48131837987
1015258,331571.742097004
1010537,417651.21682457585
1001423,307226.15789832454
1010667,457302.7229615061
1003674,804262.0511625685
1014068,446662.00122361386
1014535,619342.7730223982
1012790,353756.5406300993
1000224,620264.2213390215
1011697,465426.2152993272
1000321,294103.6693908177
1004126,444366.95482498617
1013201,312468.2722083065
1014513,1185388.875743771
1005143,371438.92961589707
1000800,453766.354919618
1002394,541607.0542093762
1002499,417888.3124461985
1005658,669031.1402982904
1006634,451333.1921101984
1003061,705053.7424040121
1003530,400832.7672784588
1004328,800868.0050743739
1014077,1067729.8264430356
1014337,380789.416082031
1004192,328128.13066973
1011683,271503.19980083953
1006355,461537.75944938575
1016448,355616.2782980037
1008731,576006.9730414548
1006110,314952.78469195927
1011283,463661.4989160057
1014389,397876.26400742406
1013711,498892.44619568135
1017128,440091.77533706086
1006123,524735.914347034
1013617,514529.3544925466
1008830,318514.61005812115
1013065,395522.2503028944
1005322,333790.4697141291
1005288,857981.9195599693
1011128,460461.6383769987
1007592,363398.6510981388
1006954,842418.3752379873
1005192,551048.3134716235
1002567,505550.0113159835
1002149,438759.0256141674
1000071,598859.2681171352
1000158,670227.5339956658
1011104,480119.467925557
1007724,186186.48126677558
1007566,396003.22755968163
1003709,435144.77737530606
1013621,538464.3200900742
1009257,535959.3582471361
1011973,880547.8158004405
1000585,499458.0248220165
1001634,891908.8038085209
1007246,199921.62964625107
1010506,541778.0953863994
1014437,719693.9778346113
1000798,467230.1612571353
1001622,482336.04596521956
1011203,436707.4881827747
1004883,357045.0477114826
1017343,319156.1298170606
1005938,365076.3365801751
1010993,672459.762181256
1011282,520652.2409797969
1012758,344358.64697815967
1008546,381505.54300230317
1013039,549228.9159537567
1013425,638032.7596712868
1001007,1033604.2952708984
1014151,425658.7833530532
1012193,478986.15956965025
1013731,779343.9431077201
1014467,620587.6180589772
1001427,275524.1141416608
1007460,561118.029979242
1003212,515259.63163837476
1015658,351175.7854972939
1008773,279327.47477293113
1008458,529670.6474436691
1013359,362334.244108065
1014507,309643.60549319873
1007904,606707.8992273802
1008364,459792.5469545766
1012232,528826.72915754
1005199,455475.3150113253
1010655,444943.4465306218
1002664,470059.8873595875
1004084,418667.2664649541
1010844,347831.9556622053
1012905,564720.9910903109
1002427,207421.09438715107
1015481,373325.8334966658
1017497,430135.8525149685
1017010,858298.7725999332
1007336,889955.0864085758
1015664,337452.0454792009
1008074,186709.17891881874
1005503,518398.2899874187
1010178,462949.7166391409
1016446,327602.21405904496
1001170,442136.69920302025
1001905,595298.8844001688
1001101,580916.2981740653
1009724,981148.8447998014
1000403,396865.6266287122
1006515,531500.6768674717
1017174,306201.30113043304
1016525,495333.4504828665
1016267,352623.8772239577
1016301,328831.1350966045
1001002,446539.10414829466
1015486,285351.69249334966
1009210,552354.3616807143
1006703,352081.47607673553
1006720,310364.2737663483
1016311,564844.5245568143
1004853,398297.08849205973
1003747,471048.26401323476
1004274,708808.1181461018
1000711,265533.32929605845
1007777,495846.9245066834
1015454,1049502.7806560618
1011644,496180.10906951234
1001815,839085.0903044026
1003753,822952.4358630576
1015297,401581.16933063697
1004285,466388.98377491324
1010301,133552.79594361706
1015088,546895.2516560338
1007619,718412.1406000747
1011044,477579.95865556947
1009106,714153.5344926112
1005323,423233.93956853397
1015828,339507.2469704024
1005075,299791.36297951534
1000749,452085.8199372737
1005947,545552.0119752568
1002900,513646.6036088764
1012544,205926.14575918065
1009092,362253.68825771305
1006912,343691.2481564027
1012330,582115.4844200725
1011874,266819.20725872
1005803,482918.99923784845
1012653,667135.3486057938
1000092,714762.092383951
1011796,211998.81509037898
1014667,252668.0275437298
1012454,300943.75847722834
1001308,526072.4045356996
1000235,300267.2604189901
1013458,469051.5638519496
1008335,452258.50898289226
1002753,509109.598037923
1009017,643048.6466673579
1006071,352081.3282124189
1004664,732514.4749974471
1010697,980277.5466155827
1006178,452963.83590011334
1012251,370466.81922010455
1013418,596827.2699500044
1008820,406012.3542654579
1010653,733958.2049568235
1002086,917080.4565399821
1008930,255210.2103463558
1000030,429671.312629076
1017486,265857.88423189946
1008133,493247.66346339846
1004968,1002373.3823648628
1007023,571102.6951667994
1016334,754679.9528699619
1011787,539613.4656271276
1015934,726277.0652705397
1009549,240717.47465300595
1006914,716027.9529585993
1015825,410797.41762496467
1007312,661974.9478636077
1016720,386445.12138272775
1007872,589141.546957887
1005163,552659.5744340175
1016698,355105.5860796524
1004841,502353.63959068013
1004839,535283.0889144259
1014917,1019940.6005771023
1001571,468006.6981680481
1001259,513432.35320257704
1011351,508657.3353052382
1015127,742737.8399124386
1014888,301805.00712585903
1015285,337747.3811258524
1002466,418294.6616573364
1012641,445716.0378238726
1010025,246717.0630050636
1007647,271491.08075680333
1007144,360807.06786984217
1016422,228706.53133337124
1015981,734585.1968253875
1002652,398704.4470150739
1001383,507910.7444812635
1008974,374702.3051055762
1008744,344512.96387816506
1007433,470349.6970020107
1012694,280898.7955235168
1011626,198301.09227289763
1009641,553080.313365599
1009469,472393.22394492006
1017220,572500.4590420229
1001177,577277.860870064
1013926,340707.4276820299
1006491,468144.0449982604
1013132,470335.71878994524
1015518,493759.11686747166
1007051,457590.21327131754
1007975,522873.7137285864
1016833,316010.49691794574
1001067,217534.32051725432
1000054,772166.2433637367
1000257,416184.4472422057
1002003,447389.12026173354
1003054,539973.2919675627
1006575,429195.4183665054
1004081,594752.7389312342
1004251,462604.8701544291
1013772,300921.1173801573
1012289,408637.23266085703
1014831,981057.7774911048
1014844,384314.3076072828
1010817,311934.63929243555
1017218,789757.7086164859
1014325,491411.5030173832
1000696,549511.3854463144
1017460,736354.8190506464
1005862,690271.3473334953
1007310,929754.795253062
1005470,699773.2414591736
1010853,516704.7304325912
1001229,710381.7409455486
1009765,240693.84947329652
1004875,481673.1461868961
1015598,604001.6125688684
1016985,513081.83415523404
1017516,456900.96989422647
1014286,331482.06139677874
1006230,585075.3548101719
1009314,175697.49341694126
1006154,402451.83871792816
1004431,514905.79075510375
1010636,549383.9823534146
1016305,344777.93058099167
1002443,360929.282372258
1012514,580482.7473021819
1007822,397004.4941069562
1005070,532510.3828858015
1010247,667986.0704445256
1000805,502302.9190738094
1004802,428526.55995870807
1003279,371604.48783210275
1007058,989284.6784259535
1000583,338798.494337631
1004515,321306.5715253752
1005950,461538.06273364485
1011693,497594.6742845734
1010470,640172.3651302576
1002357,349138.00213865604
1006694,325514.0252200714
1002464,303408.39428782876
1007649,571067.5571704808
1005291,430701.4894924784
1011139,554252.7326210564
1012799,462724.85720397625
1011800,358794.5476113969
1010641,641153.4295808966
1006833,456462.1106962112
1016216,411027.1427528469
1009541,458506.66025789845
1007415,337898.80021154886
1000265,432573.1057198592
1001079,183477.48476499235
1003683,444582.40761021664
1010952,294325.5528671555
1012628,324734.625595354
1004483,395389.0030868993
1015680,271137.35110704554
1014410,767874.9526958943
1007266,415245.46426679444
1003020,173070.41254821856
1005256,643329.5088255922
1009056,630409.5171207752
1006129,543795.3165326067
1003950,497904.70169084304
1006760,521794.60640013043
1008378,343790.36611279956
1006638,606250.3454415645
1001361,326645.4477781165
1014971,311266.9762192574
1003668,563250.6665458957
1014882,410836.51668838196
1001010,475850.42150054843
1005641,410788.1099250383
1012828,560916.3239740706
1009364,271199.55465489853
1007796,685923.2064635741
1017282,391004.9146634756
1005805,434020.70508401585
1002199,296119.2377090684
1017054,422976.36968528596
1008011,495338.32783853426
1008979,430209.66388617276
1004528,540908.6582359186
1002065,1173633.7942278797
1011070,678571.9036255653
1006103,676383.1865938804
1000556,566552.4868933024
1011425,325148.3289637537
1003339,250982.74504201557
1002614,462427.996474059
1005898,606570.5010726714
1015074,503564.58048464014
1001699,382544.0982393995
1012587,325293.6075353265
1016129,474029.93958826066
1004667,378812.8569059997
1001325,305946.9241104209
1002213,506491.60972205334
1015834,475520.51188346406
1003496,442685.74690734164
1000865,640484.374271274
1005405,247244.5208662566
1009397,582721.438885204
1010042,508012.99479082756
1005273,630246.6370423153
1002056,515803.3045056221
1004210,504803.84273215174
1015520,271719.92787043797
1011888,511161.9746440597
1016151,543949.6762125579
1003396,401730.5956639083
1016869,850438.220833316
1003584,209080.12549657936
1004705,586098.4908708341
1008619,374586.34823273885
1011092,358006.47922731395
1003214,224362.621618633
1001680,335665.49865416123
1004921,370208.16243031906
1011942,307362.1696438199
1015628,654880.7253597542
1000806,421339.2649336351
1012321,219584.60962708967
1003227,779107.6938108702
1015836,245994.31025457662
1004546,342510.30605408037
1013948,487288.50953837734
1008104,357420.3585785489
1003605,457643.9577649899
1001239,311950.66853453463
1012350,517235.21371853136
1004278,601840.331571313
1000421,821878.096755157
1003363,527145.472941912
1004998,484969.3694501755
1013357,862110.109309852
1000336,647043.8710620416
1013659,475636.32669558376
1014780,472467.0523062369
1014447,659117.4240833462
1002085,606331.8457240298
1015397,268243.97089970886
1016163,632198.4246272583
1006414,528475.9949648635
1003081,430171.3996111981
1012384,469086.4623381793
1011653,331655.1419010901
1014800,477370.8999426603
1007677,431640.4235043821
1010079,361263.60148689453
1006522,446373.53681970946
1010913,476023.9428625336
1004744,453144.9366357445
1015294,478980.0901088552
1008643,661622.4582118524
1003634,498832.603080212
1000955,580520.6227079161
1014098,217650.6843632665
1001091,244075.3830024892
1002843,330659.984356746
1012149,280277.6009538763
1011394,505202.8082585392
1009107,506540.34887593036
1014313,518474.7329430856
1000550,464562.3331312329
1017072,391898.5709856777
1007791,473849.84119413805
1006877,549690.4249554572
1003751,323213.79736573226
1007249,232691.15092412123
1002576,444896.77599878167
1015715,309016.77627140324
1009538,234998.66693807385
1001653,484238.7636075338
1010419,541131.5302948937
1010696,474813.75160280976
1007746,770014.8237991536
1005101,658390.9303559803
1009924,609562.4872217784
1017042,565112.1143446586
1015040,409644.8882782656
1010165,558013.0893205927
1013955,428384.94477160287
1000989,730744.1137839787
1008648,242344.00588261872
1005185,324110.6270209967
1004103,537111.2550545405
1000628,554314.6000661282
1006648,448296.1683659644
1015860,254417.47293884802
1005012,858700.7163293209
1011706,439824.0438304034
1012724,642766.5364872816
1010366,719489.192154048
1000345,481996.9999145666
1003947,462822.41594500176
1006027,375263.8326995137
1011633,363001.4644658027
1005857,468209.75317334896
1002830,397378.05015399656
1005951,427658.6779493266
1010455,404238.16096660926
1006250,394188.95565008296
1002504,649033.926781955
1005316,438746.0830169909
1012858,478014.37271008827
1015865,458871.1465111118
1016530,562552.6078044244
1006562,445937.91580604145
1009961,345978.65235595714
1004641,347244.2603956967
1012786,453321.2304219083
1008216,407265.24641497305
1006650,401260.023345772
1010914,379020.45397743944
1009253,490602.9048329788
1011712,597879.960600449
1015793,677158.4061196496
1006254,349872.3313867065
1000676,608621.360755348
1005776,797973.7335227032
1015858,751687.3739958657
1008885,1252910.7219483918
1015229,540877.6884231246
1004558,161050.63363330343
1013052,643438.1840366399
1008290,320986.3039954758
1000519,403813.1003981362
1001627,499028.2998263607
1011392,351075.27607052494
1015212,514687.81411967543
1011960,399433.68031089474
1004749,467741.79089973564
1000062,215653.65692173652
1007421,538571.2549827716
1003323,474157.38575884677
1004777,653991.775021643
1007221,357464.4587196791
1000047,472366.52603533835
1015929,533759.5380246523
1006874,564205.5786765374
1012846,318835.3791710721
1004233,420418.55674531515
1012650,666447.4218822988
1014550,316660.9907461895
1010788,369296.276212132
1000982,527849.4165797675
1001671,298051.91891060665
1013042,391340.50787397334
1000394,508753.5185515538
1005932,384262.8218706504
1013905,518532.51625006134
1004590,348001.74537385534
1003733,330849.9671342265
1011354,469690.9199391199
1015240,652131.2131128567
1004451,793401.3101992427
1003636,430631.0974861754
1007095,374404.1032130665
1014985,290850.5078285962
1012910,776972.8023219813
1004245,425528.0150385044
1015307,690747.2713332872
1010691,639124.7490506285
1003324,742537.9594630582
1001749,329532.22080260783
1002566,352990.33440451825
1013950,486923.2593681053
1010891,509400.37102236645
1006736,981076.9747809187
1003136,195645.77347123963
1010959,379383.6894295141
1001493,372938.1652251583
1000762,604183.6660592301
1007373,571083.4181131026
1013110,504514.7672120137
1009428,542894.1069605434
1013292,286460.06206599803
1005796,1024233.8747256044
1007168,640205.5964731319
1002320,404885.726251929
1015167,619708.4266486305
1005180,418746.40520651167
1016810,668471.2429095865
1000147,419411.78683511546
1011141,422662.2935097
1014664,513951.5634159676
1014009,372999.8599083487
1004633,454203.86124501436
1017096,306641.62926813023
1008146,817341.1148227572
1001337,424493.2729453204
1017506,251892.4182105159
1010341,741989.2636920778
1014824,413603.9937530489
1005970,653429.1670468336
1003942,1077486.9249392112
1001338,416665.1145490689
1007510,586004.9442016348
1003028,626119.6473765313
1010623,780229.0663723373
1000674,374150.5067356564
1009870,470482.500475177
1002866,447826.5348884894
1012388,437541.5940630814
1005289,167200.7843905605
1010856,448324.5708405148
1006036,366676.5354734852
1017414,842922.4310380972
1006222,445452.6779148958
1003150,619332.2119659792
1014814,411096.23713739176
1007411,477080.08204090624
1014394,500768.5823914723
1003837,392978.8166917118
1002626,763999.716423772
1009137,299877.15839496674
1006879,518693.0216394729
1012114,283440.82386086066
1006479,485414.30551580957
1009320,308698.59202147345
1015503,326389.61807236157
1014580,460371.41896912985
1012718,701471.6132752292
1015950,286535.7122751916
1007881,1184655.975708786
1013310,301673.7696227214
1004420,509195.4452139198
1016269,350181.97822778096
1002730,1331141.1739133596
1016328,884440.5411780871
1006364,202666.26616025434
1007528,489305.2674662364
1004673,547370.3035023384
1009802,679342.0809119116
1004809,386605.6774349044
1001648,504309.30144631356
1013825,615758.5683300084
1004957,757900.6141122923
1000978,175261.64805666942
1001130,617526.4944373901
1003642,489989.120828625
1016292,587195.7208686112
1001184,474179.08700289833
1006910,281283.34983323934
1007176,347648.3040293843
1004768,431113.33756905847
1010102,413885.91793793614
1005351,435784.50091918226
1008440,379785.68655281747
1012011,401927.8595693696
1012455,367916.0476819219
1001253,351800.3453027319
1017499,206472.9756076338
1016900,538982.8017360026
1011447,416987.6390662561
1007832,451776.4549876557
1007463,526026.4487457
1003161,387415.2223871858
1014308,832243.6758306724
1012206,477916.503654522
1012578,406793.37949757144
1006079,512937.166210552
1009077,671019.6037554434
1016681,496903.2613954291
1011001,471739.0761124533
1012648,423694.69914651476
1009434,260232.82587197423
1003327,393206.71478730225
1001612,422931.9563927098
1003603,209326.47029779118
1015607,608623.5592572716
1005127,226059.5515204796
1015811,340554.43647751934
1013200,312839.689692817
1001835,546301.1163698313
1005242,345747.3483397446
1003071,396570.9590550419
1005243,616357.8994776362
1004374,395021.35876218945
1005285,277574.64851827815
1007876,351420.85348351544
1000922,314789.97927161516
1011685,458423.58460678655
1003330,630254.8997716251
1012488,372261.7228575101
1008797,681616.8589707757
1005477,1005946.3983462773
1001165,338388.68633976934
1016450,407239.5751466348
1008284,407819.5482455092
1003840,919611.0882940429
1015886,602813.4141732248
1008776,348649.1844469782
1003843,1219173.915619291
1007418,210138.081392536
1001878,682265.213343301
1008538,355221.3718381415
1006711,316405.09116555564
1008405,541468.0604663552
1007637,526405.9718897347
1004424,505410.97232352983
1015568,212120.1025713736
1010147,734640.9663796134
1009273,325612.9027650192
1013676,717475.1438435103
1006837,543157.7411744111
1002525,788035.5661650368
1006427,629478.8937939774
1009860,325378.9050916141
1000347,499017.8936278106
1008485,260648.6977397171
1015006,522176.08160227153
1011740,389331.8845726445
1007226,294193.8877496727
1009229,405346.23222072993
1001712,667727.4511330813
1010819,528011.4569160565
1016702,463922.92808988714
1000609,321236.43462409696
1006955,356472.04110622033
1012079,503519.504993864
1010976,477686.17131954635
1008935,255623.65130059535
1005749,497256.0097312809
1015895,561310.8807891181
1013311,481815.1704649458
1002188,388153.18476252485
1008586,662639.2284899143
1013181,343230.3565348517
1005133,404233.05145363434
1004756,622859.6507240635
1006753,1088144.1996647688
1016480,503261.08054288925
1017256,657718.8643631662
1006673,448675.382039064
1005250,494712.00678370544
1003550,201950.78534809453
1007195,485022.07580739446
1000009,300531.46929039626
1001284,498667.9096659852
1000218,131864.78908962596
1016451,267151.14142293757
1015635,469706.52204880933
1016137,319607.92433891934
1008025,308392.7275207605
1004454,359741.51217794453
1002829,775422.3645114205
1015169,472628.20245102944
1010231,605325.8702958497
1004147,561757.2939865908
1001949,451668.4240550365
1001707,452312.8353553352
1002741,601349.9629621394
1013167,217428.50321209466
1002433,719155.5863615692
1003896,574375.2240537023
1013249,934684.7589769943
1007372,465147.95633744245
1010594,203990.6600642214
1011769,589569.5152647914
1009262,408918.19620083226
1007456,492279.941932732
1009399,649726.3756135688
1006534,564139.0814419125
1003577,573269.345664296
1004262,305088.6475249015
1003600,541836.6945765052
1015923,373872.3477275697
1010080,765797.4584124372
1014827,393986.0418757953
1001819,566701.5151680056
1016786,553616.8141712673
1014604,625655.620255864
1017147,330283.1917847404
1011272,350677.781582893
1014485,570210.9320454515
1013708,698635.355309531
1016743,391750.5280733725
1001770,479998.6466525771
1008165,303562.57734672754
1008045,312327.5469083714
1016617,679986.1293258059
1000797,659980.9042871133
1007908,735973.9149921325
1002431,511375.46264036006
1006919,437018.1401603406
1005877,392333.6974013046
1005010,205286.71082613026
1004627,355185.47183501883
1003998,314783.65299503395
1001166,330712.05941862403
1009121,391139.4094487566
1007588,290110.5355235018
1006239,385342.8734174226
1005665,267789.5544679998
1011908,676833.9610873649
1006819,189434.09628749138
1008196,726653.0674317873
1014683,818892.4567517075
1002588,290256.76463072683
1015187,346468.53803769924
1006128,338689.69400663575
1010681,751030.4320288409
1002976,399592.84735083877
1000804,460811.8687923536
1001606,616076.4290320234
1009429,496967.8251541079
1014873,1183380.1821629326
1002606,397921.0162340319
1013097,367562.11807294306
1003159,688043.7713540675
1004116,240252.59583752142
1015025,670772.1867785375
1003759,468483.93359401554
1008427,328195.70438748266
1016705,781083.1886707183
1006866,306281.26897187886
1013455,133468.30298957272
1003470,241235.04524684083
1009652,651053.8127380268
1016616,750387.1970280834
1006625,402969.47666978976
1009152,229681.90622665902
1017263,746514.6718038069
1006118,408628.77637814026
1000733,437020.67863679683
1016051,198871.2020418764
1002994,593559.0261378781
1003130,468428.77097086824
1005853,456449.71531601105
1006317,386025.77111763594
1012240,1144875.3724965074
1010097,758834.2286388609
1006434,306998.3716079636
1014638,399845.39095740684
1010173,447639.44541499665
1017026,421647.410957753
1014384,222219.2697932925
1010589,686424.7555725939
1001794,497181.15304444544
1015577,174040.24339011486
1014332,510799.39749741775
1016303,529086.978509342
1000010,248086.3035164732
1016861,315659.21244086314
1008633,674462.8550119402
1014787,426174.23195614864
1016435,529796.3567521521
1012214,486608.91084769234
1010692,408119.41527422727
1013933,385487.5515411295
1004049,249443.75902080166
1009457,401570.5713946471
1008452,607128.6760518453
1005033,1038829.4585942819
1010792,349032.07494452526
1001462,566383.5132151304
1005607,518743.56092641276
1014696,377343.4802660195
1003274,379839.3703425523
1005029,311926.32069860416
1002930,444833.949384072
1005597,528857.5684464055
1006723,621716.4258309464
1011650,476013.90795472666
1000893,613468.7535904509
1015591,382765.77265104925
1005701,267108.9239388471
1017417,369230.64007798536
1001153,300053.42808139004
1012301,497542.90211344307
1013536,295370.7037698368
1014377,470201.3485502738
1001645,735399.8995819823
1015462,369421.2736327987
1004253,421619.61162169644
1016737,577984.452644749
1004079,875804.4262960771
1005617,272331.51416129246
1001818,405753.71707871987
1003898,643040.9234360988
1005409,587146.2572406034
1016614,897461.3032769506
1011759,516966.20483373845
1012369,503004.95979697554
1003284,647334.0825313887
1006206,454574.4883412194
1005793,304305.80249961274
1007498,221022.7983341016
1013235,572896.5604120089
1012706,728872.2488702814
1003213,661671.0296225763
1016025,375584.2222204315
1000586,627834.9600270549
1011162,593425.7769791045
1002180,502709.562811837
1008682,733485.5062426649
1005188,458369.097570553
1007471,472149.3059154381
1014128,505949.93493537663
1001074,410387.01909256383
1004580,331087.30317999766
1005098,445209.2609567519
1003115,706655.4988816432
1017485,420962.4131033967
1016885,604097.2558702893
1016228,878067.929503639
1005450,422878.6569595976
1006307,443264.98231711984
1006354,892936.2919740704
1011480,390169.35241727636
1004375,432672.06451709813
1006817,594802.0523382577
1003436,662664.7898545859
1014047,405161.86355901056
1012963,332199.6962300071
1004170,622510.5577294644
1014251,377234.38880213397
1011577,424791.24690944905
1015247,227248.4184125813
1012800,352180.97110488126
1002749,212408.50177361377
1010539,885326.8469937358
1015651,713906.973624989
1012774,627259.024331927
1000511,461047.3894297531
1017014,478409.49897886894
1005778,308248.3681614821
1001171,454008.0895663215
1009215,774032.5156129611
1008140,562750.3460200367
1005962,677279.3599964094
1016619,185867.10316517486
1002018,451990.78492154536
1002527,458146.47136689693
1011950,405980.6352323188
1011590,411937.8006282212
1008359,299620.0188540226
1014132,547454.0249453691
1015492,715299.1409259152
1005926,597899.1352757569
1012581,579865.5352823952
1014409,484504.2985329597
1000097,184918.61364330104
1006139,432625.6824108059
1005762,415495.1526004277
1012658,461151.95043912553
1009276,228587.6354775544
1008299,661989.978509846
1008220,382556.4450053451
1012515,565220.4714820702
1008148,268335.51380300237
1006186,535288.448386226
1005609,662778.4032703607
1001646,411655.93855300563
1011932,505575.54714499373
1010919,250075.45080550574
1000465,692306.2668311627
1006150,586376.8757528744
1000301,499361.6713133192
1008602,616513.1386004637
1014622,243916.58862101755
1015303,166481.04137643377
1013218,288990.5752489931
1000001,372420.09585426096
1006797,353108.5960103647
1013649,546217.7974544512
1008544,572898.6772100903
1009653,552164.6730875293
1008913,336857.12985433434
1009972,302852.0794530226
1010998,546809.3304755759
1013782,433081.3992747164
1005594,374851.4344446679
1013140,708400.6246249279
1001881,409579.8765874389
1009485,448792.6196029078
1002475,404505.1843282219
1014533,525134.996502306
1004231,357486.1455687669
1001872,722732.2749782201
1011751,352198.5254520623
1002250,439241.30006013595
1000503,586290.2554323255
1002714,376749.6752450056
1010400,585637.9815349014
1008315,332074.2272670752
1015980,433510.2999913493
1003770,400559.10009801394
1014801,414817.1823230312
1009458,595004.989945729
1004816,406775.0633070445
1002503,337555.6046793657
1001767,436599.7894209358
1012871,340455.44418290496
1012080,310252.6304282535
1009192,341188.3421467016
1002913,508752.9014830514
1005835,747598.0393005395
1006127,177994.42083949992
1017037,332089.67221633875
1002905,387571.0887801939
1008333,240510.8971232306
1012228,1070303.0874419783
1014943,413478.38594984676
1011419,391596.7358911195
1012773,449197.30049118196
1007192,764603.2816541147
1012107,496375.6163422602
1014369,573606.928765619
1007113,406214.38334199996
1000251,268013.0359340584
1012818,538600.8903670846
1005230,441040.44771188975
1000547,525369.837776997
1016911,628934.1900919231
1010174,638979.4041239577
1013408,658026.5022808509
1005647,314540.7315910169
1008072,583713.4701494954
1014149,332644.9874146542
1001957,582399.6034457778
1002101,372400.04978062556
1017308,531797.5930264383
1013737,601516.3569780113
1000889,344509.9967365448
1007271,370968.0790053845
1017081,616531.0986363284
1003764,602289.7633555604
1011758,403640.37059029326
1002296,925780.6744385693
1015946,434351.01331669785
1001280,641060.270070463
1002550,623675.749667043
1009927,509879.4059640826
1005512,519955.6538142705
1009232,441817.95628976956
1014207,181201.6676303185
1008441,515137.6516048573
1009651,253436.53189148448
1012976,412568.3506918428
1013615,289227.90067440586
1013133,311203.0040202499
1013044,279843.0678122493
1017538,121357.4574699295
1007268,402849.4957093376
1006551,217363.6914847616
1000703,310662.8688308022
1007177,212018.00201790596
1011866,368851.3139817747
1004820,614283.5110719678
1014245,874460.2042176713
1012119,396089.7647062918
1012225,537647.7182692123
1006172,604147.0661728722
1004301,880815.6959481612
1017100,346941.21691925236
1012397,436771.0633504827
1010452,924020.4954945775
1001908,233187.4316524779
1009936,363008.7431781369
1012184,347889.045612236
1012309,407892.471409113
1014786,921865.8861580449
1003178,396387.5532014408
1006778,192661.9183186906
1006864,404311.81528009597
1003591,312157.4833553809
1013541,324510.7603772742
1012672,442110.97571342846
1006719,702606.7332981802
1006169,764329.4059228194
1015482,206010.98958925682
1003934,356095.5515102277
1014941,578326.2515335396
1012771,273578.35548252973
1000538,325840.1762688796
1000908,1001302.686642125
1000483,341080.94508334604
1002833,535695.622033258
1007558,529230.5814658587
1005290,422141.49395942653
1012400,514163.01943843893
1006271,352341.13623190694
1013811,604527.5615394389
1006691,858993.735093123
1014690,653217.1377307192
1016802,424105.8926258814
1012737,337721.3410708208
1017137,495489.1622134542
1013290,277016.22780543123
1003454,341735.80685163493
1006488,293675.5988084817
1009194,629009.5658631871
1006261,971069.1528566305
1004050,497788.5619460545
1005965,287417.8431225399
1002931,429830.7444997908
1002850,664933.5258230545
1004812,474566.1772466133
1001224,939257.3666692614
1013303,773595.662859574
1015960,287789.6778305266
1015809,279575.33740512264
1011639,377434.8376197706
1002795,709298.6801532459
1009896,481470.2149044433
1009483,1272138.2338898403
1008581,298931.39505416923
1010942,654271.1711391639
1016107,506205.2633825171
1005636,541825.608368542
1013098,638046.8516722072
1009066,279586.5418053822
1007964,545946.6476394332
1008324,626004.9435558425
1015720,447054.0547650545
1007512,388697.6437767456
1004945,1093166.3425554927
1007852,455488.2944639295
1000236,694705.8496463508
1016109,848151.339077136
1015733,536117.1637510584
1014043,576825.1691404163
1007768,386076.98887274234
1015747,389772.96771814727
1008835,527586.3598016376
1008031,595957.7984525186
1006472,341863.39071988815
1001596,419056.3355476239
1000307,333288.94549490087
1007258,145033.36257757485
1008919,351355.27118112316
1001854,395612.5122336849
1003406,432461.20737680106
1002473,364199.7453013867
1003865,467676.5408747707
1004344,652950.5059796157
1001765,505381.9521632961
1011273,435403.4393560228
1009683,247102.9068586982
1014894,628074.0852970638
1006677,498089.8967892305
1014804,248365.19171277265
1006722,277047.3327053144
1013596,304440.1295989083
1006003,414099.8707852768
1006442,400311.0691152198
1011875,960147.8304142043
1002951,388426.0719768115
1003304,275780.17035921686
1016078,512831.8573695507
1005523,696261.3977804553
1008597,603040.636561179
1013559,328757.8736669549
1008519,381535.3646480146
1016675,431895.0715255496
1015498,522993.507236245
1002620,621530.3215444762
1017354,480680.12288203294
1001959,333355.6835363708
1015438,591585.144661553
1004796,198747.56553368585
1003521,343694.6906510164
1015331,548558.2796876101
1007225,715610.0677804422
1009677,201705.47059135704
1005995,495263.91308469133
1005494,670452.5430187321
1014713,829793.552187672
1014656,345021.0624934245
1007340,462886.37971186935
1002970,679154.9993333925
1005171,639259.3596211592
1001665,641476.8934046295
1007515,170984.45710157964
1003644,397487.1112707054
1009626,556535.8703049583
1013005,411973.6177918344
1012028,518633.2482129461
1012171,708238.0434306428
1000686,426533.88340754446
1003194,440177.3004764713
1015037,456583.4022856899
1005519,453499.9539485986
1000003,391085.5820824506
1005003,318857.89407242456
1010161,302855.1339161848
1014682,406027.6272122113
1013849,659943.8745152934
1003308,346596.1316039309
1010866,322094.85611545
1014044,425391.8674520165
1010669,569020.0299854409
1007108,171337.85622423337
1003935,716572.1153231119
1016594,572105.4911690662
1002726,372389.1459920821
1011788,161460.88952332467
1007540,394547.7856377939
1009270,372703.312079165
1011821,256964.20901692912
1008868,411143.0351703427
1013406,541745.2819335377
1001577,572994.8471502668
1009205,568057.2147829883
1015765,523907.8219561171
1001075,423146.2226431757
1015829,280331.8442129264
1014103,472557.58847322786
1009003,766956.441108355
1005864,267036.0741888626
1002309,197812.2630915777
1009640,370149.72005641635
1001419,582805.5192326751
1008265,312640.0614220521
1002265,511922.83373287146
1012822,669322.8423003227
1017552,276782.04971459904
1012682,221755.3774886623
1001336,673981.8370857313
1000642,351176.05822201207
1001737,801484.1640628555
1017346,223851.2627248214
1007895,317644.82846467214
1011043,679340.9764796287
1012793,203450.22496398518
1016730,357051.63324737345
1010314,269857.4344617421
1015450,292670.1400482454
1009492,358378.24149794434
1007092,333761.03241958696
1013677,482438.63019486313
1004904,131775.40417836432
1004679,386081.33864243544
1013516,490427.5744298642
1012328,335418.2017595105
1006448,358548.54700974445
1010902,338705.0485591321
1007933,439088.9432871686
1002134,852490.6509116491
1010384,687426.7875036611
1011618,706749.4801111312
1014427,328497.36112129927
1017540,425501.25374970783
1003500,847577.1111274143
1000253,394079.3062879878
1013471,518135.3084102216
1013522,884274.9821006227
1014832,340392.56935946003
1001632,382322.57129268826
1006158,583667.6993887088
1008705,927553.4712947824
1016056,378959.6544212682
1003562,475375.18758383323
1005095,509156.3143600086
1006016,312051.68116455444
1015387,500851.41201657703
1007326,396309.8379235975
1012987,712527.1490009059
1003607,1103420.0856778855
1007441,427544.6805382155
1010748,478682.1738607832
1004432,393736.82071431255
1006739,630724.6792460915
1002331,421446.311599022
1004745,522284.77807235124
1011592,319498.70644068456
1010249,217788.39230201408
1006934,323300.93129536294
1012170,435375.3422122202
1008556,602872.8006846292
1012720,377502.5138788695
1006724,353732.2197601398
1014867,378994.6072412554
1017112,666825.0653393954
1002539,891649.6860866438
1008309,701680.621333701
1000260,282860.7972815425
1008455,374830.3500579376
1002465,505105.64013561787
1011731,474312.2972723611
1014440,270161.235799118
1011594,1041507.9545852948
1014135,585095.3721624041
1003366,433310.81935270404
1005802,444787.9998531677
1013084,933021.2388046987
1011783,144268.10353064034
1007862,245202.51114868763
1013570,625271.8012253548
1006792,315686.9350306465
1015024,593025.0141954485
1011916,705038.3889863717
1013045,472323.88285826694
1001469,498067.47186468006
1002123,540503.993924355
1013558,239838.58375612038
1011331,946113.0245517665
1011112,488446.8991822622
1016335,638492.4088100491
1010293,442790.02200951736
1011143,446267.2150507155
1007708,431082.0901957909
1014561,399717.5827070731
1013036,542891.472919553
1002365,496732.9740919547
1014986,910981.2920200044
1002621,713534.7366947064
1011336,401129.99746468116
1011559,467965.7173130164
1012275,482277.92332984565
1007531,432027.9405229711
1004665,489164.3460576901
1007623,644171.9834033677
1002894,409234.986081681
1009887,441294.1014003057
1002932,297937.3743259076
1004109,590846.0657347979
1000747,372877.2938919737
1004648,719213.178521567
1003252,327367.7176395006
1007206,346000.918050521
1008907,511151.2617322309
1002160,876017.9750853638
1004463,341932.6807756938
1015584,1000838.4214072769
1002168,1109015.2270608682
1008077,561384.164764125
1000458,475802.4777369139
1000707,377353.32042669883
1001509,317308.4463149818
1008765,595832.4103279717
1010354,294557.2533696275
1002817,204934.74595570672
1014217,509626.2069968514
1003531,427819.34975987714
1007079,563492.3018558061
1003484,533599.2815064308
1012425,524591.1554392775
1009104,410840.78183663765
1009894,662949.8640624796
1006835,444674.490685699
1015534,265689.10266446165
1011500,712004.8611659562
1008652,339914.36221603805
1015228,501534.7384864943
1009717,331861.8542439327
1016244,476391.91148803954
1007022,540878.6464791392
1014522,120786.34781636468
1011297,380970.42697262275
1003360,355534.43138426344
1012041,217971.50509048364
1014397,341227.15624499734
1017177,425611.02229480434
1014778,485365.7589384456
1008343,406137.1231881435
1012415,360740.24849246006
1002442,233641.12282758075
1011202,437383.0059153127
1015363,375087.5252826243
1002735,564524.4356573247
1001044,741250.0727361183
1005211,383655.07036576944
1005369,355593.10282120714
1000090,522847.2309157343
1001417,391676.9883829176
1012958,316219.6600761191
1016088,180892.00191399045
1000084,302920.76260139985
1007821,717422.4532280123
1007374,456051.55574572063
1006185,336985.19304219546
1001951,373301.2963178002
1006068,417879.12802432437
1001575,261884.01788126523
1013501,741311.1654118985
1017062,236977.04766897898
1014365,468591.59432505403
1004527,694653.1749092571
1010707,508731.6708299647
1005952,489098.17365621304
1004586,375388.90109500475
1005330,262344.63537293783
1010615,560915.0803884403
1016054,595375.6828908387
1003964,413197.82870687597
1016022,479927.4975807124
1009884,768609.4650385759
1003769,565545.2448718915
1003276,581114.2453504503
1013986,463041.18751381565
1002164,367247.2034822445
1014328,571598.7499612703
1015248,288406.0618948754
1013495,191086.3880414568
1013562,321334.8840324976
1000615,494933.0403156844
1008554,517893.48171631
1009487,268807.6543293019
1013258,587030.0122203382
1012034,294383.80032486434
1012580,302479.5283668267
1006272,611798.4801738028
1007533,354257.2893114754
1017003,476004.6292834791
1006266,503755.0283207312
1005733,688667.7693124481
1003038,281802.6455273615
1015007,389104.49156797834
1001875,642167.6173631051
1014030,408831.410317881
1015265,678295.3698964013
1015135,434715.31353855366
1017341,452249.9097256222
1000992,558234.6427547509
1007250,714036.685002776
1007404,689132.265457459
1010753,559609.3198232783
1015440,405484.9229766869
1009528,682213.2879929199
1008360,557206.9167373991
1005990,873690.3152979531
1000439,400431.86019892356
1010307,368825.6809815803
1010295,319757.7802603264
1001482,409168.47259086923
1001037,617227.9211629349
1015413,566828.4533171647
1012283,556860.7083762371
1010093,396959.63694003096
1006440,265200.49739655526
1007304,563560.9363676071
1013199,420684.9047660803
1016878,479612.38277091255
1012062,293331.71527174505
1005196,358657.47103715787
1009907,542242.3300308649
1003283,640380.6699014037
1015987,597896.520580513
1003153,638142.5672209564
1015179,592671.9480319706
1016950,348237.1278015574
1002482,391089.8263024464
1014823,548698.5288981702
1015132,820040.0725655853
1006004,865790.9526135828
1007529,570212.4935202395
1017582,607171.8546561557
1001152,322428.5776515508
1008938,343197.9001799042
1012764,277825.356819325
1013851,735898.2026889914
1011149,558212.9467469489
1016146,897355.5544588793
1016207,227933.86071667518
1013365,258957.66538439132
1015762,690690.8605369937
1007412,246778.53529999245
1012547,597066.8727228992
1005735,453890.8222178136
1000859,484898.21095316147
1002956,728645.3502916824
1002887,522183.4243758352
1000812,380679.5254510829
1010874,307841.1303801784
1003992,376915.47785192315
1014610,474667.63834110746
1016302,541733.3505453833
1007805,395723.3509542049
1014396,380988.7457630335
1013698,519777.70448600815
1015367,392300.6213427245
1010442,930372.2127974223
1003030,505906.2200582284
1009259,499036.72932593717
1014371,555098.304385468
1006602,447930.88994462416
1009814,788279.4525326773
1002211,390191.00821822876
1001989,406476.8642806236
1012991,577297.9682262945
1013000,744939.9916209341
1015403,597749.000450518
1015818,1412532.2750844955
1008217,722132.9916949659
1010987,298223.9166041232
1007615,414156.4878479278
1007701,1115623.9976943673
1004068,463467.8680314396
1003996,692338.0083663492
1007695,593126.6184805951
1016622,315232.01481812284
1008846,357202.97610765777
1014892,821353.9231173175
1001183,378842.1626779648
1005865,562341.166388509
1004891,888607.7387233084
1003305,592625.4410164877
1011606,586152.9565397401
1011211,459292.0528822369
1016763,318871.59238777304
1003848,415870.97744411166
1010658,142472.4879102738
1003771,440325.7610182803
1011781,691548.4816138024
1017265,433924.5559002439
1008489,601754.3040533462
1011467,286697.5390811714
1001269,923588.5589905729
1016659,337732.1300562173
1004603,791426.0498547575
1003147,506911.2939979109
1015145,515238.3595362674
1014562,569234.7738183814
1000776,416272.78217212745
1011320,477324.608803185
1017009,188143.36670108855
1000768,612847.4061693696
1014256,565844.2996362117
1009516,686227.0062325834
1005627,299415.78418174095
1014267,597236.7316272615
1015941,775861.480058611
1002858,567197.2975256223
1009520,261976.93080181413
1006504,511747.35584757046
1013773,312410.65634846844
1005895,333723.04853346926
1004417,377040.4302345478
1004110,423140.71114057384
1008948,454818.05539378943
1006635,114289.01231655701
1005021,450679.9660266053
1002002,405060.0570710838
1012402,338797.09648140206
1004118,286155.606869405
1012950,387425.09362540377
1004001,217330.07966873088
1001973,294901.6535910232
1016454,952730.2568374319
1005481,453311.480740926
1009989,661655.443754525
1009858,920356.9720956796
1007680,454563.43079042743
1002807,569779.0219132082
1002796,207932.64359878076
1010823,744018.7401040616
1014474,1096960.148842843
1006495,467457.9490087815
1011933,363786.70009288046
1009623,839612.4319611504
1015890,449227.20204472507
1005265,589605.3532170305
1003731,331221.64149382623
1014670,430370.9071587282
1000051,142022.16063277697
1012548,526366.3776390792
1016168,558527.0812478957
1005425,639331.167300809
1016493,422760.03034310346
1016637,335964.33779360406
1017323,605188.289225047
1012922,364300.6168683319
1014686,286785.61596743466
1011165,629328.625955784
1011795,446916.63623818045
1016220,425394.33187492803
1005859,437280.5434190693
1003313,360057.61807263276
1004817,571316.2914975918
1004505,901514.1402282699
1005969,620427.413168151
1015926,493068.6577343087
1010517,457749.8797744245
1008855,437445.3660358955
1011913,667079.0182219736
1012642,321023.0296171244
1005801,274688.3220454622
1010904,388773.72823185154
1012607,455161.1350823082
1014523,563867.2262045409
1010718,316193.9779427709
1006248,628550.3321223445
1010134,295491.69309860695
1006530,364671.66706700606
1000282,451361.0070438802
1011539,470902.3645598266
1017604,384639.9325733004
1016379,1202049.618923728
1008851,603195.8603764789
1008001,337179.52776784304
1000374,209865.03150880605
1011997,302345.0954650912
1000841,482666.87583526765
1014748,383885.0814159118
1002797,260852.99864115944
1000430,282874.3909380865
1001341,555615.8405011964
1003814,258949.02635896264
1005023,447965.4970802433
1013922,615982.8502646792
1012619,403910.54572968074
1009083,558279.0325624872
1005841,375837.31091880694
1005117,493601.71932410344
1014227,626754.8770056192
1011851,334626.8375436882
1013786,256797.22579728597
1002468,709387.6121778031
1016898,411299.9329138079
1014721,354793.8599665511
1002050,418918.5075408625
1013537,379043.53154156083
1017086,493737.7773508566
1008899,684601.954689549
1015949,268445.5788906943
1014835,519091.96361619845
1011629,456304.5495438113
1001946,618096.0968501252
1005315,975017.0041729525
1006811,247668.5615190498
1012534,219389.09964590412
1009409,398841.3937075985
1001782,196360.9125168989
1013361,390977.6486270209
1000558,453658.67035482
1002926,389191.74592662154
1016792,517581.06699421385
1012867,574680.6458103592
1010022,806373.8867898617
1006931,423968.9490062633
1015079,506535.841610609
1007317,233170.89837925555
1006296,334593.2999122814
1003549,553755.265380274
1014541,872531.0468347395
1002667,650127.810332356
1014577,950117.1872682548
1006680,273211.6607407921
1012058,271028.6719162569
1010549,281578.04042673414
1006467,737374.4179254974
1010296,502105.86995883624
1010650,499639.4965366991
1017007,510562.2490234213
1006952,637891.8346616122
1010456,552577.4629532592
1003693,655595.3272934604
1016855,362962.4050301421
1015107,395498.409934433
1012401,457182.4636747376
1016225,547848.9131146348
1014041,390968.0996375802
1016736,726136.8831955834
1010260,817539.7564210222
1012110,720800.8363622881
1006980,396843.09925248846
1012144,537724.6740748219
1004644,716906.9665956384
1004751,818122.636279464
1010186,261595.63861077628
1006733,467197.7532254778
1009993,396010.1626575464
1000263,429616.8500662227
1006542,335213.7155880486
1004277,209237.46347639937
1008138,477369.8355837135
1011672,334664.8171920931
1012664,629915.7954808249
1016427,392731.29892743786
1011579,469359.459931884
1012303,350015.82161675557
1009167,290787.33357982564
1004494,403230.1745872644
1009631,944271.8925600023
1006818,852205.2562083371
1014689,296275.1736548188
1011826,622159.8344452849
1005338,389808.2885461333
1017203,534359.9949881458
1001917,595482.3940317597
1000699,415574.340282425
1017462,439177.93366637145
1014152,756689.2935728375
1008616,462186.224704066
1006714,338314.7007873777
1014806,850012.554621468
1010582,743229.8801398391
1012326,326245.85880392673
1001725,756302.8448854336
1003165,507328.6407500518
1000858,237971.19308530857
1004115,867788.6428826759
1007537,491679.05986166035
1002414,590931.6633930671
1007648,366683.7475834033
1012875,420592.6947283326
1006667,227900.90899053268
1003849,648332.1447032627
1001288,406910.10773627437
1004031,723223.4359313805
1017469,638186.4199899201
1008303,581359.1212102604
1012230,300376.7246151377
1001977,572250.6980684005
1009369,609307.7520781617
1003588,539755.0421357367
1016077,736447.1277038952
1005605,440375.5172350168
1008894,493960.88605881383
1002962,462590.31096508115
1002458,601424.5549426641
1001323,494211.6401201914
1006105,578203.5476990725
1001008,342509.0089700708
1012262,524863.2768639425
1008536,564045.3055980889
1012841,405872.13479219214
1010806,727913.9858525652
1017365,527829.7250217611
1006009,256308.54051042776
1009371,511592.10824138566
1010984,474337.49579179345
1000593,447429.9766553599
1008095,718828.9227095927
1011039,415776.668368126
1009294,1060808.6812927418
1013049,284373.17679220653
1006305,1089320.6603371624
1007735,376806.64950474614
1002937,608593.0300822938
1010576,313802.1649824487
1006126,369768.90191584465
1015804,286207.88985800976
1015296,284684.04194590286
1003913,578451.3207108844
1009880,414444.166490158
1005395,818906.5283493471
1008634,369104.7040279583
1000156,418508.0196672526
1013587,603024.6067905346
1010227,436960.5284125844
1009821,527572.5010204432
1000702,382297.56439784577
1001451,376331.10779153416
1011441,135845.96004891963
1007829,678392.2329233255
1002378,583519.8720641851
1013293,407833.27300202026
1017530,507521.97217650333
1006410,603388.9999129672
1017029,741556.584764136
1007709,502330.6831297292
1003828,989574.1069647236
1011147,602732.3841930374
1003342,378478.74327879795
1012264,513521.5400729024
1007362,422348.35139266
1006086,505220.31199817
1012463,259080.86706830974
1006573,1028259.9423509842
1015239,413886.6346802322
1015778,524266.21014857275
1010983,282144.86751881975
1011184,154924.2110840585
1000192,367507.3753005923
1014209,262209.7725367662
1000381,525151.6286969999
1008984,600525.6119983302
1004257,521621.1103426298
1005015,448330.2265841098
1007506,364974.30841456045
1013489,412601.72355423524
1006727,352334.020026446
1011765,779308.8191658333
1010121,357382.40931065276
1011955,371481.7492243424
1005434,439860.76884962275
1007809,302947.5681274194
1002568,182868.65012752617
1017585,182520.36109507954
1005282,408460.0237370478
1016778,485332.5448367126
1007672,662068.2925355552
1006318,444714.49953283154
1008136,322138.91585195163
1015915,376134.3589510804
1013529,578335.1706225271
1011735,451354.6532620566
1009715,451501.5090271551
1014471,631046.8739710867
1012217,210519.24667352616
1002038,518396.434544829
1014350,373587.7530303614
1002287,493763.695870604
1000611,452086.4309568756
1005983,952701.9702849275
1011286,650866.051975852
1005633,987934.4369240195
1011299,451866.501989651
1015221,573274.4773897161
1001826,250901.53061641206
1003202,208145.1273276577
1006752,582143.0380406113
1017312,256799.14341863798
1008513,438333.62786368985
1005097,419457.29192410514
1005057,452763.00175100524
1015736,405770.68679429224
1016746,452203.2019427817
1012518,527129.2957001674
1007239,670232.4543116116
1006607,730583.4696744502
1003611,526122.6922311533
1001198,398467.7308754833
1013815,488701.61513467226
1012807,476271.43423450465
1014483,451799.4968051186
1015706,417467.0601809085
1016372,338114.4297123812
1001829,366382.8454905164
1007014,708336.3226214284
1002343,224867.7893926933
1015102,341078.57713477866
1015611,811307.4119098125
1004021,1007301.8037952014
1003301,667345.6531102377
1012789,466140.4510234188
1014896,362247.785072155
1009052,152492.3501773911
1005918,387782.01400204474
1001216,518754.2718226317
1014400,594146.2257339264
1006015,377593.97853567824
1006903,314124.9422896557
1006147,409687.64908749936
1007923,407683.1602574591
1014155,373005.1246165948
1010033,198317.46504137487
1001279,494793.411074641
1000267,345500.18307788245
1003215,1123461.0210410599
1005849,477004.52299797814
1010911,560362.0241560714
1015305,461388.7743025835
1006024,367134.07967804844
1003560,681114.8302453897
1002965,649487.7201664721
1000688,535791.7692400498
1016994,467258.5681398491
1012353,374099.1318923407
1015782,200040.88618788394
1009559,496253.2850254726
1005472,429371.17525705945
1010541,453923.7311829692
1012566,658347.2916857176
1000040,239531.98911405227
1014202,332472.01876519166
1002975,855387.0681998238
1001963,667244.0455503624
1014700,379114.68717375374
1009497,527927.2394625815
1017297,409761.9815945283
1015055,424804.75712691015
1004041,632285.8513193956
1007743,442764.40777439857
1012035,418433.40466777864
1004567,477581.86891222344
1010955,234449.5215498464
1010081,575666.4420242981
1005858,434992.7701596129
1005266,675382.3803340474
1010072,533198.5643645803
1002945,683941.835743521
1004953,712244.6321076966
1002773,601008.4417470118
1011236,386667.1824113978
1000527,705597.7246330793
1004708,338606.6500310923
1001995,313571.5788210692
1008610,494455.8649910173
1013752,357507.44892770535
1003704,967094.695102764
1002268,382677.51096618274
1013081,670122.412264766
1003487,394813.1396219408
1004575,668252.1366193861
1013027,590446.6310840147
1000485,350897.16933391703
1001847,545109.8445901261
1011880,447157.5602193005
1007439,614671.0665980172
1002125,1134209.2647137262
1009523,574598.73824827
1016529,565592.4670452005
1001231,459426.2080017889
1003041,460640.33553968044
1001591,457707.14465394587
1001868,785191.3553508203
1000401,728278.4907925171
1011435,515196.0307294729
1002672,236422.25997592814
1013477,532433.7933831055
1000535,294807.5945105507
1014557,410728.3648976442
1011117,530643.993041526
1002862,952758.8665986123
1008377,328435.60910431325
1008622,261341.71095233024
1016903,453498.42106583953
1003509,866505.630057471
1004523,319236.2096282655
1014918,502650.40436394245
1009835,501551.0707258946
1014063,343477.3351225101
1017058,554737.7506009602
1007416,267438.4268404458
1008056,332491.0106309611
1012808,1016816.7804097254
1003811,266829.4391964467
1005295,506164.20138521574
1001452,760642.3348181942
1012845,344175.86281371646
1014879,235543.38261907408
1000121,375897.5086955601
1013438,546501.0239908461
1012038,828128.8541425028
1004758,154478.80091119604
1014133,351630.0522220236
1004861,224099.28282909645
1007866,322674.6469061712
1004061,438651.2128109137
1010116,820274.4170655634
1010077,229729.05396231756
1005122,690831.7574364753
1016916,220538.5698541913
1005742,438945.01957206154
1015491,805977.1496885038
1017111,896566.9368985232
1011645,294029.8724317428
1008529,615465.6927464344
1013350,507716.6004146013
1006715,732674.2729040923
1004095,403793.3923729615
1000706,575511.8212357633
1015453,413912.9158268771
1000015,413166.9034965083
1013364,528519.726791301
1014285,414152.1261301229
1012007,552026.3787811619
1014168,254989.84750218265
1007462,496064.40244811494
1014546,432416.5642999123
1001538,717483.9968306875
1007604,638102.6156952542
1000940,201541.73858503447
1016820,302941.7917993161
1005869,238671.80709852398
1004714,418197.34627309535
1011556,548237.0195182782
1015323,412207.4970128688
1014006,659028.4835837054
1005358,492953.23080808425
1011333,541502.767268059
1007759,743410.5466732155
1006509,551666.8730559633
1004899,338977.94626199873
1012819,531434.5436184001
1000019,536928.9621628217
1017088,291813.302998412
1005707,328166.9426461518
1010499,442492.0271273061
1000995,514667.22120676667
1010340,406339.19779237214
1002315,237371.92209423115
1016738,491432.5191651586
1007834,443410.9496085776
1010145,582374.2627894582
1015431,430615.7580515513
1001701,400973.4462660924
1008411,386784.02082870743
1011967,305201.74047207984
1017189,522150.6187841108
1007667,963209.1142987038
1008423,417153.9174386807
1011734,467441.7163012419
1000830,652994.810755216
1011830,760615.6733966325
1008432,469231.4719764227
1015976,437965.590009769
1007996,636332.3496258751
1008108,272225.62600670283
1009879,242785.85793999743
1001674,412857.384924897
1013161,537490.8157982678
1003268,374254.87960906985
1014966,414922.7491471069
1007725,803111.8027528148
1013076,477798.6029838898
1009175,578423.066371879
1015707,979844.4759704627
1006706,465194.3485777544
1011892,664022.1374316013
1004360,367666.70274008054
1001851,449815.6005583316
1007530,282985.33031842555
1016184,273343.7503508417
1003208,598582.2774521945
1012164,372471.4268983029
1011077,666030.747010135
1008594,521248.83985498344
1017352,591818.4184219972
1000517,336937.9316313989
1000061,366083.1955542969
1001192,176443.49477654535
1003526,477519.66633002297
1014212,309063.0058021611
1009846,719915.0083109428
1011067,378175.54676091915
1008555,404060.13225725136
1014854,366700.94800820743
1003352,511789.97738234815
1010547,195244.88282857474
1001691,601646.9656708217
1002592,521498.4022589898
1008949,464551.9419481016
1005847,559392.4968672139
1003633,321047.7568271399
1003320,607306.9886942034
1002655,188625.79976841147
1014590,1189938.573876325
1003698,508759.344531896
1000743,122191.24349654393
1004472,652887.3495628464
1011073,762904.0693924429
1002001,352037.8159692726
1001344,394216.7443912871
1011046,625150.9176771236
1008436,355450.91159619484
1009173,978347.7278191696
1002346,418348.06995303946
1011455,530724.9399568392
1016500,351707.1041672362
1014586,326443.0516441547
1001771,339716.49710935116
1000965,1098698.3625401729
1008732,352669.89817544783
1007420,383947.56964485114
1004533,312862.7089163818
1014520,399308.91746521584
1016398,406513.52626042796
1004713,626750.6938319209
1015623,420048.08124873333
1000796,504003.9519826906
1016628,417064.31711189303
1003450,237145.4744128813
1016827,566316.9054992973
1000970,427853.69587369874
1002737,403146.118893472
1010765,566589.1011002794
1016293,291586.0242205054
1008015,450458.61631631036
1011035,289530.24402563734
1004197,928815.8606490635
1013604,363244.0699005589
1009108,643519.2236028177
1013561,668874.7481822177
1006543,439381.01326279825
1010195,233360.68259202503
1014608,629410.5042393659
1008019,729281.6898534766
1017471,905787.3963518112
1015953,478072.59837297973
1013820,749030.271753993
1010277,377699.39399045316
1015939,351334.2022060232
1011869,131151.64224565146
1011212,315969.26077189675
1007792,1050656.8970625806
1000094,223966.2728518469
1015519,477874.828062676
1003461,600297.3621147672
1014071,597311.2955165259
1012452,433663.114548977
1008053,767895.5230143489
1015020,670260.2411460043
1000801,572679.4420151209
1008658,332329.5313788863
1017025,652686.8515916542
1009308,529003.9358024844
1000754,735277.4399548143
1009977,586603.1248291509
1014933,542865.2969421877
1006889,392473.400985692
1012153,303842.22570156795
1006061,319279.94804947
1008211,435159.85691872524
1005116,811692.483797866
1013106,394698.3325376632
1006340,505634.1472226944
1007053,592878.5344672652
1006996,376818.2474256748
1017201,569094.3712900842
1009168,712831.8348448256
1014524,340567.790263319
1013109,265855.57269002404
1016175,520447.5252503629
1000057,344683.101973002
1007049,680000.5919717138
1007181,488159.3855309432
1012480,357520.66049447266
1015097,455674.28707006556
1016959,1063733.1531923884
1003499,300873.207668962
1005424,232669.44315013906
1000656,833810.0712831824
1015488,615905.3847214598
1010903,771584.7385718833
1016656,446854.5634895753
1009771,525455.9967785459
1004271,769814.8537159442
1006639,992204.7608750706
1015732,275506.4177751649
1003925,197789.89504763472
1002088,505607.79579241475
1003920,380713.57335010206
1013725,356680.2810084194
1013248,355565.6803818283
1014739,629680.03133253
1003883,357217.71880969836
1005506,701695.5635690638
1016670,298400.70851479535
1007102,674448.4843271167
1005457,403113.4965281773
1004770,582955.2226501381
1001182,314061.39542212395
1004117,717430.2448936433
1002684,743912.4732493922
1002243,277317.6502582337
1015682,980053.4562260755
1012124,413993.2853167804
1003983,433527.49266978924
1007956,286777.5241357397
1006861,338509.7648546497
1004916,538418.3648027831
1014074,594545.9521040667
1016047,859028.4645889055
1009632,404780.0657940793
1000850,96436.70331272217
1017423,543292.0598189404
1000064,535285.3231770564
1010284,623590.7213732976
1009161,445620.3110069352
1010587,286794.6957940852
1009729,316383.48933503206
1007906,547777.038096811
1015547,508363.9974900757
1014797,603339.4431876751
1010640,706482.4256042222
1012760,330830.13375606836
1007098,584740.8312906375
1012129,551365.8958498647
1005661,671409.5355788541
1003518,322481.99821631546
1010218,441118.29888272163
1008429,630363.0201132476
1006374,564402.4408413308
1015322,88904.71881233116
1004088,588592.188248262
1006539,680682.3344334224
1006735,930329.1979417432
1007425,270545.99387602723
1015433,570138.5749160768
1009911,445823.4535801905
1013999,196910.80100847996
1006151,493566.9673500429
1007715,146526.30336223904
1000540,671840.7787618802
1009548,386630.7291699749
1000773,349920.7046912477
1005558,804499.276785671
1001120,316391.33129649976
1001838,451576.5722156418
1005994,414191.7261920348
1011521,393763.2956010337
1008909,433492.3542068457
1000194,596595.9586138632
1005936,550204.7411700044
1003065,433243.3049019774
1001492,243196.71533374366
1000323,524947.2043019119
1012981,448307.8707124776
1015684,874144.211589182
1017290,999067.2784642654
1016893,357436.7807393845
1010364,416120.1641771114
1004638,259785.8704735322
1009921,776713.3254070076
1013273,720726.7682185902
1007111,817590.1305039744
1004872,766915.4488551606
1014213,344115.28973804833
1009298,504097.0061624221
1015234,738483.8910271112
1011871,547421.3881875862
1000280,505934.6986975529
1013051,458300.3898341197
1010564,765809.3337439471
1013613,524808.8430346712
1015473,435151.54612107464
1010197,508836.2670649681
1000745,578253.7979567645
1016645,304999.40044469613
1002239,666091.2528058225
1007585,405919.26933993644
1012743,457241.2636613662
1012496,202640.88199085896
1000780,375624.41048157966
1011812,690059.8946551665
1011439,605215.6048462875
1006445,293621.7385735597
1013829,526023.9637106587
1008599,268873.9517
1007716,196258.99422694388
1010761,671594.3437598747
1011292,481660.20415590267
1000636,392154.6075203495
1012689,820961.8954132464
1003679,479391.0541572793
1013135,352584.8442404178
1006976,382448.33362751594
1014118,597519.6307732015
1016121,561040.5191255987
1004984,732143.0994841919
1013722,378525.8951662815
1000234,496075.1898986761
1004723,970758.621700896
1006469,264531.9566068905
1009916,239704.01602711304
1013137,379053.80836631503
1000375,192860.23681625992
1003659,337561.87768164667
1016100,279295.50326532545
1003164,413274.4989821075
1008649,454539.111416707
1009109,500068.511559979
1003008,179940.15627447856
1016365,915254.2945164404
1009730,270126.6607340816
1014674,464607.86189091374
1009932,783292.6132572554
1001672,764852.6308931294
1009861,530660.4309066838
1000060,561091.7388101163
1003822,336961.9391642757
1014746,420004.3787616212
1012242,226843.6832113052
1013054,336508.0185228213
1008708,319617.88967136753
1017235,1123691.1848807724
1016229,359069.06590586365
1011431,802141.1263949446
1006257,346672.1210276376
1000139,528532.3237586041
1001842,378964.223202545
1009214,745108.1955197349
1011878,540636.0394118004
1011009,294962.8854621287
1007562,580312.1534840056
1005134,386802.31190217467
1002071,409756.21624012163
1007429,432109.5761140329
1011368,504262.10858523136
1004027,404744.6392493008
1006396,226542.08310426606
1016441,282282.71907173406
1014672,262271.12991737545
1004217,364969.80917314044
1008800,346238.2385898673
1011027,380515.87612677744
1013974,622248.219099584
1010561,321883.4783439908
1000311,596918.241266464
1001542,797939.8685416952
1006941,1332787.5819692956
1003658,568251.3828065083
1005611,392468.3220599825
1000052,960896.3657904344
1004913,438213.4737126626
1001760,655811.0724879719
1004025,248195.9444785563
1003739,483140.78466219886
1010450,483965.419732156
1008924,345516.9555285371
1015588,326508.8023117249
1014542,851451.9541064259
1006802,685839.8474140397
1016850,278405.1975006221
1002154,417389.519885534
1007811,400275.9601864143
1000986,617197.3244715222
1013648,449477.73968280514
1006213,765207.4459263922
1011674,743194.1280516085
1014287,274304.3152725777
1011691,385745.227706388
1013387,387383.59413590556
1009357,273626.70933205093
1012027,265187.2982107619
1006985,307395.0567015911
1012847,207743.84204374396
1003878,278538.28429644415
1004914,510846.84494381223
1000668,615271.8760046692
1009422,241244.08289575117
1001519,712714.1627749109
1009356,440671.30070434266
1011822,373802.0405803335
1009674,428980.3489117691
1016554,558145.5653783523
1010847,350479.32181706483
1014687,411489.2063793541
1017405,520860.80853239
1012380,906408.9658528263
1009930,423766.0364040776
1011710,427862.8928012556
1011022,292281.53895088
1002824,312609.77118451375
1017477,648756.0369709342
1001078,520669.8758945005
1010369,464477.1034976979
1004931,683126.1687407371
1008869,360489.24966870766
1016636,226820.32378711784
1014929,537046.9610308887
1014817,357502.78502141754
1006961,998884.555882194
1016099,734257.5373945422
1014119,397773.88440600014
1000456,391227.44195504545
1012336,311047.3022785487
1007228,281072.2755679248
1011390,302157.6862351403
1005486,412314.6156119172
1007107,335447.417047609
1013426,364357.4737103396
1017184,398481.17315163126
1012821,851831.1746028863
1009543,847100.0538495807
1004618,569511.2524214044
1007678,426274.60554020316
1006275,447541.6835164299
1009235,554686.921053392
1012347,396625.50498252414
1016287,321018.6368912646
1007618,434372.88992364815
1000417,488709.4032409009
1006813,536315.3300608244
1006468,799706.963382557
1002148,349018.0219899062
1015043,538970.5275056612
1005873,271290.02913088276
1004348,171395.93104361836
1002339,421308.26351730817
1011116,379253.4545727417
1016735,293484.170759331
1017212,679378.5336282094
1003790,423798.61027651676
1006672,450375.7492404986
1008990,552055.3791648177
1005030,465110.1961901587
1002600,403221.49883764243
1002387,492354.68807057803
1013594,379296.3597893779
1001040,297489.1386739678
1004896,425999.3911895541
1013035,648243.7120680166
1016845,438260.5941668203
1016613,397280.66347609385
1008819,199716.68756525757
1007798,372230.7732259476
1015986,414849.17844994634
1008781,1111456.9411399798
1010113,260405.12417059677
1006157,249537.81738824717
1002109,541317.6455400524
1007093,771801.204776147
1015771,625593.0824303536
1004717,371664.9451610332
1004155,281974.2387638943
1006224,651299.4787016389
1013401,407038.35792056995
1003489,380814.4573239097
1016970,171069.70212395475
1006171,349489.77057936986
1017047,374307.6394342961
1008318,415631.672304666
1006370,811744.1551881462
1009661,253611.9031762779
1008018,808907.8328888933
1000752,409683.1690289085
1017318,403543.52360225434
1001403,481392.21725641354
1004107,562177.1998815163
1000008,310284.77937652124
1001027,310577.02970745007
1005226,463899.2453056645
1012719,542423.6606666193
1014865,481727.6694835406
1012247,456608.2350840079
1000404,383598.31905819935
1002723,483854.1881516637
1005255,269091.9814944575
1017156,470134.2444246506
1007270,737320.600146467
1007888,527683.6869389127
1015819,440833.3811436571
1012113,335942.3302875092
1016414,297675.42614733416
1004243,451379.5348041332
1004060,279677.61435331765
1012591,376961.8590881775
1012190,797587.1614832038
1015483,776874.1095055919
1016852,547840.7834697204
1001971,374725.3214133172
1002880,419384.06602312665
1004600,222907.75385723886
1006881,991527.4078095412
1003372,474288.6719786748
1013848,293253.31942076614
1015869,496510.75957644964
1013142,451179.53353962844
1008635,672206.527969188
1007007,541199.7224005467
1006361,210676.68129875147
1002960,340518.9428424369
1001990,894462.5596467833
1005326,449707.73039433255
1006870,545895.5677341642
1015511,499640.50781883893
1004486,529153.5407434622
1007140,531230.7750950427
1005006,524833.3019542965
1000101,611947.6178563443
1003563,496418.82028340927
1008054,463708.10842192464
1007399,370634.11856181803
1001625,580956.3515962586
1007626,489521.7526920179
1004647,421764.6716211058
1011381,412267.96167261223
1010532,199887.77789652828
1000689,674230.6266417183
1009093,366521.7034021475
1012049,403850.4831382388
1015604,1048630.166438782
1009335,625648.3504267462
1014619,570411.7590511158
1004080,511739.3067617624
1002638,307314.98190918186
1010158,590987.7082679619
1009662,288574.9644814798
1012974,391848.1841209464
1002777,496457.71669995243
1015071,429925.701864787
1002128,419019.41395380814
1013209,422517.95617812965
1010471,309376.4403520494
1011631,387383.20065411535
1011811,699760.0387412243
1012389,417615.98358813004
1005900,676143.6669141358
1001125,559101.7156725206
1007188,578568.5238929341
1008263,195516.60081566978
1000529,426496.9623089726
1016033,516753.634236493
1001780,441270.6438074784
1009032,374173.8294415411
1007150,898936.0024910908
1002120,599158.8557941786
1014084,667235.4320014121
1000114,155200.86842058052
1003114,576516.3523374674
1013259,458163.76792573254
1007571,403852.39364191407
1016773,436524.9096859446
1011903,666278.0309475795
1004002,549813.4100914034
1003557,446769.88956019114
1008154,589174.2653073083
1003251,682651.6328751468
1001727,209967.1294966469
1008233,476797.04968087515
1012422,321967.2357594341
1014717,353075.83676884486
1016396,384410.4591797298
1001084,509729.63732519996
1014858,646607.3861076015
1005587,475205.812027304
1016895,533557.2124859651
1016413,463124.79248279106
1009946,370804.69009332824
1010342,500667.2974877435
1008259,426058.16310920345
1004910,493417.88140943716
1015277,652946.1125262667
1008810,583276.4123135005
1008158,542654.4683958357
1013528,640045.9158807939
1013585,246139.8432924546
1001212,464079.81500402716
1017606,543941.6137816865
1008410,129600.58733169723
1001900,269830.22947064997
1011915,332081.5518187853
1001932,399311.9209339304
1008467,398082.00710080814
1003548,1325281.66290048
1010504,535283.2269681811
1017424,235084.65535332038
1011188,420378.2057082609
1004279,458216.933008777
1013159,443548.71826017665
1014755,479643.26980192494
1014965,274072.52122696873
1002352,656225.8224853118
1009912,577554.500416683
1006489,484412.5728038197
1006486,204180.302676805
1015969,471535.5778272669
1003230,299467.3952480803
1015402,935065.7637312715
1017011,374315.8204190739
1014840,352446.49192553555
1010562,715688.653482217
1016482,338684.2792045201
1007354,968124.2874913181
1012012,397827.17369751015
1002743,310144.441113431
1011021,484908.6267885331
1010011,455736.1591254211
1014796,305452.70882287185
1009596,398595.77298229723
1002405,498507.5370865548
1010908,311263.47707758285
1002238,670888.8598531528
1003007,696043.620373066
1007926,374527.20874083455
1013435,396000.62865028414
1016548,282501.30271993706
1012259,492578.2886203061
1005500,169908.87294619688
1012419,643331.0325673134
1005417,362362.39851501974
1004587,617803.9670189718
1009692,338378.5150698777
1017208,453425.1900776678
1015031,661824.5303436393
1010838,397447.66580436
1013088,456935.1704028131
1001503,518501.3736308804
1010830,575452.1411830037
1010755,351986.6260010484
1013262,398838.3056129683
1011864,529924.0320905994
1003402,429826.8259744282
1008842,338895.40088494745
1014356,440736.7531038248
1016756,681634.2427024484
1015420,291168.5354266674
1014136,693081.2710333111
1014552,338689.69400663575
1015749,490017.58913731674
1006882,380234.3435491201
1001201,345182.4606664673
1001486,394391.3247451916
1002885,375033.038316619
1013491,367060.6062900933
1009315,243081.29429137183
1012421,381144.8228498865
1014457,485409.8524093552
1007407,402525.5211800693
1016917,636770.1986521989
1006089,508089.9091354357
1002409,833223.9818050389
1010909,259023.95562674923
1013157,613849.6573761828
1000296,573650.155165276
1011966,603121.699124144
1016403,346933.0741387549
1009290,260302.46982759252
1000795,406290.1107139678
1011396,370579.5401492274
1011016,307566.847755595
1009732,415438.0775130729
1012504,305576.56924382434
1012010,649138.7744151782
1001876,618441.3704590732
1012351,477429.786252694
1013511,414969.4319304624
1016066,638390.6957800161
1016227,689337.8527756666
1016764,612374.4831233827
1007002,419695.20662276674
1007871,500361.0782872448
1008901,606155.3788273826
1002135,503121.72152240854
1016502,815168.837043413
1001586,678766.3488996696
1002916,370017.2547998211
1016629,286279.3942120173
1015464,478406.95675650245
1001405,285454.0464155305
1013975,684454.2496311745
1004124,233126.90137013994
1017064,436704.9575961083
1014034,680157.9556299592
1013907,623878.6941043979
1014857,414172.2525480978
1012025,422594.06951080787
1013023,640934.0855478111
1003086,328209.4198217871
1015003,781630.461261465
1012972,212921.1470451302
1007278,545206.9418643622
1017157,239971.88357283297
1006315,322825.2396126678
1004859,502498.04653993866
1009581,555231.5494683156
1004045,524332.71015178
1017544,631272.8625416785
1012210,315808.4221872441
1000606,805023.5444068477
1005502,449691.8435359851
1015581,550513.1958664021
1003629,392406.51230389386
1011921,716749.161938004
1012292,443636.2417589411
1006416,329194.76503870165
1016747,279530.7391373265
1007325,923713.2499671013
1011206,433051.0419953055
1013492,778255.6020255754
1008247,648366.7538619562
1006717,254421.01222839064
1006273,443141.9295947252
1016804,422994.5890255297
1005181,410297.195592581
1005465,381135.8260090297
1017408,356263.1688552271
1017258,851640.8600300093
1015677,446952.2263844199
1011052,390033.9466092162
1002300,712677.725063635
1005655,539652.8301005992
1015882,737459.6848318432
1009129,529629.815347126
1001968,455217.51063681
1016014,336349.2437655031
1015914,328340.16399791907
1008109,417860.7366858032
1017285,604742.1134397783
1015548,604595.3797588663
1004612,328540.3883554131
1001356,1162063.6017143491
1010515,448262.00419652986
1017590,664042.3423436555
1001529,502841.21810805786
1013190,284890.7471228872
1009474,407442.4339358471
1013931,468667.27970220457
1013446,296569.7108869494
1005555,742105.4132433976
1011478,439901.54049199837
1015124,667632.5741184598
1013034,666046.2277282303
1010484,720464.779339741
1012969,646996.5919446438
1011266,712093.2685333561
1010430,551073.7493760814
1004193,426083.8820427556
1016084,447035.84883812175
1006520,449318.17243976967
1011861,238025.46530350344
1007610,448103.83247373154
1000560,184518.69332896912
1007860,302943.6025910825
1001783,303823.70725106826
1009984,345622.26068312704
1009840,229971.3267875218
1012624,505398.3801178769
1007660,476693.9366688311
1008881,377607.9737206549
1015558,175653.1088609973
1004759,607739.1397614594
1013509,485032.0993827252
1010772,627033.0993110111
1013532,411238.7433595293
1015312,396414.1438962559
1010280,380585.3854340837
1010282,594224.7093762669
1009615,260848.12731364954
1003451,585955.1023394602
1015859,580772.2549586354
1003275,351973.9205164917
1010901,262662.8160272459
1002853,334772.5684363935
1015300,375515.22082938824
1008669,709237.6486677452
1015731,477037.0701602112
1000579,299048.21589200536
1010169,405286.63129176985
1000343,485976.89759248035
1009809,1063040.1701338443
1009967,555808.3733047113
1006738,454011.6205950035
1017046,528446.5326104426
1004716,547141.4292513845
1003523,179539.1991331184
1006091,442896.4110174461
1001667,696216.4414604871
1013493,790765.58321462
1005488,517434.7900801075
1002138,456579.3123048957
1006277,572903.30751941
1005387,538547.5962349082
1014290,710494.5692147331
1003448,635681.5468992521
1015620,260650.1846641182
1007454,648143.3363953738
1016336,860325.7214271398
1013643,572439.7022385821
1009837,500808.3293495777
1008043,924129.4170819707
1008329,682430.540577936
1011625,1028716.8433184106
1003539,322372.2505027048
1012835,332031.5543207115
1001636,608426.7723045056
1002897,386715.89823928336
1016265,443115.215279209
1014076,737683.1479546777
1002319,498587.5196761393
1016772,352923.9079065136
1015392,749681.8997184254
1002447,416667.1365610636
1011488,285381.45473886526
1010259,328468.84777286625
1013459,378203.83435113344
1009177,386449.76528350037
1008232,815050.7536640816
1001435,528262.4308570122
1005608,543279.08819108
1001349,550381.9026317601
1014218,619181.5339285674
1005035,388607.3649771622
1003553,542178.5945879216
1005754,275080.4456945817
1010071,367389.70396872266
1009534,649454.1028779872
1004500,378730.9697859721
1000821,212901.95592578867
1002686,506053.1261555027
1011647,413903.9903970383
1002321,309765.4640451551
1007788,355587.4858093407
1011334,615150.3224625252
1006316,448665.7484159423
1012873,338164.692996458
1011271,740975.5488210005
1013203,419294.40682554507
1004324,631755.0316044556
1002825,682640.1065627338
1014407,378580.96357059234
1006284,505007.5926859831
1011176,356107.1773975702
1012029,457586.91387019056
1000206,392102.49928544916
1006657,478357.75215669675
1000981,353455.8887506868
1011729,609191.1483076198
1012874,299185.0834816592
1002176,424667.95674561657
1015667,155630.92183089102
1003209,743168.6405692274
1014362,421153.61195569
1000723,438411.00202380423
1004413,410564.10100053647
1007200,751939.9123530332
1000818,263518.9038348042
1014183,345373.7296708683
1015761,523180.7352753926
1015175,313858.4762897243
1003222,300102.15949497843
1000971,387912.52090895054
1012203,211468.48666698835
1001595,416295.99191471486
1011110,677519.6188509132
1002668,528662.3684071068
1002828,542353.7001208973
1009305,657379.3314449695
1002575,598210.1329990411
1006474,412546.32565545215
1015021,518622.0100205148
1002007,544384.862796655
1016557,432916.7754560546
1011504,505235.54211671173
1006300,809812.315630932
1002509,853662.5812007105
1017033,461738.6982063044
1011227,607599.7240224872
1000433,241727.1497439307
1014521,824138.8262328812
1014789,198491.91274056482
1015881,415367.15856857755
1017055,818937.2581882038
1013055,333019.2901234585
1014714,581307.8452088353
1012866,401036.6293003507
1003912,301219.07238127565
1001910,908375.9522403107
1010573,470495.7953080571
1009040,266534.68166150607
1006050,246608.59181764757
1012937,363653.62434323935
1004176,1009157.0265341973
1004312,449573.82680701267
1016714,307790.67074836954
1000252,433482.26062578213
1006454,635505.1948293796
1006838,358009.86153718195
1001643,587491.9316673344
1009043,415556.693881842
1017040,562271.2103129945
1014064,497945.726357494
1002281,220088.23727086172
1005366,377150.5561877115
1001467,293952.9052147948
1002068,491045.3820344449
1011186,513546.6567737281
1007282,599835.977809741
1008488,329181.3318545618
1008969,424123.8548024891
1016075,412090.9643130528
1001986,221378.3659690047
1015211,397888.3628124817
1010323,1041483.3216792711
1010191,797799.2722746336
1004890,627788.1679286245
1001036,649100.71940158
1008168,713994.0969100901
1003713,834409.550364304
1010581,694399.412454123
1013436,485067.6311029923
1001922,479085.14931566006
1010119,958129.4965960932
1012609,594494.8375306058
1001087,715882.287202727
1012596,957096.4748796192
1005634,544454.0301570975
1002938,443109.5485261107
1017461,840747.1783172527
1015894,377359.8321829617
1006166,330463.18547298526
1001494,476964.68684901716
1012168,382704.1730253716
1013921,435798.83569302264
1014747,454459.37264584115
1017504,959851.0450514212
1000766,691132.4289557086
1015603,190863.57619188965
1001089,290348.66526436614
1005838,430041.2983432113
1004334,316662.8764884332
1014810,349263.0597624766
1003211,501629.2904599542
1008173,490489.6606055859
1010439,280682.2151469615
1002064,637242.4008110907
1003325,414481.1564962612
1011213,700596.2726781928
1015291,797080.8898316046
1010974,305951.19056311913
1014955,476339.8063849865
1000312,493780.01703464624
1005219,405079.18198758905
1007217,557264.6147458849
1015542,485863.1716436172
1005274,302078.6289277539
1008316,253673.47461789724
1006180,319839.23156253446
1015463,665798.2517607729
1003905,366890.85418541264
1008760,196525.32042284685
1013170,311455.0313062672
1006156,267580.33616961056
1008422,629084.1469423191
1006142,673065.2427156934
1010287,455889.4536223116
1009461,195753.16484614948
1013748,531071.738443575
1017570,320319.9745063523
1008286,316275.44089347887
1012453,287160.02906653745
1015999,264778.34290632774
1014266,339896.7273901177
1016891,464984.43180634885
1000155,426526.12745699025
1006567,474949.1641470596
1017367,793099.5749582995
1002136,331297.8338543068
1012558,342037.12122255174
1013498,727935.3494051113
1008268,309458.3181570828
1005389,491849.54642137774
1004908,488759.91015702364
1002657,451868.15418985044
1015708,865444.3320600205
1016176,318692.01570595655
1008912,425161.44635185733
1009974,816945.0578535543
1002021,509349.65414632106
1011376,566164.7407459372
1005050,995280.211602545
1010170,439902.3809272674
1000016,655532.8216769996
1007824,456631.3016891071
1008850,705886.4305271556
1013415,249701.89530331816
1006757,380872.06421945104
1010356,277386.11129320634
1008163,701360.7869277088
1009330,502816.72489321505
1000118,424810.85246962775
1009690,464549.7540511353
1015099,874646.5113220871
1005980,741257.9616443758
1004418,339500.8146758645
1013112,253293.09395155104
1011518,119964.08282441116
1002338,439418.93457562977
1008013,386146.21050730656
1012082,550099.1052671359
1012320,469454.3279254148
1017322,459709.39352746174
1012859,546107.2741599218
1003095,159213.35227001493
1001750,369317.7146525013
1016037,550983.7039037761
1010055,262193.26654600416
1011145,231365.19458517912
1006497,598841.3764058005
1002233,508458.5198970399
1002674,337236.10396331316
1013478,389984.4780635464
1009853,368612.2304259334
1016376,222301.2587556432
1000037,394373.0521689688
1001913,255377.44912938512
1015050,427176.5046779854
1004249,365350.02742205904
1013866,557700.7909125183
1000869,447275.6383926498
1004125,406161.10588295135
1007320,173768.53443775803
1014928,371200.7482431633
1014567,790054.4695320374
1006892,529745.2308291837
1014716,370298.94955922925
1017181,632740.1109947152
1016684,863298.8085339364
1005741,579105.434889599
1014460,542660.789853321
1000721,455393.06363984465
1010814,377498.4540280918
1010225,234387.75090829498
1003241,1386464.6247220973
1015041,199242.01637965016
1013129,607009.8650792274
1011555,229397.23176788207
1016250,421688.66594316857
1017038,1065175.9374909285
1013374,428948.5363225459
1010770,530003.455753825
1012588,515142.1981868014
1012106,468218.5851469468
1006909,736929.1736276598
1012597,149953.05690891502
1013763,610339.5638797104
1014967,366376.80937500315
1009166,381009.6502872214
1014428,591068.8696503103
1016498,500548.34322622285
1016745,430094.07960576296
1007431,729091.4785186797
1012575,167794.0555170727
1016159,523352.0720812611
1014122,416742.3534981281
1007995,672087.1636507693
1012892,578991.7474990655
1008334,467526.2412207704
1001071,642680.5255719216
1015141,299658.3304493919
1005245,765355.8334428126
1010713,319754.6234372423
1017191,283896.19424256205
1013250,322023.907741706
1001820,457702.66447523626
1007817,454876.5265741518
1008999,349953.11170434084
1009352,453267.4789253639
1000362,312751.9845820645
1016277,214244.0974545914
1011879,434109.3328909502
1013629,186787.16902593183
1000657,1033515.9384607398
1010412,370352.28794020094
1013717,193413.05315776574
1017374,404370.9259001222
1003340,543428.909440206
1011031,677200.0096074964
1007484,1305727.037945493
1017390,408899.7885775548
1016715,758702.6922401432
1016509,626128.4890708501
1011708,860289.2648558051
1015643,447828.9822287809
1013996,665688.2288825205
1016120,464302.988959622
1016753,284304.0101574834
1013805,985953.6760835671
1016677,578230.5149845604
1007180,840517.2308136919
1001816,844195.6238064155
1007855,1182063.8171867975
1000335,323579.15278439515
1001852,755321.5904119638
1011910,284244.5325865621
1003106,315202.2580949541
1006842,198743.1167140346
1016853,458298.94608585024
1001882,620166.7210427679
1011338,370509.0816844988
1007656,486651.4069738279
1016975,653681.9141626256
1004429,513450.2089323657
1006121,426772.72233379
1005751,282009.57223187876
1008344,570270.5574952306
1009322,425393.02821929863
1003886,803868.1028019014
1013043,639426.1927441142
1004255,465507.5836154082
1010200,521714.25138320954
1005507,801231.7314346056
1015280,616505.5936387678
1007551,549862.0899896565
1010184,250221.7243270917
1012501,521297.4423508449
1002356,279425.4143534786
1015018,270835.21798058064
1012002,434996.9480525658
1002165,524987.4881585543
1004946,563514.6603480767
1012174,604728.2756626717
1005937,692640.137781614
1016564,345858.4262126583
1016644,370917.4304797578
1004268,857426.1811713564
1003928,818974.537609636
1002045,520222.3362257024
1006490,468020.44046570756
1004690,514452.43674879364
1000293,483594.12052310613
1001255,417802.3196911337
1010864,344632.19337827346
1004409,368953.25905877585
1015155,561319.9343261953
1000411,530215.1296625817
1006037,592471.4681454711
1005769,443076.6876919287
1012577,553547.9425649862
1016096,429577.6292947689
1006332,712667.0657450617
1004611,409940.82609022036
1004388,443320.21524630603
1002119,985599.8749223774
1016205,400825.7910543098
1004729,408415.9547214905
1004164,437623.17743501667
1007980,377965.77545392775
1011449,323242.40771242464
1002750,298938.77933637577
1000718,469939.8148714208
1004252,625210.7958115758
1010759,372599.84069662285
1002460,531275.2088401875
1009542,267207.5608248401
1010622,592392.9600493475
1011842,578502.3687117134
1002362,567864.5976859133
1003286,426562.88503355806
1004104,902955.8881210044
1007568,426205.70209792774
1003125,666983.1176422196
1013058,413849.6394640803
1006122,540326.2771229718
1004699,558059.7691466262
1004481,403662.5194023034
1014024,832424.1428019668
1001334,437246.4123945861
1010996,523473.1193839237
1001132,314803.0470730678
1009445,558196.9032838446
1009798,267075.03356300475
1015803,354372.35144094244
1008677,305807.8651840392
1000608,673687.880341967
1009500,586313.2658649412
1004710,693416.3976291786
1006406,252021.82464936582
1014496,670501.494646693
1015567,236410.69612663297
1012220,340322.08167703747
1011256,373494.7713889778
1008256,394016.29135055724
1012571,529903.7076615487
1015978,394200.1710251701
1016173,243175.4574245482
1008779,399247.97063496715
1000461,656035.2954421702
1017094,649778.0289569746
1015010,193223.48326476192
1013454,538544.5635178854
1016578,443546.78898892424
1008206,406195.18011672015
1015868,321174.440052495
1004893,337587.6315622458
1009404,626333.0779509073
1000154,742445.5529425505
1007252,217393.82629039916
1002008,465397.0747747101
1007586,433606.69043023593
1013660,744950.5386637116
1004239,441889.60181477346
1004635,576686.0645856028
1011380,481820.37441733514
1016771,378544.8591571836
1012313,384456.005050145
1014182,510217.6345005058
1002348,647021.2783821505
1012519,371282.89130708296
1006480,487137.3537898875
1000143,379200.8456697944
1008576,551278.3548356873
1014949,199246.10334823088
1011611,433699.01418588555
1007607,884518.5025820583
1003887,359609.64781249344
1010811,496430.5850652977
1007539,468501.21193733474
1003103,414543.943243755
1007890,769746.4816008455
1004158,511011.45254732703
1004746,330905.95429718395
1005881,735217.1999144133
1002307,453961.5754312932
1007126,184630.75725856717
1014620,607758.2464074709
1001896,307219.13373395154
1015494,512544.6876079168
1003852,1042371.9394088392
1004709,299074.3028135949
1001126,332890.88114160014
1009114,439633.1723467711
1017193,490321.5296484746
1013707,302923.19630186725
1016777,380737.00553670444
1000450,369299.8672799766
1009498,431134.7394016606
1016544,581564.5295416865
1012196,362674.4632130346
1003899,395688.7390788454
1014741,789208.7241380211
1005878,256128.00188571136
1005263,616242.7059521198
1003861,424504.3698069044
1006074,474098.0265144466
1001359,185764.2710516479
1014807,930726.3778525469
1008595,624812.4708481756
1011978,401031.9151817082
1002214,1000356.0563529566
1009000,513760.4513160682
1014379,483465.178440429
1009602,310313.18671756197
1010832,414046.335702037
1012180,878222.3089358025
1006548,371284.26415298297
1009126,577519.8839428247
1015592,236142.41723280994
1016989,544286.1911723437
1013853,771699.8375883125
1017224,741164.6174042023
1001616,509323.9763794567
1006319,607404.9360980766
1001034,462891.3168095228
1004092,594928.582973648
1004578,293932.7162120826
1016246,431122.19840170955
1016136,400872.54727125587
1007536,499604.3208904955
1016281,192200.95253188524
1011109,432549.7716987077
1017006,646914.0852537614
1014995,392781.5617902857
1001651,348489.40444897494
1013555,386651.8506083357
1007948,513824.3229176481
1009833,477052.12661517056
1005737,574735.1027988383
1008803,442115.8519898669
1013704,521075.24852880597
1008511,307045.15269198385
1013375,548897.2083914859
1016732,359547.60092992143
1003580,1086824.6862153185
1000397,481225.88629078574
1003787,409903.6270079328
1008524,486274.7089533705
1012377,418522.0555629725
1013442,344904.8867756159
1003280,431326.4508983358
1010498,210379.36033263846
1003405,755603.5644213654
1017546,469329.6882889094
1007841,631458.8301598105
1015522,888430.6134177163
1004254,413071.99105967267
1006584,424836.69021285523
1000808,287961.87255566486
1004966,565347.2877931921
1009997,914776.1811596961
1013526,654464.7330339943
1016653,302994.7284603732
1011659,386425.0095584834
1002511,855654.0016999517
1015711,905710.5352131978
1004307,360829.6721808947
1006707,606405.7873538632
1012751,323367.037241648
1010960,377773.57228751056
1009026,213005.04155820745
1013603,903444.9307524059
1013732,338463.1993230423
1000109,456039.91543204803
1012638,474540.9170940753
1012069,380522.57663132076
1006883,513076.05786471226
1013340,442857.4646646416
1003386,122663.39109788182
1014957,350141.349235628
1002337,608559.5454098266
1014997,906479.0474336917
1003710,814671.6409844385
1014528,409300.14964143274
1013180,589770.8221345374
1000728,277150.71727766265
1000691,338689.69400663575
1012472,307678.18066021794
1009532,546559.6310663874
1008543,433219.37074663665
1016199,498543.47465878597
1014665,495249.6599106828
1010258,724183.2000724581
1009628,394628.85436102806
1003686,268545.0225823604
1013269,605442.2544544858
1012869,750426.8263840744
1008459,667663.5904901564
1005919,217163.29697550854
1004376,1006414.2752455603
1000328,593090.2164158432
1000157,255111.00619921766
1014660,661783.2403410801
1000772,674606.1753740731
1012288,269210.00288027484
1014021,790449.3204353771
1005214,484917.65295481577
1013713,456736.5130798721
1011234,453123.4042641492
1007584,412162.6545874235
1012769,668662.2410231956
1001179,816873.7333497566
1007020,369866.2882973959
1014738,648835.9518054351
1000044,265462.1620407097
1000767,449012.9447769546
1013916,420931.72681006166
1008994,761970.5382014365
1010880,846985.8890642799
1006066,375966.8490241935
1000582,254049.50737745228
1006388,620526.5190067925
1014066,659510.6774718349
1003975,486600.8482471969
1001861,335052.36876075855
1007207,574079.7141550131
1012652,376910.18442995835
1010938,497044.8747106761
1011566,1486746.4163272604
1015802,416591.0994297538
1015012,553565.368012421
1016823,598591.9508768099
1004242,646308.1456653334
1004205,715063.0920523184
1015362,340901.08305212035
1000932,693668.0859399139
1005967,466122.7485127829
1016774,395344.45381553157
1013579,763128.1782543338
1009784,556726.5113174377
1009862,310108.2579766586
1011407,343304.59488291654
1010376,710350.2201076484
1017306,1102085.036709612
1013131,653461.4613812978
1005806,328220.77616580366
1002646,569321.900943177
1005393,306278.55858301674
1005416,481100.45816440193
1007664,385172.034520978
1004365,472868.6643250135
1013619,698823.8736213036
1015139,272665.7730331908
1011805,414737.25525966234
1004097,296688.897842779
1013225,313758.29545244755
1016149,287499.1310347576
1010796,419673.30670484115
1007734,875901.7735983176
1007119,337240.1918377641
1005207,273296.3542571801
1000948,195442.75222717153
1006754,570694.6261527874
1004019,607172.1962914212
1011774,1081689.7342402136
1007274,712255.8195342405
1002084,368144.5120281567
1006341,598282.3800338575
1013469,451849.6642243548
1005828,605655.0589107207
1014220,568001.5962273291
1006814,370549.6516276734
1013061,525794.4043404065
1005498,524575.7471304203
1011983,414163.1349435339
1005100,587802.8673544124
1015526,318583.668920901
1011053,309963.5255671413
1001410,650473.4608695507
1009023,321149.0834375134
1005620,1201758.5522540587
1013266,309910.5923880199
1010395,483698.47599776665
1005786,449948.03470900963
1009621,767348.787983097
1013267,649353.7493095325
1014763,339533.42644291103
1001953,386319.8599729653
1007359,734299.196656003
1015830,544019.192598281
1003717,512110.03065291786
1001629,428590.64099754253
1000100,255114.82188708722
1009197,646910.207724732
1007627,496451.1385665864
1010724,669213.2510262217
1004958,773708.1368190306
1005514,310637.546562871
1013256,705920.2687135325
1011945,417283.3218795382
1015340,479554.5595564357
1007501,523502.3123189126
1007288,471643.7374853217
1007024,562393.7858895742
1017162,450293.17645600444
1004925,433310.63296172646
1010262,509204.601340358
1017082,385836.18366905913
1005091,399634.2092060717
1008764,395576.4237231575
1001085,395972.09726722457
1013431,564489.498754978
1001970,572784.4640857393
1014837,616428.7944153188
1010725,401010.9077264754
1008762,268632.8972732754
1002304,559237.7344115818
1005708,385573.89120974176
1016978,379836.2975115972
1003457,489942.51595683367
1001151,337410.6380354802
1009750,434016.50900273136
1002100,279140.61888582964
1007803,660658.0710604973
1008568,352290.9966560755
1009478,378972.34647669335
1016671,585742.7740549438
1009610,614429.6835272742
1005599,519646.443199967
1006658,739891.9680276619
1010414,334205.2886070502
1013481,303422.0812048312
1002005,790024.8815442405
1012386,324389.82851483003
1016215,610448.6250437903
1008566,400403.0538906835
1012932,199078.40012364823
1010140,315026.7831315091
1017139,324001.5711827519
1013488,505603.2440174636
1005727,835335.5533336465
1012316,384883.1434133413
1011976,411531.00114343077
1003768,384729.59100658516
1008016,516362.867903401
1006062,945474.4090466343
1014503,523274.8214705074
1008956,627765.2922186907
1001642,331081.7310841573
1003645,448795.2348868113
1011920,660306.8037437275
1007992,495230.17380142846
1001468,386950.2969652661
1016939,649960.4509809909
1015029,476122.7498043868
1010040,772548.0747309403
1009348,474312.6777646223
1003503,398200.61513440084
1013642,484096.3923941475
1015038,331966.450887125
1010162,564348.8429354731
1004263,392826.8395274138
1006229,387058.2339993588
1001773,324111.5236530534
1007929,384863.3892887454
1016887,430307.98497283243
1001299,365673.22434620885
1012535,428855.86128576926
1000874,288814.07759447984
1000245,389834.42600524786
1008532,465821.7733031742
1011437,807579.951457556
1000763,296343.27994353295
1003703,900349.4974866459
1005401,593020.4249360315
1009296,243511.82491413993
1014820,467129.27973046724
1012797,475144.1641559315
1006207,518256.20964241104
1013094,238819.83900336426
1005768,587363.4658409439
1015570,642049.4956591936
1013136,456410.3052811059
1004250,271061.89510797744
1015039,390163.67355389206
1005974,463214.97424689826
1006287,500031.33963710314
1003431,273496.7874344174
1016397,680785.4240426745
1005940,344142.39958162094
1011503,511901.22336420603
1008515,610762.5991792186
1004056,352730.65913991
1013807,291075.0614444902
1013886,439713.3434882144
1009900,400763.08874206664
1007638,296441.26481313707
1006689,243576.00978581118
1017084,439518.00329749135
1013257,754545.6406222581
1009256,682403.0736080501
1004609,1217875.6796459078
1012302,368744.19872684835
1001952,430592.71964412485
1000984,314905.9782690385
1013847,495291.3160833269
1011062,317914.0363022231
1001398,432004.9104196056
1001700,715094.9157920656
1005677,379554.38095171744
1003471,257153.57217376065
1006031,553076.2640429082
1016531,483337.39993920905
1011742,330753.52159520384
1005055,285774.05642002897
1007398,489043.39674731856
1015182,348017.4265239995
1007849,328266.5516154599
1002349,491501.1460676464
1016101,560859.9202264915
1012562,232036.77218393463
1004985,635370.2868923278
1000416,803523.2345667686
1015783,289402.9328863021
1017403,307191.3632467454
1001228,661337.0054178534
1014878,390547.1268570777
1001061,436387.0007701662
1001904,534114.8434139084
1017073,679656.4644297969
1016729,339970.4542101078
1014977,369717.86463476374
1015632,317192.92290169274
1003089,676892.2639134335
1006170,505007.10102671233
1017119,491118.39629563846
1012623,286480.4215257039
1001163,144081.53983169395
1005525,396691.2565494133
1012552,398928.49746271875
1004674,622368.9937731442
1017410,249801.02529773334
1000694,664517.2371575411
1000526,416080.35586053773
1014431,277201.7124281823
1003218,308332.01366139686
1004146,553567.6168516537
1012229,776027.59216337
1014134,197150.61967026512
1009163,965172.1028256291
1003435,722055.0886263128
1012096,414599.7757359183
1001943,604770.1541656926
1014195,218798.93767897168
1003314,486679.3524099771
1014646,595508.0109813141
1011561,421618.1763923523
1011584,787897.7189795965
1011897,1414304.9699734696
1004345,675128.676076631
1017292,275075.1759101137
1016323,443373.10964777716
1012373,249679.97392725231
1012697,519729.32397882524
1006342,295855.37423669297
1016405,558595.0192539338
1008710,736647.3661747611
1005280,275666.83868602494
1007930,327353.2617716025
1012826,382848.7344867082
1005729,277062.48014714645
1010438,656134.0808964459
1011995,901523.1153209873
1007905,349441.3976242904
1003881,439208.2336952307
1008720,328949.4686036895
1009450,400957.9453908753
1002520,318255.2014072664
1003309,298502.87039794604
1004306,321664.8148238234
1014125,396459.97723391943
1014347,534791.6482535185
1008119,444426.2886150427
1012654,360001.418145124
1011240,1038607.5241188486
1002278,386827.9773094905
1007595,300200.07533379295
1009691,482904.62475805514
1012122,442268.0266436644
1011451,274778.51892892056
1016018,323360.87648337445
1004990,448183.24516957323
1016069,468839.24582496315
1002204,675462.9894694621
1010375,415876.600653487
1008638,446781.3095959112
1014953,453153.1112055488
1003112,435889.00429741526
1016596,592395.4440966379
1014942,629736.9947866637
1013957,629241.0015546083
1007861,479643.50570347
1012159,641658.9454201453
1004350,685481.0015642848
1001248,625955.257173099
1000043,262255.14177094866
1005731,474091.9547282066
1009031,464629.2140937166
1010486,341494.1440180159
1005977,277730.0111168295
1014593,863830.5903061243
1015164,239087.62045913478
1002728,431191.4664882548
1014963,312341.20471640537
1008624,482114.0057300569
1004416,459446.36530822626
1006605,492170.4728993173
1008391,343558.5421219861
1003699,497631.8149799255
1006167,526261.9765424244
1009694,773607.0442592824
1009793,897089.813611861
1002097,483463.76398313267
1012000,302254.9063972224
1008506,750397.4489892558
1008777,434814.31622698484
1017404,348087.5160454901
1016603,714121.9299744944
1006383,204899.50580922325
1014688,333024.303118875
1011777,459779.44133623986
1014775,655084.9699549263
1006301,344696.67127878807
1014022,454581.2944139153
1014925,356287.0053093783
1004509,313973.10973482864
1014572,733892.9144098177
1010719,321563.95323961816
1009660,463474.47358862456
1014273,372548.18497285276
1015938,476851.9212015587
1017000,371671.49300901685
1012202,327595.32131299603
1010068,139472.95007928598
1017204,442648.0311148277
1007747,335075.7281980017
1016685,996718.9755139633
1015177,615138.6336584515
1000447,1018060.3181239932
1006310,676120.0203154117
1015235,251499.00077352434
1001430,355710.38165045646
1008102,722181.2234371972
1011690,468388.83793485275
1003024,841501.8976708153
1017566,390195.3372432083
1014306,633151.4114036146
1002498,725476.8348181633
1003991,641825.4493171282
1009064,400046.8876393182
1004572,432015.46935014403
1015005,632439.7034105252
1012589,388658.5911737072
1013443,369438.54238108866
1008891,177865.33027643576
1011829,196640.22851726707
1006621,369910.3550709781
1010575,159655.79772081017
1016787,538346.2742038965
1012940,530242.504951633
1014176,490166.2555613778
1005746,302429.7013814894
1013531,531528.2603591635
1005753,405698.0318215519
1000391,523406.1200550754
1001147,291734.902538324
1014498,517473.7189303308
1017027,337506.97782923095
1012440,505012.61841461755
1017335,202260.75875598722
1016218,253892.99907702007
1009978,484292.87007281056
1011120,571180.5164948464
1013162,548478.568523638
1005580,209105.94078609988
1000590,558672.729586488
1008032,486786.7304852593
1017316,788345.0344504076
1002424,489642.19574192254
1003157,187981.658800015
1008801,326636.8071386018
1008683,445123.5220493725
1003813,478124.79200879356
1003614,802321.6784716051
1000855,532224.3666336427
1000809,422501.36134391004
1008844,478959.07304717926
1013540,567049.185361699
1002430,885779.858587412
1001613,370533.2778603066
1006867,523011.54622066434
1002702,553794.0896866511
1009193,419337.41828368884
1002306,239630.88831145436
1001425,223894.82401040703
1000966,141058.05622133677
1011356,252246.29180853078
1003163,410569.08358210366
1016835,310500.51122459007
1004645,298647.9838804144
1000294,431753.4838458567
1011686,643613.6365398299
1001115,467903.9169455397
1016260,387720.7510219672
1009613,630958.2652088505
1017287,525142.9425673124
1016089,509441.00380309415
1016353,384400.1365187318
1011317,402213.13402824546
1004444,572928.7905940391
1009740,623567.3798484191
1015958,332937.10944379837
1003511,1055399.4677147784
1013497,419447.1238193194
1007729,331984.19941288803
1004266,647931.2161406963
1014353,603336.7949462013
1004598,700804.9721170595
1000644,290672.07463688485
1015885,403824.9520812762
1006991,486773.25933079707
1010202,441856.1228281401
1014479,460076.4971453414
1007419,754557.4152857059
1013155,462766.3317426045
1005210,919159.0879571369
1009042,651251.1939467647
1007719,573199.1368664403
1006182,607532.5301017063
1017152,210111.08538890924
1011797,868451.1155508751
1016678,548826.115845231
1009828,558637.9561643659
1002042,465762.76434693806
1008667,822172.2373550702
1009224,358652.2014246731
1014487,174117.63212628834
1015359,564822.5189382609
1009153,957051.5048036055
1012098,526618.4367444817
1011953,276668.28125516616
1008494,239278.24048083735
1003040,421329.45287350734
1009016,409478.8679928859
1006655,608240.0392047117
1005638,476647.92696042074
1000123,838446.0165779822
1013860,538839.9062939994
1004553,412759.88253285
1000673,522227.21133758087
1003932,354581.53240351914
1005821,590104.5703460053
1014829,537127.556742305
1017159,464880.66454000823
1011673,580967.0054375369
1009511,439361.3809210835
1009280,280632.2172068102
1011007,752952.1452450373
1007974,377371.4100809422
1008725,482609.2215184475
1000426,637972.9387974796
1003335,584567.6006919331
1006131,656288.3861761973
1007485,730525.5061373512
1006557,832543.8165646056
1007570,543585.7979573534
1011656,467064.70154184743
1011750,305001.92766117054
1017043,281950.77711697685
1008397,508435.750046307
1005744,294072.2863313904
1013966,531576.6142699223
1016350,825602.888559169
1015718,379712.10336440784
1004446,670306.7003503125
1017429,421535.59792787576
1017216,520170.9241843039
1010917,553896.6127611097
1004574,643455.5964111775
1000849,504815.24482708966
1013270,530021.393074457
1009962,589911.7657485476
1001580,348745.9682089633
1013823,291682.9088392985
1003565,476762.51345400437
1005239,274249.7547619263
1007296,435624.47398936073
1012582,223356.67022313605
1010397,276390.668277752
1000591,665783.9523481694
1005490,503300.7379763401
1005624,1039751.9588728434
1005022,701022.3590129025
1012290,441522.8877396593
1008921,678099.5163618956
1014475,316043.9330567778
1010644,712538.9115776011
1007738,247803.55725433532
1011961,257261.3903019252
1016646,596194.7018923716
1003407,298798.57577889884
1013723,355814.85065374937
1013977,513589.68868329225
1008337,720448.9530879947
1008105,388423.0821775063
1009760,246318.0436127615
1009560,464091.2190228154
1004461,431832.59876030346
1015036,379192.2431311415
1010778,556165.1508883036
1012399,340322.6179912312
1015754,273385.50172618177
1015599,279651.657579778
1008737,519925.1305402359
1002774,637532.6906805693
1009954,518780.43748629553
1003993,447205.8517095073
1014280,379376.55267006275
1013286,918937.1861630683
1014768,504505.263142272
1004212,444065.30855736096
1011096,901308.8745052471
1000750,333373.32309480075
1006614,294693.0038026343
1004570,492918.92948215763
1013504,391386.84573059593
1000846,622825.469666657
1014569,259937.60279696083
1015874,398296.6221062006
1001978,446801.95350255165
1014968,446495.44349671353
1012458,448018.0951971169
1012218,622061.1055272173
1013368,450055.5299197975
1008357,537760.5702368256
1014737,514658.4544633735
1007067,561154.9813827928
1013631,273409.81829963444
1002842,385837.1202478663
1008060,629460.3863768628
1015452,298298.25108599965
1009889,501320.5147662622
1016902,352510.825837316
1014344,751683.6863116113
1016527,570765.9326457498
1000851,567430.782897907
1007295,387710.98183223704
1009363,339198.0844365297
1014092,256711.91610263957
1004471,352074.63685660757
1008826,692932.1178404051
1014116,647044.1162076602
1013842,918508.0393095539
1015455,403911.44107880443
1004443,256903.65450628652
1009165,748360.5770452642
1003910,281681.9824421217
1000837,665766.5074906888
1012908,809993.3165003014
1003481,650598.1704733869
1017232,412396.5723983969
1010886,348115.2860858285
1015320,235205.0600078402
1008503,517913.3341242676
1006114,555636.6268707939
1010009,532247.2038914604
1012669,335064.56900092494
1012296,575935.7870938026
1000048,501312.0802786075
1003665,688344.9684221277
1011762,433474.46513828094
1003864,482127.0515993925
1013172,577259.3878098327
1006885,379663.64673170145
1001388,525350.9445353954
1001991,457980.0722013258
1017549,170523.76398871397
1001961,465555.961451992
1015507,679708.2591792368
1006309,562621.8122577175
1004308,309794.6596673901
1015073,562045.2184929372
1010729,617687.736475413
1012308,610318.1349413635
1012166,761710.0567603167
1003631,1114537.885091316
1004020,734400.36558046
1002610,862829.5608432483
1004381,497444.53069357283
1009736,537907.0639766791
1002839,793572.8323475227
1002701,476617.1883157562
1005949,312971.4293557141
1001052,612874.8524580797
1004614,1043366.3813367481
1003189,560430.2482605431
1001621,741612.7208444214
1015602,543391.551788274
1004807,691484.7865686655
1005871,568605.1655596868
1011850,320056.3491657138
1012554,392177.6191278942
1002810,540751.8309199788
1011833,478603.7230659901
1000178,430163.8126543954
1000119,252834.42673041098
1014042,634209.8192035978
1005464,435193.44303277985
1005662,341313.88397810713
1007954,681443.5557592307
1003722,363371.46501799545
1011418,454819.8118247433
1006298,314100.39693068626
1003868,267484.7839579136
1003338,634546.6066491683
1001362,433947.3643874889
1010878,380390.8767966855
1010781,187047.05217101873
1006998,446703.67837825837
1016473,940857.1535298872
1014106,429731.6264446294
1014702,258664.35274476997
1002395,622050.559879464
1008292,142547.5067842974
1008276,499901.24721799104
1009565,657123.4532786234
1014263,644630.3388463132
1011760,464846.62886029616
1004747,420119.6890267129
1002584,380664.59985618136
1008365,277963.87877537543
1014123,413158.5185805933
1000493,238472.80866156658
1015617,749182.29838681
1005560,450832.03104643704
1003326,179684.32894744963
1004141,626279.072090901
1016856,523281.3901098854
1016378,1016230.1993471376
1004455,436639.11118984286
1003802,604917.6524226781
1007422,369787.6175026559
1006863,533346.7017627013
1014643,547728.0664322766
1013768,454408.69732840295
1007776,230577.15216728966
1013288,446076.87006194337
1015553,377950.21003110247
1010472,581860.1070400475
1012123,389089.78083407413
1005564,673452.8932593658
1011914,852212.1840947565
1000185,359550.52704177605
1007145,537728.4670645319
1004305,931239.9790587077
1016831,383940.78534294484
1005824,301862.7614770174
1014512,306827.8383901861
1003004,171112.89266293606
1016907,383113.0509193347
1011642,229353.99315698128
1017068,499318.75508868066
1014914,640308.3193061614
1003596,441583.67094187194
1005666,340987.98273014487
1006492,439904.7587337996
1013898,342591.99124535354
1002358,580065.5438636503
1011863,466575.48250825005
1002326,558156.2906416338
1015705,635773.1793049275
1014404,387733.98373513663
1010590,565567.0740955406
1005026,426489.9702491301
1013506,388819.3460380414
1010381,357738.2663778992
1015854,408061.92243240634
1014958,592843.6398207557
1003443,485748.51121192175
1015046,392117.5013141672
1008207,592627.9101129466
1007567,547957.0916797937
1007193,326843.33454009757
1016652,507475.30584925413
1010246,454338.84573368647
1016816,402489.03480661684
1012048,618868.5849524634
1012995,316639.0629567958
1008389,579445.0888898277
1001797,598111.073828099
1015129,375394.63386837224
1001309,768658.168146755
1014704,258870.69289173296
1004214,352279.9074109792
1012177,313592.81313956465
1012573,377869.7934789572
1005914,682963.5125277917
1011348,1108424.4075423148
1006898,364961.20980888786
1010851,483214.0227057791
1012181,605642.6460377373
1003624,725117.1842552739
1000480,547630.4794061139
1006017,322068.52288824035
1014589,552311.9960558771
1001495,406925.3412620535
1002376,531880.735898147
1005156,368612.11804063234
1013272,260168.5153220745
1013590,700999.6632735546
1009303,490095.5745154919
1006647,576611.1227590514
1011701,855929.8752993392
1005115,345148.81978243566
1014032,421049.2540351541
1004359,222170.75358491443
1007352,468823.4222143464
1005991,341378.6735381057
1008221,632641.134563463
1000137,706554.472517291
1017376,380798.1745142402
1009451,209601.15533764672
1016540,893093.7219900548
1006494,477349.1294690706
1010870,390525.15819216106
1002998,527307.533327191
1002533,638166.2157640122
1015330,408886.88536793157
1015290,409004.36154228495
1000108,697249.9715050809
1016877,616196.7461411115
1017264,659473.0780479526
1016429,837415.9898381488
1014200,498832.4912986281
1000376,389024.48734809225
1012140,487597.5929039716
1012739,706923.2454178097
1013652,494670.1828120946
1000974,346884.22841308854
1013403,722387.0821239108
1008426,323785.2704435711
1015621,451791.0286588984
1005934,444410.2109509259
1008751,346550.8355082929
1012742,479400.194034695
1007114,775450.863646568
1001498,326658.73778942187
1000953,497404.6752618101
1014291,243561.09682467618
1012540,369486.8637977685
1006788,741103.5620516177
1013381,688355.1297583235
1002765,781829.4607442541
1010322,401026.2964076321
1000581,449095.9947470129
1008099,419416.24327979545
1016547,522166.3905399187
1002175,180187.51500935847
1004999,960425.4844693454
1007332,538351.1442539537
1015246,251104.7879054331
1005260,309271.73472731723
1013499,597571.715077327
1000422,597714.4565479616
1001649,632860.8695874026
1014478,264690.8795065806
1004052,312414.7494605946
1011873,304186.5381599716
1012406,228743.7854610377
1009738,608022.6491062001
1017334,1145642.1320398303
1013625,574845.5634581113
1016073,772639.4990180053
1000042,496662.5818736132
1012147,492914.87261896866
1010617,705594.7413233663
1002782,531564.075839101
1013195,464006.9675044565
1003727,225472.0473177218
1005209,496059.09699665074
1004452,1030685.7415830051
1015064,605893.3663255037
1016545,307358.9812853684
1005361,605141.1591346913
1001011,457287.29125277256
1000612,434910.04972979054
1012563,313471.82778847567
1008618,525240.516313624
1014584,332929.05335581617
1003155,874442.3588833913
1007199,769231.9697124929
1002185,1106010.0042750211
1006943,458152.39240384876
1014516,719444.0083806915
1015495,261439.4008640408
1002274,556606.3079480682
1013213,221925.7986139015
1011962,631875.7895107381
1001583,561807.524695488
1010478,332054.25346594653
1017459,473418.99755964486
1010812,412067.58089248376
1016860,437048.5594996215
1005757,598673.6487268246
1009438,429927.4623709676
1009847,501571.4155827796
1013920,630115.8429817508
1008611,484900.93677669007
1012699,544627.6697117866
1010157,527660.2246477294
1017217,940918.0656652551
1001802,532451.2129552233
1002918,221041.521446039
1013483,207102.7885525735
1009373,543852.811704094
1010674,654010.3286205552
1004938,479899.77870637336
1008435,242347.74307831115
1016791,446283.8731351922
1002618,386205.06402853434
1006325,442492.76501588506
1013095,392626.4090370604
1014886,336987.97471879807
1007315,688639.2700281003
1004986,766239.8446809454
1014991,362704.3229995828
1000354,221541.0922321574
1010869,762995.0196831907
1016003,205887.99343834765
1010701,310242.81147996435
1016992,510134.085847162
1001189,424897.93813263526
1008191,432578.09894320695
1014779,557506.5241151076
1004681,457674.94897710957
1001227,326933.824240685
1013551,561288.9449075313
1013299,405227.0202527476
1003058,305887.1974158379
1003345,395728.1673480616
1006827,440004.9629375812
1011620,663844.6973381025
1003696,428809.64123140514
1010599,403029.7691972828
1003909,424068.17734626494
1009408,457837.8847171541
1000298,328651.41583509446
1007705,340624.0198753912
1016582,481909.9902359517
1004987,1175195.586732011
1012473,389878.609008246
1007245,411875.3718078072
1008852,504927.55961244955
1012115,452851.7379345893
1010244,529470.0224901173
1010934,767832.444113156
1005499,446829.3633412413
1013865,446390.18375684606
1010876,458710.8715844699
1007843,676364.7402138514
1013978,795781.4101446976
1010398,410545.85170948115
1010790,951051.8672172161
1005979,698174.417762359
1000545,742199.7483606118
1015773,332063.01974828215
1003264,255593.96535705755
1005902,652120.9415365515
1000564,463444.0757773444
1004697,711808.1622869435
1017223,416882.9686139079
1010110,369877.6972090478
1014201,588843.0710019043
1002571,334241.74720569776
1000438,480362.95701988146
1012520,498227.8864820696
1011006,345770.7829997685
1001172,388334.95901351684
1000500,402927.1047371579
1011326,471935.0885210405
1007240,761080.43119963
1016370,502734.63010334986
1004879,400935.44780292246
1014500,699601.0909343411
1014112,502458.9336422782
1016520,331608.66887595976
1001568,694001.0528356927
1011940,563609.1785223169
1001247,567739.7118751834
1007138,295578.0075876754
1002028,262670.61972466804
1002776,137917.0219789468
1006891,834859.5959351137
1006930,557485.130316312
1004154,234691.8675630012
1004167,557171.9848840634
1000126,505854.7574714438
1011315,582809.5894116306
1006547,220574.22088013403
1002643,1175325.396078156
1012136,390023.65396392596
1016486,346853.10429711593
1013988,414516.9619042721
1005804,479877.54338077694
1003734,332354.52046486404
1002104,266918.2789325338
1005205,205114.06984346412
1009466,865698.2466565263
1015962,929658.8896969421
1017440,383160.9361444895
1009857,384698.05720708007
1016518,700802.9484430648
1001472,542660.6029068023
1013836,362074.1729965102
1013156,342880.7488104252
1006419,584591.1932905668
1012327,340653.8713865479
1011603,656261.8589667142
1011237,487066.2699822392
1006376,605702.5937458551
1003718,385285.93212218647
1007256,352232.25637163146
1009123,422818.2140515908
1009800,667139.9360106797
1014381,341847.48159672046
1014756,408686.7696579809
1010017,356464.23834203323
1006750,595981.4374767262
1006116,322742.2971843759
1002266,373136.94324709097
1003732,924862.8691838388
1014605,363571.6813207558
1005167,457521.2352963508
1004616,535042.665604449
1002077,479899.44913583086
1009147,186846.87385538244
1008676,510369.37002085306
1000697,712156.433564961
1012490,416638.3948451779
1008687,469451.4440390871
1008448,629981.716694583
1011573,399108.50750894315
1003333,441296.01238428673
1005169,577806.7997872098
1004219,588553.9407491902
1002872,578814.4675011404
1003894,726176.9334753129
1012033,531884.3965973704
1008244,457479.2410803792
1001282,362101.0250415902
1013726,375220.2214437285
1016901,339943.2192485748
1010327,279310.53721927374
1016124,417842.1014037903
1008122,491421.0259302259
1004258,517180.7395295051
1009831,443641.77770109
1009274,466084.99835358385
1013627,430652.8218377686
1009112,709036.9263088045
1015444,214821.32705842255
1010686,409930.91692008043
1008681,329368.09163520316
1000230,439340.655165115
1007830,304892.8490437407
1013370,344154.54034437455
1016913,590100.7987432971
1014226,269890.727745191
1016295,536794.2022817178
1004218,896809.9641454597
1002516,504580.1135537362
1011322,304779.70158293
1003476,522587.6022062849
1002964,506026.61188553553
1006872,630343.5807493101
1013452,723919.3821682928
1015649,529214.2180393374
1009762,503846.3516445331
1007675,427167.6321799588
1003517,463157.2485129695
1013881,514242.6003382666
1006465,442734.2352068607
1006034,520607.1942100991
1017387,399249.260096465
1004974,498351.70302181604
1007392,376128.5211406003
1004006,303955.96653354395
1002745,514559.44353260397
1004186,439203.32841455145
1016359,730087.8932927919
1012356,495841.12475512974
1016015,720063.2666627679
1008463,451538.8095724637
1004199,372430.242629485
1001839,455813.24314882804
1012071,284173.2258234257
1000739,397112.78135642526
1004698,445850.4404333839
1007347,623597.0297005321
1010125,415761.11493850214
1000907,355586.6693496734
1016982,486894.5083787878
1001607,477565.8072726315
1012590,665266.8555333234
1012887,744938.8697024661
1010557,360149.24526982737
1011166,544062.5594310226
1006471,394952.31652227615
1010588,396834.33175642474
1012891,315748.6825658311
1011550,308313.99570755876
1010139,459151.54739861895
1001429,558096.939024771
1003229,797592.2762208239
1003906,307826.6905856089
1015054,396103.33439956635
1005887,582395.685732768
1015218,335058.1089834264
1007182,156174.5239113597
1013719,749781.8594359074
1010222,426553.0448360537
1013721,408872.5411135013
1015197,668046.5198567773
1007269,920921.1600686761
1016105,598389.4715120174
1000455,479920.8427504763
1010921,407691.2401936957
1005663,440942.40922248753
1005722,300645.8620979042
1013901,319804.4830351161
1011037,628135.8325941546
1013080,482089.46824144816
1007021,312626.9075535192
1001655,412097.12575618894
1009118,493506.35111486533
1008654,662491.9958058216
1016776,257229.8687306691
1013291,686928.8987207315
1004200,369240.8944758998
1011265,1099040.152597922
1007973,1084612.0760350158
1015381,704524.4223244648
1013527,417780.0555798479
1009249,430596.0121267404
1015572,444765.4992254095
1007078,533053.0592510165
1008189,928167.1881159911
1005705,368965.227759123
1011711,278069.43313128874
1008730,371047.8314780766
1008481,123807.98961592877
1002650,595264.7515439352
1003419,722722.9498942019
1009976,316082.00009544095
1007496,478917.4364388447
1007476,762767.3710787264
1008505,559551.2541225019
1005461,243952.5286960856
1015487,295660.73751782667
1011004,540843.5818342615
1012207,442748.1742039682
1007784,438081.33809512825
1013261,436351.61594962707
1011857,532474.8487086259
1004172,616041.1653872725
1005435,309497.8251141761
1006366,398618.14731466176
1007003,399340.11681304296
1003096,347528.6766695634
1012945,452672.39735143754
1006063,337810.66801115073
1012266,357916.07511572156
1011569,205264.0681867662
1001304,643493.9058704259
1008236,898594.8835220402
1013107,231854.52165880066
1003889,255261.00938424663
1014386,456243.88504144445
1000410,476545.05633003905
1003479,296483.09011538804
1003497,524514.2820119403
1005053,273852.2973932889
1001748,219345.32764233195
1010187,477117.66204635147
1005659,558086.5785931327
1005680,621027.8085033883
1008428,603341.2521367037
1017432,242629.09669622598
1003660,624774.0129786329
1013252,409767.4147866532
1012201,659749.9911679374
1016643,471399.54111142614
1007887,793130.1830269406
1004767,391835.91375702596
1004439,479780.7774145331
1008328,512057.6977218462
1009994,622892.6983900444
1015965,349367.4222241591
1017196,439620.1973045053
1010423,253968.51035403193
1014199,448843.9159613842
1009289,290594.32512659574
1015341,372132.3541152416
1005496,637860.168743009
1006772,839118.5146746399
1000531,348602.49938243645
1008035,394150.099900183
1014609,617485.3232715089
1016367,405238.92653584405
1006774,497221.84490425454
1007806,622544.3422261366
1011600,524158.0509393897
1000626,735160.5186327883
1013404,356979.64226207766
1006135,349046.500552213
1012118,303128.44635573257
1010143,500143.7402642146
1006978,512394.3794784744
1003259,673752.2471488857
1015662,489451.86877617403
1010075,234465.15695374957
1008521,910123.5024010439
1016801,426173.48626627604
1004294,748303.4186846305
1012983,291768.6545744877
1014130,431870.8001549133
1013745,548336.1846573268
1008350,513165.79152889404
1002709,311591.24669274915
1015416,373865.50853890786
1005574,667094.7517421737
1008763,359004.56627759256
1005183,214880.24399021713
1016206,502128.646357617
1000424,519649.9224508504
1005080,426270.1710427985
1000069,374898.7102938349
1014720,302702.12923031894
1012676,423056.91453280096
1006588,484065.6577031775
1017225,417880.0458940374
1001762,803450.2386893047
1011469,656874.1943736571
1006145,689733.5411505555
1005202,461568.01223421533
1016523,449296.24665388046
1013637,491974.23521420016
1016943,465280.9727222899
1010514,218869.10756566402
1003397,768364.3688493815
1002286,593775.8039435844
1000502,403591.1646047193
1010485,475536.17806642235
1007836,333938.81906875176
1012150,408490.3552756794
1005233,380448.60885770334
1014197,666557.0172300839
1009199,560921.4129059538
1006801,769338.8435213376
1013944,723295.0707895702
1013822,398236.25470351527
1002173,560108.5462974677
1014316,445072.07475698483
1007745,457749.95496856933
1016590,587719.9147237323
1010687,711756.3901352258
1010910,448986.66328326473
1011433,541376.9930723449
1007379,944038.8502320071
1016013,806114.0687375901
1005795,491038.5022385026
1008500,344359.9458244834
1013556,367682.0216880474
1010529,647044.6711455414
1014073,779006.9177573019
1001515,326055.98035726254
1004467,331828.3789552403
1008156,389312.97106317827
1009055,464314.5654161978
1013117,555044.9198592418
1011339,747415.6874991747
1006485,885242.8997391664
1006088,312626.9075535192
1014101,265342.86881094653
1012108,566795.3895580341
1016338,260440.36484059476
1008254,729784.9796242046
1010270,403346.2880117289
1015465,808371.2552923087
1013762,609856.4840918746
1011221,560472.2024406306
1015673,997441.8224675445
1000539,350627.62724388856
1001809,621449.3863520556
1010875,466223.9692996156
1005550,731306.3822923206
1011158,692298.8296576864
1011687,897616.3182405549
1010625,425388.12773543707
1001350,656414.8462806509
1006869,627930.2234867964
1010291,402629.757341295
1013838,739075.9402501811
1016824,368824.8300005806
1014035,632938.9670317171
1008875,377008.9510367358
1006671,458248.39369573584
1008932,883479.6359412206
1011934,427888.9816916854
1004798,761650.3797673994
1000297,417993.25301715406
1005251,406082.2182240432
1009959,405412.362016721
1003442,522942.88080647995
1001370,1208958.6870381366
1013421,457633.61517937767
1015301,547731.635015105
1017109,383263.4646761583
1015676,375274.9188591803
1017458,651330.732537979
1008208,439493.3694579845
1004862,191870.09934524854
1007353,494539.10569789173
1008482,349453.14872830367
1004151,658562.862799812
1012137,353681.20411566115
1007552,808875.8441676821
1010626,544329.4218491468
1015002,296911.86505716643
1016647,481948.21934451425
1012836,402733.1763846489
1014178,332630.97290185187
1011963,546870.0087715716
1006077,612906.6821656943
1005704,558995.2636970133
1014859,440151.6914275825
1002251,511330.25459685473
1017178,373164.5211675629
1016402,344031.6111371577
1002133,262794.6362113689
1009486,545418.4318559062
1003982,247090.48435811943
1009102,470399.0105017408
1005549,927734.7095222445
1013951,764033.921404858
1002669,546404.3726886082
1005582,543500.100390947
1006231,759572.3049405073
1005945,537582.8670643996
1011222,623515.2770176126
1014054,358735.30103061575
1014585,474422.482361568
1005982,711861.4584672225
1007104,616951.4828690595
1000226,817761.4642269883
1004554,362168.9175068197
1000512,396471.3189488825
1001364,458795.6282628761
1008559,489878.16684456094
1002563,299602.5878171675
1010861,471274.10395423346
1015344,496542.1508778425
1009564,531050.9936778212
1015191,217820.18508766263
1003615,337569.69239357236
1004982,1122517.0120130614
1010654,440366.6837072588
1014984,462045.5707336829
1004430,354720.3703355002
1009620,574382.5805999103
1009512,385387.1859484834
1012753,347831.09106707055
1011538,512248.2305075872
1015550,391459.7039424908
1011624,207429.7100142483
1017267,626627.4193718557
1004703,820925.0597771156
1015259,257824.66758162444
1014924,830532.4687531024
1006536,474900.7693087799
1002210,579690.1770121048
1011316,483478.4199039706
1007563,374155.92402037873
1003269,822753.3756075614
1006886,423046.5168719263
1001127,502966.1163624256
1012621,342546.1313041267
1012216,456053.17580790067
1003508,384138.17654349544
1016712,528362.4741678319
1010483,600514.8729220855
1012680,388477.2361177088
1015573,405151.16802006494
1003917,280262.6333593927
1004058,761769.81270172
1011148,618034.2791972897
1015192,929086.3456527736
1008235,231428.2898752425
1017124,327856.5411165848
1001806,445877.8575869802
1017028,439231.2633210093
1012785,613823.2170290407
1002547,356292.85666936194
1015117,791582.4211389393
1001703,399673.66173639375
1002941,665546.2025968886
1010873,732799.9334736778
1003464,322720.2435582047
1014731,846456.6577478732
1000592,492580.4557627838
1004750,264977.42976971896
1012513,506952.9374702464
1017228,416317.9904224414
1012616,364165.2855220695
1000248,606981.5735761478
1016711,494839.07869058894
1005809,258092.54012626834
1016126,577980.8690031214
1015282,531303.8773473377
1012762,634982.5970767596
1004139,525589.3610362804
1004368,304471.5715022292
1017209,1077956.1098876782
1002495,272346.00403102394
1003090,393861.2058437903
1013228,409886.1742282949
1013070,628847.1703416873
1017070,592538.8351090491
1015918,380982.47369591345
1000115,571439.3262945951
1003581,340150.7466708122
1003622,1162255.5664551812
1005612,608894.9780375522
1011838,380500.2938458045
1009105,486076.01785375254
1005811,581191.8511321822
1009186,537041.7749878454
1010309,706429.9151891238
1001459,286943.3013305321
1000005,256779.11104382187
1007291,165958.00450730184
1015578,760240.7778735947
1001766,133683.8059070118
1008605,498164.85517717624
1003294,231606.43075613113
1000487,909951.1410695913
1016883,687214.2800066068
1003221,575601.2743646333
1007644,434593.860317077
1012131,499142.81138852274
1012314,762459.8448577455
1000961,426261.27633759304
1004302,216736.43530532045
1001925,474054.38548167027
1012792,509835.3765799535
1004676,664936.3115027492
1008275,419750.82138107193
1004273,347490.35102420487
1010457,619949.2085458791
1006901,289681.24181938247
1012896,429513.7803196159
1005535,299941.9681879985
1006972,392163.71275568753
1015948,284690.5267406589
1015988,490313.8157202571
1000163,444291.35861674073
1013141,572383.2191252512
1005988,286610.44078827585
1009963,738586.6735046858
1004803,507077.7919184912
1008882,275833.1122181851
1004485,351525.4903884451
1017030,479443.91851210553
1000548,315309.6233110896
1015271,443891.42061588104
1004114,118697.31364688782
1000320,675717.3537744164
1014046,184794.7560169834
1005842,487094.8240470469
1011113,1013734.1083516435
1011835,284740.2739676464
1003456,761008.7928431982
1012092,551568.0196939528
1012465,347460.3727303242
1001579,549002.098081586
1004299,391033.8157780946
1016418,503800.4082617889
1004445,281437.5893176043
1017233,160949.2075972947
1006381,471837.3932017484
1011498,356673.68702142476
1004565,482561.6012388897
1005227,904831.9703986772
1003105,455650.411695824
1016236,215627.14992147323
1007700,373659.09898149467
1014025,334139.63579120976
1013797,518401.4597043339
1010090,357344.56285272853
1014293,563015.0601075551
1002292,346148.1738749458
1011588,248904.9402871649
1004401,379290.4320291659
1007713,369807.47004234645
1007011,880968.1343376979
1003746,565997.1887199602
1012584,370152.8519194135
1016761,375649.5261397022
1000337,354045.12766155804
1005372,1062263.3677733191
1013346,529913.6111399166
1003652,470701.26176535775
1012479,437893.8410336695
1009036,346732.7411557251
1013690,166520.16073715323
1008645,515180.2305325825
1005839,471302.68799020903
1016082,391729.42101127683
1009719,390682.51802727673
1012850,259703.41356118774
1009544,395582.6245366956
1002216,551134.1597569447
1015109,788391.5163835986
1014919,321834.72946840635
1012876,562507.038583664
1017207,183069.62154844098
1009619,575576.4743762875
1011099,460615.3251698167
1014553,396609.716223541
1002020,297614.3387803938
1003346,470283.52552124485
1016090,403045.6187839734
1017491,744779.6662346965
1001295,338547.77128902904
1015693,459286.3217006817
1017496,602763.9817405064
1004682,368363.34298335615
1011255,746673.4121442824
1002693,903801.4049092417
1009332,574705.329103403
1017353,514373.21864761296
1001005,756104.3050315435
1007044,518985.6597721138
1002040,188103.22946243614
1004023,319135.2255487352
1003921,439933.7319563718
1004829,549296.5827305241
1005439,415286.34433674044
1000698,298403.5713373389
1007236,596406.5223793596
1004069,452879.756200484
1005931,632961.1841188302
1017556,616340.9598394794
1010798,488449.44343830575
1008889,642534.3094985314
1010510,546535.9112969156
1012281,372955.91541623895
1007576,554912.9215640972
1000338,751580.9031918189
1004760,345011.4630580973
1004007,292842.44031351287
1002904,375034.0054574948
1004475,421757.097366095
1003380,568196.3464941754
1002052,364744.5874480196
1002680,606229.021078615
1017512,231660.28594469168
1001879,553289.8734462277
1001043,245430.92784839476
1003985,670224.2046511973
1003282,348503.0374702072
1010706,572843.7475914283
1009933,757501.096221947
1000122,704495.7126314378
1002043,491961.15468090336
1004831,638123.7405925816
1005318,285377.7404024207
1004048,410007.16512295033
1001883,285422.56058844534
1015014,438612.21027205995
1016585,443682.8328843809
1012431,418763.5453321062
1003506,525748.5606490476
1014051,594056.7860758525
1002616,520323.4487621639
1004394,419764.9077343243
1001234,564574.7691153208
1005767,428660.7759956375
1008535,313476.11066774424
1012662,511972.58590681996
1007901,771406.1396048791
1016097,454924.4182165846
1007733,349235.34035276494
1006192,403235.42808139604
1017495,377675.1993677816
1002579,489985.8769527555
1000339,1185247.8012846208
1001673,429244.4408010597
1005307,447119.29413935746
1006330,422041.11501927057
1002350,269316.5366337634
1013158,184033.9637733057
1003540,457778.02191569476
1005468,564983.4229613567
1017249,421335.6472334729
1013709,338275.07859849546
1002087,255720.43218291234
1014481,384886.1359919558
1001049,412027.0745436478
1014582,736018.3815201689
1003778,638870.1694958783
1009302,559414.5050552201
1014969,346548.73080380954
1015961,473515.3543057442
1007394,391226.2652651763
1016036,339716.9128253923
1006663,388561.21702944365
1002629,470785.11882647994
1006990,884774.3200126417
1008063,552322.2622998469
1009127,700801.8330399486
1012990,501860.6266102777
1002219,299742.55273328756
1001080,372630.98715516337
1015066,556717.9377264673
1011785,464344.949900728
1011587,381983.36180663906
1016667,347641.1053974267
1004404,406923.2051375173
1003331,531580.0396718904
1009345,460898.85513269634
1002559,417366.81718657404
1007828,401282.9865650277
1009742,816327.2939109106
1011996,571187.4926911928
1006786,251998.90939477584
1014417,304116.0571482911
1008249,631172.5159987794
1008304,655415.8744690917
1000857,296615.48954832146
1007642,853947.4117850435
1014649,319307.5616500047
1013232,556024.8372941338
1007449,393736.6237694202
1016004,373437.86574102216
1009158,332185.0175690727
1011917,825529.9572843672
1000716,512755.0538746318
1008034,460742.2230106825
1017551,407022.69069447933
1017135,704201.0435985269
1008704,919173.5601330218
1010730,415853.3915176803
1009387,361853.0867022614
1015714,405806.8680612409
1004357,535835.6637919293
1010107,570472.253039331
1012318,636395.8972353706
1003250,469420.7174589897
1003777,676075.0783808073
1015992,287716.6626638429
1009825,301340.9531103867
1005158,898584.019346459
1014091,284060.20500170335
1015058,649824.4567166016
1013697,569567.9819967127
1013929,517358.33167228574
1016640,796233.9687251096
1004778,417706.1479270399
1000630,653961.4419821248
1006052,366632.6454256143
1003670,394978.5591186329
1004520,475540.5154061296
1013241,397956.36755410157
1000647,681249.086638811
1016497,319631.4771513794
1012494,723748.256042281
1009370,594404.764055787
1009854,747190.8359316452
1009958,551716.7339747587
1004502,636033.4812439911
1003829,253700.69111175684
1006574,303791.4747218576
1008201,610751.344661227
1006176,520502.42470347707
1008497,308028.62835230085
1006713,353203.80239559757
1007264,479243.0386212607
1005689,586646.0439345404
1008061,851989.2201176265
1005963,370761.6404914392
1005427,422174.43866836803
1010997,871943.4241866027
1005264,497287.80776031374
1000368,901377.2095169451
1015908,348312.92914393306
1013692,546225.6722830525
1014816,184280.77212063497
1010860,658532.1813103016
1005484,611797.355387055
1013622,442914.695602588
1014860,372859.2933300696
1002371,296349.37300721346
1007305,627341.4274410768
1005027,493590.43201705907
1011337,634719.8404492643
1017231,159753.95894141198
1002493,449912.9297766568
1000231,602530.8728914891
1004671,785742.3362686337
1008246,822353.9816706382
1003072,378274.0603597116
1009282,173815.12283718295
1013216,1090879.2239353587
1003237,649443.649743992
1015317,844015.1147793301
1008707,374395.94252904947
1015751,564875.0153709124
1010362,496454.05745660356
1001899,542206.1409191934
1001759,760800.3235323506
1001897,398924.0790305386
1012663,879083.6600192834
1002705,458468.1719313603
1012538,642543.1671096805
1003799,870191.0040634915
1012031,541610.775803924
1014505,413631.8437500573
1010925,222840.75776814012
1015008,488044.7187603533
1001549,705471.603760142
1000352,412530.9814638909
1008825,790559.962089261
1003051,335166.1421302957
1002548,1201597.4309726257
1012752,277863.3181034459
1008006,204167.2788222149
1012594,423221.183457062
1005130,600765.1968996342
1016431,661343.4357355916
1016822,420055.60163835593
1007689,918505.2858738723
1000758,822795.3525669136
1015111,367775.969482737
1004073,593786.8780829458
1013671,179351.97637212122
1009823,402596.55129066814
1000237,467426.3053328753
1005367,786951.4571306081
1012006,474414.81592415733
1017021,288511.3720241831
1008702,812618.6569737347
1004227,553843.6952633422
1005588,381073.13908347976
1009987,393154.7071974833
1016700,586022.2993179032
1005592,326800.13068881334
1005082,599291.0513745728
1002553,704549.9037602872
1008646,460964.8806236623
1002545,409434.7946949991
1000420,422369.68735977815
1009170,544296.0451316829
1001564,553255.6253770067
1010659,456542.4920439687
1000987,397141.48626059137
1011475,274476.9591202013
1013245,231640.79943823995
1004395,464323.92199445656
1006829,383700.69995860755
1003001,1003111.7925925032
1009379,476196.88945256214
1017298,726600.4129265486
1011146,593979.822979421
1013139,1293911.6475135412
1009770,497343.2811382472
1008650,813894.286376844
1000479,452971.08509851585
1015698,413247.56423680595
1014537,381043.0008220469
1010264,767295.3517868019
1016345,1208475.7299992319
1008540,402450.9648731753
1010475,503809.7620077956
1000076,342808.091602183
1003875,752360.8522167326
1010168,349672.5865200146
1003653,514655.35104857595
1006095,1054769.9945766104
1014600,608152.314508238
1017255,420842.3402978439
1016152,762504.5538348011
1002963,634465.7111230304
1010032,432696.31506124407
1004943,572443.1539190168
1012310,581685.743961507
1016247,328957.16902834276
1011308,360629.2028172323
1014194,599192.0511157054
1015126,731860.8770551406
1005526,611107.099762776
1005893,494712.3880496405
1005921,862908.183965071
1010024,227933.2715471324
1007560,671107.3459848355
1003129,575367.9036132757
1008127,1145244.7499926246
1014304,263544.1661834943
1003842,402752.3935591827
1001987,604158.3852355778
1011010,281183.2403732456
1010198,771139.3956096026
1015281,460572.889995881
1003963,333042.49004381284
1015657,416259.1011261768
1017113,662681.7286566186
1008968,570625.3804644289
1012420,709642.9833094368
1000319,206776.8418837286
1015991,182418.29115111544
1013264,197403.84126915174
1006429,386130.08679987333
1011171,301977.98124908406
1005999,854890.7493334687
1006544,594197.6391202746
1017099,433956.050742867
1014330,645489.9855145857
1007042,403178.0245941612
1008983,545756.225231954
1002678,403648.93976407754
1009070,139715.7596028053
1010215,491006.53331348806
1011251,598204.7178555601
1004917,726947.9280675845
1016635,431362.6651421764
1001223,381573.7044052741
1010586,595787.4916659335
1015544,1097363.8123036113
1013887,404160.74856349605
1012667,451128.9526791612
1000310,559709.9107438854
1006758,375742.46144136414
1016539,423517.4499146394
1010487,642569.0807243546
1002515,582071.5677044233
1008090,413223.75585635606
1005818,461990.7661259531
1013682,445659.42318286747
1016986,581183.390949313
1014099,452577.9908588128
1002886,483838.3366991366
1010339,808197.8544496662
1007609,481181.1701967792
1017309,361056.166424061
1010840,870882.5132663628
1011818,617703.0780569764
1016045,858391.6852157081
1014596,246131.544958377
1014792,217088.26802277085
1005328,348439.44339569844
1004256,425903.66836184694
1017534,712685.655685385
1004556,581916.8253050358
1003263,487268.15334483766
1013599,753659.2877272712
1002054,293995.0586890528
1005623,358064.92028862087
1012392,643226.0870712723
1011448,451600.83868524083
1014038,612764.8606919389
1003908,396933.2929810134
1011602,475374.0756236098
1009452,457719.1898231659
1014532,656845.4126117743
1013008,206501.19300897853
1007314,592949.6116888899
1010355,261449.9056428168
1012497,387019.28622252675
1003348,289726.3251012866
1017555,396570.9484563841
1008509,465409.63363808295
1005695,544707.8313102192
1008815,502615.9449073405
1006021,434426.55750915024
1007356,412091.69999189785
1011038,382783.7898379039
1005195,465083.951498607
1003109,198597.91752503542
1003579,382536.6075937621
1012913,211607.33489760497
1013003,346725.29662823566
1013981,355304.2599707948
1016144,586548.6989607167
1015078,658246.2651631624
1006948,178351.52702607494
1009948,799267.8594433177
1000085,476124.3785465716
1010735,475695.6350325841
1011859,701158.627933076
1014102,804779.5529299139
1005854,301781.0456208024
1007028,398407.1580470789
1008097,253109.3029948849
1014334,394700.29695012816
1017527,661121.1371125114
1002603,404370.94194346917
1006970,442376.5046358513
1006353,514935.1288677062
1001437,301098.3775373949
1002727,478668.0004917034
1009001,505830.9151230158
1005313,372021.51771167765
1002258,407287.51852152625
1013953,446885.5942542601
1003135,309520.38261076703
1009372,261641.57816939027
1003681,558003.4451325051
1008187,727912.7294386984
1006570,504893.90929434774
1000357,228649.91056010546
1003989,585186.9087247046
1003422,374826.3532982802
1003134,745526.8611032573
1016580,465725.66598602844
1013255,341628.6759902929
1002731,671454.0707610411
1014996,394056.9273511519
1000864,538382.3398850596
1002172,667988.0285427724
1012295,334599.9019872294
1009983,328152.64297720825
1012646,642716.1505064406
1017244,242332.68231183192
1011352,1047189.1138451006
1001550,329257.19233926904
1002383,591667.5713613199
1007526,442238.19166490703
1005669,455338.47723942687
1000378,749256.5555783641
1012426,604232.1848010019
1007286,412285.43766029214
1016758,356079.7086173522
1001694,427742.02609536215
1012618,386831.9128281025
1008533,610171.7572762779
1009804,481954.17870539223
1004038,611108.6214383245
1010007,359532.8769767434
1000055,927639.744032549
1004127,314433.65437986
1009928,426159.3610324517
1000530,254306.18292607338
1004033,494404.2013262656
1009432,540574.6208676856
1013474,481001.7145482494
1016812,501703.4403319177
1005136,678634.6650099516
1016204,192907.05119517897
1009947,229666.81635186131
1007212,526891.0125958913
1009410,679943.3637245619
1016198,561597.479940247
1012205,875721.2855592935
1014338,651034.8950983587
1000522,591767.3796655955
1008476,488171.6335055271
1016375,849659.1387654777
1001654,270794.65334532707
1016612,438439.820984073
1017476,374008.48407692724
1008878,441406.55846584024
1013967,1034726.0361477047
1001792,584324.7741088792
1003595,333972.7222936027
1012212,273309.3765705021
1016795,632045.2462757807
1011134,863572.9479877859
1005989,481594.1040736712
1005652,481065.77455834695
1011809,350599.93950187974
1000026,405545.3136420979
1009288,467942.44879422616
1001391,366812.6793672616
1011640,420489.89396585186
1015909,462822.19215849706
1012954,313708.06058341626
1009521,858258.2187210844
1006839,802796.3414456652
1017315,366733.726811832
1011090,800630.3432967074
1006288,950670.9841860795
1015993,590989.7062551759
1014606,764692.6320205972
1012993,180461.2887831517
1014153,716530.8715025627
1013779,875758.8747398489
1003036,318352.8772872389
1008403,422887.4134521224
1006645,573517.5545056944
1012213,356573.0289341622
1014124,475592.82482758723
1003300,867111.292607423
1007482,708517.0257600021
1013706,464145.3326647491
1006794,406885.8744032615
1004410,316570.8727306492
1016958,610310.242914162
1013507,205692.2371121156
1016340,561896.9474192406
1000722,449394.95452959574
1011669,121775.43953218932
1015565,241939.17041857674
1014515,795124.9862770449
1002605,296072.9168242576
1008510,463423.71201218996
1012060,343226.99967065995
1010799,409042.27341555944
1015447,490452.69940780575
1017083,520046.21026856103
1000842,651495.7133473364
1016061,305466.223571125
1010422,364195.0834254792
1010101,534242.730115869
1006616,304084.9523342779
1011648,462638.6865365834
1002167,781073.6757689953
1007455,730767.4755314256
1001920,515115.58427806036
1010750,439309.3887884954
1008960,330028.08799530356
1000240,418049.5994747787
1002368,292026.2350408767
1005929,252818.48728843598
1011130,636976.1803611483
1001849,651885.5508558105
1004926,651059.048044352
1002299,333896.6698644316
1005720,593818.7280713022
1010995,518910.04806331167
1005789,323547.8397850652
1008252,631802.0543274812
1009454,481964.54336655553
1006238,1001384.1649627404
1006577,615422.8725551863
1004477,492496.40175906
1007198,825830.3889668151
1009390,804665.82257648
1010752,426199.0109274467
1013227,344948.78432239295
1009605,184210.92201419995
1008585,614894.8401036066
1004621,590497.6348594214
1006763,321098.4506015362
1007389,372525.66382483434
1002943,432270.919925758
1003483,737228.2956688805
1003337,331153.926968667
1006506,429910.4663743475
1009138,1084579.6703698654
1012466,854061.1603972793
1012040,500638.8037043431
1009574,399978.01890276326
1009115,453639.7547577177
1004965,676093.2902621977
1011224,277453.59482528095
1011883,726456.826341072
1011344,447255.89394155337
1000326,826970.5173595998
1000303,812477.1332827249
1006848,559425.4737407973
1014951,375309.25064889475
1010138,943573.1859947355
1006583,605819.9510327132
1012564,334240.17085525213
1005412,706372.9868863663
1008135,257736.72061336655
1016962,742334.8090958104
1002195,455488.2890709601
1004799,524226.720388444
1013781,305615.54061883595
1002764,262675.0483445161
1004291,543915.5796667864
1004325,390620.66617115034
1007636,405073.58227592823
1008788,822645.9001464272
1005487,429519.48151212005
1009096,802015.2508867944
1009267,355199.930335155
1017170,818865.7355862873
1009436,711278.3759787574
1004280,250552.72438626218
1001947,342564.3431064986
1010046,330087.9618733218
1002440,724148.5979499493
1012844,445528.74710797676
1001363,311349.0630606181
1013211,456151.2917081432
1005885,627586.0086100835
1012986,463504.46975361224
1011736,355656.60106258484
1015790,847431.5271997169
1017313,414989.1254987061
1001384,735961.0403601478
1004915,579283.0745978054
1000524,364772.6928692848
1001491,367996.31288919406
1011692,683966.2545414174
1014644,560557.2776213366
1004086,640643.5138417442
1008351,656934.0585443345
1010939,608539.6276432655
1013417,591048.922950747
1006323,564107.9306146689
1016369,525526.3532732353
1011036,410167.2877934796
1008753,412076.0025954114
1017015,611463.4861742321
1001704,443360.1234013839
1003969,351659.1228383672
1013093,387349.30955403746
1007414,325239.7627572239
1003789,993169.3779492776
1013607,585264.8859548282
1012456,348689.10011135926
1002912,956156.0935280542
1010937,512548.50535455794
1004465,1007559.2059422377
1017382,399790.7419298585
1011700,273164.22184487525
1002345,337755.6124827302
1015146,720754.0817480327
1003332,421829.7377188165
1005018,478981.99943908805
1015650,460824.4641935531
1002708,453185.68827735935
1008944,332076.572329004
1012630,385790.7050047883
1010026,835275.1609957081
1005826,804301.692683541
1000029,658603.2881520322
1007928,372199.1968658929
1015365,741815.5541904956
1009505,732284.7102889743
1009238,529203.4655458895
1007810,589212.3350351914
1000648,391509.80769823096
1009396,320225.0929270234
1008655,477514.09803779353
1001470,465128.99193494144
1000667,558581.2729537796
1007857,538183.8369247804
1006984,474930.2049144381
1005031,958847.5489451464
1013105,694331.4969303819
1008392,528100.893652686
1011853,497799.1118900879
1004988,613242.177420434
1006349,490522.1039415
1017439,452097.5155582338
1004922,371255.86610366084
1012855,669319.5823722554
1017488,296800.6093185016
1011458,575778.0120002744
1008828,310469.5499372296
1006297,369491.982366078
1012460,568549.8016397672
1013582,507213.8491328269
1001998,370706.00682685577
1006371,280257.75506318704
1014425,430179.68164043606
1005066,661202.5627447768
1005308,363228.22264459933
1001698,425551.1918331677
1008961,477067.58282370836
1000920,377805.574342154
1006538,353160.5670419728
1004784,522205.4660280236
1009044,368680.11503303185
1016533,475990.9673915224
1003000,914404.2755459459
1015062,859272.5421963638
1007424,605139.838682262
1000655,159687.67030352622
1006290,454168.70493541495
1013187,311203.21013786836
1005907,355005.0953958018
1016223,904598.9065583325
1014048,166439.69117304153
1001833,713435.6748968005
1000027,797453.860613577
1014548,419511.6041714171
1000659,446053.44139980304
1010166,532570.3938560818
1004900,770516.7141873125
1015439,774862.1289465905
1005755,461528.732303364
1017269,379584.2543582111
1009028,495496.6975547687
1016987,1008889.8632124377
1009646,624084.9642020562
1005668,550296.3990325693
1000783,354367.6754331468
1014661,399980.2531575511
1007254,525935.387659952
1007064,280319.3447562781
1011274,446000.0628400393
1005882,247716.38006041953
1005568,500141.24731916015
1010803,296770.4364721532
1008212,360644.3006137699
1002856,431884.58706141735
1003808,537765.4615280943
1010431,746199.287423786
1001157,324846.4017462583
1001103,507677.20057240344
1016543,618428.4434000007
1003838,532977.8475996421
1003626,508598.55387478904
1005590,576084.2625171038
1016697,393959.08207386895
1016932,193259.5995877742
1003493,342290.7661211407
1011384,467966.0386865304
1000273,455414.4443311551
1000341,528294.7299803525
1008266,391658.74756270734
1000409,404568.24877430795
1003311,287936.4820212579
1015334,837346.3761032922
1016076,180258.26674163574
1009557,504561.15527867136
1011679,953874.1339060802
1001424,224818.21174072378
1010593,479704.37059756235
1000782,276679.7170125893
1013173,561758.705395997
1011680,477551.48124362587
1009425,688537.0178541435
1013169,392134.1733873585
1008114,721465.3109703689
1001836,392730.3056252077
1008082,284757.2071481343
1008062,504748.8718275995
1014650,307381.3134827823
1003845,744069.0794832294
1017272,407134.3046343195
1014188,444066.22890594526
1003256,264849.75509307155
1017079,497371.61382458196
1003973,294306.1511279739
1017372,663560.6317682322
1003827,533253.8340599744
1009414,529242.9602016429
1011660,635641.2527704487
1004156,488732.72150263545
1006957,355818.50132399204
1005104,163175.57337232633
1003617,307994.7829335433
1005714,442718.97694853577
1013547,548591.9909905436
1005042,596539.7018071135
1000817,398349.48043820844
1013568,367653.5976002412
1005269,509787.82316146954
1011473,416462.31529032195
1011802,497372.11923184455
1002845,504239.5400671646
1015763,265320.79412958986
1012443,349916.8403733684
1014574,943412.9048094961
1002760,394733.3333597392
1004863,786170.7855147099
1006006,269528.2059283909
1009291,283435.226509569
1010324,515399.5937595295
1007071,569722.8370753388
1006532,1106869.3221904575
1017330,444214.5981186136
1012269,326171.0026201158
1012037,551828.1938768358
1008184,362152.4341887655
1006751,397580.0979692845
1002478,556286.5736275251
1001090,246651.8606086287
1000164,362750.52772165777
1011398,755440.9517474804
1016638,365420.22397659
1010540,566942.3819025303
1007516,433619.9883492658
1015823,702651.176088972
1009336,423183.74323154724
1004090,598951.6165963345
1003354,269833.77438115946
1008750,945512.457745778
1006026,475761.12428171874
1016704,361677.35621393495
1002257,520061.40307599196
1003417,288556.62484663137
1005897,345653.4292122864
1001505,432782.326449583
1013548,576892.2014419577
1016797,615441.9481505689
1000748,508129.98747315555
1010764,446918.43486805283
1004881,652569.5071172646
1010712,436231.48722439347
1013086,864930.83273209
1011839,622033.3876658818
1004403,295293.9606243827
1016507,370563.27949517046
1007129,623573.2760854396
1012761,288026.34370424977
1003806,498344.6726452065
1000599,232211.4701339787
1006613,364698.69673180924
1007280,506152.3362054062
1016489,635553.5860727674
1007782,449905.95868878474
1014465,872567.8086037853
1011528,442932.43932406395
1010124,532356.5058665747
1002190,413303.58319985
1015293,420594.21759434784
1005829,641115.3925713187
1007201,358014.83392663515
1002925,500195.9115530908
1013956,747745.225988313
1009317,509555.9034515011
1012848,574615.8018630226
1008864,503388.8129492173
1011032,373829.18491482164
1003832,558203.1512686756
1013428,457017.39697316394
1000939,647703.4485017449
1007006,626907.8422449526
1003901,122390.03825689538
1001395,793044.6778468185
1005105,430905.52307173156
1014658,446668.1730864963
1014538,515261.16315824183
1007910,876417.2981017908
1014623,597895.9698836321
1002089,572829.2529693636
1004832,249240.8638178639
1002232,729022.6079698221
1007160,488998.4417800323
1010085,673233.5578632113
1000427,488440.42793907196
1009872,321297.9292338563
1009377,379413.22643985506
1002382,612017.7988842842
1003860,201947.15703585345
1009944,466825.3527243599
1002434,385272.05806943664
1000871,709257.8701405504
1004557,222609.3028593231
1003938,321110.46289776906
1006214,366134.24826426693
1000351,462287.56798170164
1007479,368331.3319554563
1012864,704579.6585896101
1016925,238691.58462859257
1004920,559013.0779262994
1013864,451543.0483963462
1015022,302186.30795497086
1000958,527934.9517454694
1008120,297195.1450402612
1013048,1205666.7655733179
1002623,523453.0464866
1011649,364069.0740019449
1014241,600246.6995685451
1006533,295155.0032981195
1007237,454550.80288943596
1006628,1035057.8416941799
1011512,240623.20729550524
1011675,239718.8497783782
1015430,548845.558976485
1005960,334612.7299883089
1006047,562425.1007052992
1010694,654393.2987284586
1016928,293188.6834191614
1013071,408840.129610025
1012541,303377.86169553036
1001800,374980.67112514144
1004972,351707.3106859206
1005390,465466.19879082084
1016433,576945.6032031898
1000241,748302.7616366476
1005448,612423.1913041981
1016924,218007.99248478032
1005092,366372.78445598553
1011416,767259.3066960764
1010443,608199.2355538892
1004608,586770.2001869708
1006132,255421.17718296926
1016775,395117.61016098264
1004771,351589.8849045691
1011689,654132.5206361758
1005743,513726.96008128504
1002725,453677.3033863316
1007583,705049.1814243448
1009645,395048.67434977106
1001301,342569.19983132137
1007535,446665.8184045863
1001801,542781.2160520896
1005144,349465.99809894327
1006439,528922.897785207
1000909,549883.2055771418
1008794,366445.46569321834
1011119,316710.1468571698
1000067,539163.7157406425
1008573,507046.1586688531
1003296,679035.1423027497
1000537,540456.4066730862
1015840,302515.3009408203
1009597,414144.97322652396
1013186,281167.7275991082
1001210,615059.8394228885
1011658,441625.5009591913
1011029,358425.325642558
1005538,265573.7441837239
1008305,535301.7899135739
1012651,727771.9767504891
1010523,364255.54711397196
1000954,895677.9958266773
1007218,551063.7768170844
1004411,286472.19240122783
1011780,396443.9726144294
1017320,384077.0640262153
1011181,584232.5921601487
1002732,419810.52438454377
1003748,321882.8806620432
1005428,490985.8462327225
1004287,510372.2850052178
1008721,475204.1510444104
1004902,311992.7630031345
1000205,397285.86306776316
1016511,293654.04766258306
1013861,292482.2975780415
1015241,376825.8253554657
1011003,394280.8584507845
1012083,498141.8934123617
1012416,628510.7219122129
1002609,310127.0851120006
1009191,310537.89992246596
1013913,546902.9273473433
1000452,552196.4791526869
1016873,770743.9367813916
1005177,216784.81184883276
1008879,745070.1387202514
1001111,403113.38689290686
1011604,533609.7964131428
1005271,591392.7937806663
1017205,1042470.1252206699
1002860,489214.2402078182
1007097,445613.92566877237
1002404,495679.07992096164
1017160,898922.1836431139
1009686,417346.7383609304
1005783,537068.2098223361
1006080,625306.1421345086
1015906,643565.4351478923
1011243,537501.450696223
1004347,568012.7869670158
1005964,694626.3991802172
1013859,251431.90485780133
1009547,1066137.0314982692
1016551,215250.5037449436
1013755,582527.3438676938
1000877,296128.83341349504
1007179,584778.6692296645
1001300,414644.26985869784
1001587,355731.73880604294
1000464,198723.34738944398
1003249,507692.27630782843
1011894,662427.5798154277
1008558,414723.70562032674
1005831,526027.597470803
1013876,538637.0792602552
1002581,830948.6064179149
1011129,272885.7759406596
1008609,375429.04536425695
1008697,714619.043641626
1005275,627143.1069901872
1014863,952247.884236009
1010261,911471.4823421632
1014156,339267.0141876916
1005615,171651.7856947645
1015426,571514.9752670865
1001532,904774.8647656796
1005939,830906.0899934166
1005541,377894.1656969891
1008957,610123.7689020094
1013031,276818.444813266
1008046,523182.37209520815
1010978,780612.7952640865
1009634,440367.1296921402
1010427,227616.1228930142
1003412,437629.35952266504
1008903,434934.95497546694
1000184,452341.41453859507
1002364,373701.0949381187
1003604,324903.1516547882
1016762,490402.9710951253
1005139,349242.07275338966
1008888,484911.9102360086
1005339,489314.0638998982
1002139,360999.3677539103
1014733,381101.5881818718
1004849,390152.0901475744
1014759,772348.2263629717
1004687,799177.8461473557
1002895,265188.00998600235
1010828,629150.2462692385
1000947,333978.69276662485
1015559,393845.46936015494
1008817,876466.3415440081
1010634,569947.795022826
1006767,608841.9315919318
1013460,530424.8138233016
1009852,288463.19295652263
1008073,317571.16341920925
1015642,811650.7185404776
1016546,528843.7934992968
1011900,688013.5187431542
1006426,363732.20380723657
1010758,290766.7509121424
1010004,184702.19459373548
1010728,525785.3023616226
1001026,417305.70415001444
1001758,370007.1380153002
1005061,416125.5639969877
1010131,400683.07339931745
1006155,358936.1858960068
1012179,346233.92181500565
1006058,398696.37181509944
1002748,437567.58660740365
1013914,473002.53879768174
1015094,391304.04955982335
1012688,462080.29934947076
1005845,528303.5172050963
1012077,625183.7136677956
1004994,576901.3767319662
1006312,388665.25581664714
1003502,604492.209987722
1011757,725992.4145000782
1009518,444581.4628693746
1008767,441097.41395344085
1004016,704922.0753944074
1015434,414952.911830581
1003512,382295.6873560338
1001365,373383.0573127486
1007338,533813.9167537778
1009618,333929.4993301643
1009617,372583.65629908396
1002713,802344.2105281622
1003528,308240.4134642315
1011509,327654.7700528218
1003389,362904.377976576
1005639,678361.1489777749
1000614,404189.1231177625
1015726,308347.04772264627
1004774,520988.54494414455
1009839,426927.36654217355
1006526,409229.6350368766
1000367,633003.152009604
1015843,385247.91282053647
1000167,426454.14963301766
1013089,409541.4895442468
1003184,433195.0748558783
1011684,552253.0364098863
1005610,457832.2959504004
1005287,493061.3679543693
1001345,282217.17258072697
1006565,390686.4294565349
1011253,395139.270324256
1016161,624359.2934917505
1016063,155826.97973044362
1014341,519727.32464256784
1013673,563660.171937181
1015242,396363.7066108782
1007234,291642.5551520461
1007055,735262.9865287256
1010105,496334.83996070933
1006194,252873.8312632074
1004964,1008820.9597578417
1000568,423812.0685985488
1005724,300916.4152163928
1014426,1119274.7717335161
1008663,321038.1031849082
1014978,437318.6849580183
1014235,686832.334580283
1011108,268065.67678737367
1013960,282192.27473049634
1008375,182904.2859637349
1001994,412246.93500467745
1002827,446131.3569430428
1008177,500697.40574135195
1003151,695087.8741208181
1005646,692705.8813193268
1013759,464454.58793113416
1007082,484963.2381414836
1014758,407648.93367555947
1002787,381915.5374771354
1006926,295948.4990128256
1016391,973884.0156439418
1008941,655061.8992409402
1015517,292834.5050453526
1003140,484715.2654049471
1004504,545427.2013409376
1016946,393581.3378333898
1001124,608868.2560294745
1013716,548526.984004418
1013297,352810.6497513021
1016251,619145.544463359
1009426,316804.8702117227
1017185,454067.5241149992
1002878,319973.24668289314
1005837,342870.38967752334
1001016,492242.8116156493
1010782,775972.2787997336
1010175,350220.4650328598
1010722,227434.9097794398
1013394,422910.8518218953
1005225,1171484.8689046712
1012487,346704.535028913
1015585,396070.21196117
1015475,512542.86662126944
1006637,309289.9965020119
1009663,395612.71397691383
1015380,528641.6251113336
1001588,662696.2518537916
1007091,302243.5844386257
1004625,451537.7704277999
1015237,367198.95499657426
1013806,493761.1083648273
1016610,242065.26012747159
1008369,621584.1038385666
1017575,285654.13306015416
1003248,558360.8733842673
1000710,341798.5429325172
1010377,894081.9984146369
1007186,276338.2460092089
1003485,608229.9731698249
1005132,482734.5824413539
1007436,664761.9932789417
1002819,380781.57393787574
1015388,298985.35727187095
1004874,285363.4644322696
1007870,264713.989818433
1000993,519562.87159519136
1009402,625118.5846127083
1002373,448939.1500369531
1007907,276867.13384917227
1012536,400471.96692108596
1005426,884278.9522146257
1016349,599727.3634629234
1002910,433294.2110048897
1001426,284297.0884967307
1004562,446356.8706343573
1013995,325949.35914238385
1016428,288318.4288786373
1003242,372583.5267217549
1009533,680603.0937546133
1002793,340168.705748964
1003289,261166.66619914456
1005310,499108.40253284475
1001444,784860.0574030763
1006807,724784.7605936913
1003334,600629.5373782526
1006286,624052.5402405902
1015355,918253.9879173863
1011168,218648.40978373002
1010638,837452.2665423704
1016395,592105.9823103115
1009301,443019.54212904006
1014314,604343.0330268454
1004617,789738.0678285208
1007797,181426.83022437224
1004265,433564.2101110586
1007357,880950.7502259201
1001706,415493.9671221388
1000921,212520.48770120967
1003673,558990.6323923923
1009310,1160475.8694789454
1001677,1127562.3831581052
1013728,377052.6914849893
1009636,674866.4984500147
1004222,298567.4852669965
1003923,455759.49990531604
1013888,299850.5429173907
1007519,550811.1415227333
1010041,490152.8292885771
1011313,564488.5745582775
1011722,590479.3622128867
1006276,499421.16578427487
1014679,456076.17493332725
1012931,345447.4456009224
1017148,273965.8734526594
1010083,530287.1446197729
1014138,635871.4250165432
1016248,266510.1377556823
1009991,194172.7382023101
1013973,478563.3264820555
1002033,343472.2065480106
1003486,693849.6780003925
1000201,266264.37028133293
1005616,281783.590119753
1005068,664461.4131122892
1012765,330376.9918481298
1008269,363120.4294888596
1004195,307139.50655915047
1002879,475266.74291597627
1000756,215523.63777136142
1017583,632621.0351921563
1000105,457090.53242408554
1007509,111197.96817903209
1000287,384883.1434133413
1015634,651632.1994232363
1001197,408589.3695771028
1010221,1041357.6167351672
1000918,429212.31416892057
1012100,572941.2856986603
1005159,435058.8592643167
1001413,221355.29796120367
1016273,327317.2323373648
1001740,309174.69488608395
1003224,756068.694615817
1007231,436418.31473380065
1006541,494114.20390095044
1008923,429807.10452379746
1009049,481965.4571103309
1016316,307516.27625901083
1011310,545422.6021620106
1008080,491977.89817206364
1008004,291724.58823195036
1012679,371393.02869322634
1009606,382282.1835634849
1012429,473848.73735669605
1013191,601753.9069466725
1000196,431969.399850192
1010944,1107979.6528841564
1014161,432263.6531642206
1002010,555247.2178294375
1000873,471488.2460093531
1001620,752733.9858719753
1003682,900158.2799337632
1015470,465237.4709238158
1007196,400450.34173098835
1007769,376652.70109853486
1014684,427473.7063473366
1006115,472975.7955870775
1011174,415121.8784909719
1015995,350982.0822599094
1001144,299684.265226473
1013423,557003.241103445
1010992,305343.3440402419
1008402,353105.4677183497
1010580,207491.8122013903
1003094,710332.5814314835
1004506,264385.26368816756
1005473,403559.058457258
1005946,623279.0492531083
1007781,428757.6735217541
1016752,753490.8329921238
1004343,188036.59939245737
1017557,395898.1276917023
1011306,554505.2745685622
1002716,517554.8741187484
1009868,373001.18565150374
1016692,929798.3108136281
1007339,189448.57433286728
1016598,447207.4972395855
1013691,524112.88897670916
1016534,479784.8896011716
1012605,314845.78821377887
1015251,464004.9868238426
1006546,289663.81741729093
1005834,926983.425985216
1008021,273860.6146901194
1006929,263002.092951384
1017345,305941.7077123956
1015979,436143.966198062
1014785,711672.9902950426
1010031,691853.6824399173
1009506,507026.4694746681
1012059,342586.3123808472
1001682,602691.7396470098
1009185,515089.542137568
1001056,540739.2607869604
1013154,368350.2328590095
1011907,361999.2898283383
1016139,536201.2932191831
1012943,382229.81457866414
1000645,436585.4570861598
1014380,614862.1183825724
1004399,249142.63466826658
1012882,348604.67835211783
1013932,355520.97357215575
1006161,294083.75778918207
1012135,467000.78891001875
1012627,398096.4260877613
1002181,398621.9092672081
1004035,329995.4046975491
1010027,299956.37188815844
1002080,402865.69576082693
1000717,642979.6465929853
1001408,289846.46834271937
1001367,254561.876432709
1008623,346448.2275509294
1015432,233055.1315807492
1002310,531523.0540797127
1013724,228986.99222653385
1006338,566683.1395598646
1013433,418478.2441394008
1008945,646251.4772288776
1010677,867650.1980813183
1011289,370735.41200671205
1015310,748902.3669721911
1013294,472764.842311224
1004685,310932.0627658899
1003246,264212.92959139147
1013087,1019657.2572287318
1007210,637909.3550312673
1002649,358608.4050416265
1014458,451770.6592843083
1011919,301285.894789485
1004282,510026.8318202503
1006681,369023.9473924013
1009545,499543.08032281883
1012165,166071.1040288137
1010367,476118.10430563317
1007025,539262.9892901547
1007760,582257.2982582537
1007770,474518.5442973481
1009689,493073.04062140157
1009569,676520.5956777171
1011411,464685.54002145823
1012615,363481.8998044957
1002325,496094.00089989655
1001297,232559.93111916113
1001202,720319.8570746212
1016385,749113.9988838154
1015072,472919.19693928974
1001678,345577.13043159014
1013606,291613.36973845074
1007949,465073.85879849794
1015814,204842.81644749016
1008684,470266.36112923437
1001984,478689.0693759662
1003131,574953.1328438396
1012408,426914.2047244414
1004137,432603.4796312098
1013240,351135.74970580434
1017563,366875.17499097035
1003200,740624.7376271384
1002859,888889.2237185796
1000358,695936.8822944434
1011511,590600.6531656984
1009956,621006.8369358821
1010503,638134.8232424605
1016733,265584.5454481076
1010193,416325.4304854106
1014711,558998.6541329286
1004637,474257.3529415778
1001867,864966.3010007143
1008496,437893.3205454008
1012393,347356.646765862
1003403,388946.19441432884
1017586,693174.8202900378
1007580,333437.72072008485
1004688,513747.9421196971
1016196,421411.1247229751
1014191,682654.6944302339
1010401,485149.0065699658
1007216,273892.028651726
1002403,679409.7582714222
1004055,595834.3935606978
1000956,384379.2973114247
1002423,738911.6023059917
1002738,588620.7093540771
1002530,1075392.8416787924
1008608,363677.0567202718
1013733,659309.7898750703
1012614,471327.69754647097
1015161,1035399.9262645369
1010070,750920.8533558274
1013683,380041.5410055357
1017319,630985.4770387834
1013247,281205.5335399248
1012186,280615.0856826307
1005511,502473.68145277724
1002803,467787.52727760724
1008711,527790.9856892915
1005584,430444.6590852809
1013658,983826.2081149818
1001843,580230.666923343
1013519,297515.568954735
1013280,351428.59603911603
1015884,411877.0683391833
1003425,381554.5419058676
1014270,306896.61088353285
1004501,350867.13421452383
1002665,795497.2741194204
1008059,547491.1715561856
1008274,231004.4419390727
1007988,326659.0198356444
1012634,676540.471985529
1008754,285571.9078182218
1008439,828097.0394655969
1012725,374209.5231857822
1016549,798518.0152527364
1011702,647995.9381538348
1015230,538145.3627283984
1015028,799325.8514258191
1007753,530744.262315101
1016142,589918.5141143886
1008087,570769.809672766
1008098,321831.20571679855
1014036,220820.92035570057
1001376,233498.7617879942
1006783,431958.9361827642
1015419,338905.58647181356
1014908,539351.7865661017
1007153,421331.9580092114
1016996,447358.9341106228
1016298,245356.84204009763
1001997,304759.06021244737
1013358,419947.0843307623
1003558,390288.2678004385
1011530,535168.4858711528
1012555,633229.4831709459
1014884,1014055.1788815693
1000623,545503.3723433606
1014114,303600.4175330805
1015515,458879.36385423597
1004927,197450.8616870113
1017426,774121.2383581914
1009200,381952.28027470055
1002586,441368.5424492459
1006111,391056.3086101394
1013194,653906.6885230475
1009479,310261.87178660446
1013846,425550.3899557792
1004740,369431.0197186965
1003006,680773.6541469663
1002999,345985.1485565197
1001941,580788.6694661626
1003093,431307.3002619625
1004752,390725.15400539496
1015955,415001.6781409244
1004783,447891.85583610897
1016140,305297.8996078327
1003437,543371.5803253775
1008047,581172.7134945048
1014061,517417.1892968797
1015034,691667.3684370108
1016201,420009.1280331027
1008848,360385.366410638
1016974,800615.608627428
1008048,491799.64510648313
1000329,607717.0521551069
1004659,421969.46459877136
1002599,518229.61791138625
1005770,553419.6868909199
1011470,344997.9141398131
1010881,532557.3396037281
1008971,199501.5156355183
1017076,345358.33042584383
1004384,337324.02578426024
1005402,263575.25542314554
1014223,436445.43113498326
1000651,243677.64435811667
1004433,627387.48542012
1008477,446439.08683298924
1001817,605691.7039275656
1007915,348556.25837829773
1006535,451111.8382145086
1000492,413827.7208373907
1003067,449675.1006370807
1014094,291706.46334396006
1013457,656559.4141622052
1002863,407433.41494290286
1012853,436663.57685143093
1003013,595963.8011190018
1000183,518158.0633794141
1004402,727162.0216553521
1008320,695534.1527629144
1017095,727857.9801429353
1001823,518664.5401494547
1001021,157555.84053354786
1016879,417142.6729502477
1001150,604549.6021633245
1016724,494603.7885531652
1011998,165454.39925727
1006211,542065.2556680168
1017456,206293.1088103739
1015971,419354.91134518327
1015947,712195.534862888
1002953,508637.26237837394
1002757,1024012.9837509472
1012784,470098.96328246064
1002532,384819.6802479041
1013961,312580.7796675626
1010721,481581.5865892072
1011798,1078489.9672565989
1015808,436879.5569168898
1001265,241854.3258782645
1010742,589259.8887172766
1008079,332021.9752975571
1006556,268542.66348692897
1016046,338656.15760256775
1006363,304134.98949442996
1005650,459879.10593677656
1002161,531494.5665437502
1017329,924698.2102666467
1010372,475305.0345623509
1007947,400327.899997771
1000383,226463.03987081812
1011776,249775.16501025093
1017577,794455.504538887
1016570,584216.3701165585
1001664,506168.03030558914
1000866,322732.0233020961
1012715,557049.6486532864
1005516,847623.6992807399
1015839,415175.2794037653
1002470,398883.7935652626
1010311,514461.8288526432
1002841,458012.90083505085
1003948,853437.3917667689
1003846,555856.1228606807
1008470,969885.369384416
1010242,114285.92973424042
1013904,353921.27721955354
1015891,368212.8482956551
1002484,379383.6894295141
1007165,527526.0533389907
1011591,436940.6666802645
1005267,366355.10927390197
1009801,777834.3463003825
1015004,339202.4226742724
1004422,542092.9180756662
1017293,735565.7360517589
1005851,362746.6131859229
1013543,731313.9918515802
1007001,410016.43479004694
1016696,551705.442385088
1000937,422811.78004014015
1012992,281558.0255929439
1011486,403307.7032922517
1003110,490809.9554526214
1007505,766244.5293099188
1004725,633640.1878389888
1014146,338931.62380217196
1011015,403500.88775093976
1016651,898892.0602349588
1015219,871266.1579927882
1004234,371499.14411374583
1017229,297309.88518697326
1001372,394506.46884920285
1012085,493678.75919784483
1009143,392844.56260934816
1004808,500839.5042547909
1011767,404129.78897076735
1012683,318700.73360528395
1010271,704979.72898387
1002283,543792.4694985934
1003035,243929.48215067878
1014105,736312.9094853554
1001110,604592.492762716
1013600,223215.21453852928
1011832,468255.5531895007
1002284,205807.40357278252
1010343,611187.2237011535
1014791,344652.78260731575
1013427,379790.4722437413
1000207,514750.75153622427
1008685,455418.1319719615
1013345,887117.2736781762
1008446,359118.75679311674
1007430,339792.83264663053
1002444,527651.7818277365
1004168,357000.69906346
1011745,724790.048429584
1002569,658854.200898098
1007069,357663.6818442505
1002967,365928.07062637224
1003073,367755.8324521437
1004727,444882.01455272717
1000308,154900.4360729928
1017166,650273.5318473775
1009463,280483.14327195066
1008893,429483.32571289816
1010606,507147.93881783297
1011937,558615.1446869839
1015279,308849.2352681899
1000448,516463.18204818125
1011813,372437.3519883098
1004601,467267.3402145534
1014566,695022.6817972014
1010906,412938.1700103936
1001281,219818.6310569817
1017430,542808.8348839915
1009268,273615.4789333035
1008209,664692.2351278311
1013366,505360.8307272291
1006938,769571.5044114946
1004283,447033.79656044237
1013720,697142.3874190667
1006809,763589.4504723892
1004787,665652.1009678725
1003018,329225.38375310664
1006908,361666.9712351127
1014651,527073.2925302907
1007061,421753.52718557057
1000598,512353.24707130285
1011905,291106.694802787
1011954,189515.4822069637
1007732,298296.88196655584
1010940,637341.4168870584
1002989,339893.9837085981
1006028,681555.0103392532
1002679,530684.9921555921
1012257,583644.0920323478
1003428,274878.7367069143
1001478,714397.7621259642
1007957,457549.4377731559
1002919,593228.2055250003
1009838,346849.18995094957
1002942,478032.85179756285
1007771,915386.0479214474
1003967,863197.9701957045
1011405,526474.114210482
1013935,563696.6579083927
1003882,398861.7502918852
1005629,552997.1853928348
1000621,473975.0110219039
1009869,304053.51551224635
1000150,585950.149637176
1017409,185187.489163635
1008480,797931.1279180831
1006749,264119.208837982
1011324,698848.8448570708
1003298,899855.4769799056
1001122,339638.8034224137
1006579,334761.2975315447
1016155,351973.9205164917
1017116,453513.71932199167
1007790,546943.5662268889
1007525,434065.9457202671
1012280,551259.369958974
1006779,495884.88663189363
1007875,286669.08590907074
1003893,600809.4502272204
1011094,389524.8608550276
1011389,593708.4453132078
1017016,409272.70342517865
1002902,348986.4116764054
1008421,482001.30092763435
1004956,386326.51784618926
1003775,351909.31094668835
1001428,371454.31194161944
1008840,439777.588263645
1015298,226702.8407243778
1010760,267725.4000926976
1017420,300898.2591894705
1011563,413875.6961663011
1017493,534094.2370160064
1012880,445796.1929335844
1004450,514864.82470102847
1003173,578682.9695152214
1001955,834584.1606440957
1013804,433718.35666626046
1010632,411058.6180192832
1017200,959855.0623106037
1001988,537245.7301582549
1016348,985025.505987279
1008757,220434.6976977083
1010239,665638.6533152475
1015379,408527.3316907587
1016709,448399.0736152837
1002555,320855.1748114188
1014351,406588.8364644579
1005843,384254.5943054669
1005286,632829.4206425437
1004602,319031.1813838255
1014534,630806.934570978
1014466,681589.6264664616
1000731,283482.4889634818
1016167,479000.46049604675
1004317,496172.0158040829
1001045,739881.0250616801
1016154,128450.07370055994
1001464,471891.8153489672
1014564,393954.1061658919
1001929,360598.1358908966
1010763,411036.1727390076
1002031,292931.10362178896
1005378,529133.6692780207
1016660,540912.0761416157
1000653,525470.162444153
1005252,253042.8236902041
1013024,229514.65044301774
1013766,450194.219034879
1012195,295799.065594388
1009539,452179.7886453492
1002023,453652.203750514
1002059,570537.6082109255
1015997,627651.6448540092
1005083,457975.3530850966
1016626,1048981.8054012472
1001082,410626.90777935507
1005099,473216.58911609906
1015069,447248.2501146645
1007878,177478.31394873103
1005518,518740.8501721858
1002598,444580.44654318603
1015220,453318.5476968079
1006177,484691.0447316854
1004769,411263.0617660233
1013734,395523.91491772793
1007736,839492.0504635688
1005855,399643.77435689396
1000509,478835.52174920903
1003362,572651.4357699283
1005152,390455.74481273367
1009013,195547.82694236634
1016611,523116.47020672413
1009864,336436.6200014412
1013007,524686.6714988562
1015356,859441.1267423874
1016558,497639.75912153826
1003772,489646.99713812105
1006826,401657.60800282046
1010614,120733.67790348995
1015670,261716.01323561385
1001260,392784.57065774815
1014952,1139930.1933896686
1017089,467981.3497816405
1016780,343270.58339701185
1014599,262834.3806778394
1015665,461487.99847038055
1016012,795352.1217660751
1007124,277153.2792359568
1004130,569428.1196246616
1009935,350457.58862759813
1014442,337542.2555502845
1011201,127199.64766944933
1011703,660152.5545712827
1010516,311330.0694897794
1003892,909855.0606617732
1012127,314419.5624274117
1003800,571223.7668753864
1000994,413663.035569613
1010813,638013.6496818706
1011041,338518.21147655597
1011034,522238.73367674445
1016172,564812.4502514664
1016424,366484.7766383769
1014525,753866.1054594596
1008170,499519.85207652865
1017122,499841.6534368323
1010106,350784.2711599059
1004955,300605.5420772227
1003807,417647.98763210926
1011404,702707.5642927929
1011359,499523.2575751723
1014575,784480.5504210843
1013524,411450.36497124523
1016108,744481.6531023277
1011992,389602.13071643806
1010451,634957.7429578865
1000033,546813.0741130209
1007057,290715.4383960578
1003185,766292.4709754325
1008181,282654.79782907414
1003662,585029.4951465576
1004166,522143.9699246877
1011668,1156226.7202466233
1001827,504460.8761698352
1017529,453598.9965693174
1016731,568474.4327037466
1017164,182648.82011738676
1015835,365892.49299010163
1016346,568099.5638265886
1015984,498723.3474144561
1009702,597680.0334382843
1016192,821090.9447142876
1015136,196363.64122778707
1009488,460028.49184958905
1001418,671356.1576432359
1007143,507050.0913722035
1008149,475221.05417082453
1003576,539666.0743551722
1014249,353119.9806032716
1001937,582575.2662139402
1005905,281329.94999332057
1017593,1106977.7181227747
1015152,394129.3235153027
1008746,477973.2433263563
1004026,673345.2290892967
1015850,521566.34050590376
1001631,699665.2747464494
1010649,515834.1559509712
1017385,510127.68612598185
1007684,526965.4432982657
1003533,518236.56228189834
1016886,584767.7108069357
1011373,295446.7264370957
1007594,317517.79024658
1001641,527182.6369512475
1011666,439634.44378776354
1014539,255154.93804933978
1011494,329926.1884121754
1004754,1057698.3601477148
1011887,834994.0782863451
1010565,956405.022332782
1005649,984972.5397997245
1009100,738067.1448741003
1007774,271937.1728185822
1007931,771776.6079135804
1001146,549224.6598470291
1010513,629540.8671594379
1002933,336478.1231506757
1014883,444039.1942671336
1001960,324192.5683224929
1014354,420432.22546549176
1002740,425894.3353078102
1005293,887188.8366387793
1008939,469219.8195652837
1002029,387656.88255626446
1007547,449229.30069050496
1011991,283211.51099588425
1015569,255846.05503875532
1010519,508558.51711898466
1014349,335569.3424034793
1007289,956579.9838984972
1006559,511272.46183303144
1005452,499549.0079322755
1007962,507418.87626436196
1011662,411633.5458176667
1015757,280475.69730722776
1014591,385148.2173222256
1011040,408129.45643046906
1005379,1200695.861660399
1011543,500521.6604753257
1014511,632970.4702724372
1003432,406658.20888457284
1001617,517236.73640013207
1005888,283565.51444437506
1007273,176590.48261458322
1012253,850166.6746421087
1001608,564557.0643667417
1011523,472353.1745683242
1003946,402547.0701303115
1003941,630801.4043668362
1004541,293846.1877932598
1009095,530713.1316477358
1007755,412383.73091678915
1005984,809383.4331995997
1013546,387819.117456118
1002130,404450.12644507753
1008571,606824.6904346888
1003804,667350.4023069864
1017351,222527.92257322627
1004636,490111.57656641974
1013178,913676.9764159409
1006133,657688.1247862892
1007263,801877.5730864778
1015916,185050.18994071693
1009906,342556.5637266578
1016377,723184.2811338295
1010584,476462.50470636087
1012065,412838.3824358371
1015529,525928.5770771597
1007845,539130.3300693645
1007497,336056.4944325965
1006039,385367.2830932616
1001679,361814.26607286924
1016354,328626.7477408992
1015148,280669.55224803614
1010825,233665.41476956455
1010774,362239.36617368105
1017167,513814.48419590335
1007040,855037.0705524897
1000950,1037092.0717252974
1011200,635422.5100691948
1014876,380960.4688661262
1003924,502188.00585745863
1013308,395397.3566254873
1013505,214159.93963654048
1015442,420880.19705844007
1016559,339510.97043350694
1013040,321457.080576868
1004884,436171.3672477505
1008910,353549.776470335
1013539,578695.381946303
1008491,508419.55495319585
1006812,472311.49777376314
1007903,796655.366896401
1008567,380783.8165305262
1010680,555184.924605268
1003555,639986.065618628
1004379,170338.1491449635
1004270,455382.85585096205
1016112,436944.98124169186
1015092,294607.68890602223
1017548,445044.16458141926
1013757,377077.28024068
1003601,954813.8844304346
1007754,257728.38634645488
1012834,425104.0428328993
1003027,246963.61164095064
1006776,440033.55056631914
1007682,121233.01771635612
1004499,506399.36831529724
1002522,1010165.1307610496
1009582,349921.7232527028
1006138,427272.55379219126
1012918,314576.5004051525
1016800,300577.2545903412
1007801,394701.3298704181
1002844,430281.55743926245
1003758,408298.35882715526
1004022,451883.7041596531
1000074,483904.2077739355
1004573,547981.1761358434
1014543,447555.35894121206
1016197,167704.84436891865
1014640,1237828.1406950087
1016532,587038.0355798706
1014626,218618.5451341207
1001108,460726.1619349441
1014930,387939.146937312
1015364,676140.1893841325
1007253,859441.7428491833
1002861,644770.4629420781
1010973,913050.0552719771
1011553,426626.52503124234
1010201,742268.3333073743
1013033,638605.9402766622
1015660,286212.80677168857
1002882,481906.81057388074
1002973,777871.3078920061
1007723,494704.59455070965
1012622,471466.52575899067
1003420,570999.1783412952
1014709,339534.0346442781
1013322,276825.0862204493
1011312,535396.3037005018
1010213,235503.03544460764
1000934,467800.62408715015
1015348,808300.2340243427
1010635,309126.22224013903
1009189,302912.28984122653
1004244,379704.1021424342
1005331,830874.8444923054
1007276,463208.6219112408
1004378,576416.816112207
1002106,856681.5824855912
1009065,272657.55596850265
1015329,409873.4183743123
1001499,552155.1688838884
1002415,872035.7587274325
1005154,320657.7700234873
1014849,629758.9041091746
1008743,213391.06774272374
1014318,456914.0125406108
1015283,367611.29880514485
1009318,400410.7927801491
1002121,612594.1679149729
1013701,328434.8525169572
1012483,283575.8630512623
1005165,638582.570545593
1002980,268093.4101451796
1004532,355601.2402121526
1015737,442627.66954213136
1007846,176458.387164007
1012444,508578.26624207076
1000149,667273.9953550603
1001123,624584.6660208052
1010289,291281.6062505364
1017450,290368.8927268146
1010512,1025379.7679849996
1008996,917647.5508896408
1012268,400642.2330752224
1011122,315812.727790471
1006083,133949.39169074068
1011854,599533.9677036321
1008860,396176.42461124744
1012678,575223.0266207684
1002076,730719.9024583783
1015083,530255.7862555973
1013593,814837.0897055814
1008398,634726.8654540336
1010907,441551.49024932674
1015415,730043.5771141738
1015791,213574.41280478143
1005020,321457.858643593
1004392,478266.07997291203
1011974,558210.5097360788
1016162,206744.50172911235
1009125,882001.4953076078
1010404,586882.773979005
1002818,592763.8036084177
1001261,306614.1779249787
1000032,433747.2520254587
1008718,255904.0812563175
1014464,509099.5894011047
1011616,212597.73864063987
1000941,800298.4578780405
1003606,380657.046747754
1016687,587477.6076357632
1004526,732264.1920998411
1009681,979374.1874795165
1007260,554805.9401645563
1016442,722433.4075317052
1008227,399210.0176023366
1006705,569282.0625155963
1011676,286225.276314961
1002721,290747.4865487051
1002747,452472.94669981836
1008959,167390.71164503382
1009748,675361.9837698715
1015263,529053.6143367124
1010619,331395.9811289398
1013678,269962.30794298433
1009307,327123.4979734576
1015596,1066058.951593766
1000671,457840.554907606
1014238,477762.9669026657
1005208,575886.8492333665
1016997,736330.8242625701
1010241,512404.39930218155
1007998,449581.93119656853
1006234,452764.5288835809
1008169,292602.634703402
1010368,460283.98313430016
1012378,422959.4128907506
1015952,336269.87923420133
1006854,456811.03935982165
1005673,822191.0763215838
1000306,609820.3491633486
1005688,891223.1719904655
1006422,632137.3296130099
1003914,356943.4995714182
1000476,248026.23782928757
1010018,357737.6891323213
1003590,644846.3570962909
1012928,356128.5601760667
1007019,594402.8524829653
1013791,728329.8303812464
1001420,271698.4281074868
1002053,277741.7826165898
1006576,384489.625139676
1002218,492933.72938035487
1009187,518815.04504410335
1007730,663418.153019218
1000462,583799.2979363219
1003669,302351.0342056217
1017018,463090.0778093383
1001335,454446.0560811644
1002903,422935.8697405031
1000967,539958.2460321276
1006201,565115.5512014735
1012236,510756.2871784393
1007136,385087.76318606327
1017519,707650.9175491685
1005476,248102.95892083054
1003120,724674.1986644568
1011075,159441.61237395904
1003561,368705.7892909488
1009790,186836.77476687793
1003720,327882.01205463574
1007487,363599.3610590158
1012183,576282.9221770088
1000181,213558.75518822856
1001518,719399.8040050776
1001319,327681.6588686805
1013710,544326.1176958204
1011663,446301.05350264575
1012656,759509.0670773601
1012005,556279.3120581021
1017386,436288.8306139363
1015996,390236.85521004844
1006292,381942.8353578271
1001095,538005.3999628155
1002978,452596.7609664479
1004241,447531.1746990393
1015532,947521.227179802
1017049,429485.5412890315
1010078,447138.26418401394
1001076,532772.8253571322
1003724,274740.02795812156
1006175,817333.9474014281
1000570,604489.7287815496
1002126,427414.86029713403
1008644,530417.8077645572
1011484,659283.4757510462
1004970,567502.7347199306
1010747,416350.94964686746
1014040,694071.515242404
1007665,523197.79654987995
1016080,226278.09849932318
1015195,190197.04672717335
1007191,455930.068834782
1007324,272737.58992916025
1012865,458425.26512339024
1002191,1188366.8791848097
1001302,367498.4508046166
1016043,220672.238186554
1003643,439600.6728316639
1011901,508415.07645722054
1004284,784058.5639217617
1004053,207353.02148769476
1009755,499165.4092368279
1010074,536501.169679866
1001775,278662.1421578362
1010733,575198.0761920456
1006994,411213.6611443581
1012126,859866.2635330565
1014565,377126.55560176016
1008666,486521.6212344584
1012394,638775.3205000304
1015215,312390.82539660553
1006537,507081.31260374293
1014728,488098.385243572
1001414,572101.9632268419
1017398,581397.5865451046
1002426,356613.51301184105
1008456,528629.4396636441
1002849,240418.125944094
1017501,606984.5316131215
1007060,697673.7887636201
1008799,253100.3247498377
1014767,553431.5986136928
1012047,340431.5944781638
1003488,324344.98705042247
1002094,592553.5118659778
1012500,523606.12991891324
1003385,1007004.4639937181
1001834,324307.67582063656
1014265,644518.2932431122
1011841,869683.1765553871
1000833,579506.5714374608
1010827,414267.2586050362
1008182,244646.38967064227
1013937,635658.8663943246
1016624,409890.6437165933
1016682,610084.3413724423
1011375,380186.65820287116
1007696,437120.5030725475
1008198,754367.3564189485
1012568,437922.86338905443
1001837,397599.6781626867
1013151,414172.3244399449
1009188,964464.4828130025
1013327,355379.72317941696
1013857,452363.79451679083
1015973,341133.9310614361
1007350,334169.5274095777
1002656,1201078.4808212225
1005085,459511.8515661899
1000501,614203.1415500548
1004396,528903.7947278903
1001795,551528.9145222984
1003149,307013.9692421435
1002041,277381.9904688098
1016194,551353.0629936133
1016522,196660.78161404078
1009850,161367.05387104081
1017392,669954.0711510412
1011542,526889.3063367815
1008607,596800.6145353685
1008287,158245.50532890495
1013279,596504.0513433305
1004838,763928.9647206168
1008281,321294.7760531205
1000225,414346.5305800803
1005403,959367.1143882063
1010521,500320.80892019754
1006280,331899.08634387195
1014861,336614.62392845534
1011244,799204.0020533404
1005606,253267.66745612278
1013376,354002.5061333277
1012331,486975.01398390235
1012200,455190.5810652429
1015106,546863.3722889022
1003306,260525.5417992208
1001928,278442.9282818963
1004232,223271.85240170723
1013747,397667.0393187873
1005253,368113.07615137676
1017022,544750.2237602241
1009342,524274.9210732005
1007655,475988.0746252014
1009698,401723.67102020327
1017311,242504.07900824244
1009243,699414.1744310835
1002823,166597.7094006326
1008009,1009015.6318043802
1009120,436185.1131353028
1015994,553212.5735120828
1016947,663648.5715770804
1003121,429914.3461885884
1002150,392767.840855918
1010328,364391.46273214405
1005537,471739.4046719214
1015065,546637.098534559
1004289,361378.9045367329
1011304,272315.81917140895
1000963,437666.56876180985
1015137,402624.14741315076
1013430,608024.6366567462
1004773,389070.12695193844
1003974,689187.0400553426
1016342,504962.9423315099
1015113,290617.8820920112
1013062,429844.7787449121
1001199,310602.4393531368
1017455,589097.450474332
1004337,476535.54936142854
1014901,392141.9634118854
1002324,927490.3652575499
1009086,231211.89225315728
1005679,445903.374106849
1017437,515345.81136259175
1000566,487786.75660249655
1013215,668466.3371406205
1008385,297161.6649741621
1011636,281619.596478234
1002142,610612.9502643796
1014798,336699.2422085969
1005052,458708.4798510459
1005166,482652.7449645612
1007916,422721.53903186036
1004973,580393.9425919339
1002196,235420.03052680046
1004656,566758.7462217368
1009029,403148.1021928571
1010410,318720.9224542019
1003127,771240.6847839443
1006850,250413.6210690687
1007763,370877.27336433367
1009826,553636.8082820016
1010600,559920.4907039102
1017260,458212.3743814414
1000679,272791.47277545824
1002112,362226.0316344564
1000905,204580.46708918523
1004062,328442.05032821157
1011761,509193.0898550983
1002519,372034.09951960266
1006246,474607.2984622391
1006981,464059.2827133782
1004804,318985.66674037883
1014668,315071.72979865666
1003082,702525.5301122778
1014172,292260.6597045508
1000988,416020.9353452569
1016805,580275.7199573872
1000220,406746.86378754495
1011743,393138.38019923284
1008660,337628.1791619766
1002763,832843.2237937505
1001593,455740.1049701224
1011867,428601.98604878207
1006010,529721.7275796875
1000525,584883.9500771423
1004530,539711.6881109531
1001720,286513.2837769422
1013810,305015.215033604
1012255,302321.3084526059
1001933,324010.75873411767
1001449,291143.6620007975
1004668,462098.32333571394
1006702,730231.268879496
1009060,453127.1634579385
1016242,666073.1149266266
1016574,389563.1336023652
1009476,707673.1122462769
1002438,365979.2786405863
1008895,438313.3818646595
1003763,644759.8304222095
1002922,496696.7771325631
1002580,380005.3781844496
1005398,364615.72168245586
1015615,281758.2361783986
1011615,314169.432649876
1006345,223370.36341714577
1010972,367131.14928499854
1000239,416261.15633632935
1003835,855492.8138536895
1017350,408324.5260041382
1015928,551696.5206385169
1008145,767300.6231199091
1014895,554600.8295554769
1017078,629222.5887998107
1003554,463059.21516777034
1000365,588359.8247470068
1004548,436901.87979490875
1012516,514902.65937093913
1003102,334733.54509399534
1005034,507534.7472647595
1015085,544632.4185257733
1012670,359829.4045154062
1004599,430823.44969978806
1008653,520057.6461561806
1000724,454961.36830662406
1004860,523972.88074806944
1013906,733210.8607728923
1013183,308292.70122493344
1010895,520195.06480550254
1000133,654970.0738900803
1012493,392804.8269376679
1011655,317518.60754838784
1003217,609045.2780839266
1001205,449626.6405741363
1010088,274647.99136175116
1006164,452363.7161441642
1009398,339338.51348427124
1011020,354748.6460091682
1005773,332178.58236142824
1007511,459937.4336499683
1003598,318537.8818935582
1012367,627318.1192939297
1010435,646034.1718860153
1016553,401463.7736643772
1002223,455921.0693278804
1013069,497303.0781721344
1013046,220681.0237329081
1009573,291926.85564267583
1005870,279765.22624118545
1014031,310058.52392646956
1008353,528366.764810485
1005327,576088.7984401436
1011118,356775.7299010462
1012830,239152.03906072138
1010380,699724.4273976794
1006365,225008.73306990232
1017447,413505.4036335383
1008150,373037.37289213977
1014633,490244.87498429517
1014083,743556.003179667
1005005,412520.25406315
1002961,492154.10849480826
1006253,770549.0276924693
1017310,483249.2808885444
1016268,611296.6705814262
1007047,628994.5586137117
1005981,358785.00256954256
1001526,498180.22132357315
1003379,318058.66275807127
1001055,882715.6464615063
1007557,431675.35412854824
1011385,473264.5098787101
1015912,456091.360577205
1011847,230214.8379257948
1001582,678846.3336084184
1000678,782665.0116348646
1000619,385953.08187601867
1001769,832241.9607300751
1010208,422098.14876925346
1017520,209509.3139762298
1017300,579776.0044509557
1009443,299852.83831963077
1009240,581214.1591093269
1011965,180254.43223566312
1006787,815948.2905929304
1003855,747991.8862465178
1009433,697902.7095771946
1013795,856237.3771904623
1006457,325394.3937260321
1002240,542287.546851117
1000634,620245.0863135275
1008319,526941.173833943
1001585,409373.5494053868
1013918,1314530.5026685884
1007553,595059.8628947053
1014438,733798.6071118349
1016961,408699.85330796917
1003400,314189.9351132738
1010740,404335.9216223476
1016592,773112.9487995309
1008904,817657.571935559
1005368,397657.7765752141
1001659,642532.5796230768
1013377,372142.4904063478
1016226,659414.2224661352
1001353,485603.8013616664
1013668,465632.20476085204
1003480,478393.56387843203
1003387,387440.956831778
1001389,819829.4520064541
1007764,485870.27611252747
1013754,305360.73387060163
1012702,363433.8424855911
1013909,579976.6169758015
1014497,873347.8515895673
1008902,527078.7048536936
1016935,428059.37854016694
1007139,517317.8209630148
1013800,414025.7973106854
1000744,289025.5738738491
1004923,826034.5333488504
1012449,572165.6866138355
1000807,309400.54515548045
1005076,398130.60806364584
1007640,467113.07713813975
1009558,631103.4345612921
1010556,530179.3663290984
1006436,540142.122857039
1004047,426522.4890880968
1012304,151757.7600464067
1000681,595376.1173584587
1015690,580618.5696952209
1014443,881699.4203629149
1002288,967137.3623519143
1005215,676819.462115736
1002768,462114.9559393113
1004962,524630.074004887
1008516,753790.6420067154
1012311,572230.4402269786
1001238,593156.0580620161
1010392,504074.2512507832
1011225,383942.4789567386
1004434,274749.9426024596
1017242,515771.98850570706
1014469,724595.0185725678
1004813,841116.3893696428
1005187,854046.8406471566
1011828,426291.7425308146
1007279,289590.93719757325
1015593,527232.8634026416
1001512,610158.137054979
1000023,594812.9497791249
1010473,359804.4418315736
1007409,686280.0369772066
1011646,455993.0386657219
1004619,445438.75817286066
1003272,509004.3228940398
1007363,663398.4468633397
1012370,463345.51716851146
1006168,1052836.9158731552
1004643,503360.2755359385
1009021,834607.5172286478
1011456,589687.3190255748
1011667,925784.4492138986
1011540,458161.3401324435
1000360,538240.7902133144
1000272,745302.2186452295
1011366,439729.7369233373
1007149,412774.99473807146
1014323,587269.4068488656
1000482,585896.3140672431
1000384,391390.45201761095
1016327,551055.860228302
1017500,521609.4115714734
1012117,305974.1500055199
1013729,1019046.405422943
1013463,513169.3900289079
1013165,296544.92429445754
1004701,535324.0811337597
1002334,388347.5848507687
1014666,339039.0394358592
1008520,525008.0625866419
1016071,314014.4490636718
1017473,562315.8799662672
1003055,460560.3841964783
1008071,384295.926633607
1008283,542181.4907647222
1003749,370634.6403849799
1014592,419350.3080122083
1011014,488389.75484710996
1007650,514160.24806937564
1016389,236190.049630387
1007432,642213.7701751149
1002617,434785.1287161242
1004930,292961.34135791904
1011724,402892.444545168
1007918,399392.5976651312
1002492,331232.0451332955
1015638,659159.413042326
1005028,503298.3531414045
1000755,393916.25458368624
1016870,440180.90444659104
1007334,257830.9306150018
1004459,257223.1498065512
1011126,508127.3074072007
1001351,314341.312235433
1010044,313699.032596353
1006725,442631.81495369703
1002898,565219.8478385205
1007459,409696.04164628946
1012342,196914.12689297862
1009513,416528.60162824404
1008234,424958.24445766467
1000022,445414.49913806026
1006227,535025.0401693562
1006411,548433.395899449
1008342,186424.3451773053
1008171,416818.6863596975
1000650,548009.033924953
1012187,309756.39960539475
1005483,406370.2060411184
1007611,739115.2497929062
1016536,311579.05883316224
1000915,786941.793534306
1009744,408235.04914482386
1011401,319452.7653270687
1010779,707636.2429392859
1015216,545961.830087662
1017151,317057.14186098333
1004857,194524.9860186019
1011367,801345.9301462586
1013339,656157.9607994539
1000066,638738.8655867948
1008345,276333.6954623108
1002206,630107.3613789009
1016324,620844.6137415669
1017281,320435.64823341626
1008474,573768.5039022629
1007938,708718.043369274
1003012,501201.5008935657
1004855,455262.3523127428
1009368,931639.2845838354
1012361,321461.8609898296
1002697,383080.0101011161
1013525,173949.97988508124
1002696,375432.13463756215
1008821,234874.7439926421
1006387,469692.53215688973
1002698,591328.0125882332
1000148,312894.55493603024
1005140,334741.6013988784
1007970,1094360.0914533935
1007658,365192.65732753236
1014751,550965.4572589122
1007364,372540.77290536504
1014004,379488.8627685159
1008696,526571.0731483164
1003678,396467.4253000522
1015067,513921.767663585
1003026,460015.95757437276
1016010,946944.634131768
1007789,769082.9361773402
1016087,440843.5113124676
1013839,374214.9725211341
1016899,237486.64923877956
1015595,209697.9294583423
1016284,306607.59500083316
1007125,592993.9455755997
1006816,438515.28716707096
1000283,470440.5140600619
1011507,551519.2613528748
1016291,221211.37875606856
1007538,605028.2466800982
1013750,607722.4299192325
1005643,578080.9399237861
1006112,575551.9758395908
1000935,179761.31736622323
1009918,428171.2699800096
1002436,552623.6588538813
1002485,289913.49294410564
1009424,314620.3473079821
1007444,338993.6484013732
1007542,455519.3777448715
1008991,244131.7247507036
1003056,450269.5058732282
1007941,546365.9468899913
1014312,412812.52974077256
1013059,355199.7374505523
1011951,401286.2251511636
1000813,397663.8469299487
1017075,403345.8590298839
1007561,638802.5052854475
1012951,525477.8412538758
1010128,710104.5786111366
1012909,215823.71596840292
1000290,576656.0698762574
1005247,460156.0723375985
1006165,792371.2513232745
1015063,603016.0849277417
1016537,570431.3408800458
1003445,479864.00335618964
1016579,612234.2343308232
1008065,373002.39157615614
1015324,408388.59323351644
1004824,214937.70647041072
1004975,256110.6009778662
1000262,333399.6886224546
1001569,312056.66637147806
1003706,376224.17946133367
1009248,437168.3925603819
1001017,344391.80047463224
1013472,489139.7603405082
1009011,381043.4572596294
1006125,755954.0175625209
1015679,384357.0712208744
1017338,607089.3690502548
1000643,610838.2998483594
1004003,922817.7161891764
1014180,546412.4898748909
1010189,936078.8626729697
1010159,657700.7745912613
1009269,569911.8812262891
1002489,413789.6155455805
1002384,500954.3296415791
1006995,307457.3591111223
1017219,820725.1008635447
1004868,518435.6191980357
1016426,476251.546553023
1009292,606092.901227181
1008917,157067.31159822995
1000975,277448.4049513253
1010037,414980.0653134211
1001249,1099564.5441197096
1008121,479104.9965022831
1006377,228393.05176763376
1014432,455186.7804628353
1004208,317352.89999422285
1004658,852945.9339351776
1015459,215519.878349963
1003957,702268.6493865772
1015150,356271.4552415049
1002729,461744.79536902043
1003959,241368.30001035944
1001064,546810.3863643663
1006208,228726.9896773807
1002992,344691.28390486515
1016568,722518.6161288347
1010500,392020.8748054807
1001397,545812.4374467139
1000727,611007.2192697622
1015045,466191.6380910348
1012279,534858.720822253
1004479,364962.6009942099
1009430,244634.48581468425
1015877,562930.4705352474
1009374,530849.7226877263
1006367,535555.3942920255
1000435,366530.506355727
1012803,245646.68733389402
1005513,726869.3595036865
1010406,379318.88697237836
1009455,395400.2222354246
1012441,696604.6421882458
1011440,302178.94995883177
1004588,620641.2436599839
1016118,383112.81859415746
1007534,557649.1770749502
1008553,422998.76951493334
1001267,336013.76113798085
1003836,459182.7739584562
1017470,827375.0283044784
1000571,765419.8641823836
1015231,429538.13895600836
1010912,505318.6377757008
1000764,210822.4688947482
1008736,919862.4253484652
1015410,621213.5069350419
1014333,501057.20072171144
1016912,404201.2565436977
1014000,363628.6465384061
1012635,1119814.1510260347
1014870,485595.7299446989
1006592,136536.4343898289
1000828,431643.5267924106
1003277,345633.3513741716
1017123,364406.2624427588
1002019,638358.8486387653
1006612,649697.1948364406
1009973,369426.6654889591
1006020,472921.29525054566
1016589,327116.70495730295
1012317,801415.6323228452
1000683,417454.0380501464
1013237,661411.7953524784
1010331,404058.74575581023
1010461,335379.8455990808
1011101,331684.6217465213
1008905,429078.7169215553
1005799,560823.3847448479
1013099,395346.1311300166
1014167,525384.6188088472
1004013,322483.6451239878
1012018,454280.4244772111
1009145,517118.3968353448
1006793,417806.07136853505
1002936,430482.2617315937
1003805,236600.0338022159
1004300,586921.8233164712
1007813,448265.3511469288
1001855,397928.343705893
1006510,772622.7160936508
1013609,207455.93171827463
1004721,670817.228619391
1007589,374325.09933564777
1001018,652964.9789332573
1010990,526076.7923320578
1002366,375248.68417042145
1014551,576487.9544677574
1004684,427035.3634408888
1010349,481915.9123915417
1000278,376979.18227254896
1008224,215377.66149829014
1003812,321463.2181670287
1009082,552458.0068138698
1000738,247244.3399958223
1012980,844929.8215654161
1007475,551391.4384224948
1016310,306788.71783912164
1016796,542741.0854010225
1010036,483387.9669400494
1013566,292104.93018723
1005336,716026.4795482744
1007712,323549.35334539093
1013573,416591.77458329056
1003641,233438.04582615753
1011182,683283.5405387457
1015198,281107.18422554026
1007951,561612.0181556494
1010520,440736.1150007117
1015484,649409.4058160742
1014783,381274.8961849815
1005874,333475.4496614303
1010700,506835.1032876584
1016102,612383.5057910811
1001511,309018.02248779585
1006660,365143.8217883777
1010045,516228.58299357403
1005051,185700.4245227123
1017395,590900.5005452461
1011091,468992.5711505466
1003754,592915.9260499302
1014005,473395.86122384714
1015619,391027.8192569216
1017194,568194.1394017399
1008716,619149.4575504272
1003418,444208.7823517781
1005880,276405.76589866483
1016973,554449.1596647004
1000247,561609.4900617003
1016320,843419.5800116212
1010363,499955.4663611089
1011946,344927.44478385255
1000844,340915.59899626084
1014998,766110.3159875197
1001381,700157.2312540954
1003043,382728.64910119335
1008479,546730.3332154262
1008033,359859.1659321296
1004246,363984.2006923369
1005699,576317.8968167378
1010254,356223.2843466836
1004428,227571.17890949507
1007889,329585.74124615185
1016193,226104.48186475236
1015606,283971.8279987166
1012722,504083.0546346428
1007397,333455.3531129869
1006810,435023.70938739594
1004971,331713.62440739607
1005235,470201.59154118143
1014897,832030.756017819
1007946,514604.8938940502
1011280,718389.4481756416
1008382,363137.63565757294
1001574,650848.3076912756
1003078,697810.1590873557
1016355,452320.79608377523
1007521,476150.76969126356
1013821,433731.6655195288
1005943,236422.25303681407
1003316,645839.5899610994
1004677,888970.4381306344
1004630,697653.1399431915
1004129,356900.29621774954
1002461,303741.94793254556
1015254,705410.984646034
1000741,932270.5157329277
1015224,500510.7143078336
1015921,511490.68565802526
1015131,576825.4539101241
1011514,327379.96605868835
1014544,820458.1467830073
1009688,726033.2973764515
1014253,229227.55712409536
1007445,360815.56857347273
1004686,786377.3669293924
1014414,301970.2689119044
1013030,935651.3123968835
1005698,323398.7344539964
1004281,488734.3408254582
1015851,835562.1632956916
1004143,280261.5698419762
1006220,530618.2720152778
1001271,492204.9714360181
1013997,1051209.110741219
1015691,216229.9805714786
1012749,809788.5394626387
1006950,366645.89282374753
1007999,266530.15250666614
1013808,342128.8083894791
1002816,753848.8929686499
1005517,440896.7530744616
1009304,599735.9613504584
1010829,457104.9298385552
1008534,366511.4169788622
1011361,593622.9866606536
1007423,276137.8631469047
1007966,381063.41285651154
1009444,1193659.5288855701
1007912,441657.92018465593
1000923,139815.35087768373
1004775,285818.6839581418
1010013,370004.8256513342
1016333,377425.9882982559
1010223,728409.509687272
1006294,450747.8449996022
1005186,747618.2077665604
1001578,399932.63591319014
1001940,326506.39170915895
1010303,551543.9000762253
1007892,594087.5944272493
1010306,865293.057850185
1017107,760768.0361079366
1005567,526626.7151095376
1000471,328589.59083585744
1016449,360638.15606167447
1015086,596200.5371437762
1009612,328983.5250585109
1006482,551730.0852466442
1017479,991843.7547617543
1009696,394162.2166590816
1013634,653896.4180581316
1012890,540566.7055029199
1012173,425498.17236934573
1001448,989198.0987172499
1002317,326608.7646708377
1015180,673560.0406440677
1007428,163959.14299994617
1003535,431022.19234186335
1009550,416286.5416303634
1004159,239958.58022151914
1000577,477498.9111211539
1011424,176603.96683408145
1002293,122727.20911166516
1002881,366047.1341295986
1003042,447826.78888385417
1008270,623888.2638073468
1017463,1098964.741218509
1004622,356723.6323554632
1012087,732456.3575455251
1003721,276304.84974877577
1015304,364546.3550056719
1005396,519696.0788686609
1006636,729396.035091395
1013855,1124961.9300592376
1008430,386909.7218629193
1008589,354898.7556420334
1007297,1132474.6112030286
1012411,295318.1444408735
1015911,783483.1604146523
1012528,234539.91984979372
1010684,440925.97889813
1003826,498008.44482249406
1011926,725035.3173336961
1006264,406442.09474158165
1001445,934903.9737275462
1016238,523833.0297608276
1012278,539343.8492821691
1005765,436794.375734974
1011063,456956.5092476386
1008668,463241.40309474035
1001531,560317.235249547
1002425,522230.2804197251
1009904,388731.60241045064
1009580,580154.2901237516
1016410,466162.23291264183
1010479,379574.9160019752
1001156,207197.40266569162
1011638,369861.131047878
1013100,275332.34194376436
1010146,203440.37029741553
1000349,630598.187777137
1002820,468282.38633467857
1005875,506906.84335613967
1003219,735041.3238032681
1007877,527497.1094432239
1013884,292749.32990009466
1005325,350052.4378749579
1001241,352271.22090841224
1001886,686352.3549023626
1012661,486253.209453611
1015217,604296.646434066
1011572,264773.8913660275
1005102,478011.96424419445
1009909,547849.6524782687
1010094,470648.8598970526
1006960,346989.05788826954
1004398,802469.707069382
1013206,717241.8994381006
1000395,456288.21274724015
1008813,626346.212329401
1003393,571912.6324525153
1010454,423667.58019894
1004810,869338.9930877145
1013208,443097.98806950194
1000078,341094.9151883631
1001432,348918.46407077817
1015695,668220.1658191978
1015933,549290.4945794597
1003507,169878.0068876791
1006304,480530.35082497547
1013330,686766.2363754286
1013405,422530.216403842
1004560,599279.0848246816
1012358,525361.2039496594
1005852,879899.0215889817
1010243,431961.55433008197
1016312,250391.24109620223
1011278,497660.6566186137
1002231,333986.4570198445
1005589,688632.1031110965
1003378,331990.2292688974
1013074,578276.5358865143
1013402,484638.0709136707
1017045,708449.6139640091
1001547,283236.4666161195
1004864,361206.74553954264
1016951,360190.0970794962
1008755,581205.6293297166
1002236,208610.40916806852
1003270,346892.5685678412
1011415,789284.1841435587
1003546,882055.8243304997
1015552,229107.62033835708
1011154,584741.7986250212
1014946,371282.0838185527
1005933,498227.8326370293
1001976,489739.4940756253
1016256,555097.5299913784
1006915,528029.357539763
1000268,319569.17814152996
1013389,496018.2479615311
1013029,521520.0219996159
1001244,456437.10118525417
1017067,630630.0940114986
1008898,724531.7038648936
1016231,450930.85877687484
1003637,560295.4681290382
1015059,564864.2790680899
1002521,731281.8875826185
1004720,506645.152675983
1003003,349379.2955103103
1017443,432177.3360101314
1017031,502787.9725119363
1009761,573128.4429593538
1015479,308997.4191946225
1016701,552589.5062676545
1008262,468614.41934408067
1000835,839605.1376226082
1012886,588586.8837462403
1008310,918763.284864712
1010255,477349.37654656137
1001516,641780.367855143
1014812,359334.14713530184
1015189,468319.13573622936
1013424,854451.6244568137
1017238,347901.6612979981
1011383,395188.0423476641
1016971,596909.9444603568
1016363,382781.23884243553
1015873,1088218.7397531532
1011137,271400.40648163774
1009667,482257.42520525074
1008769,276765.22678863275
1010089,341703.30936664547
1002445,672478.8164303355
1016972,338799.3208324488
1010802,299867.9916114955
1011436,540138.6822061982
1015262,441350.91432938824
1009786,381444.9908379356
1011845,288723.5578943501
1011806,496300.0759938747
1003101,468882.92970780894
1008272,558057.9200161359
1009242,393725.7486377963
1017388,402431.77821929404
1010135,309977.82586516865
1009622,412087.9131249724
1014906,602716.1638345006
1012112,362336.7766773988
1005868,393579.8780847915
1012125,413148.08857805684
1005958,359982.96911670075
1017444,410340.6347228305
1005678,221047.3731222513
1011079,512726.37063012755
1015115,521416.8769783036
1002340,274536.9272064931
1011167,532063.4637599484
1009592,366874.8319927557
1011599,632490.6771402644
1000437,311871.5759881209
1012471,661090.3200884506
1009721,505900.4220343172
1009156,547019.5745126631
1009986,788084.121758964
1016005,506154.5857950213
1009766,208055.8094237163
1009216,655153.0952465743
1004356,330364.1311658912
1001888,170056.5784624978
1007383,981972.7730391744
1010337,400569.8007397156
1001936,726684.6114763645
1005546,209044.42111551514
1006466,420849.8085444491
1010868,779725.9366382243
1014922,295261.15412938374
1008686,714242.0221266613
1003034,593698.5916797206
1002061,205691.5333391607
1000887,507874.7386091654
1011860,582823.9592206655
1010807,526919.7488349096
1001895,277502.7404765951
1016186,437386.12117984437
1009926,510603.4210605058
1011157,362540.99000438664
1009875,652351.7190808895
1007859,671782.2808209035
1005138,363662.1862232849
1012632,667841.7985351597
1009701,165028.8533439722
1011858,213509.79650796636
1003711,559354.7664180775
1005206,320585.33022192144
1009113,344393.8391262006
1005872,498005.91643776844
1014246,816571.0733759406
1007936,316379.3529787576
1003979,757095.9127174008
1016095,431600.2149313185
1010061,147689.62760149018
1005640,618269.3361505123
1015171,414650.63211378123
1006140,565673.2802511475
1016905,665396.0571837813
1016190,193775.73763335834
1000891,558781.5738607908
1002256,494228.24247950537
1005736,414009.9879115795
1001573,878621.0146887078
1009877,947468.3714454395
1014803,870055.3572214332
1010971,649077.7714031264
1002852,349288.5051426538
1009561,635928.5318788415
1007054,864312.5028690554
1009122,472883.56072671036
1016423,718680.3942540378
1011417,466426.9872834195
1006856,661601.2408951239
1016319,479095.16451125103
1007851,901731.3346351662
1005106,372066.66836158244
1005723,267056.27152844815
1002788,572319.0915816964
1014250,482029.5741547445
1004112,1187293.7549302292
1011984,199592.7254209631
1008215,382599.7021340029
1001789,881798.24862842
1005846,173971.17312064918
1003793,400678.0073806681
1014079,498562.3202533379
1000742,471024.43572231085
1006197,709017.6073586651
1014628,359437.7773081331
1004610,486853.21218548535
1017169,752264.8426567867
1011250,368534.6542159055
1007391,539455.1859463188
1011443,431023.7787569485
1015409,886329.6040781586
1007468,856738.6723896739
1011050,321308.14775203046
1001584,267930.39424293366
1007187,644748.0316044401
1016819,526578.5800769685
1000025,388932.5031990408
1012982,391956.14004484814
1001236,910478.828007812
1012708,845746.0719317115
1004536,431851.3379571126
1001921,549538.4951985283
1005497,479188.7159192549
1006400,673555.1030140934
1015108,401322.73536067235
1006393,522870.50963064056
1003258,471497.81657343754
1016023,336580.2978643953
1007275,414140.4937246404
1001825,630936.2446130916
1007032,518148.0976752021
1010386,514534.65368423547
1004534,431359.7467179148
1002681,351973.9205164917
1001107,493519.7726797139
1013104,211310.87747463968
1002794,615478.3345517827
1006356,523878.58561388194
1008465,377858.35850013833
1007329,450943.8090490245
1016949,417392.2193752146
1011652,431685.15947955544
1012459,456163.73610772117
1003049,935010.1990905484
1010126,774310.8660587588
1012349,343621.85863284353
1005333,631657.3823056906
1003052,486513.23728570016
1016505,322452.7972770129
1017001,344270.4829009367
1009254,468646.7793866775
1002565,396889.6734995764
1006107,476435.76598918857
1010123,702727.6048498573
1003080,452366.1721138416
1001540,452935.9576325833
1002032,718176.1527688601
1011468,496106.3798929095
1000886,687741.7874070248
1013111,487979.994594147
1014215,373539.5698330774
1011387,489040.4108855192
1001455,504566.83474136173
1014852,630039.3563261337
1016542,472260.93001752696
1007063,523378.7220423496
1004561,537346.7115896016
1017328,447572.372722687
1001962,373710.3022893671
1007932,443305.1615100359
1003897,599653.708522717
1013321,362412.5448083645
1011941,553800.4743073295
1009051,503911.2317568333
1003142,449736.4058321021
1005174,522138.18951062777
1006737,265678.0941266228
1015533,395040.4492186574
1010963,575137.4613177305
1017165,548512.6786593467
1007224,421640.1959780519
1017017,393838.8219756702
1011153,804409.1609150884
1011827,765746.7019625453
1009710,293969.47609162173
1016615,385439.4342709039
1010754,355999.7394591359
1017262,640624.5691332648
1014491,428299.31204713485
1013243,580155.2403779984
1000917,369655.653964855
1009767,511402.98056282266
1009063,466016.65674910095
1004448,847273.3152294965
1005179,407949.9118753556
1002523,360317.6852951979
1012359,378087.2234373901
1007668,258059.16117325125
1014093,640404.9187329059
1009922,787205.1746640296
1015151,557335.9603934148
1003394,622471.0696399043
1016374,264828.2000735584
1009867,416097.8109752999
1013001,444496.63723244413
1005298,1249128.771842214
1012074,445998.943326315
1016952,555237.6081680313
1011358,374682.3485699332
1010038,524480.8472553972
1006399,668052.6778047645
1016880,312568.86426554073
1004696,411959.5499975333
1007925,224422.45300816256
1000769,747252.3256790302
1003044,555281.5965208425
1013333,697681.7040652329
1016383,395318.5668586297
1015157,367784.54007360485
1005352,695290.4085794983
1007840,548594.7315497663
1003441,587707.1928504731
1012226,241197.3604532633
1004071,653272.4321845667
1009245,535937.8226998225
1009902,498949.2355038324
1011311,480547.89336493454
1010810,233907.7247538844
1005108,525635.3804667296
1009791,463005.21308224474
1014284,837223.6492783072
1009891,375028.8719437919
1008289,185397.65248563548
1013091,853745.4067466634
1010057,745693.10396141
1002570,411120.41629931715
1007967,566189.8472061481
1009046,966026.67366907
1011103,886457.6121744392
1001317,782054.6086233777
1012414,534135.207953409
1010076,477539.4340259253
1015727,485185.63548167475
1009491,553825.4095981725
1010794,1093327.9603584474
1011799,739416.0816429208
1004322,389321.0616609782
1009693,716025.6361725668
1012805,374130.5519731643
1005463,614659.6020825825
1001254,491047.6546557096
1007532,525970.1555463824
1016964,893579.3616952463
1008952,275693.94689342217
1015205,401163.0576617981
1004119,556887.0251442167
1008770,263677.73204497783
1013020,554516.639914452
1003939,544245.0582729205
1003482,558737.8739005745
1011772,715358.5743703571
1014221,420497.836879962
1014913,440522.25441663805
1013832,491431.30182190513
1005382,582707.7477432588
1014482,617139.635949356
1012907,164263.42967621615
1010645,436028.7423286888
1006896,829733.406767309
1015057,915921.4451500993
1015253,809048.0574720949
1013765,261086.5018376274
1008218,358966.25477927644
1000876,433534.262696772
1017173,536683.1963344513
1012505,529602.7237012779
1002129,467077.03494809975
1017380,355376.68133021466
1011768,449469.0890286083
1016676,481720.96478438843
1017389,492508.1540718063
1002401,485913.5420187865
1014372,413569.38280894654
1007922,350594.5017017397
1000860,921416.4243805062
1015032,359037.79228013876
1000802,429789.6742754062
1012960,356310.3129145287
1004314,417726.4004769451
1003381,998475.1605947543
1002246,731087.3529989402
1010642,416538.96968988463
1012748,511839.55804823374
1007835,309122.69041357975
1003288,880689.8274268289
1007417,395047.07377167384
1006529,529245.6018603821
1009504,447043.0261179553
1004693,375421.31621644896
1004034,464574.57192545827
1002209,352278.9264411226
1014871,436759.46112904977
1016668,719794.14893178
1017599,844199.5936528549
1016456,268058.85563318484
1001615,398187.12265022035
1003962,411838.7532972769
1001500,807939.1083233012
1015968,478393.14426232525
1016673,254702.79742769894
1009780,859113.0173603644
1004228,257833.87648409075
1003911,516892.4618539155
1007105,466980.23155710095
1004757,387164.0632058094
1009441,302008.2984669286
1015345,300792.17080049997
1005781,407449.91191238404
1014262,947799.3171672799
1017453,508012.28232940054
1002270,440852.37892683
1016699,438305.14609587996
1007856,611562.4586814553
1013412,316102.4107022255
1010497,502605.3045750399
1000093,333993.78690480243
1010715,361634.26129923546
1007013,346614.0269736722
1002627,433364.31462274276
1014632,322163.600496999
1003830,942666.0235558442
1011288,425412.9403741034
1010527,406864.46102970856
1010953,262081.2056496838
1014075,674035.3864730849
1002892,551088.8140739243
1011856,618482.4398038802
1011881,364045.09096508526
1015244,799613.9965586032
1012435,237747.74381499083
1011349,418147.96984225744
1000785,607259.7822223981
1003336,522639.1406456817
1005119,475790.7570244416
1009594,418208.2959218824
1007633,294184.9745778985
1009876,240499.00902132798
1016245,311806.2043866197
1006502,538730.5744209747
1009568,481990.4588179319
1007555,168228.73920342996
1011944,269708.1561116919
1011084,697359.9017450004
1005696,726550.2735705717
1000281,496909.6666537953
1011589,289599.0142493268
1008518,518416.4401894754
1002486,846175.0159242933
1015892,332927.19076999836
1010727,429950.96960351855
1009756,445087.166048809
1009495,278874.054067016
1001093,373920.26276172325
1010849,355936.48193031194
1006973,375340.22159041313
1001739,502569.99576688523
1016475,393169.72744377685
1003084,448530.5847966648
1011898,713376.9013001671
1010426,358608.1252099392
1013103,178648.6871843318
1016315,668013.4985745144
1002854,316535.79025085777
1006712,394509.5836095226
1000573,539261.4487413807
1011350,441086.7767300338
1014982,267486.6203947503
1004054,849850.6836093843
1010453,221436.1695732119
1015396,447300.02301898465
1003879,294434.6904269863
1002060,626852.290425021
1003613,333530.16430618044
1017304,301803.1474304996
1008928,366846.107090613
1001689,389499.13930795767
1006731,705848.4630930634
1010058,355644.59007792914
1012816,411114.9962018647
1000514,471712.03024289786
1004639,602484.5124793574
1001240,914364.963528297
1013653,815539.1547206977
1007120,379383.6894295141
1005040,235238.2375417016
1009851,699086.9882876391
1004059,290587.8719346894
1007358,428696.00177733327
1005346,441621.2767483294
1007671,422944.3477822006
1001909,344940.8699440503
1010698,367605.6251224833
1011501,366543.71254696004
1013413,205064.21596469908
1008955,438495.06144074845
1014945,287246.4923670366
1011792,240336.21186299503
1015268,507098.7751236865
1008802,387513.99503979145
1007366,358894.75745243905
1007804,650671.4176303662
1011608,478631.27426355064
1001553,718131.3575447173
1001136,388444.07305469917
1001099,528002.5995105392
1017327,458382.4651229789
1014014,571886.7020508008
1014326,209084.05194536713
1016300,489940.34833321575
1008228,868468.2042198089
1008354,424451.39707120333
1003315,301164.9638825028
1008700,282789.1034757303
1008495,226336.8060736064
1003111,741463.2378558075
1013451,352567.2462206822
1002402,928455.0854645664
1003087,397581.50151274283
1007341,391658.64728077257
1004797,635212.6830595423
1014141,769766.0402753555
1014701,743212.8109273508
1006279,493383.92328989727
1007879,309642.41692892846
1000276,281339.43756642553
1009699,320957.8526159571
1011395,368756.42856038344
1011276,538054.2527560365
1009871,628383.8849277755
1003970,639936.1020824517
1002372,250979.49150170613
1012099,531873.4304468937
1012345,797934.3586523349
1000414,662544.393382676
1004225,533243.4537240454
1011464,880585.7644645816
1004039,327294.98677406705
1009089,748771.8692161764
1003619,746322.100939397
1013572,410445.8420642466
1007488,262949.6227733925
1005760,421108.0565443117
1004897,616387.6337405316
1007744,404572.12248073646
1008188,838011.8197058112
1017359,947499.5567863138
1015549,389318.94965149934
1008178,377529.0929719241
1005182,274014.22933030676
1013450,556574.2701133209
1005771,437362.46497987513
1014677,499735.41462855623
1011635,290405.90641349
1012506,443118.5441783775
1004932,864778.5488747614
1000900,363392.83018908184
1016826,423821.1589766313
1009465,249671.82224993728
1014144,590984.9401812797
1000166,467552.42288933956
1012768,363248.0127405591
1003635,487576.7383806055
1014363,436743.6129277038
1016404,426405.57743283367
1008862,533138.7630212522
1017494,709597.7675144993
1005570,341759.56088339596
1005794,515992.9035987878
1008153,475565.3175729636
1016882,145206.30595438372
1004057,648668.3110444767
1002132,471667.30902696034
1007322,627242.8233517844
1011726,552538.4200933729
1008950,290307.4255211736
1016488,843916.4878488362
1009218,554696.9718681143
1014416,285709.37750495895
1007046,734524.8710134209
1012158,196645.12790876743
1009682,809416.7855979925
1013938,282537.4561962005
1015313,458212.1304196296
1010618,499507.00370763225
1000467,483369.9458349062
1004604,295980.8356675233
1012128,277946.56279149867
1010598,958279.0315333792
1014166,405085.2348179882
1015366,457829.1614173601
1011080,559502.5785267609
1005618,710511.735944069
1004694,474107.692839165
1002869,608366.909873858
1008297,312450.38542195497
1009449,381233.81188891607
1005008,509076.50841968524
1008134,512227.91310533107
1013331,266829.0465395105
1003401,521952.6718728583
1000350,414491.3861248275
1013680,294835.07218076295
1010182,482624.4454724687
1015556,244407.7199932998
1016948,485793.94921020896
1009250,520206.3435911539
1008042,340263.9386434507
1005161,510128.005955816
1014385,617402.4264229271
1010494,458813.4373803268
1002494,462539.9559082912
1002047,433746.90543678217
1013667,260752.3211029857
1008793,555351.2007509759
1012643,356798.84501669643
1008003,352857.60086107155
1002636,433286.42539972445
1014430,754764.3307640266
1008758,942803.8668246929
1013611,593536.6180383574
1003232,308428.5640161588
1000457,627343.4702541642
1010111,540705.801569772
1013897,547872.6828219796
1002801,216313.0457540287
1005168,267055.538313866
1017324,514359.23224112723
1009217,343389.0063231229
1012964,341222.4303499095
1015000,420233.9953844486
1013057,418474.1467550622
1010136,569029.0208299364
1016749,244164.99774381015
1016466,355236.0505689944
1017490,599312.0486470396
1009624,365062.03244544374
1005575,200131.6836502023
1008151,589370.7070077524
1011551,956772.7600147482
1009417,540391.7552473109
1003490,866643.9455656123
1004844,715206.601528879
1004653,287220.5318588786
1009526,320669.8493062502
1004295,577688.412359527
1006857,359921.9370061832
1006269,627977.7160215627
1004983,531723.8163651135
1009053,929513.8714245023
1008824,864573.7697056993
1009358,1151636.8899826522
1017142,433807.60119055875
1005032,418665.9279951016
1001440,385692.9893732372
1014459,336602.02642739756
1004795,440598.0793777756
1011066,395011.0212313687
1007316,424762.17224955896
1014177,642773.3082674033
1015743,230730.30294769988
1002158,248639.7979001817
1005257,386805.7472481128
1013278,260239.65110174482
1002102,555316.3226590356
1004597,523844.99674873403
1010652,383007.9485660504
1003958,283557.8712383306
1011804,483238.4486260767
1004719,215287.21627628285
1009278,591059.8256308116
1000179,197833.20480258568
1013077,348681.39472463646
1006420,428836.30397036613
1007214,223461.97330448293
1008293,516938.97488699073
1012629,230597.83212310346
1007593,649188.9160881365
1004889,879031.8742360581
1008413,341817.20659842424
1013776,895508.8175616848
1004226,246039.4706765706
1003005,752415.0936050853
1006755,585190.7611020831
1014345,448233.73217538
1013260,299784.83601234213
1015644,535569.7263223028
1011517,481759.52854240534
1010265,885775.7950510541
1007958,821208.7808567409
1012961,454974.32660927513
1014624,284339.5333165029
1012434,795349.250687495
1007388,544502.3809889215
1012272,435102.77048192365
1010975,492795.8416193044
1006424,506055.7888981501
1003594,487617.68150512903
1000924,997925.5801519665
1014594,430746.5801571898
1002821,875099.2566213199
1001211,786507.7762402131
1007161,420638.3266829065
1004516,286176.8804775136
1007721,250679.8737057933
1014420,564258.9769744683
1008142,411601.0056610213
1008057,302805.43828466
1001798,488905.3120907281
1004133,854982.7222683333
1001528,303848.9210214965
1004906,229814.2625264175
1002099,229841.39120099437
1002477,581671.0511179328
1000926,687951.7434961258
1004028,285542.5862637896
1002689,227652.81578306478
1007037,392117.5013141672
1007572,466958.6483730736
1007059,291408.65533688664
1007757,752319.7438343173
1012934,366402.7793668872
1010237,390012.41921789176
1005797,320781.4595102239
1003267,568349.2591418835
1011912,748438.9296789287
1000946,374966.7720920491
1007123,402261.9571990706
1009484,394737.9340673948
1011737,704203.5569496258
1006924,447318.03692890937
1000879,266807.69860747724
1003919,463103.5039112566
1015688,584769.416284374
1006781,857556.8701066204
1010035,259659.31364623568
1001441,526764.6846437784
1011296,488845.25173042074
1017457,408054.9788044007
1012860,405540.2092825648
1001561,576570.7621159657
1001804,450360.4763307174
1013038,953640.9035014901
1007148,487464.0312202716
1011346,250133.78125958258
1009472,528419.6573744226
1001624,211373.96560253657
1013841,449720.32745601906
1002875,397649.5530590842
1009203,607041.8388879622
1005976,507332.78683063237
1013287,955973.2026154932
1012677,166090.91905583747
1014571,683173.5965379413
1001094,303307.92879013275
1013185,430585.9188796092
1006012,422706.79909454146
1003195,618506.4298464286
1006899,388997.3229623234
1007674,477026.7377501839
1001824,413818.8803016804
1012064,304049.14603572624
1016649,412543.21561061946
1002215,234584.450903431
1006662,557376.3230073063
1015812,308423.77043589036
1008926,466265.88497352955
1017126,406311.57533965335
1017097,319263.2075961408
1001600,910994.5652937692
1000402,744574.0545171488
1007277,580524.3809226626
1006512,366061.9791215919
1001149,463353.38020078046
1014399,513909.7584184944
1012592,809251.1104149545
1007065,437251.80388104264
1009536,583352.3374714699
1005520,448303.57275293366
1002971,885284.0022412392
1002906,342163.5040832952
1006649,658952.3070230939
1016210,553312.9132193887
1004743,648028.0498971978
1002736,417262.815472914
1012245,868296.3544289675
1003180,313297.51961984177
1005682,412087.497481436
1012249,191978.05918620402
1000333,585940.5542854712
1005917,317696.1944460749
1003413,421739.79303873115
1002454,242203.22945483035
1012920,255612.74215446424
1002264,847617.5113530214
1009366,693468.3830499443
1013320,271922.0361491579
1008726,433135.46088153945
1011434,459312.76106678596
1017378,240355.0932293679
1016103,449366.87638098735
1011939,239899.5177116294
1002012,407202.11193757516
1003729,420698.19501887145
1013770,461705.84581067786
1006518,452763.80771997984
1015326,365799.3980131585
1002908,267172.79583583405
1008671,505653.86349845113
1015699,900699.0817500767
1001315,446385.2810976881
1014470,480698.6472098362
1006748,405580.99457384465
1001640,516890.5345291504
1015417,491248.7536404072
1006561,602154.8059387687
1006373,780243.150116061
1008561,684154.264514099
1003176,321842.48700876493
1008387,300579.9179283274
1001461,446930.6923189538
1014920,540573.1618479295
1004854,464329.0722245443
1014090,546891.458910943
1015372,433045.5152478179
1004136,615566.7522411795
1001143,670351.4747484988
1012674,457644.8645156426
1011189,432167.7894161959
1009679,350126.8495120613
1008381,412248.23097105644
1008636,359913.7846441326
1008041,525759.2896427313
1016744,344662.4410386615
1003663,960517.5669876749
1012827,193523.94732071809
1006449,365746.96991594014
1015016,460612.0438583114
1012199,375399.67664208333
1004589,354640.13614305254
1012297,592199.7937538769
1007718,687916.5749954609
1008588,646682.6188264997
1015201,302736.3745043893
1015168,182714.25726054166
1008322,292114.35768519307
1014109,608115.1268293813
1007943,329543.9842650181
1009635,682317.5738457892
1009657,593427.6370798133
1007639,924842.7069145103
1004024,271286.3702528995
1010382,238549.34771193838
1010994,785395.2398031201
1011717,870982.1528280727
1004888,289657.44375166524
1013315,267661.7816396897
1004191,477851.3314525281
1012191,362835.639693141
1008157,694391.8158205798
1016945,430220.7667504982
1013567,457159.4018707543
1008113,531399.6776284607
1000199,493321.71238193224
1016868,216350.95922639087
1003075,321628.9292555128
1007622,294028.98347550846
1012637,466782.17977500526
1001787,519939.54696254607
1009731,361189.0521949554
1001891,401581.24263277673
1005456,559394.6159218583
1013645,229733.5489192566
1006453,601610.2144810888
1008445,408826.5972048078
1000595,624644.1462747827
1003137,455540.4505394797
1007960,673308.0095043891
1008081,321471.9030267084
1011746,410382.0711723393
1014710,504813.69524861925
1014563,252724.96380248683
1010199,249173.2869252367
1009797,192573.95389353504
1017375,310312.5171903353
1015206,673576.1477443756
1014292,541917.6891224347
1005959,170078.89314686388
1006464,837123.4192246507
1005241,428497.76129774965
1004354,608370.538928334
1007450,234753.84908160486
1008363,264133.965444041
1013700,595865.0961524099
1010418,398790.38526450156
1017175,558053.802001738
1016062,295511.4412080975
1007307,422866.28164802183
1004435,693047.2707840996
1005337,724004.0224638843
1003491,605390.63963162
1002513,544349.9041501655
1015346,389109.80979108706
1002388,421321.8099551093
1011196,473154.1884904678
1005335,414095.01059940323
1014309,377542.1813701894
1014272,421118.95119087753
1000473,690850.569975562
1017052,421520.01375133253
1006514,505815.4433095692
1007437,572301.799470713
1005903,256069.71157521382
1009776,553155.7043239205
1013868,486145.8273410611
1013843,836936.3960776702
1001343,872884.3761633985
1000528,198035.8648172954
1009468,587055.6074367027
1000930,234820.4085183858
1011426,558231.9591184835
1004629,469653.40428378957
1007294,598778.8729231992
1005585,496743.46938708576
1001358,636171.6080479563
1014612,501611.3355050788
1016044,598788.5520741972
1001029,456702.4270228587
1008393,485611.383691113
1001548,415850.36841435597
1003119,712103.8741041276
1008460,737444.2192428634
1000983,443327.72513024363
1017584,437209.53851255984
1017117,505657.2680375243
1006190,405250.4735436043
1001666,176655.3217677188
1015509,649737.858268576
1016784,335153.404572374
1006395,318649.54248590546
1007413,492588.9638276747
1000380,355226.4975193532
1003961,373499.2219223629
1003556,614234.4654979225
1015935,279998.33048274857
1014283,446441.2841141849
1002098,657971.1996744261
1007285,426041.09559974226
1007750,538956.2456733844
1000063,442938.47644312296
1007613,174717.91946401898
1010421,329830.15936783404
1000481,151074.5657906086
1014940,558386.2301788843
1000497,474610.8032744513
1001105,935584.7840550928
1002030,338107.33560531517
1008093,307892.52614731214
1010597,496534.41535348573
1011248,344885.74576065876
1010217,406383.1667339248
1013880,414154.2460248347
1000543,406131.2903045998
1016234,328033.8830756282
1014992,569155.7045568012
1003697,429437.9717755318
1008414,367427.55771285115
1006911,1078379.2758658263
1005702,422104.344796319
1002517,394895.69179041736
1001326,365792.57350131794
1011397,434176.87491479144
1004206,488368.6917040411
1011421,641591.0011895429
1002969,515548.5873595416
1004535,918535.8680392435
1003981,256600.25879229838
1015448,645657.9042103221
1012921,840584.2955568798
1006922,419424.5464198346
1014685,250215.03581410638
1012260,590196.9237996674
1002036,286338.3911659309
1013026,351198.3353273554
1012989,363804.58032758784
1009437,562300.2502290717
1011909,394614.71641555714
1004466,570220.4975475072
1001554,472760.0310188475
1017464,333523.1989044234
1000020,608279.1523724458
1013314,735874.6994915766
1012365,551617.0089185382
1013476,566436.4712689363
1010951,488232.5180793861
1013803,286888.1174356802
1010637,521112.60898636427
1008415,523635.0689959681
1000429,409977.61320696137
1012933,596648.0587158801
1014765,227218.9485537895
1000725,698202.3114096024
1012727,705919.2941064883
1004318,266607.25971550815
1016086,578466.568856403
1009587,256946.31315856584
1002235,526531.3665404413
1007605,297077.6618323355
1012417,484453.0942469054
1015471,913630.1613453301
1009407,165224.5124008002
1000186,598148.0721841222
1000719,400265.2248913552
1013863,728708.6874891386
1012780,590770.7627986852
