zpid,oof_pred_price
1011541,507175.0640456858
1005445,450207.569871337
1002822,451982.63775856636
1007959,447825.4189001333
1011023,450207.569871337
1014874,450207.569871337
1002671,450826.8907703106
1002323,450826.8907703106
1009937,447825.4189001333
1003854,450207.569871337
1015847,447825.4189001333
1016572,376039.09181388567
1004566,627682.6300602455
1001662,450207.569871337
1012423,447825.4189001333
1004180,451982.63775856636
1000532,450207.569871337
1004040,451372.2217184784
1009507,384741.2619998766
1002658,447825.4189001333
1012675,447825.4189001333
1008450,450207.569871337
1016717,571880.5123736635
1016875,447825.4189001333
1010928,450826.8907703106
1003930,382530.4518138411
1009881,451372.2217184784
1014137,451982.63775856636
1015460,850762.0276801416
1003712,447825.4189001333
1001869,451372.2217184784
1013663,446211.049314597
1013647,450826.8907703106
1016041,468462.4308902466
1010809,621439.1515322875
1011446,447825.4189001333
1000342,447825.4189001333
1006067,389491.77996080165
1001131,450207.569871337
1003424,447825.4189001333
1009477,600479.9313753238
1001318,451372.2217184784
1010358,450826.8907703106
1008637,451982.63775856636
1004827,451982.63775856636
1004848,451372.2217184784
1005103,451372.2217184784
1008951,469254.6972169733
1014545,451372.2217184784
1007308,451982.63775856636
1008501,447825.4189001333
1015576,451372.2217184784
1004821,487021.2427364915
1015531,451982.63775856636
1013902,450207.569871337
1014398,450207.569871337
1001092,451372.2217184784
1009260,451372.2217184784
1005356,447825.4189001333
1000359,451372.2217184784
1003602,450207.569871337
1012671,451372.2217184784
1007213,451982.63775856636
1013160,374775.68756574637
1014412,450207.569871337
1013494,451372.2217184784
1002927,451982.63775856636
1012510,450826.8907703106
1014003,451372.2217184784
1008112,451372.2217184784
1009388,451372.2217184784
1014279,451982.63775856636
1014808,450207.569871337
1009225,411488.23166274605
1014158,424561.0382324304
1004102,451982.63775856636
1004070,510103.6475221476
1004220,450207.569871337
1009655,450207.569871337
1002983,501429.9902612268
1001348,447825.4189001333
1002802,417072.5437044393
1003884,451982.63775856636
1006274,450826.8907703106
1014150,451372.2217184784
1001945,540807.6084244901
1010924,451982.63775856636
1015174,451372.2217184784
1000396,447825.4189001333
1013090,450207.569871337
1016515,339888.7978168895
1004596,538431.0605578611
1004843,447825.4189001333
1003145,447825.4189001333
1016002,450207.569871337
1017149,409027.09919821937
1014809,447825.4189001333
1010534,450826.8907703106
1009411,450207.569871337
1005586,451372.2217184784
1000213,643643.5929739513
1014621,447825.4189001333
1007189,622649.6751831399
1007241,388659.66235195845
1007230,315431.38386401883
1014174,450207.569871337
1012498,514468.251343104
1008126,447825.4189001333
1007807,447825.4189001333
1002407,451982.63775856636
1016866,451982.63775856636
1015051,537943.4636170762
1009116,509524.5589999505
1012134,451982.63775856636
1010528,451982.63775856636
1017357,450826.8907703106
1016521,450207.569871337
1010298,408853.5413985572
1004712,451372.2217184784
1008587,454265.22290463466
1004063,451982.63775856636
1002562,465110.42067089933
1015767,606811.9440754858
1008314,450826.8907703106
1006718,469800.57420061145
1013019,450207.569871337
1012090,450207.569871337
1009600,451982.63775856636
1014434,521075.685564237
1009886,451982.63775856636
1013515,541506.2196675503
1004342,447825.4189001333
1015681,451372.2217184784
1001385,450207.569871337
1005203,451982.63775856636
1000555,447825.4189001333
1008562,451982.63775856636
1009321,450207.569871337
1011495,450826.8907703106
1009035,450826.8907703106
1015597,450207.569871337
1006200,450826.8907703106
1009234,552596.3317941121
1001307,451982.63775856636
1012767,447825.4189001333
1015566,594100.2946021875
1001570,451982.63775856636
1014163,450207.569871337
1015907,273582.4468409785
1003395,447825.4189001333
1001473,451982.63775856636
1007815,451372.2217184784
1002950,450826.8907703106
1005259,450207.569871337
1001735,474093.2921272631
1005236,450826.8907703106
1017215,451372.2217184784
1014555,447825.4189001333
1017172,450207.569871337
1011432,310469.7666773375
1009418,451982.63775856636
1011535,450207.569871337
1016808,450826.8907703106
1016830,492754.5047537825
1000790,268918.06599344296
1010884,451982.63775856636
1005038,450826.8907703106
1015316,429215.10105377913
1002929,451372.2217184784
1008179,304600.2498159889
1007653,451982.63775856636
1005542,451982.63775856636
1004840,483040.2749438484
1013372,450826.8907703106
1001289,366660.70690702536
1009658,451982.63775856636
1011744,451372.2217184784
1005345,451372.2217184784
1004474,451982.63775856636
1005391,451372.2217184784
1008242,451372.2217184784
1004654,451372.2217184784
1015774,450826.8907703106
1009905,451982.63775856636
1001030,451982.63775856636
1004976,447825.4189001333
1017465,451982.63775856636
1017080,450826.8907703106
1017553,403804.483290777
1014529,450207.569871337
1003025,450207.569871337
1009174,451982.63775856636
1008125,451982.63775856636
1000892,603859.0008267493
1016921,450826.8907703106
1014603,451982.63775856636
1011817,451372.2217184784
1009593,450207.569871337
1005915,451982.63775856636
1012930,411076.2808822492
1002006,450826.8907703106
1001805,450826.8907703106
1009914,450207.569871337
1017594,451982.63775856636
1006836,671786.5994212482
1004238,450826.8907703106
1012198,450207.569871337
1015351,450207.569871337
1001979,451372.2217184784
1006358,742836.7949385472
1009849,447825.4189001333
1012045,451372.2217184784
1011508,468348.6377020761
1006843,450207.569871337
1002312,451372.2217184784
1017344,450826.8907703106
1006046,447825.4189001333
1000271,422646.0176163973
1016221,451372.2217184784
1011047,451982.63775856636
1008416,371004.4774818776
1003404,447825.4189001333
1000256,447825.4189001333
1006259,451982.63775856636
1013644,450207.569871337
1015190,450207.569871337
1014008,450826.8907703106
1014526,451372.2217184784
1009015,451372.2217184784
1007494,451372.2217184784
1014999,451372.2217184784
1005244,727917.3965940893
1003582,298860.78059201385
1010388,447825.4189001333
1013510,566609.2650359023
1002092,450207.569871337
1007850,450207.569871337
1005557,451372.2217184784
1003940,451982.63775856636
1015852,448410.7345334691
1016294,451982.63775856636
1007156,451982.63775856636
1014939,451982.63775856636
1016416,451982.63775856636
1004823,450826.8907703106
1012390,447825.4189001333
1002074,329329.8884168519
1012903,451372.2217184784
1012428,447825.4189001333
1003460,467899.36400357564
1011214,451982.63775856636
1005531,447825.4189001333
1006096,447825.4189001333
1015514,450826.8907703106
1003475,497341.7371096828
1002634,630391.0386919463
1004100,450826.8907703106
1002370,451372.2217184784
1001684,450826.8907703106
1000305,447825.4189001333
1002360,450207.569871337
1007991,451372.2217184784
1010315,450207.569871337
1008719,447825.4189001333
1000823,450826.8907703106
1016469,447825.4189001333
1012812,450826.8907703106
1015352,392425.9129585224
1000246,451982.63775856636
1012054,450207.569871337
1007311,494393.0207259838
1006059,450207.569871337
1006977,451982.63775856636
1006966,451982.63775856636
1015792,584634.3975266586
1017467,721439.8998544298
1007987,450826.8907703106
1016040,690600.3362827179
1003359,450826.8907703106
1013210,451982.63775856636
1016271,503180.37188094476
1007779,450207.569871337
1010316,450826.8907703106
1008084,537683.6131787596
1016725,451982.63775856636
1004178,450207.569871337
1016085,447825.4189001333
1013655,451982.63775856636
1005844,451372.2217184784
1000028,499811.0379567322
1003273,447825.4189001333
1010462,646047.986587234
1014476,514206.81244025705
1013448,537785.5688126441
1010440,450207.569871337
1009263,447825.4189001333
1005467,451982.63775856636
1015446,451982.63775856636
1005478,451982.63775856636
1015605,450826.8907703106
1014578,451372.2217184784
1014081,450207.569871337
1009133,450207.569871337
1017087,447825.4189001333
1001160,437936.7984746536
1011028,450826.8907703106
1012817,450207.569871337
1016755,451982.63775856636
1008512,451372.2217184784
1001911,450826.8907703106
1014366,451982.63775856636
1004514,447825.4189001333
1006923,451982.63775856636
1013149,450826.8907703106
1004811,451982.63775856636
1007384,301767.3779301287
1008814,447825.4189001333
1008167,450207.569871337
1012075,447825.4189001333
1011412,451372.2217184784
1010877,393957.8744119087
1014519,926365.8914115805
1003182,451982.63775856636
1005150,264059.12843116035
1012763,451982.63775856636
1007698,451982.63775856636
1000446,451372.2217184784
1002248,451982.63775856636
1014229,451372.2217184784
1008796,450207.569871337
1003440,636919.3689232524
1012955,450826.8907703106
1002375,451372.2217184784
1013015,540587.1414741529
1013945,447825.4189001333
1001106,447825.4189001333
1006195,451982.63775856636
1008579,451372.2217184784
1017130,450207.569871337
1015318,451982.63775856636
1001277,450207.569871337
1003656,450207.569871337
1004142,450826.8907703106
1007492,450826.8907703106
1009239,451982.63775856636
1017539,335205.74748109665
1003755,447825.4189001333
1008279,390552.36060283356
1000291,562175.6923092661
1010065,447825.4189001333
1012787,600571.1180788433
1004822,451372.2217184784
1006463,450207.569871337
1010892,447825.4189001333
1007135,513930.0464819803
1015474,430428.0171437076
1012868,286759.3394193318
1001226,450826.8907703106
1011318,450826.8907703106
1017445,450826.8907703106
1013963,386634.5639774925
1006643,450826.8907703106
1015308,593369.4510720251
1011471,442357.02717369446
1016388,450207.569871337
1014472,450207.569871337
1002385,451982.63775856636
1009151,447825.4189001333
1002024,450826.8907703106
1003468,451982.63775856636
1016748,450826.8907703106
1009704,342711.9767112974
1005299,451372.2217184784
1007344,402834.5204751271
1013742,450207.569871337
1009794,700288.6188816035
1010633,551268.4594595749
1010603,460068.08281275147
1009117,629828.0943334666
1000617,447825.4189001333
1001692,451982.63775856636
1004340,755852.0524012564
1017295,450826.8907703106
1004120,450826.8907703106
1016584,450207.569871337
1009531,451372.2217184784
1014781,450826.8907703106
1003474,451982.63775856636
1014988,447825.4189001333
1007075,485473.6573974743
1000862,750683.7326565441
1009980,450207.569871337
1013862,450207.569871337
1013534,454248.5160140334
1003370,447825.4189001333
1012043,584634.381172922
1005072,450826.8907703106
1009236,413108.1011868784
1003672,450826.8907703106
1002876,447825.4189001333
1011865,530354.9041751974
1004044,451372.2217184784
1015250,451372.2217184784
1016718,248132.54532119748
1013306,450207.569871337
1005600,339770.43960949144
1015601,472623.83647083415
1003266,451372.2217184784
1010872,447825.4189001333
1003186,451372.2217184784
1017226,447825.4189001333
1007346,539790.2550487596
1002766,332716.5400128301
1014453,450826.8907703106
1010857,451372.2217184784
1014264,451372.2217184784
1008214,447825.4189001333
1010489,544278.7318736867
1011834,451372.2217184784
1000952,450207.569871337
1010000,451372.2217184784
1007348,394714.34707647393
1007629,415094.41254639754
1010833,380626.7937721517
1015015,304724.4853653504
1014647,451372.2217184784
1010821,451372.2217184784
1012994,447825.4189001333
1011526,451372.2217184784
1010345,451372.2217184784
1004828,391926.43989854254
1011597,450826.8907703106
1014718,451372.2217184784
1007994,494723.21230863995
1006890,415495.6330755902
1005583,451372.2217184784
1014973,450826.8907703106
1009246,451372.2217184784
1003915,451372.2217184784
1008981,447825.4189001333
1011472,447825.4189001333
1004833,450826.8907703106
1016695,527106.7991777065
1009743,452820.78374867776
1014196,451982.63775856636
1001497,451372.2217184784
1002203,414980.6926784804
1006038,447825.4189001333
1014368,391255.79131776316
1014260,369334.89704499097
1007885,447825.4189001333
1004865,450826.8907703106
1006375,451982.63775856636
1003936,451372.2217184784
1010012,450207.569871337
1014902,275986.82604285784
1007026,447825.4189001333
1002170,447825.4189001333
1006622,418027.7476635403
1005891,455875.3164269359
1007293,450826.8907703106
1009672,374342.59622920863
1007693,524305.2725038739
1015418,451982.63775856636
1008152,339974.7783838252
1013078,400899.97114058316
1003066,450207.569871337
1005956,302787.9400454372
1005414,380485.9907452912
1000200,451372.2217184784
1000393,450826.8907703106
1003716,451372.2217184784
1006268,451372.2217184784
1010977,452344.2181477134
1013826,447825.4189001333
1007544,450826.8907703106
1006023,451372.2217184784
1008841,451372.2217184784
1009733,613438.2445707214
1002075,451982.63775856636
1001639,447825.4189001333
1003193,641250.6930655214
1001763,450207.569871337
1006385,461473.6552195613
1005524,450826.8907703106
1000169,451372.2217184784
1010936,451372.2217184784
1006324,447825.4189001333
1000714,336287.41647817794
1007808,451982.63775856636
1015608,450826.8907703106
1011228,322410.5513491827
1008724,698115.0728601216
1010385,434647.72559005255
1011303,451982.63775856636
1014598,451372.2217184784
1014095,453034.7076604442
1011123,451982.63775856636
1012094,451982.63775856636
1002439,450826.8907703106
1014974,705328.145153653
1017481,355455.3174236106
1007591,450207.569871337
1000627,451372.2217184784
1004584,450207.569871337
1017118,446804.03121751256
1013239,763472.9273026178
1008698,451982.63775856636
1013318,450826.8907703106
1008925,465111.4502765988
1004248,447825.4189001333
1011140,447825.4189001333
1002835,450207.569871337
1000847,385890.02310288936
1015275,562188.4374811115
1011105,397460.2610409119
1008298,451982.63775856636
1012396,451982.63775856636
1001756,447825.4189001333
1016325,450826.8907703106
1008958,450826.8907703106
1014058,450826.8907703106
1001145,450826.8907703106
1005385,393932.6091585302
1016862,451372.2217184784
1003714,450207.569871337
1007355,450207.569871337
1004834,451372.2217184784
1006403,407245.8550501701
1013819,450207.569871337
1015350,451372.2217184784
1013871,451982.63775856636
1007737,447825.4189001333
1000070,512562.31693232316
1000405,451372.2217184784
1014419,451372.2217184784
1016259,450207.569871337
1016926,450207.569871337
1016799,451372.2217184784
1011714,450207.569871337
1010409,451372.2217184784
1008130,448478.96142207057
1008379,455803.42715154245
1011546,447825.4189001333
1009048,429222.54909503827
1007190,450207.569871337
1002507,450826.8907703106
1009284,536438.3236822474
1012509,395248.53384237894
1013317,451372.2217184784
1017528,451372.2217184784
1013816,527077.0466000487
1016001,388489.4441913215
1005353,344702.9708197136
1014607,581340.8632579194
1002673,515355.54769427836
1002947,450207.569871337
1015185,450826.8907703106
1011142,451982.63775856636
1007167,450207.569871337
1007853,450207.569871337
1006291,451372.2217184784
1001831,447825.4189001333
1015730,319494.0406539647
1000824,451372.2217184784
1004349,430759.57878228225
1000868,451982.63775856636
1010185,342816.7044300811
1006082,447825.4189001333
1016632,450207.569871337
1013253,451982.63775856636
1003900,450207.569871337
1011544,450826.8907703106
1002593,451372.2217184784
1013383,450207.569871337
1012023,450207.569871337
1006834,447825.4189001333
1001181,447825.4189001333
1003859,450826.8907703106
1006339,451372.2217184784
1000726,450207.569871337
1013968,450826.8907703106
1006060,447825.4189001333
1012376,450207.569871337
1010176,451982.63775856636
1011755,451372.2217184784
1008159,447825.4189001333
1017579,450826.8907703106
1003144,718578.9261564163
1002779,451982.63775856636
1011051,422624.9703766603
1003351,447825.4189001333
1005879,447825.4189001333
1003929,450207.569871337
1011465,341723.70393263135
1001534,615867.0916987417
1010389,451982.63775856636
1003225,375787.76542459487
1008308,451982.63775856636
1015023,451982.63775856636
1015030,450207.569871337
1013025,451372.2217184784
1017358,449201.74289327353
1012889,447825.4189001333
1004032,451372.2217184784
1017587,475818.4885088733
1004288,450207.569871337
1017129,451982.63775856636
1012522,451372.2217184784
1001598,360409.3255688448
1005137,450826.8907703106
1016042,447825.4189001333
1011956,450826.8907703106
1001718,777843.7296187906
1012684,450207.569871337
1015077,451982.63775856636
1008103,595256.9613667096
1016915,447825.4189001333
1003228,451372.2217184784
1016639,429754.4945324328
1004814,447825.4189001333
1005495,447825.4189001333
1008670,451982.63775856636
1015982,342077.5663426511
1001394,447825.4189001333
1004046,426458.9096982684
1010956,327442.3514639887
1001404,451982.63775856636
1001134,450826.8907703106
1002078,450207.569871337
1006900,450207.569871337
1006404,450826.8907703106
1001242,450207.569871337
1000759,607687.4852474505
1016782,450207.569871337
1014422,450207.569871337
1014518,728562.6514329149
1000646,447825.4189001333
1008590,450207.569871337
1003788,450826.8907703106
1015822,451982.63775856636
1017024,451372.2217184784
1012783,451372.2217184784
1014818,450826.8907703106
1003235,451982.63775856636
1014107,450207.569871337
1001167,450826.8907703106
1016366,456720.61561977625
1017448,451372.2217184784
1016716,451982.63775856636
1015335,451982.63775856636
1015112,447825.4189001333
1001264,451982.63775856636
1007614,447825.4189001333
1004383,451372.2217184784
1005223,447825.4189001333
1008967,517280.6086530133
1013912,451982.63775856636
1001047,450826.8907703106
1011815,450207.569871337
1003126,664151.6969535273
1000302,406616.6374977017
1013581,505665.3676034995
1012532,450207.569871337
1012410,462499.7991312732
1016407,451372.2217184784
1013328,450207.569871337
1005283,450207.569871337
1000024,677010.8602475482
1012745,450826.8907703106
1010469,451982.63775856636
1006746,450207.569871337
1003798,451982.63775856636
1003077,447825.4189001333
1007869,450826.8907703106
1013461,451372.2217184784
1009427,447825.4189001333
1013687,451982.63775856636
1009473,451372.2217184784
1007704,451982.63775856636
1011789,450826.8907703106
1005571,451982.63775856636
1000116,451372.2217184784
1000640,447825.4189001333
1008312,468049.5783620945
1011068,450826.8907703106
1014931,450207.569871337
1014828,604041.5701140984
1005730,450207.569871337
1009577,450207.569871337
1008606,451982.63775856636
1005626,451982.63775856636
1000693,450826.8907703106
1012261,451372.2217184784
1007034,506946.70258534374
1002884,450826.8907703106
1000765,390751.7667717818
1007603,450826.8907703106
1011049,526500.2026338807
1012412,656726.6070083654
1008582,447825.4189001333
1000624,451372.2217184784
1015186,450826.8907703106
1010896,301383.9592097558
1008997,618783.7450864373
1010415,447825.4189001333
1015476,451372.2217184784
1013911,419853.50492711586
1012608,619880.3927756766
1015880,264828.83244654175
1014126,447825.4189001333
1001860,447825.4189001333
1006846,447825.4189001333
1014581,447825.4189001333
1002279,447825.4189001333
1000584,447825.4189001333
1005446,450207.569871337
1006610,450207.569871337
1001757,447825.4189001333
1004144,450826.8907703106
1003353,430239.42249891994
1003374,451982.63775856636
1007686,729926.2269215335
1014020,450826.8907703106
1011072,484990.0483048721
1012612,451982.63775856636
1015193,450207.569871337
1014319,450826.8907703106
1002591,450207.569871337
1006040,450826.8907703106
1006433,447825.4189001333
1006455,663494.4575826047
1016836,451982.63775856636
1011968,447825.4189001333
1009778,451982.63775856636
1008843,731715.5576797813
1009405,377331.15623780683
1004179,498071.93925440474
1013021,670997.4072376011
1001866,450826.8907703106
1015652,451372.2217184784
1016634,496626.24384854146
1005411,447825.4189001333
1015535,447825.4189001333
1007673,451372.2217184784
1011820,447825.4189001333
1011217,429130.86537585524
1007573,447825.4189001333
1013334,570220.7378629056
1010570,348574.5021005644
1008434,494964.3200956138
1000490,451372.2217184784
1007549,819489.1980032658
1013391,451372.2217184784
1009583,451372.2217184784
1006421,451982.63775856636
1000664,451372.2217184784
1013500,451982.63775856636
1012660,447825.4189001333
1001176,451372.2217184784
1008017,450207.569871337
1016070,447825.4189001333
1003796,451982.63775856636
1011388,530072.1277962447
1006897,447825.4189001333
1014062,447825.4189001333
1005752,447825.4189001333
1009181,450207.569871337
1001275,355466.4492806208
1003657,450207.569871337
1000162,450207.569871337
1002528,450826.8907703106
1005153,451372.2217184784
1012163,451372.2217184784
1002542,461551.84534556867
1001484,450207.569871337
1013946,491616.8664048139
1012712,345701.5712596928
1000463,241989.70942414168
1012625,392176.45317210164
1011562,450826.8907703106
1010569,579695.7233615879
1009325,447825.4189001333
1012711,451982.63775856636
1011319,475654.0455182197
1016200,450826.8907703106
1015936,526503.7450803585
1003021,451982.63775856636
1011925,436350.734504153
1001097,447825.4189001333
1001396,451982.63775856636
1001220,349789.34199287475
1002390,675926.7183599258
1007227,450207.569871337
1008537,447825.4189001333
1006845,447825.4189001333
1004042,450826.8907703106
1011107,451982.63775856636
1011479,451982.63775856636
1007985,402573.7500035353
1002449,466057.51721186854
1007833,451372.2217184784
1000454,451982.63775856636
1011345,451982.63775856636
1012387,450207.569871337
1004470,451372.2217184784
1002145,450207.569871337
1003650,451982.63775856636
1009442,559730.6762056972
1014299,577515.4877206143
1017525,451372.2217184784
1012430,451372.2217184784
1010281,534425.4818933572
1005480,451982.63775856636
1000112,450207.569871337
1007163,451372.2217184784
1009446,451982.63775856636
1007795,450826.8907703106
1011215,785999.6265818987
1008934,451030.70240758697
1010067,451982.63775856636
1007767,451372.2217184784
1013130,450207.569871337
1004870,517163.0568531741
1015428,450207.569871337
1002923,450207.569871337
1013313,451982.63775856636
1015889,765207.8238797078
1010612,557883.1042444507
1006244,407780.3794513132
1007503,450207.569871337
1011382,451372.2217184784
1015134,450207.569871337
1014175,708315.9622056616
1011301,451372.2217184784
1001174,451372.2217184784
1005614,450826.8907703106
1008478,447825.4189001333
1014473,451982.63775856636
1009265,450826.8907703106
1013703,450826.8907703106
1005262,447825.4189001333
1002888,451372.2217184784
1012750,467545.853922939
1011677,451982.63775856636
1003839,492722.78007365734
1000523,450207.569871337
1002508,451372.2217184784
1005397,451982.63775856636
1014484,451982.63775856636
1010716,447825.4189001333
1008219,471887.2244265889
1002476,281585.7186506474
1011093,450207.569871337
1008661,450207.569871337
1004293,461206.1068995524
1009090,706431.9449516532
1016180,451982.63775856636
1011218,447825.4189001333
1012061,451982.63775856636
1006800,450207.569871337
1001687,502580.48195202975
1000632,533063.8448465065
1004793,450207.569871337
1003655,549645.987004787
1014477,452072.1471935299
1015414,447825.4189001333
1010210,450826.8907703106
1007248,256631.50124820412
1012576,450826.8907703106
1011193,334072.9042173766
1006959,447825.4189001333
1000363,447825.4189001333
1015321,450826.8907703106
1000979,450826.8907703106
1011372,450826.8907703106
1014121,450207.569871337
1006099,451372.2217184784
1001728,450207.569871337
1003307,451372.2217184784
1006336,451372.2217184784
1011097,451372.2217184784
1016278,450826.8907703106
1004000,447825.4189001333
1012796,451982.63775856636
1015406,450826.8907703106
1013591,404553.32430734136
1008321,428290.83385730576
1012804,450826.8907703106
1001496,451982.63775856636
1009915,381746.3328728947
1009890,450207.569871337
1016922,402372.30895912345
1002013,451982.63775856636
1012579,370179.2197759073
1005709,450826.8907703106
1007029,420733.91681312444
1016513,451982.63775856636
1017275,306570.6346775377
1004495,472973.30417681334
1004276,604306.967135246
1006430,451982.63775856636
1007303,450826.8907703106
1009654,425979.37179412437
1001195,451982.63775856636
1006678,450826.8907703106
1016703,447825.4189001333
1010579,451982.63775856636
1008089,744387.7560317277
1009346,450826.8907703106
1009708,450826.8907703106
1015734,451982.63775856636
1005198,451982.63775856636
1009971,450826.8907703106
1017268,353081.40596576774
1001657,451982.63775856636
1016740,491835.2888714979
1004353,450207.569871337
1016794,450207.569871337
1003538,451982.63775856636
1009337,450207.569871337
1002514,447825.4189001333
1010787,450207.569871337
1015369,450826.8907703106
1015875,450207.569871337
1009124,451982.63775856636
1003373,451982.63775856636
1016074,447825.4189001333
1014510,450207.569871337
1005355,450826.8907703106
1017526,450826.8907703106
1011178,541392.4576192544
1003183,649228.0216957085
1000788,390023.207532321
1006686,447825.4189001333
1006704,450826.8907703106
1002197,450207.569871337
1008386,352304.5037259951
1011846,451372.2217184784
1013952,450826.8907703106
1000035,587318.5096656622
1009746,451982.63775856636
1011482,450826.8907703106
1010785,591585.9711250648
1010879,451982.63775856636
1016122,451982.63775856636
1014905,450826.8907703106
1007670,451372.2217184784
1007094,263594.528214656
1011269,451982.63775856636
1008000,450207.569871337
1004781,450207.569871337
1004989,370067.86188554316
1013624,553242.1138714352
1014179,450207.569871337
1006348,450207.569871337
1010448,297934.7556530592
1016021,451372.2217184784
1007337,447825.4189001333
1014018,450207.569871337
1003702,447825.4189001333
1003166,451982.63775856636
1011477,451372.2217184784
1001551,414865.1254464902
1010234,451372.2217184784
1016254,447825.4189001333
1011548,450207.569871337
1005340,280085.8871359429
1005471,450207.569871337
1010859,659245.9232975151
1017317,389967.7574790322
1000080,447825.4189001333
1008583,450826.8907703106
1012357,450826.8907703106
1014315,450207.569871337
1001729,451982.63775856636
1006014,450826.8907703106
1001942,319481.2989939522
1006696,536363.931436686
1012294,450826.8907703106
1014382,450207.569871337
1008662,451372.2217184784
1017280,451372.2217184784
1003174,451982.63775856636
1003158,450207.569871337
1012970,424366.86303411704
1003689,536614.8085214967
1005764,450207.569871337
1014055,614108.205879333
1003430,324799.70040836977
1006057,451982.63775856636
1000834,585861.8053931323
1008366,621757.0059977899
1016817,447825.4189001333
1004525,436185.11231624754
1005300,450207.569871337
1010279,451372.2217184784
1001050,451372.2217184784
1015084,450826.8907703106
1014388,500903.8728049252
1008294,450207.569871337
1009996,436386.1836967008
1005046,447825.4189001333
1009316,451982.63775856636
1004311,451372.2217184784
1017498,409303.60206432873
1007309,450826.8907703106
1009614,620976.8259398766
1006193,451982.63775856636
1002397,417738.35982765944
1008563,691247.9614589976
1009460,450826.8907703106
1017071,450207.569871337
1001623,450826.8907703106
1002775,470395.27876216575
1003031,450207.569871337
1014744,450207.569871337
1017559,451372.2217184784
1005302,447825.4189001333
1011275,450826.8907703106
1000314,447825.4189001333
1006143,501870.0986977694
1009190,450448.84281620465
1014576,450826.8907703106
1011353,480797.02982281474
1007787,451372.2217184784
1008867,447825.4189001333
1006188,451372.2217184784
1000277,450207.569871337
1002389,451982.63775856636
1001741,409071.26216091245
1004585,785602.1427114736
1014506,590602.7076323028
1004213,524307.8534857229
1015390,447825.4189001333
1017518,450826.8907703106
1010739,451982.63775856636
1017247,450826.8907703106
1015845,447825.4189001333
1016904,451372.2217184784
1011341,450207.569871337
1004806,451372.2217184784
1002182,451372.2217184784
1008186,450826.8907703106
1010629,451372.2217184784
1011246,450207.569871337
1013513,447825.4189001333
1007489,451372.2217184784
1007681,611524.3829005517
1009045,451982.63775856636
1001753,311713.0670429216
1015101,451982.63775856636
1015451,451372.2217184784
1001514,893380.8236608579
1001023,450826.8907703106
1001871,451372.2217184784
1016937,618105.1123712974
1001342,451372.2217184784
1012550,562676.8808816946
1011688,437409.80127057707
1009562,462812.76760975237
1016969,451372.2217184784
1000316,462809.62867063767
1008199,641064.130227499
1015922,450826.8907703106
1009530,450207.569871337
1003074,773221.0188011329
1004847,450826.8907703106
1010905,447825.4189001333
1010350,450207.569871337
1006742,450826.8907703106
1011487,447825.4189001333
1002811,450207.569871337
1001965,451982.63775856636
1009589,466947.5130855275
1007816,451372.2217184784
1000130,447825.4189001333
1014423,450207.569871337
1011290,591503.8094075373
1006226,451982.63775856636
1007466,309606.6485038785
1015528,450207.569871337
1007694,447825.4189001333
1013740,451982.63775856636
1014501,447825.4189001333
1015848,450826.8907703106
1007565,451982.63775856636
1009590,447825.4189001333
1007233,450826.8907703106
1004352,450826.8907703106
1004247,700754.6524463404
1004707,348327.8473769274
1005129,451372.2217184784
1004791,451982.63775856636
1001294,311006.50950680766
1009942,548640.3727235191
1002915,546865.9868614787
1006777,447825.4189001333
1011610,450207.569871337
1013486,450826.8907703106
1016263,450207.569871337
1005787,451372.2217184784
1000572,493493.8935682218
1007146,565535.5594877915
1005577,450826.8907703106
1013538,450826.8907703106
1007902,450826.8907703106
1003785,483146.1995448792
1005422,451372.2217184784
1009389,447825.4189001333
1002641,450826.8907703106
1004892,447825.4189001333
1001581,447825.4189001333
1003874,314872.0018608033
1010263,627744.7382080769
1012791,451372.2217184784
1002079,450826.8907703106
1005469,350511.4369459729
1009394,447825.4189001333
1001292,451982.63775856636
1008550,450207.569871337
1016361,447825.4189001333
1017187,450207.569871337
1002234,447825.4189001333
1010965,450826.8907703106
1012900,318248.6623053826
1002342,451372.2217184784
1002335,451372.2217184784
1002411,632029.0511846282
1001399,451982.63775856636
1017183,442463.35640005226
1012468,451982.63775856636
1004683,701713.4282279073
1006245,485862.40518019674
1004755,639340.8102420645
1007443,450826.8907703106
1001063,450207.569871337
1002720,450826.8907703106
1003022,450826.8907703106
1002025,451372.2217184784
1007710,450826.8907703106
1001745,450826.8907703106
1009213,701305.6029047628
1008424,450826.8907703106
1001369,447825.4189001333
1010736,447825.4189001333
1015758,480403.0921712007
1016440,447825.4189001333
1014203,450207.569871337
1003365,447825.4189001333
1010783,450207.569871337
1002772,385093.44981690834
1009553,451372.2217184784
1008792,451372.2217184784
1015633,450207.569871337
1003399,414529.9921793865
1000677,447825.4189001333
1001015,451372.2217184784
1004346,451982.63775856636
1014275,450826.8907703106
1008976,447825.4189001333
1016191,451982.63775856636
1002946,447825.4189001333
1014900,451372.2217184784
1011929,631304.2227393952
1013917,450207.569871337
1016127,451372.2217184784
1000701,450207.569871337
1007989,470312.42563913245
1008523,538340.7811734244
1004663,595837.4228802887
1000041,450826.8907703106
1004631,451372.2217184784
1002117,451372.2217184784
1009275,451982.63775856636
1008565,447825.4189001333
1007360,406551.93961062504
1009666,450207.569871337
1001731,450826.8907703106
1009142,450207.569871337
1003723,306228.8085375846
1015779,451982.63775856636
1009510,451982.63775856636
1002752,447825.4189001333
1016965,450207.569871337
1016028,450826.8907703106
1005721,451982.63775856636
1010224,570771.0649046304
1002706,364384.9075564096
1002254,258754.8865761914
1005935,447825.4189001333
1013672,450207.569871337
1013831,451982.63775856636
1015466,451372.2217184784
1017411,447825.4189001333
1015411,447825.4189001333
1001073,450826.8907703106
1009595,451372.2217184784
1007952,689911.7882794131
1008694,447825.4189001333
1007483,451982.63775856636
1008020,451372.2217184784
1017150,450207.569871337
1011408,451372.2217184784
1014029,451372.2217184784
1001510,450207.569871337
1003033,450826.8907703106
1017115,450826.8907703106
1010835,447825.4189001333
1013994,451982.63775856636
1010130,447825.4189001333
1012176,451982.63775856636
1016998,429076.971374614
1007110,450826.8907703106
1013789,450207.569871337
1010148,451982.63775856636
1015377,450826.8907703106
1015048,447825.4189001333
1017050,613875.098114031
1009830,451372.2217184784
1001907,447825.4189001333
1015661,451372.2217184784
1003239,447825.4189001333
1009734,451372.2217184784
1003851,447825.4189001333
1015801,451982.63775856636
1008947,451372.2217184784
1014536,450826.8907703106
1007596,450826.8907703106
1011957,450207.569871337
1012413,451982.63775856636
1003873,483287.0385360802
1004583,522520.35769773886
1012132,451372.2217184784
1016091,445752.09679879784
1002441,451982.63775856636
1017321,356702.4132751411
1002070,450826.8907703106
1000434,450826.8907703106
1016064,450207.569871337
1013437,450207.569871337
1012704,452131.5013688542
1014864,454205.9515807958
1003162,450826.8907703106
1016455,451372.2217184784
1011402,447825.4189001333
1016999,450207.569871337
1009759,540122.9655381754
1006093,333675.83084269054
1001828,450207.569871337
1004145,447825.4189001333
1001927,451982.63775856636
1002227,450207.569871337
1004181,447825.4189001333
1012645,447825.4189001333
1004772,451982.63775856636
1005941,450207.569871337
1008210,450826.8907703106
1016858,451982.63775856636
1005270,449674.6093772875
1009866,451982.63775856636
1005394,447825.4189001333
1016485,451982.63775856636
1012234,524006.8788485117
1015395,450826.8907703106
1013014,463430.3145557294
1012433,476934.62092856603
1014148,450207.569871337
1007502,451982.63775856636
1016409,451982.63775856636
1010757,728025.7978757479
1009673,451982.63775856636
1012902,319911.2207238826
1007652,451982.63775856636
1014663,450207.569871337
1016169,450826.8907703106
1001311,404446.0814496274
1011208,447825.4189001333
1011970,451372.2217184784
1008713,450207.569871337
1015472,586933.8131650515
1008469,367239.37301891955
1006025,451372.2217184784
1010370,343756.62400880444
1006243,450826.8907703106
1000927,447825.4189001333
1012687,450207.569871337
1015862,451372.2217184784
1016577,451982.63775856636
1012746,451982.63775856636
1008564,450207.569871337
1013771,351501.2602103917
1004153,451982.63775856636
1003472,450826.8907703106
1007088,451982.63775856636
1016793,662273.1184534145
1011704,450207.569871337
1017533,447825.4189001333
1004292,434752.1844476469
1002421,450826.8907703106
1009782,507055.1455579569
1013520,572612.3613836159
1010610,445072.7008953714
1014210,711729.17058686
1016842,450207.569871337
1013610,451982.63775856636
1008651,450207.569871337
1007385,450826.8907703106
1010179,294743.7016354917
1009725,450826.8907703106
1013998,447825.4189001333
1004099,576226.2297937259
1012649,450207.569871337
1010205,504881.43909235817
1013296,451372.2217184784
1016788,447825.4189001333
1014019,363489.31358710706
1008927,451372.2217184784
1009006,447825.4189001333
1012927,451982.63775856636
1008143,451372.2217184784
1008920,451372.2217184784
1010100,451372.2217184784
1007504,319905.707724819
1016983,824947.4039313272
1000190,450826.8907703106
1007726,450826.8907703106
1000128,347794.7823175866
1010120,451372.2217184784
1004453,451372.2217184784
1009155,447825.4189001333
1001354,285370.1083704017
1013338,376828.5907163229
1007524,717073.5196370409
1005011,572049.3783986577
1015274,451982.63775856636
1002480,368758.88381156157
1015261,451982.63775856636
1001924,451982.63775856636
1011922,447825.4189001333
1005135,451372.2217184784
1006822,450207.569871337
1009775,450207.569871337
1011298,450207.569871337
1013367,489347.79254202324
1004726,341776.07484300644
1010387,451372.2217184784
1006055,449669.28211360076
1000327,429148.1761234187
1014181,447825.4189001333
1008906,447825.4189001333
1010133,447825.4189001333
1000944,451372.2217184784
1002163,450207.569871337
1001191,451372.2217184784
1012707,447825.4189001333
1000777,450826.8907703106
1016452,451982.63775856636
1006949,451982.63775856636
1013970,451372.2217184784
1012338,447825.4189001333
1002952,644122.2416412334
1012495,451372.2217184784
1004852,450826.8907703106
1003357,451982.63775856636
1015053,450207.569871337
1014614,384078.8995447375
1004632,450207.569871337
1016993,446849.7848369181
1002755,447825.4189001333
1009527,423713.0149370705
1010836,451982.63775856636
1012885,447825.4189001333
1015125,447825.4189001333
1011442,451372.2217184784
1001934,451982.63775856636
1003853,450826.8907703106
1012915,450826.8907703106
1007238,450826.8907703106
1013047,451372.2217184784
1007301,450207.569871337
1015551,450826.8907703106
1016195,450207.569871337
1005123,447825.4189001333
1006716,451982.63775856636
1016654,451372.2217184784
1006372,450207.569871337
1010062,390076.40750054806
1005908,450207.569871337
1003091,450207.569871337
1000073,383501.5358776276
1012329,823016.7387201239
1002604,451372.2217184784
1010743,447825.4189001333
1010156,699055.6834794005
1011862,450826.8907703106
1009211,451372.2217184784
1008230,451982.63775856636
1014288,339505.3564980985
1000999,450826.8907703106
1008877,620306.0818915586
1002640,450826.8907703106
1015118,447825.4189001333
1009739,450207.569871337
1000936,402859.9253066951
1005667,451372.2217184784
1016209,447825.4189001333
1012539,451372.2217184784
1001379,447825.4189001333
1001290,450207.569871337
1014847,451372.2217184784
1014230,451982.63775856636
1010820,451372.2217184784
1014233,447825.4189001333
1008453,451372.2217184784
1017412,407260.74312908045
1012271,657291.962711702
1011844,451372.2217184784
1010050,515918.4732431463
1013580,431451.1956908477
1004531,451372.2217184784
1009554,451372.2217184784
1001357,450826.8907703106
1008395,451982.63775856636
1002302,451982.63775856636
1002546,588276.1813591715
1006444,451372.2217184784
1010648,695833.2619225909
1001527,450826.8907703106
1006905,451372.2217184784
1016368,451372.2217184784
1000322,285703.9047802249
1010163,484408.95303092373
1016425,451372.2217184784
1000379,340427.7918313992
1011872,527370.558733255
1015627,451982.63775856636
1010505,451372.2217184784
1016662,342452.5155982081
1011223,450826.8907703106
1006073,675214.1465705717
1003568,387113.03400736855
1002386,450207.569871337
1007986,451372.2217184784
1012343,451372.2217184784
1000652,451982.63775856636
1015521,447825.4189001333
1015964,450826.8907703106
1009206,451982.63775856636
1010365,504671.3126725432
1004940,549360.458636702
1017580,451982.63775856636
1010488,451372.2217184784
1007080,407717.5685827474
1017489,582763.8511056871
1013959,403364.5829785188
1011160,503322.572351506
1008836,450826.8907703106
1001609,447825.4189001333
1010607,451372.2217184784
1013979,594594.4648063268
1005004,720014.1415493108
1009898,451982.63775856636
1001974,450826.8907703106
1010596,361813.877357891
1007151,451372.2217184784
1009570,434161.2651958931
1006656,451372.2217184784
1013923,451372.2217184784
1006832,689152.1547485454
1001610,447825.4189001333
1006033,451982.63775856636
1016471,447825.4189001333
1016460,451982.63775856636
1000134,450826.8907703106
1016655,524407.8256022395
1002874,450826.8907703106
1017090,347862.4350506832
1004582,450826.8907703106
1006049,447825.4189001333
1003571,451372.2217184784
1012557,450207.569871337
1000894,387354.9431650356
1001460,652384.5674367782
1001393,450207.569871337
1016960,451982.63775856636
1004672,450826.8907703106
1001077,451372.2217184784
1008964,447825.4189001333
1016399,451372.2217184784
1010274,451982.63775856636
1009285,451372.2217184784
1016541,450826.8907703106
1014742,451982.63775856636
1014761,447825.4189001333
1016555,450207.569871337
1008761,447825.4189001333
1004309,450826.8907703106
1009412,447825.4189001333
1013348,451982.63775856636
1007742,450207.569871337
1009503,447825.4189001333
1002694,451372.2217184784
1016131,451982.63775856636
1003236,451982.63775856636
1004540,451982.63775856636
1013116,451372.2217184784
1006209,451372.2217184784
1001371,447825.4189001333
1012008,447825.4189001333
1007921,450826.8907703106
1013983,451372.2217184784
1014822,447825.4189001333
1015967,453111.35196457023
1005432,451982.63775856636
1006329,451982.63775856636
1008689,581339.6637019089
1013231,450826.8907703106
1004066,451982.63775856636
1002381,329073.8914292027
1001705,451982.63775856636
1007546,450207.569871337
1007446,450826.8907703106
1012883,400439.5133881823
1014725,450207.569871337
1002868,459887.57466953696
1015856,451982.63775856636
1001233,447825.4189001333
1016304,450207.569871337
1015530,450826.8907703106
1006928,447825.4189001333
1006568,450207.569871337
1011764,451372.2217184784
1007203,451372.2217184784
1013756,451982.63775856636
1010482,451372.2217184784
1014277,447825.4189001333
1006815,444807.4369644468
1010468,450826.8907703106
1015252,451982.63775856636
1012956,450207.569871337
1006162,451982.63775856636
1008873,450207.569871337
1001715,447825.4189001333
1014601,451372.2217184784
1013335,451372.2217184784
1002541,450826.8907703106
1005930,451982.63775856636
1000589,450826.8907703106
1012395,450207.569871337
1014461,772363.2008954458
1003122,451982.63775856636
1001668,450826.8907703106
1001985,451982.63775856636
1007740,418787.7731153089
1014821,450207.569871337
1016079,450826.8907703106
1017576,451372.2217184784
1008692,447825.4189001333
1008331,467680.91652933514
1016661,319006.20558952924
1005049,451372.2217184784
1005370,447825.4189001333
1014862,451372.2217184784
1010374,484404.71711880853
1009075,451372.2217184784
1013589,451372.2217184784
1002596,450826.8907703106
1003632,447825.4189001333
1005479,447825.4189001333
1010235,403852.14231692755
1012354,483095.82324320823
1006550,450826.8907703106
1002622,450826.8907703106
1000507,451982.63775856636
1001726,676155.1965982167
1003651,447825.4189001333
1002988,317355.57099482825
1014013,447825.4189001333
1005601,451372.2217184784
1013060,451982.63775856636
1016240,450207.569871337
1013595,451372.2217184784
1017503,602224.2115137216
1015461,451372.2217184784
1008749,450207.569871337
1012686,451372.2217184784
1010550,450826.8907703106
1002277,392735.09836806444
1014012,450826.8907703106
1008772,451982.63775856636
1016171,450207.569871337
1008394,450826.8907703106
1014391,447825.4189001333
1017598,450826.8907703106
1013575,447825.4189001333
1017603,451982.63775856636
1017517,525622.8923705565
1009139,451372.2217184784
1006652,447825.4189001333
1016344,351355.4151411971
1006916,451982.63775856636
1010530,450826.8907703106
1009815,583215.2862756338
1015349,450207.569871337
1006974,450207.569871337
1005651,447825.4189001333
1001754,450207.569871337
1010476,447825.4189001333
1003628,451982.63775856636
1007244,450826.8907703106
1005189,410740.86048232287
1007950,503081.6549920056
1013298,447825.4189001333
1015449,348500.4252988804
1001112,451372.2217184784
1011886,447825.4189001333
1012072,447825.4189001333
1008502,450494.4556800575
1000925,450207.569871337
1002531,451982.63775856636
1001377,512029.7139912805
1009283,450207.569871337
1003367,651866.237320746
1017571,451372.2217184784
1004230,450207.569871337
1012491,447825.4189001333
1017093,450826.8907703106
1000996,450826.8907703106
1007427,450826.8907703106
1010203,1071165.3502609427
1015807,447825.4189001333
1002361,451372.2217184784
1007697,450207.569871337
1000214,447825.4189001333
1017243,404915.665574505
1000254,450207.569871337
1016106,828192.5038183538
1001923,463430.3145557294
1005041,438046.00400672946
1015207,441707.77554454433
1002685,450826.8907703106
1012941,451372.2217184784
1015562,451372.2217184784
1002429,450826.8907703106
1017104,450207.569871337
1005086,437635.0685437391
1012291,451982.63775856636
1014056,349393.69767281984
1015158,451372.2217184784
1014296,447825.4189001333
1012046,450826.8907703106
1003011,451982.63775856636
1014244,349739.1755460043
1013309,495615.6872771152
1001966,287118.3358915148
1011245,451372.2217184784
1004967,451982.63775856636
1008086,447825.4189001333
1008051,451372.2217184784
1003099,796846.2108193057
1005149,450826.8907703106
1011054,447825.4189001333
1014891,450207.569871337
1002291,450207.569871337
1011241,451372.2217184784
1017044,451982.63775856636
1016739,450207.569871337
1014336,336926.5927836873
1005992,447825.4189001333
1007628,447825.4189001333
1005814,447825.4189001333
1002639,447825.4189001333
1007408,450826.8907703106
1002635,392356.48767074896
1008678,451982.63775856636
1006163,538175.5013468363
1016516,388471.8100502528
1000515,450207.569871337
1016332,450207.569871337
1011890,451372.2217184784
1004871,451982.63775856636
1005147,949030.8105912157
1007197,733440.804391059
1004936,373301.68458846415
1002939,450207.569871337
1011877,450207.569871337
1012870,450207.569871337
1016258,447825.4189001333
1013479,564637.1836004492
1005220,451982.63775856636
1003167,447825.4189001333
1000340,447825.4189001333
1004646,450207.569871337
1012243,539424.8149596959
1011733,451982.63775856636
1008282,450826.8907703106
1009522,450826.8907703106
1016420,693653.1714334124
1007396,451372.2217184784
1015745,451982.63775856636
1013628,451372.2217184784
1015214,497834.7249396864
1017186,398071.32846673246
1004008,450207.569871337
1008811,451982.63775856636
1008490,451982.63775856636
1011483,450207.569871337
1007711,451027.17830211006
1012781,450207.569871337
1001781,451372.2217184784
1002103,451982.63775856636
1014866,450207.569871337
1014994,443260.2107257261
1016727,451982.63775856636
1017019,450826.8907703106
1012825,451982.63775856636
1002855,451982.63775856636
1010714,447825.4189001333
1014189,450826.8907703106
1012636,451372.2217184784
1007062,496297.0726774796
1000911,451372.2217184784
1017550,450826.8907703106
1014788,718950.5613349471
1007480,736045.4113819251
1006619,447825.4189001333
1000888,450826.8907703106
1008977,451372.2217184784
1006470,488806.9771251037
1016713,369022.4064381869
1001507,291389.55612014286
1009812,447825.4189001333
1002778,450207.569871337
1012084,554331.8221436784
1010477,668022.6380699315
1016618,498774.1862880778
1006608,447825.4189001333
1012448,451372.2217184784
1002022,472769.7695706935
1011554,447825.4189001333
1015033,526604.3158229114
1012906,450207.569871337
1001293,451372.2217184784
1001948,451372.2217184784
1016275,451372.2217184784
1001175,447825.4189001333
1013271,447825.4189001333
1013576,451982.63775856636
1001270,402673.136886285
1005637,450207.569871337
1012484,450826.8907703106
1002452,450826.8907703106
1012884,450826.8907703106
1001814,451982.63775856636
1016847,451982.63775856636
1011928,451982.63775856636
1003473,336954.4638099328
1000228,447825.4189001333
1006283,515114.43683740345
1008128,400681.112626933
1011948,450207.569871337
1006601,450207.569871337
1015831,450207.569871337
1017492,451982.63775856636
1016179,447825.4189001333
1015273,423898.1296554431
1000962,450826.8907703106
1008548,447825.4189001333
1017197,451982.63775856636
1001000,451372.2217184784
1011002,450207.569871337
1014085,450826.8907703106
1002269,451982.63775856636
1006744,450826.8907703106
1006508,420733.06230958557
1000172,450826.8907703106
1015049,451372.2217184784
1005648,450826.8907703106
1012333,451982.63775856636
1010167,447825.4189001333
1009647,450826.8907703106
1009752,451982.63775856636
1003045,332321.7233790787
1005593,451982.63775856636
1010854,447825.4189001333
1004157,451372.2217184784
1013681,450826.8907703106
1017336,451982.63775856636
1009179,451982.63775856636
1017155,451372.2217184784
1000334,447825.4189001333
1005621,450207.569871337
1000399,447825.4189001333
1006965,447825.4189001333
1012633,447825.4189001333
1010445,450207.569871337
1004521,451372.2217184784
1007543,450207.569871337
1014962,618247.3349955502
1014836,684199.7278613122
1009551,451982.63775856636
1010253,450207.569871337
1007016,447825.4189001333
1010546,450207.569871337
1011232,447825.4189001333
1011233,451982.63775856636
1002275,447825.4189001333
1009208,627960.3044131398
1013943,483541.3576474151
1017589,450207.569871337
1012832,451982.63775856636
1016496,332169.36211034737
1016672,451982.63775856636
1014508,450826.8907703106
1004303,450826.8907703106
1009471,477555.37699175224
1005522,447825.4189001333
1014979,412235.1911398803
1007172,450826.8907703106
1010496,451372.2217184784
1016563,450826.8907703106
1003995,450826.8907703106
1003197,450207.569871337
1000880,450826.8907703106
1010465,447825.4189001333
1002044,576752.954784029
1001333,450207.569871337
1003254,450207.569871337
1014735,447074.3515943294
1014771,451982.63775856636
1005883,410254.478805501
1000504,451372.2217184784
1008715,447825.4189001333
1015087,451372.2217184784
1007630,388207.3012374444
1001237,450826.8907703106
1008197,451982.63775856636
1005384,450207.569871337
1014451,451372.2217184784
1002193,451372.2217184784
1010194,450207.569871337
1012631,450826.8907703106
1013398,450207.569871337
1015140,385988.60753076605
1000356,450826.8907703106
1016286,450826.8907703106
1003063,450826.8907703106
1012613,451982.63775856636
1016726,450826.8907703106
1011277,451982.63775856636
1002928,430517.65709045774
1008551,549977.6263132455
1000036,450207.569871337
1005118,450207.569871337
1014088,628638.0325825929
1012050,450826.8907703106
1013928,451982.63775856636
1000848,451372.2217184784
1004478,451982.63775856636
1015166,451372.2217184784
1011428,536689.3464680334
1008223,447825.4189001333
1015787,450826.8907703106
1003977,452138.35517089715
1008596,450207.569871337
1006159,450826.8907703106
1011849,419073.97526352934
1003100,450207.569871337
1003700,369698.235946582
1003937,451372.2217184784
1000223,451982.63775856636
1014271,451982.63775856636
1009567,451982.63775856636
1010449,323995.34691102634
1007554,450207.569871337
1011612,451982.63775856636
1013064,528617.6186571843
1015154,450826.8907703106
1013032,451982.63775856636
1011466,343799.7331927102
1000709,361155.4906392738
1014762,451982.63775856636
1011252,447825.4189001333
1005094,450207.569871337
1007884,450826.8907703106
1013355,447825.4189001333
1001457,450207.569871337
1017397,451372.2217184784
1015328,450826.8907703106
1004123,359971.8106299121
1014274,447825.4189001333
1002784,451982.63775856636
1015200,451982.63775856636
1007569,451982.63775856636
1014527,292651.30981045344
1000737,450826.8907703106
1010433,400046.23780313414
1010522,450826.8907703106
1014070,450207.569871337
1011681,450826.8907703106
1015333,447825.4189001333
1011516,451982.63775856636
1010824,450826.8907703106
1012248,450826.8907703106
1002935,451372.2217184784
1010766,450207.569871337
1001926,450826.8907703106
1010703,450207.569871337
1002987,450826.8907703106
1014616,439640.93734789675
1014329,372473.35657285445
1014017,451982.63775856636
1000212,539784.8496888734
1009295,524004.52928662236
1012962,447825.4189001333
1008807,451372.2217184784
1012105,737732.1426976841
1013778,385672.3398082718
1013873,382065.91489772167
1001719,451982.63775856636
1015972,454120.7826883215
1003303,451372.2217184784
1014734,447825.4189001333
1000919,450826.8907703106
1003478,449231.3652255202
1016213,468406.62957922585
1007327,544539.164053525
1001386,451372.2217184784
1011229,403419.4476126321
1013688,450207.569871337
1013924,450207.569871337
1005813,450826.8907703106
1011095,450207.569871337
1016058,451372.2217184784
1014723,275169.2379675872
1016411,462269.17048430705
1015625,447825.4189001333
1006337,450826.8907703106
1009247,450207.569871337
1006747,451982.63775856636
1003817,447825.4189001333
1002316,799129.7626509954
1015722,450826.8907703106
1000088,271782.18715128215
1016503,795287.3898704961
1007600,450826.8907703106
1010491,451372.2217184784
1012001,450826.8907703106
1012152,450207.569871337
1010932,447825.4189001333
1010717,400729.4779187796
1006456,548127.2775700986
1011885,305812.7061198107
1010206,447825.4189001333
1004174,451982.63775856636
1011728,353629.120709042
1009711,521553.2913819817
1002867,450826.8907703106
1011621,450207.569871337
1016641,450207.569871337
1016789,451982.63775856636
1011664,451372.2217184784
1015042,447825.4189001333
1005909,680296.7786237784
1016995,447825.4189001333
1008100,451982.63775856636
1016889,450826.8907703106
1009773,450826.8907703106
1005423,450207.569871337
1016648,450207.569871337
1007863,451372.2217184784
1006278,660449.2549644226
1009566,451982.63775856636
1008580,359960.26373532094
1005540,451982.63775856636
1002055,450207.569871337
1004223,493335.79925357463
1016977,451372.2217184784
1003317,454617.5878239674
1012052,450207.569871337
1004819,426034.3451790737
1003757,451372.2217184784
1010115,687825.5421567103
1001791,451372.2217184784
1000468,451982.63775856636
1001104,450207.569871337
1000002,450826.8907703106
1017438,450826.8907703106
1003409,634785.0630867402
1006806,450207.569871337
1010059,793121.353449429
1007036,451372.2217184784
1002719,451982.63775856636
1007612,450207.569871337
1012221,451372.2217184784
1001874,450826.8907703106
1017153,450207.569871337
1004377,450207.569871337
1013285,450826.8907703106
1001168,450207.569871337
1001799,450826.8907703106
1012549,451372.2217184784
1008162,450826.8907703106
1002751,348168.89420046046
1017213,450826.8907703106
1001471,451372.2217184784
1003618,528959.0314609205
1008837,640923.623518877
1009069,447825.4189001333
1011943,450826.8907703106
1009514,450826.8907703106
1012039,447825.4189001333
1015458,372280.46009039145
1001840,450826.8907703106
1004332,450826.8907703106
1011086,450826.8907703106
1016049,525812.5053535627
1003068,457395.9505845437
1004613,402920.1695037695
1011547,447825.4189001333
1015176,450826.8907703106
1001637,451372.2217184784
1003902,450826.8907703106
1009509,451372.2217184784
1001572,363321.8489841558
1003707,375717.22888310486
1009705,450207.569871337
1010826,407529.2551274618
1005766,587328.3677753232
1001901,447825.4189001333
1017578,451982.63775856636
1012276,450207.569871337
1002252,343922.14388561115
1005058,451372.2217184784
1016874,432686.39124540886
1001252,447825.4189001333
1017066,451982.63775856636
1002066,450826.8907703106
1008572,447825.4189001333
1003608,451982.63775856636
1006087,639321.1692502511
1009609,451982.63775856636
1010379,450207.569871337
1009110,875774.7786643888
1008714,447825.4189001333
1008527,403180.38256214844
1014631,450207.569871337
1003821,450207.569871337
1008728,450207.569871337
1009227,450207.569871337
1008615,392950.8711710023
1007691,450826.8907703106
1006631,242380.5494796368
1011485,451372.2217184784
1001380,447825.4189001333
1015861,472277.0163917892
1009897,451372.2217184784
1003680,451372.2217184784
1011709,451982.63775856636
1016957,450207.569871337
1000708,451372.2217184784
1012042,450207.569871337
1010091,451372.2217184784
1005710,392892.699897971
1017236,573910.1050514408
1014493,891356.9209525059
1008703,447825.4189001333
1012824,451982.63775856636
1003459,447825.4189001333
1013342,350335.0424806417
1004549,450207.569871337
1007131,447825.4189001333
1006005,450826.8907703106
1007265,450207.569871337
1012284,484066.4983936021
1013854,392643.9488900062
1016283,451982.63775856636
1000870,842866.4763850096
1003278,450207.569871337
1011723,414075.0304266846
1001219,451982.63775856636
1007486,541030.6696393808
1011179,451372.2217184784
1006217,451372.2217184784
1012109,485626.08539824607
1002141,451982.63775856636
1002255,329978.3228565538
1004440,447825.4189001333
1008311,451372.2217184784
1004004,450826.8907703106
1011191,441892.9262691056
1006262,450826.8907703106
1010769,443175.5594282226
1006964,451372.2217184784
1008468,451982.63775856636
1001790,481380.4612071805
1006907,299416.8997015278
1004901,447825.4189001333
1014160,451982.63775856636
1005162,745110.2638495972
1009353,450826.8907703106
1010822,451372.2217184784
1009639,451982.63775856636
1002474,733125.819666223
1008768,450207.569871337
1015857,450207.569871337
1015838,447825.4189001333
1013718,447825.4189001333
1010436,447825.4189001333
1001944,482714.74983652995
1015267,451372.2217184784
1015777,451982.63775856636
1000098,450207.569871337
1009676,738527.1652592625
1011715,451372.2217184784
1001081,450207.569871337
1014374,451982.63775856636
1008068,451982.63775856636
1002502,447825.4189001333
1004202,450207.569871337
1004380,451372.2217184784
1017105,447825.4189001333
1017286,451982.63775856636
1001135,390235.04410169774
1001958,450207.569871337
1013127,451372.2217184784
1011011,451372.2217184784
1004161,337066.65692088637
1016757,451372.2217184784
1007109,450826.8907703106
1014486,451372.2217184784
1012154,325968.3914672008
1007349,447825.4189001333
1000317,451372.2217184784
1006450,451982.63775856636
1000885,450207.569871337
1003343,450207.569871337
1011889,409780.1771425152
1007376,450207.569871337
1009810,450826.8907703106
1012341,686729.9751476392
1003621,460601.07157301053
1002159,450207.569871337
1008937,451372.2217184784
1010524,447825.4189001333
1016239,451982.63775856636
1004715,451372.2217184784
1004373,767596.8349100864
1005371,451372.2217184784
1014540,447825.4189001333
1002016,450826.8907703106
1011868,447825.4189001333
1002529,330685.4307295127
1007550,451372.2217184784
1015052,451982.63775856636
1011497,450207.569871337
1006906,447825.4189001333
1005449,818043.7803214395
1013557,450826.8907703106
1016257,450826.8907703106
1012517,604946.1707454865
1009832,450207.569871337
1011017,451982.63775856636
1012598,338206.5270698071
1017253,447825.4189001333
1008601,313955.75425635156
1002261,447825.4189001333
1007699,542121.2602257855
1008791,649752.2226412989
1013633,451982.63775856636
1012878,450826.8907703106
1006511,342586.0132072019
1002500,451372.2217184784
1001053,450826.8907703106
1012726,451372.2217184784
1000658,450826.8907703106
1013834,451372.2217184784
1010548,356325.2196625807
1006844,450826.8907703106
1016990,450207.569871337
1003725,451982.63775856636
1011678,451982.63775856636
1002073,447825.4189001333
1011993,447825.4189001333
1011791,751160.4305749489
1000684,450826.8907703106
1004128,424429.0823126815
1010628,450826.8907703106
1006232,447825.4189001333
1008858,450207.569871337
1014342,522244.84493122046
1006249,450207.569871337
1002253,450207.569871337
1016415,437893.68158401496
1009807,451982.63775856636
1000217,450207.569871337
1014880,389301.816781182
1007587,450207.569871337
1008475,286799.60252496495
1013102,450207.569871337
1011131,451372.2217184784
1016030,451982.63775856636
1004386,450207.569871337
1009960,450207.569871337
1006741,450207.569871337
1017451,463039.5345657171
1013393,382443.0231599669
1002707,432546.08137085993
1005081,561095.3393528087
1014671,447825.4189001333
1003831,450826.8907703106
1002398,451372.2217184784
1014934,447825.4189001333
1001638,451372.2217184784
1011423,358755.86076809623
1007015,451372.2217184784
1015769,450826.8907703106
1009829,349450.7762264116
1006346,450207.569871337
1008785,450826.8907703106
1010801,447825.4189001333
1008277,450826.8907703106
1001903,451372.2217184784
1005664,450826.8907703106
1001268,906064.5433314515
1001853,451982.63775856636
1008674,389817.45405085885
1014435,451372.2217184784
1001956,451982.63775856636
1006821,450826.8907703106
1000998,451372.2217184784
1013233,447825.4189001333
1006653,447825.4189001333
1013004,451372.2217184784
1006591,450826.8907703106
1004083,447825.4189001333
1016838,451982.63775856636
1016053,450826.8907703106
1009737,447825.4189001333
1010808,288424.74734357576
1001811,450826.8907703106
1009754,569157.8286110378
1010867,260171.02953030475
1009130,395355.17972006794
1016818,451372.2217184784
1000313,451372.2217184784
1001409,450207.569871337
1007451,451372.2217184784
1013378,382176.0258844367
1013223,451982.63775856636
1009951,451372.2217184784
1006459,447825.4189001333
1015394,374666.0233954351
1002295,447825.4189001333
1015871,450207.569871337
1013837,450826.8907703106
1011661,736343.6472760477
1006871,451982.63775856636
1001098,441682.0408328185
1005420,586537.9567876324
1012861,315341.2034424525
1007083,451372.2217184784
1004550,399245.751527252
1007900,377529.39949171053
1003795,450207.569871337
1016177,451372.2217184784
1011155,450826.8907703106
1007470,451372.2217184784
1008166,450826.8907703106
1010290,447825.4189001333
1006795,451372.2217184784
1012334,555222.45010538
1012977,447825.4189001333
1006654,450826.8907703106
1005376,447825.4189001333
1008078,451372.2217184784
1000387,450826.8907703106
1014257,535457.5555885487
1010839,450207.569871337
1005404,451982.63775856636
1013392,450826.8907703106
1006503,450826.8907703106
1008330,451372.2217184784
1007381,404248.50269242865
1005350,738715.7464140272
1013741,447825.4189001333
1013217,447825.4189001333
1004447,447825.4189001333
1003522,450207.569871337
1015826,450826.8907703106
1008118,500589.8011571941
1007106,450826.8907703106
1013013,450207.569871337
1004524,451982.63775856636
1016083,450826.8907703106
1011438,472457.270905142
1013011,273204.8610675331
1009796,451372.2217184784
1012379,451372.2217184784
1015260,451982.63775856636
1003132,447825.4189001333
1016575,451372.2217184784
1012189,447825.4189001333
1006554,447825.4189001333
1001626,451982.63775856636
1007891,451982.63775856636
1013319,450826.8907703106
1016459,489672.3430233599
1002308,450826.8907703106
1004950,447825.4189001333
1006501,595582.1363804648
1002645,451372.2217184784
1009037,546601.3103817584
1008483,451982.63775856636
1015768,450826.8907703106
1004029,439673.6717633945
1015905,785420.3151822005
1002313,607293.3625266593
1001118,451372.2217184784
1015225,450826.8907703106
1004269,451372.2217184784
1004652,450207.569871337
1011721,451982.63775856636
1014205,450826.8907703106
1006397,450826.8907703106
1013284,450826.8907703106
1010571,450207.569871337
1005321,447825.4189001333
1017283,450826.8907703106
1003730,526349.2940228062
1013373,861156.4517840185
1001964,451372.2217184784
1017513,374590.5220072164
1004825,450826.8907703106
1011571,447825.4189001333
1005312,450207.569871337
1017339,586652.3652786033
1013545,451982.63775856636
1008341,451982.63775856636
1010946,507058.15464557684
1005279,389695.10827394825
1012438,450826.8907703106
1003677,536217.9585794031
1017270,447825.4189001333
1016430,451982.63775856636
1010536,451982.63775856636
1000799,451982.63775856636
1017565,447825.4189001333
1010841,450207.569871337
1003916,451982.63775856636
1012282,448478.6096079649
1010099,511045.3988348964
1000204,450207.569871337
1008280,451372.2217184784
1015815,522774.4766704266
1017276,450207.569871337
1003427,451372.2217184784
1004944,447825.4189001333
1004954,450207.569871337
1015653,451372.2217184784
1002329,431423.10418602725
1014065,518901.1400821001
1017302,451982.63775856636
1006566,564175.3435041362
1005631,450207.569871337
1007783,451982.63775856636
1004947,450826.8907703106
1004539,667766.4396319259
1002631,450826.8907703106
1009447,451982.63775856636
1014935,450207.569871337
1006572,451372.2217184784
1011422,451372.2217184784
1015499,451372.2217184784
1009714,447825.4189001333
1008922,450207.569871337
1003612,414868.0958432907
1011927,450826.8907703106
1004012,781614.0622420054
1015116,450826.8907703106
1001256,551511.4943444252
1012142,450207.569871337
1016609,450207.569871337
1012076,450826.8907703106
1015781,450207.569871337
1003516,411780.8310216109
1008659,259816.93393325785
1004476,447825.4189001333
1002189,447825.4189001333
1012801,450826.8907703106
1012600,447825.4189001333
1016798,447825.4189001333
1010019,450207.569871337
1005374,450826.8907703106
1014335,476755.24354854476
1006048,490773.23988884664
1002704,451982.63775856636
1009459,451982.63775856636
1011622,451372.2217184784
1002354,450826.8907703106
1011637,450826.8907703106
1003708,451982.63775856636
1002536,450207.569871337
1011784,451372.2217184784
1012160,367280.1760846707
1014987,447825.4189001333
1005739,399303.68341202725
1005569,450207.569871337
1010302,450826.8907703106
1004517,513201.30064148776
1000050,589823.6753440119
1003545,447825.4189001333
1014558,294151.35627921176
1000565,451982.63775856636
1014757,451982.63775856636
1015423,450826.8907703106
1002026,447825.4189001333
1001523,451982.63775856636
1000904,450207.569871337
1011520,451372.2217184784
1003972,450207.569871337
1004887,450826.8907703106
1008657,343268.03269576456
1013009,451982.63775856636
1009659,447825.4189001333
1006100,543067.1601597567
1005054,422815.9634865155
1004315,450207.569871337
1012265,374910.71881016716
1007893,627560.5801794133
1011630,451982.63775856636
1014509,451982.63775856636
1003076,276867.9962706244
1012863,451982.63775856636
1014268,451982.63775856636
1017240,451372.2217184784
1007255,374009.3115925955
1012644,434653.91299090313
1000436,451372.2217184784
1003310,451982.63775856636
1003735,306280.40488901513
1015760,451372.2217184784
1013395,450207.569871337
1015951,300443.2621316129
1002804,556686.34214671
1013569,451372.2217184784
1001215,447825.4189001333
1003690,450826.8907703106
1008740,451372.2217184784
1009591,450826.8907703106
1011194,450826.8907703106
1006682,437995.32187826483
1006344,451372.2217184784
1008734,450207.569871337
1008092,447825.4189001333
1015702,451372.2217184784
1012776,447825.4189001333
1000791,447825.4189001333
1007370,450826.8907703106
1009134,450826.8907703106
1004236,516866.4653092464
1003171,451982.63775856636
1008642,451982.63775856636
1008896,447825.4189001333
1006590,451372.2217184784
1008438,450207.569871337
1005748,363628.6455042341
1006762,450826.8907703106
1000369,450207.569871337
1008872,475016.4560783895
1007969,370695.3629561147
1016419,211862.53981012024
1006600,447825.4189001333
1001858,447825.4189001333
1005654,450207.569871337
1000208,451982.63775856636
1014615,451982.63775856636
1007927,447825.4189001333
1010889,450207.569871337
1014926,450826.8907703106
1001541,451372.2217184784
1011410,450207.569871337
1006799,860568.3862284637
1009949,447825.4189001333
1003951,447825.4189001333
1015501,489112.49669269606
1010551,447825.4189001333
1002091,451982.63775856636
1006267,450207.569871337
1009328,539324.0048718724
1000089,450207.569871337
1011152,629437.7524518254
1016686,430747.8328810401
1008620,450207.569871337
1005007,475068.81484801555
1005303,450207.569871337
1015798,432370.90160527633
1017035,871474.466489438
1005069,559293.7389346556
1003154,450826.8907703106
1011803,450826.8907703106
1016351,450207.569871337
1016781,450826.8907703106
1010704,450207.569871337
1004577,451982.63775856636
1006000,440398.52072269074
1011613,447825.4189001333
1011235,451372.2217184784
1000045,451982.63775856636
1013858,451372.2217184784
1000803,228310.07846938953
1000081,450826.8907703106
1009584,447825.4189001333
1013814,464085.81735526654
1011259,449077.00430749735
1010144,447825.4189001333
1003097,442309.94843460445
1009094,473268.80503219593
1009420,451372.2217184784
1011489,450826.8907703106
1015813,451372.2217184784
1001446,447825.4189001333
1014028,447825.4189001333
1001560,667981.0487681968
1003010,450826.8907703106
1014961,451372.2217184784
1012524,450826.8907703106
1015060,450826.8907703106
1005281,450207.569871337
1000330,450207.569871337
1017482,574570.5738589922
1006937,451982.63775856636
1004623,1019124.0015943317
1000977,359985.21324914193
1010927,450826.8907703106
1004660,504866.65022379823
1015686,420024.3719199514
1012474,269837.43946783105
1004779,450207.569871337
1017121,451372.2217184784
1003988,450207.569871337
1015188,469083.55827694
1004051,451372.2217184784
1012872,447825.4189001333
1016976,447825.4189001333
1000616,451982.63775856636
1012185,450826.8907703106
1013010,451372.2217184784
1006951,440291.0762549236
1009140,451372.2217184784
1016329,450207.569871337
1014278,450826.8907703106
1010014,441930.96038685
1003891,470206.38402780815
1006784,450826.8907703106
1014170,566034.4545797092
1014154,489558.4787454665
1006225,450207.569871337
1015172,303161.2844197502
1005314,596237.84180186
1002544,451982.63775856636
1017132,451372.2217184784
1003684,665550.5090804882
1014015,447825.4189001333
1001286,451982.63775856636
1007513,435857.79933189106
1007517,393194.98186991725
1015286,516468.2323867853
1005175,518211.98829827376
1010030,403339.8826055617
1003597,451372.2217184784
1010949,451982.63775856636
1000075,450207.569871337
1015574,447825.4189001333
1016393,451982.63775856636
1014662,515287.9943754247
1007000,451372.2217184784
1011536,341282.6729955297
1016940,451372.2217184784
1000470,332454.89287822915
1009556,450826.8907703106
1008229,451372.2217184784
1014875,450826.8907703106
1013962,451982.63775856636
1003439,451372.2217184784
1015932,451372.2217184784
1009132,450826.8907703106
1000832,447825.4189001333
1005455,447825.4189001333
1004067,520998.52741527616
1013915,649635.8938132755
1015700,447825.4189001333
1005073,450207.569871337
1015170,451982.63775856636
1000553,764910.002307698
1012978,451982.63775856636
1016814,847320.6936358906
1000285,451982.63775856636
1005928,450207.569871337
1008695,620367.2227605002
1001320,451372.2217184784
1002611,451337.51704216085
1017377,451372.2217184784
1004818,450207.569871337
1007491,451372.2217184784
1012381,450826.8907703106
1000053,451982.63775856636
1004203,989843.9212644871
1011261,447825.4189001333
1006651,411644.63946619444
1016481,447825.4189001333
1007171,450207.569871337
1009603,580048.8185483498
1004606,415338.2001142612
1007158,447825.4189001333
1014468,363624.0612461818
1012957,451982.63775856636
1015264,451982.63775856636
1016807,447825.4189001333
1012503,447825.4189001333
1014514,451982.63775856636
1003271,375993.52212961606
1000735,451372.2217184784
1011493,450826.8907703106
1003319,451372.2217184784
1006796,305024.0338708125
1005671,447825.4189001333
1013571,451372.2217184784
1014530,407543.5889900595
1004979,450826.8907703106
1013632,392772.73393040465
1006478,450207.569871337
1002412,451982.63775856636
1002857,543095.9216107557
1001846,450207.569871337
1002809,451372.2217184784
1015289,451372.2217184784
1017138,447825.4189001333
1008473,451982.63775856636
1008766,451982.63775856636
1010428,451372.2217184784
1006041,451982.63775856636
1009010,439427.6613527331
1015571,383649.7852844496
1004626,450207.569871337
1016765,663662.8721339181
1000778,382389.5427326772
1002710,451372.2217184784
1004538,450826.8907703106
1012427,451372.2217184784
1002838,451372.2217184784
1012095,450826.8907703106
1014729,451982.63775856636
1007112,456813.9314329939
1015586,450826.8907703106
1005812,341401.0806279166
1011302,450826.8907703106
1010294,450826.8907703106
1009076,450826.8907703106
1000665,450826.8907703106
1003783,326875.4376791918
1004661,509964.59341990924
1003414,451372.2217184784
1010066,451372.2217184784
1006765,450207.569871337
1004912,451982.63775856636
1010492,395137.47085230943
1001004,719204.7751689465
1015391,451982.63775856636
1003016,584771.3046897822
1008856,650483.0372158731
1003079,429850.9653164175
1003458,447825.4189001333
1013388,353123.713797357
1007581,450826.8907703106
1006862,451372.2217184784
1002506,451982.63775856636
1010313,447825.4189001333
1016825,468880.98554508964
1001557,541851.4005509837
1017168,887240.1123342906
1015963,709154.9495563756
1009157,451372.2217184784
1010141,447825.4189001333
1013312,447825.4189001333
1004468,450826.8907703106
1015841,451982.63775856636
1003207,451372.2217184784
1001206,297903.91055834066
1016517,451982.63775856636
1008823,447825.4189001333
1015266,644524.1009496463
1005218,450207.569871337
1008691,450826.8907703106
1002037,450207.569871337
1004272,450826.8907703106
1012104,249324.09744561114
1006581,447825.4189001333
1001950,967346.3441083927
1007152,451982.63775856636
1001525,463434.68368042563
1010941,450826.8907703106
1004689,450207.569871337
1002496,451982.63775856636
1013276,451982.63775856636
1005084,451372.2217184784
1011088,447825.4189001333
1010292,450207.569871337
1015500,451372.2217184784
1005759,451982.63775856636
1010943,450207.569871337
1004407,450207.569871337
1001777,450207.569871337
1000513,391377.5134242816
1015354,513537.47204963467
1010220,451982.63775856636
1006084,450207.569871337
1002564,451372.2217184784
1017136,450207.569871337
1002472,450207.569871337
1015659,450826.8907703106
1011329,451982.63775856636
1011377,355195.36561938346
1012901,859778.6619412927
1016963,451982.63775856636
1009668,451372.2217184784
1013362,450826.8907703106
1014719,861098.070510874
1007990,451372.2217184784
1006665,464147.7126966284
1014676,450207.569871337
1007130,447825.4189001333
1011042,786742.4601884112
1001870,450207.569871337
1003350,451982.63775856636
1010048,450207.569871337
1003525,451372.2217184784
1011378,450207.569871337
1000878,450207.569871337
1001232,450207.569871337
1011505,451372.2217184784
1015103,645698.5256573653
1012595,450826.8907703106
1012531,798972.5145327001
1002826,450207.569871337
1006730,451982.63775856636
1000901,614076.0409619814
1007033,451372.2217184784
1005078,450826.8907703106
1011332,654118.8514961705
1012053,447825.4189001333
1003175,450207.569871337
1008404,447825.4189001333
1012374,447825.4189001333
1012617,451372.2217184784
1012462,451982.63775856636
1008267,450826.8907703106
1008431,345254.08929348266
1010429,409676.8248549889
1004017,451372.2217184784
1012862,451982.63775856636
1002095,432192.11654366244
1006626,450826.8907703106
1008323,451982.63775856636
1001614,450826.8907703106
1005485,447825.4189001333
1013794,450826.8907703106
1004551,440522.36914928944
1015610,447825.4189001333
1008257,451372.2217184784
1014415,340825.9945610954
1002118,465256.87849550106
1007794,450826.8907703106
1007202,578111.9295795746
1001431,451982.63775856636
1014295,451982.63775856636
1014192,451372.2217184784
1010053,451982.63775856636
1003694,519521.80868079804
1017012,450826.8907703106
1007752,451982.63775856636
1005653,450207.569871337
1010577,450826.8907703106
1014911,451982.63775856636
1009763,450207.569871337
1000259,540633.3995123189
1001894,450826.8907703106
1003226,374823.87832854013
1016719,451982.63775856636
1006343,450207.569871337
1005383,473200.48223294836
1016908,450826.8907703106
1008591,451372.2217184784
1003820,447825.4189001333
1010501,397792.0012393579
1011617,451982.63775856636
1004846,450207.569871337
1009339,575461.0065991064
1011279,451982.63775856636
1006240,450826.8907703106
1017034,450826.8907703106
1005060,534221.2844899715
1013301,340569.89771372377
1016663,451982.63775856636
1006921,591988.7161913518
1013744,296414.08509071457
1016477,447825.4189001333
1007162,450207.569871337
1005775,451982.63775856636
1015748,450826.8907703106
1011938,450207.569871337
1000034,451372.2217184784
1015017,450826.8907703106
1016694,455258.4052861231
1015600,743062.8491884584
1006852,447825.4189001333
1006327,450207.569871337
1015243,447825.4189001333
1004605,450826.8907703106
1013018,753563.3658061418
1008370,451982.63775856636
1015399,450826.8907703106
1004457,447825.4189001333
1001552,450207.569871337
1004537,451372.2217184784
1007874,409968.43688886944
1002105,742118.6037450645
1008213,450826.8907703106
1010117,451982.63775856636
1000654,558616.4288503632
1003053,450826.8907703106
1015998,450207.569871337
1017032,447825.4189001333
1011749,450826.8907703106
1007641,427926.4043308438
1005113,451372.2217184784
1005563,450826.8907703106
1015855,377578.3387293956
1001272,450207.569871337
1001788,447825.4189001333
1012274,450826.8907703106
1010034,451982.63775856636
1005047,434971.5315718622
1007300,412810.20111139666
1002488,451982.63775856636
1015513,332887.15596409177
1003295,451372.2217184784
1016272,451372.2217184784
1006303,450207.569871337
1004473,451982.63775856636
1011935,451982.63775856636
1007564,536014.2385414945
1013360,451982.63775856636
1000275,392723.78962829744
1000774,451372.2217184784
1011568,450826.8907703106
1006865,450826.8907703106
1007608,451372.2217184784
1013792,379332.071098977
1009401,679199.9464341743
1008129,547686.1023439141
1016364,451372.2217184784
1014408,450207.569871337
1001257,451372.2217184784
1008176,451372.2217184784
1010537,450207.569871337
1001423,451372.2217184784
1010667,478458.41794492345
1003674,450207.569871337
1014535,447825.4189001333
1000224,450207.569871337
1011697,450207.569871337
1000321,408965.1660827521
1004126,475139.4926145302
1013201,450207.569871337
1014513,451372.2217184784
1005143,451982.63775856636
1000800,786220.6415160191
1002394,465739.42748509004
1002499,403542.47619052755
1005658,633241.4229872016
1006634,447825.4189001333
1003530,284850.1862958236
1004328,451372.2217184784
1014077,515926.81272714946
1014337,447825.4189001333
1004192,487566.9300712356
1011683,451982.63775856636
1006355,447825.4189001333
1016448,451982.63775856636
1008731,450207.569871337
1006110,451982.63775856636
1011283,451982.63775856636
1014389,447825.4189001333
1013711,473645.97337386897
1017128,450207.569871337
1006123,451982.63775856636
1013617,450207.569871337
1013065,447825.4189001333
1005322,451372.2217184784
1011128,450826.8907703106
1007592,558785.1865886285
1006954,451372.2217184784
1005192,566572.8949830584
1002567,387937.4283268183
1002149,451372.2217184784
1000071,488050.04814067064
1000158,451372.2217184784
1011104,450826.8907703106
1007724,375345.1253165276
1007566,722275.3209068844
1013621,451982.63775856636
1009257,451372.2217184784
1011973,450207.569871337
1000585,451982.63775856636
1010506,505016.8443984339
1014437,451982.63775856636
1000798,451982.63775856636
1001622,447825.4189001333
1011203,340917.5598321043
1004883,451372.2217184784
1017343,342720.2042320884
1005938,450207.569871337
1010993,575680.9512383149
1011282,451982.63775856636
1012758,447825.4189001333
1008546,451372.2217184784
1013039,450826.8907703106
1013425,451372.2217184784
1014151,447825.4189001333
1013731,450207.569871337
1014467,447825.4189001333
1001427,350190.63756015815
1007460,451982.63775856636
1003212,451372.2217184784
1015658,450826.8907703106
1008458,325056.1671258973
1013359,451982.63775856636
1014507,499598.2075680809
1007904,450826.8907703106
1012232,508885.69625888404
1002664,451982.63775856636
1004084,447825.4189001333
1010844,522142.04933560773
1012905,383774.9186348784
1002427,460375.93976984126
1017497,450826.8907703106
1017010,451372.2217184784
1008074,451982.63775856636
1005503,450207.569871337
1010178,336662.4074056151
1016446,451372.2217184784
1009724,637541.3922901826
1006515,447825.4189001333
1017174,447825.4189001333
1016525,447825.4189001333
1016267,451372.2217184784
1016301,450207.569871337
1015486,451982.63775856636
1006703,447825.4189001333
1006720,450207.569871337
1016311,450826.8907703106
1004853,447825.4189001333
1003747,450207.569871337
1004274,451982.63775856636
1000711,451982.63775856636
1007777,450207.569871337
1015454,447825.4189001333
1011644,450207.569871337
1001815,764700.9188600007
1003753,450826.8907703106
1015297,450826.8907703106
1004285,451372.2217184784
1010301,346840.06770266284
1015088,450207.569871337
1007619,452422.97498145956
1009106,451982.63775856636
1005323,450207.569871337
1005075,450826.8907703106
1005947,450826.8907703106
1002900,451982.63775856636
1012544,447825.4189001333
1009092,450207.569871337
1006912,563751.8625179443
1012330,451982.63775856636
1011874,451372.2217184784
1005803,373968.20972046786
1012653,864473.5750000951
1000092,545871.9809295774
1011796,450826.8907703106
1014667,451372.2217184784
1012454,397618.916663219
1001308,450826.8907703106
1000235,451982.63775856636
1008335,558880.5199769009
1002753,451372.2217184784
1009017,514070.7723244058
1006071,450826.8907703106
1004664,451982.63775856636
1006178,447825.4189001333
1012251,451372.2217184784
1013418,447825.4189001333
1008820,451372.2217184784
1010653,450207.569871337
1002086,672583.4822752845
1008930,447825.4189001333
1000030,451372.2217184784
1017486,450826.8907703106
1007023,450207.569871337
1016334,451766.4026551878
1011787,569676.462442892
1015934,545074.5584372518
1009549,447033.7412570618
1006914,451372.2217184784
1015825,451372.2217184784
1007312,451372.2217184784
1016720,451372.2217184784
1007872,451372.2217184784
1005163,365321.9163167778
1016698,450207.569871337
1004839,433841.86565705284
1001259,451372.2217184784
1011351,634150.8054193216
1015127,447825.4189001333
1014888,451372.2217184784
1015285,447825.4189001333
1002466,451372.2217184784
1012641,450207.569871337
1010025,451372.2217184784
1007647,266015.449927794
1007144,451372.2217184784
1015981,447825.4189001333
1002652,451372.2217184784
1001383,451372.2217184784
1008974,494997.80565272225
1008744,450207.569871337
1007433,447825.4189001333
1012694,447825.4189001333
1011626,451372.2217184784
1009641,399244.0779355641
1009469,450207.569871337
1017220,450207.569871337
1001177,447825.4189001333
1013926,375826.61835448444
1006491,451372.2217184784
1013132,233764.78008861927
1015518,275445.71787466784
1007051,589594.8157145245
1007975,358976.6602627085
1001067,447825.4189001333
1000054,450207.569871337
1000257,450826.8907703106
1002003,447825.4189001333
1003054,450207.569871337
1004081,447825.4189001333
1004251,450207.569871337
1013772,447825.4189001333
1012289,504999.934081108
1014844,447825.4189001333
1010817,447825.4189001333
1014325,315239.4000224924
1000696,450826.8907703106
1017460,451372.2217184784
1005862,447825.4189001333
1007310,447825.4189001333
1005470,451982.63775856636
1010853,485140.5687627006
1001229,451372.2217184784
1009765,450826.8907703106
1015598,371749.1723950293
1016985,451372.2217184784
1014286,450207.569871337
1006230,450207.569871337
1009314,451982.63775856636
1006154,450826.8907703106
1004431,451982.63775856636
1010636,447825.4189001333
1016305,447825.4189001333
1002443,451372.2217184784
1012514,447825.4189001333
1007822,548771.3146129366
1005070,447825.4189001333
1010247,450207.569871337
1000805,451982.63775856636
1004802,451372.2217184784
1003279,450207.569871337
1007058,451982.63775856636
1000583,447825.4189001333
1005950,432139.1636779915
1011693,451372.2217184784
1010470,451372.2217184784
1002357,377747.0433352191
1006694,450207.569871337
1002464,451372.2217184784
1007649,447825.4189001333
1005291,451982.63775856636
1011139,450207.569871337
1012799,451372.2217184784
1011800,450207.569871337
1010641,447825.4189001333
1006833,301053.8305064539
1016216,451982.63775856636
1009541,451982.63775856636
1007415,305550.01505485264
1000265,613356.0197113082
1003683,451982.63775856636
1010952,451372.2217184784
1012628,486430.10290846083
1007266,450826.8907703106
1005256,492397.78900445346
1006129,498786.42487650807
1003950,450826.8907703106
1006760,451982.63775856636
1006638,451372.2217184784
1001361,450826.8907703106
1014971,306515.7414308298
1003668,450207.569871337
1014882,447825.4189001333
1001010,450826.8907703106
1005641,451982.63775856636
1012828,451982.63775856636
1009364,451372.2217184784
1017282,447825.4189001333
1005805,408533.9798855271
1002199,386815.8827753507
1017054,438724.5707435521
1008979,451372.2217184784
1004528,451372.2217184784
1002065,436279.68257653987
1011070,817722.9996806812
1006103,447825.4189001333
1000556,451372.2217184784
1003339,447825.4189001333
1002614,450826.8907703106
1005898,451982.63775856636
1015074,450826.8907703106
1001699,505320.0425369563
1012587,450207.569871337
1016129,447825.4189001333
1004667,450826.8907703106
1001325,450207.569871337
1002213,580013.415977812
1015834,447825.4189001333
1000865,450207.569871337
1005405,447825.4189001333
1010042,447825.4189001333
1005273,450207.569871337
1002056,451372.2217184784
1004210,451372.2217184784
1015520,451372.2217184784
1011888,447825.4189001333
1003396,385324.2573693863
1016869,662703.5517048361
1003584,306202.01047872327
1004705,450207.569871337
1008619,450826.8907703106
1011092,450207.569871337
1003214,450826.8907703106
1001680,451982.63775856636
1011942,451372.2217184784
1015628,451372.2217184784
1000806,450826.8907703106
1012321,451982.63775856636
1003227,451982.63775856636
1015836,451372.2217184784
1004546,451372.2217184784
1013948,450826.8907703106
1008104,451982.63775856636
1003605,451372.2217184784
1001239,450207.569871337
1012350,450826.8907703106
1004278,451372.2217184784
1000421,450207.569871337
1003363,450207.569871337
1013659,450826.8907703106
1014780,451982.63775856636
1014447,450207.569871337
1002085,450207.569871337
1015397,450207.569871337
1006414,603763.5180517494
1003081,447825.4189001333
1012384,575348.3197218815
1011653,451982.63775856636
1014800,447825.4189001333
1010079,457291.86658513185
1006522,396256.53630435525
1010913,451372.2217184784
1004744,412640.0502025676
1015294,450826.8907703106
1008643,450826.8907703106
1003634,450207.569871337
1000955,450207.569871337
1014098,451982.63775856636
1001091,447825.4189001333
1002843,653419.7148895798
1012149,451982.63775856636
1011394,623919.9503765319
1009107,450826.8907703106
1014313,451982.63775856636
1000550,450826.8907703106
1017072,451982.63775856636
1007791,451372.2217184784
1003751,451982.63775856636
1007249,447825.4189001333
1002576,451372.2217184784
1015715,447825.4189001333
1009538,447825.4189001333
1001653,524816.1527639067
1010696,447825.4189001333
1007746,479761.1223599118
1005101,450826.8907703106
1017042,450826.8907703106
1015040,383007.7956271545
1010165,451982.63775856636
1013955,450826.8907703106
1000989,450207.569871337
1008648,451982.63775856636
1005185,321758.57724145363
1004103,450826.8907703106
1000628,450826.8907703106
1015860,451982.63775856636
1005012,385252.5922641803
1012724,450207.569871337
1010366,450207.569871337
1000345,450207.569871337
1003947,451982.63775856636
1006027,508840.6226069078
1011633,450207.569871337
1005857,451372.2217184784
1002830,450207.569871337
1005951,447825.4189001333
1010455,450826.8907703106
1006250,451372.2217184784
1002504,462567.24257544975
1005316,451372.2217184784
1012858,450826.8907703106
1015865,450826.8907703106
1006562,447825.4189001333
1009961,450207.569871337
1004641,343608.45842403773
1008216,450207.569871337
1010914,450207.569871337
1009253,450826.8907703106
1011712,469520.1535519205
1015793,447825.4189001333
1000676,587269.4883211909
1005776,450826.8907703106
1015858,451982.63775856636
1015229,450207.569871337
1004558,450826.8907703106
1013052,451372.2217184784
1008290,450826.8907703106
1000519,486299.3424856038
1001627,447825.4189001333
1011392,451982.63775856636
1015212,451982.63775856636
1011960,451372.2217184784
1007421,451982.63775856636
1003323,450826.8907703106
1004777,543864.082219284
1015929,451982.63775856636
1006874,476758.7818322789
1012846,452438.23658429954
1012650,450826.8907703106
1014550,451372.2217184784
1010788,450207.569871337
1000982,445008.59051515564
1013042,451982.63775856636
1000394,451372.2217184784
1005932,450826.8907703106
1013905,450207.569871337
1004590,451372.2217184784
1003733,450207.569871337
1011354,447825.4189001333
1015240,450826.8907703106
1004451,450826.8907703106
1003636,500395.9509344856
1007095,451982.63775856636
1012910,447825.4189001333
1004245,493752.7646851292
1015307,447825.4189001333
1010691,447825.4189001333
1003324,451372.2217184784
1001749,447825.4189001333
1002566,450826.8907703106
1013950,451372.2217184784
1010891,498711.53907767386
1006736,447825.4189001333
1003136,451982.63775856636
1010959,431273.8874822633
1001493,450207.569871337
1000762,450207.569871337
1007373,451982.63775856636
1013110,450207.569871337
1009428,451372.2217184784
1013292,451982.63775856636
1005796,447825.4189001333
1002320,447825.4189001333
1015167,451372.2217184784
1005180,450207.569871337
1016810,451982.63775856636
1000147,450207.569871337
1011141,433779.14655336714
1014009,450207.569871337
1004633,447825.4189001333
1017096,450826.8907703106
1008146,447825.4189001333
1001337,451982.63775856636
1017506,451372.2217184784
1010341,552191.5182351075
1014824,450826.8907703106
1005970,653307.7343099932
1003942,450826.8907703106
1001338,451372.2217184784
1003028,451372.2217184784
1010623,451372.2217184784
1000674,447825.4189001333
1009870,465920.2641775111
1002866,447825.4189001333
1012388,447825.4189001333
1010856,586026.4824209161
1017414,786929.7198737543
1006222,380811.7850809275
1003150,450207.569871337
1003837,506747.59730009484
1002626,450826.8907703106
1009137,450207.569871337
1012114,447825.4189001333
1006479,447825.4189001333
1009320,450207.569871337
1015503,518536.71135348355
1014580,451982.63775856636
1012718,420043.11291696393
1015950,447825.4189001333
1007881,450207.569871337
1013310,450826.8907703106
1004420,451372.2217184784
1016269,451372.2217184784
1002730,450826.8907703106
1016328,451982.63775856636
1006364,451982.63775856636
1007528,450207.569871337
1009802,550324.4780224566
1004809,451372.2217184784
1001648,389187.85681888426
1004957,451982.63775856636
1000978,451982.63775856636
1001130,450826.8907703106
1003642,451372.2217184784
1016292,374868.58897897444
1001184,447825.4189001333
1006910,447825.4189001333
1004768,451372.2217184784
1010102,450207.569871337
1008440,447825.4189001333
1012011,450207.569871337
1012455,451982.63775856636
1001253,451982.63775856636
1017499,451982.63775856636
1016900,413894.57441233686
1011447,450826.8907703106
1007832,451982.63775856636
1007463,450826.8907703106
1012206,451982.63775856636
1012578,451982.63775856636
1006079,451982.63775856636
1016681,451982.63775856636
1011001,347621.7802833223
1012648,451372.2217184784
1009434,447825.4189001333
1003327,593314.2877606231
1001612,450826.8907703106
1015607,450207.569871337
1005127,399811.85486325476
1015811,451372.2217184784
1013200,450207.569871337
1001835,451982.63775856636
1005242,451372.2217184784
1005243,447825.4189001333
1004374,450207.569871337
1005285,447825.4189001333
1007876,297017.9705043932
1003330,447825.4189001333
1012488,416905.2960311426
1008797,450207.569871337
1005477,640925.0185465411
1016450,451372.2217184784
1008284,450826.8907703106
1003840,785242.8533543745
1015886,450826.8907703106
1008776,450207.569871337
1003843,451372.2217184784
1007418,412134.13558374654
1001878,450207.569871337
1008538,451982.63775856636
1006711,447825.4189001333
1008405,447825.4189001333
1007637,453300.88215027854
1004424,447825.4189001333
1015568,447825.4189001333
1010147,592028.0026714256
1009273,450826.8907703106
1013676,450826.8907703106
1006837,440832.29825504357
1002525,451372.2217184784
1006427,451982.63775856636
1009860,450826.8907703106
1000347,447322.39844015345
1008485,451982.63775856636
1015006,451372.2217184784
1011740,412946.66610006295
1007226,447825.4189001333
1009229,423422.2409151632
1010819,450826.8907703106
1016702,450826.8907703106
1000609,451982.63775856636
1006955,450207.569871337
1012079,451372.2217184784
1010976,450207.569871337
1008935,450207.569871337
1005749,450826.8907703106
1015895,445036.0382347614
1002188,450826.8907703106
1008586,447825.4189001333
1013181,450826.8907703106
1005133,450826.8907703106
1016480,450207.569871337
1017256,451372.2217184784
1006673,447825.4189001333
1005250,450207.569871337
1003550,450826.8907703106
1007195,450207.569871337
1000009,451372.2217184784
1001284,447825.4189001333
1000218,450826.8907703106
1016451,450207.569871337
1015635,447825.4189001333
1016137,447825.4189001333
1008025,439999.9736713339
1004454,450207.569871337
1002829,451372.2217184784
1015169,395585.0741565271
1010231,447825.4189001333
1004147,450207.569871337
1001949,447825.4189001333
1002741,450207.569871337
1013167,450826.8907703106
1002433,447825.4189001333
1013249,450826.8907703106
1011769,450826.8907703106
1009262,450207.569871337
1007456,334030.8447175062
1009399,450207.569871337
1006534,459411.2604455722
1003577,447825.4189001333
1004262,450207.569871337
1003600,451372.2217184784
1015923,451372.2217184784
1010080,447825.4189001333
1014827,447825.4189001333
1001819,451372.2217184784
1016786,543823.7719808838
1014604,447825.4189001333
1017147,389206.02653030335
1011272,481940.0451661979
1014485,504766.88610190153
1013708,447825.4189001333
1016743,450826.8907703106
1001770,447825.4189001333
1008165,451372.2217184784
1008045,450826.8907703106
1016617,450207.569871337
1000797,470949.2710662272
1006919,451982.63775856636
1005877,451982.63775856636
1005010,450207.569871337
1004627,290224.8489528004
1003998,451982.63775856636
1001166,451982.63775856636
1007588,296978.9100603816
1006239,447825.4189001333
1005665,447825.4189001333
1011908,450826.8907703106
1006819,451982.63775856636
1014683,447825.4189001333
1002588,638583.934714898
1015187,451372.2217184784
1006128,450826.8907703106
1010681,567434.0261824806
1002976,450207.569871337
1000804,451982.63775856636
1001606,588404.3622120105
1009429,517150.66019409243
1014873,450826.8907703106
1002606,451372.2217184784
1013097,450207.569871337
1003159,447825.4189001333
1004116,451982.63775856636
1015025,450826.8907703106
1003759,450826.8907703106
1008427,447825.4189001333
1016705,451372.2217184784
1006866,451982.63775856636
1013455,340832.83518059156
1003470,318322.1836622472
1009652,450207.569871337
1016616,450207.569871337
1006625,447825.4189001333
1009152,451372.2217184784
1017263,450207.569871337
1006118,450207.569871337
1000733,450826.8907703106
1016051,451982.63775856636
1002994,451982.63775856636
1003130,342989.54316716566
1005853,510447.0920623919
1006317,450207.569871337
1010097,451372.2217184784
1006434,447825.4189001333
1014638,447825.4189001333
1017026,451982.63775856636
1014384,301828.20304977364
1010589,759184.0123744044
1001794,447825.4189001333
1015577,377418.22413646185
1014332,447825.4189001333
1000010,441174.5225709323
1016861,495387.03394127794
1008633,577132.4878882502
1016435,713722.0008562827
1012214,450207.569871337
1010692,447825.4189001333
1013933,451372.2217184784
1004049,451982.63775856636
1009457,447825.4189001333
1008452,450826.8907703106
1005033,430216.84050783346
1010792,447825.4189001333
1001462,451982.63775856636
1005607,460039.1285284363
1014696,451372.2217184784
1003274,373344.4145970816
1005029,384569.2863256778
1002930,341885.13257428503
1005597,451982.63775856636
1006723,450826.8907703106
1000893,450826.8907703106
1015591,451372.2217184784
1005701,450207.569871337
1017417,447825.4189001333
1001153,450826.8907703106
1012301,451982.63775856636
1013536,450207.569871337
1014377,784928.1169734418
1015462,353742.66100477474
1004253,1013812.7221762951
1016737,450826.8907703106
1004079,451982.63775856636
1005617,355005.28759590053
1001818,451982.63775856636
1003898,605258.3325408725
1005409,450826.8907703106
1016614,669091.747798287
1011759,668231.843203887
1012369,450826.8907703106
1003284,447825.4189001333
1006206,451982.63775856636
1007498,296397.9689680344
1013235,451982.63775856636
1012706,447825.4189001333
1003213,451982.63775856636
1016025,429171.36299941974
1000586,451372.2217184784
1011162,447825.4189001333
1002180,450826.8907703106
1008682,554914.2035215987
1005188,451372.2217184784
1007471,451372.2217184784
1014128,450207.569871337
1001074,451982.63775856636
1004580,450207.569871337
1005098,447825.4189001333
1003115,450826.8907703106
1017485,259736.9062862859
1016885,514124.58831018367
1016228,450826.8907703106
1005450,451982.63775856636
1006307,450826.8907703106
1006354,451982.63775856636
1011480,451982.63775856636
1004375,450207.569871337
1003436,451372.2217184784
1004170,447825.4189001333
1014251,450207.569871337
1011577,476056.83663531695
1015247,450207.569871337
1012800,447825.4189001333
1002749,450207.569871337
1015651,665550.5090804882
1012774,450207.569871337
1000511,447825.4189001333
1017014,647891.4391289783
1005778,362775.7652687832
1001171,450826.8907703106
1008140,451372.2217184784
1005962,478129.59702705307
1016619,450826.8907703106
1002018,447825.4189001333
1002527,451372.2217184784
1011950,450207.569871337
1011590,451982.63775856636
1008359,451982.63775856636
1014132,450826.8907703106
1015492,451372.2217184784
1005926,700351.2815274221
1014409,447825.4189001333
1000097,451372.2217184784
1006139,450826.8907703106
1005762,450826.8907703106
1012658,447825.4189001333
1009276,447825.4189001333
1008220,450826.8907703106
1012515,451982.63775856636
1008148,451372.2217184784
1006186,451372.2217184784
1005609,451982.63775856636
1001646,491373.9141397757
1011932,450826.8907703106
1010919,519588.34315697727
1000465,510262.0246335043
1006150,450207.569871337
1000301,451372.2217184784
1008602,450207.569871337
1013218,450826.8907703106
1000001,758934.0801140941
1006797,649285.5749217076
1013649,450826.8907703106
1008544,450207.569871337
1009653,451372.2217184784
1009972,450207.569871337
1010998,451982.63775856636
1013782,450826.8907703106
1005594,447825.4189001333
1013140,751216.6192472527
1001881,450826.8907703106
1009485,451372.2217184784
1002475,654440.5705589887
1014533,450826.8907703106
1004231,514211.29109528207
1001872,450826.8907703106
1011751,447825.4189001333
1002250,450826.8907703106
1000503,416501.95708350476
1002714,793161.0770815292
1010400,450826.8907703106
1008315,451372.2217184784
1015980,450826.8907703106
1014801,431767.57933680445
1009458,450826.8907703106
1002503,458076.3248531531
1001767,447825.4189001333
1012871,404365.963435029
1012080,279765.901964967
1009192,710961.1413657205
1002913,450207.569871337
1005835,447825.4189001333
1006127,450826.8907703106
1017037,494066.028552417
1002905,450826.8907703106
1008333,450826.8907703106
1014943,584236.9721810499
1011419,450207.569871337
1012773,516257.32759062236
1007192,450826.8907703106
1007113,426516.73749936715
1000251,450207.569871337
1012818,447825.4189001333
1005230,450826.8907703106
1000547,451372.2217184784
1016911,451372.2217184784
1010174,451982.63775856636
1013408,451982.63775856636
1005647,450207.569871337
1008072,447825.4189001333
1014149,451372.2217184784
1001957,451372.2217184784
1002101,678302.9441660926
1017308,447825.4189001333
1013737,451372.2217184784
1007271,450826.8907703106
1017081,450826.8907703106
1003764,447825.4189001333
1011758,447825.4189001333
1002296,633395.3088059074
1015946,582995.1302740212
1001280,450207.569871337
1009927,450826.8907703106
1009232,335711.419997769
1009651,308306.45179738814
1012976,450826.8907703106
1013615,450207.569871337
1013044,450826.8907703106
1017538,447825.4189001333
1007268,447825.4189001333
1006551,364584.11623266403
1000703,451372.2217184784
1007177,341825.83263418224
1011866,447825.4189001333
1014245,450207.569871337
1012119,447825.4189001333
1012225,450826.8907703106
1006172,450207.569871337
1004301,450207.569871337
1017100,450207.569871337
1012397,451982.63775856636
1010452,450207.569871337
1001908,348626.282166893
1009936,450826.8907703106
1012309,450207.569871337
1014786,868444.2283507508
1003178,451372.2217184784
1006778,450826.8907703106
1006864,516820.2123011248
1003591,451372.2217184784
1013541,450207.569871337
1012672,450207.569871337
1006719,727143.6873350058
1006169,451372.2217184784
1003934,451982.63775856636
1014941,450826.8907703106
1012771,450826.8907703106
1000538,450826.8907703106
1000908,589472.8988386736
1000483,446510.96458171454
1002833,710427.790714363
1007558,434709.9373639997
1012400,472147.7904673657
1006271,450207.569871337
1013811,451372.2217184784
1006691,450826.8907703106
1014690,450207.569871337
1016802,447825.4189001333
1012737,326850.84863399254
1017137,539120.6922009131
1013290,447825.4189001333
1003454,447825.4189001333
1006488,450207.569871337
1009194,450207.569871337
1006261,543027.2817414317
1004050,502818.1726955545
1002931,451982.63775856636
1002850,575568.8055869204
1004812,467696.20460241346
1001224,450826.8907703106
1013303,447825.4189001333
1015960,450207.569871337
1015809,451982.63775856636
1011639,450826.8907703106
1002795,450826.8907703106
1009896,450207.569871337
1009483,451372.2217184784
1008581,450207.569871337
1010942,450207.569871337
1016107,522534.44204823894
1005636,451982.63775856636
1013098,450207.569871337
1009066,451372.2217184784
1007964,504818.26844558836
1008324,450207.569871337
1015720,415273.26211094484
1007512,451372.2217184784
1007852,447825.4189001333
1000236,447825.4189001333
1016109,451982.63775856636
1015733,450207.569871337
1014043,451372.2217184784
1007768,713107.9390617986
1015747,450207.569871337
1008031,493825.70780286525
1006472,451372.2217184784
1000307,447825.4189001333
1007258,447825.4189001333
1008919,451982.63775856636
1001854,447825.4189001333
1003406,447825.4189001333
1002473,450826.8907703106
1004344,451372.2217184784
1001765,450207.569871337
1011273,404836.67466114264
1009683,447825.4189001333
1014894,800970.6674306645
1006677,451982.63775856636
1014804,450826.8907703106
1006722,439079.82133247156
1013596,451372.2217184784
1006003,450826.8907703106
1006442,450207.569871337
1011875,676113.2909559368
1003304,451372.2217184784
1016078,450826.8907703106
1008597,451982.63775856636
1013559,567814.9435267239
1008519,451982.63775856636
1015498,451982.63775856636
1002620,451982.63775856636
1017354,451982.63775856636
1001959,524021.27949208335
1015438,953477.3254669068
1004796,450826.8907703106
1015331,474771.9934547812
1007225,450826.8907703106
1009677,450207.569871337
1005995,422947.01532109285
1005494,450207.569871337
1014713,447825.4189001333
1014656,451982.63775856636
1007340,402682.4718553668
1002970,450207.569871337
1005171,447825.4189001333
1007515,345449.0916241595
1009626,451982.63775856636
1013005,450826.8907703106
1012028,450826.8907703106
1012171,450826.8907703106
1000686,450826.8907703106
1015037,447825.4189001333
1005519,447825.4189001333
1000003,420125.0736713141
1005003,450826.8907703106
1010161,450826.8907703106
1014682,450826.8907703106
1013849,524268.8004937639
1003308,447825.4189001333
1014044,373142.9973621806
1010669,450826.8907703106
1007108,451982.63775856636
1003935,447825.4189001333
1016594,666277.6652307751
1002726,450207.569871337
1011788,450207.569871337
1007540,305919.7955625549
1009270,447825.4189001333
1011821,450207.569871337
1008868,451372.2217184784
1001577,450207.569871337
1009205,451372.2217184784
1015765,451982.63775856636
1001075,451372.2217184784
1015829,451982.63775856636
1014103,450207.569871337
1009003,450826.8907703106
1005864,484185.1535547885
1009640,451372.2217184784
1012822,434030.96062906174
1017552,451372.2217184784
1012682,451982.63775856636
1001336,451372.2217184784
1000642,450826.8907703106
1001737,473846.35171393974
1007895,451372.2217184784
1012793,464436.2877220517
1016730,451982.63775856636
1010314,450207.569871337
1009492,450826.8907703106
1013677,451982.63775856636
1004904,450826.8907703106
1004679,450826.8907703106
1013516,450826.8907703106
1012328,474977.4605391311
1006448,451372.2217184784
1010902,450826.8907703106
1007933,447825.4189001333
1002134,447825.4189001333
1010384,675409.6388042908
1011618,450826.8907703106
1014427,450207.569871337
1017540,454629.57906606124
1003500,611647.2946660601
1000253,447825.4189001333
1013471,451372.2217184784
1013522,451372.2217184784
1014832,451982.63775856636
1001632,447825.4189001333
1006158,447825.4189001333
1008705,447825.4189001333
1016056,451372.2217184784
1003562,451372.2217184784
1005095,450826.8907703106
1015387,451372.2217184784
1007326,450207.569871337
1012987,740018.2808547375
1003607,451982.63775856636
1007441,447837.01598654175
1010748,451372.2217184784
1004432,450826.8907703106
1006739,450826.8907703106
1002331,450207.569871337
1004745,447825.4189001333
1011592,450826.8907703106
1010249,388577.57265073305
1006934,451982.63775856636
1012170,451372.2217184784
1008556,451372.2217184784
1006724,455215.76760635094
1014867,447825.4189001333
1017112,450826.8907703106
1002539,415150.71674182836
1008309,451982.63775856636
1000260,451372.2217184784
1008455,438413.8962617014
1002465,450207.569871337
1011731,436981.148744973
1014440,421260.048910873
1011594,451372.2217184784
1014135,451982.63775856636
1003366,451982.63775856636
1005802,354779.4397498529
1013084,447825.4189001333
1011783,451372.2217184784
1007862,450826.8907703106
1013570,692649.8213135094
1006792,450826.8907703106
1015024,605968.6729265114
1011916,451982.63775856636
1013045,450207.569871337
1001469,450207.569871337
1002123,326056.1439018495
1013558,451372.2217184784
1011112,525019.856827485
1010293,450207.569871337
1011143,451372.2217184784
1007708,451982.63775856636
1014561,403994.504719139
1013036,447825.4189001333
1002365,532224.3994956788
1002621,618245.9822337897
1011336,451372.2217184784
1012275,450826.8907703106
1007531,336525.3654861263
1007623,616489.0357366361
1002894,447825.4189001333
1009887,447825.4189001333
1002932,450207.569871337
1004109,447825.4189001333
1000747,451372.2217184784
1004648,740713.5665410167
1003252,450826.8907703106
1007206,451372.2217184784
1008907,421701.70761633775
1002160,487724.09644389676
1004463,451982.63775856636
1015584,447825.4189001333
1002168,669950.7851682348
1008077,737207.4075855692
1000707,465432.7317511589
1008765,451982.63775856636
1010354,451982.63775856636
1014217,450826.8907703106
1003531,450826.8907703106
1007079,451372.2217184784
1003484,451982.63775856636
1012425,451982.63775856636
1009104,447825.4189001333
1009894,451372.2217184784
1006835,450826.8907703106
1015534,451982.63775856636
1011500,406486.83784389216
1008652,451982.63775856636
1015228,451982.63775856636
1009717,450826.8907703106
1016244,447825.4189001333
1007022,450207.569871337
1011297,447825.4189001333
1003360,424650.6288374579
1012041,450826.8907703106
1014397,450826.8907703106
1017177,467698.8742702497
1014778,451982.63775856636
1008343,447825.4189001333
1012415,451982.63775856636
1002442,451982.63775856636
1015363,451982.63775856636
1002735,450826.8907703106
1001044,828239.7158953944
1005211,451982.63775856636
1001417,430083.8886176356
1012958,463807.2444621496
1000084,450826.8907703106
1007821,447825.4189001333
1007374,451982.63775856636
1006185,447825.4189001333
1001951,451982.63775856636
1006068,450207.569871337
1001575,447825.4189001333
1013501,451372.2217184784
1017062,450826.8907703106
1014365,451372.2217184784
1010707,450207.569871337
1005952,540838.3632060526
1004586,450207.569871337
1005330,451372.2217184784
1010615,421820.5894634986
1003964,362779.085102542
1016022,451372.2217184784
1009884,450826.8907703106
1003769,450826.8907703106
1003276,447825.4189001333
1002164,450826.8907703106
1014328,450826.8907703106
1015248,447825.4189001333
1013495,430645.4276022035
1013562,541489.9826442125
1000615,451982.63775856636
1008554,620268.9174374976
1009487,451982.63775856636
1013258,451982.63775856636
1012580,451982.63775856636
1006272,450207.569871337
1017003,457812.0335341907
1006266,333907.38552750665
1005733,422754.27095709246
1003038,447825.4189001333
1015007,447825.4189001333
1001875,451372.2217184784
1014030,849319.801541143
1015265,451372.2217184784
1007250,451982.63775856636
1007404,489923.28646244993
1010753,447825.4189001333
1015440,447825.4189001333
1009528,515956.7687884837
1008360,447825.4189001333
1005990,450207.569871337
1000439,451982.63775856636
1010307,451372.2217184784
1010295,450207.569871337
1001482,450207.569871337
1001037,507430.1070201992
1015413,451982.63775856636
1012283,662182.1636104031
1010093,451982.63775856636
1006440,557471.2439451424
1007304,451372.2217184784
1013199,596515.8268552836
1016878,450826.8907703106
1012062,312563.64531311044
1009907,447825.4189001333
1003283,602409.0161292134
1003153,447825.4189001333
1016950,451982.63775856636
1002482,451982.63775856636
1014823,447825.4189001333
1015132,646750.9809962793
1006004,678914.3663594751
1007529,447825.4189001333
1017582,451982.63775856636
1001152,451982.63775856636
1008938,447825.4189001333
1011149,348219.85756519466
1016146,720384.5752086613
1016207,450207.569871337
1013365,451982.63775856636
1007412,372481.43571905856
1012547,451372.2217184784
1005735,702256.8659712176
1000859,450826.8907703106
1002956,447825.4189001333
1000812,450826.8907703106
1010874,432840.3790912015
1003992,450207.569871337
1014610,447825.4189001333
1007805,450826.8907703106
1014396,541430.7308110865
1013698,447825.4189001333
1015367,447825.4189001333
1003030,447825.4189001333
1009259,447825.4189001333
1014371,452318.99410093087
1006602,450207.569871337
1002211,451372.2217184784
1001989,481287.25407155097
1012991,450826.8907703106
1013000,447825.4189001333
1008217,447825.4189001333
1010987,451982.63775856636
1007615,450826.8907703106
1004068,451982.63775856636
1003996,450826.8907703106
1007695,451372.2217184784
1016622,450207.569871337
1008846,447825.4189001333
1014892,447825.4189001333
1001183,450826.8907703106
1005865,451372.2217184784
1004891,447825.4189001333
1003305,505654.1368357646
1011606,447825.4189001333
1011211,447825.4189001333
1003848,627534.626348985
1011781,447825.4189001333
1008489,451982.63775856636
1011467,447825.4189001333
1001269,451982.63775856636
1016659,447825.4189001333
1004603,450826.8907703106
1003147,451982.63775856636
1015145,450207.569871337
1014562,451982.63775856636
1000776,450207.569871337
1011320,527963.9297705081
1017009,549379.1372003674
1000768,451372.2217184784
1014256,411722.3152535056
1009516,486101.8257960934
1005627,447825.4189001333
1014267,450207.569871337
1015941,450826.8907703106
1002858,316301.93774155044
1009520,451372.2217184784
1006504,451982.63775856636
1013773,447825.4189001333
1005895,451372.2217184784
1004417,451372.2217184784
1004110,450207.569871337
1008948,451982.63775856636
1006635,451982.63775856636
1005021,447825.4189001333
1012402,447825.4189001333
1012950,447825.4189001333
1004001,451982.63775856636
1001973,451982.63775856636
1016454,447825.4189001333
1005481,450207.569871337
1009989,451982.63775856636
1009858,788556.7818119894
1002807,450826.8907703106
1002796,451372.2217184784
1010823,426930.27237449074
1014474,451372.2217184784
1006495,451372.2217184784
1011933,451982.63775856636
1009623,450207.569871337
1015890,450207.569871337
1005265,450826.8907703106
1003731,451982.63775856636
1012548,450207.569871337
1016168,447825.4189001333
1005425,531716.1697498716
1016493,451372.2217184784
1016637,450207.569871337
1017323,451372.2217184784
1012922,450826.8907703106
1011795,463033.616126525
1016220,450826.8907703106
1005859,450826.8907703106
1003313,447825.4189001333
1004817,733276.614016453
1004505,658482.6181005791
1005969,451982.63775856636
1015926,450826.8907703106
1010517,447825.4189001333
1008855,323313.19246407907
1011913,228300.91414840514
1012642,450207.569871337
1005801,451372.2217184784
1010904,391429.7987776399
1012607,450207.569871337
1014523,535602.1550863665
1010718,287763.14111785905
1006248,451372.2217184784
1010134,450207.569871337
1006530,450826.8907703106
1000282,450826.8907703106
1011539,451372.2217184784
1016379,450207.569871337
1008851,495743.22430354665
1008001,450207.569871337
1000374,450207.569871337
1011997,450207.569871337
1000841,451982.63775856636
1014748,447825.4189001333
1002797,451982.63775856636
1001341,530203.3858225757
1003814,451372.2217184784
1005023,447825.4189001333
1013922,450207.569871337
1012619,451372.2217184784
1009083,450207.569871337
1005841,389304.09998321807
1005117,451372.2217184784
1014227,451372.2217184784
1011851,423609.2723630382
1002468,447825.4189001333
1016898,447825.4189001333
1014721,573100.948965648
1002050,435428.8438685891
1013537,604137.6688075981
1017086,451982.63775856636
1008899,459676.82776663755
1015949,376085.1889159974
1014835,451372.2217184784
1001946,447825.4189001333
1006811,450207.569871337
1012534,451982.63775856636
1009409,451982.63775856636
1013361,450207.569871337
1000558,450826.8907703106
1002926,653618.0067860065
1016792,430830.5954050416
1012867,451372.2217184784
1015079,450207.569871337
1007317,450207.569871337
1006296,450826.8907703106
1003549,450826.8907703106
1002667,451372.2217184784
1014577,451372.2217184784
1006680,447825.4189001333
1012058,405388.50273846934
1010549,450826.8907703106
1006467,306228.8085375846
1010296,798149.7516013989
1010650,447825.4189001333
1006952,450207.569871337
1003693,451372.2217184784
1016855,450207.569871337
1012401,592649.7846020808
1016225,450207.569871337
1016736,447825.4189001333
1010260,451982.63775856636
1012110,447825.4189001333
1006980,451982.63775856636
1012144,542799.476878979
1004644,442054.3237508396
1004751,450207.569871337
1010186,451982.63775856636
1006733,450826.8907703106
1009993,447825.4189001333
1000263,451372.2217184784
1006542,451982.63775856636
1004277,451982.63775856636
1008138,451982.63775856636
1011672,450207.569871337
1012664,450207.569871337
1016427,451982.63775856636
1011579,447825.4189001333
1009167,447825.4189001333
1009631,655252.3685079523
1006818,447825.4189001333
1017203,627690.6141984509
1001917,451372.2217184784
1000699,451982.63775856636
1017462,360966.4600231115
1008616,447825.4189001333
1006714,451982.63775856636
1014806,500144.8463641792
1010582,450826.8907703106
1012326,450826.8907703106
1001725,450826.8907703106
1003165,450207.569871337
1000858,450826.8907703106
1007537,450207.569871337
1002414,451982.63775856636
1007648,321693.0917145896
1012875,447825.4189001333
1006667,451372.2217184784
1004031,450826.8907703106
1017469,451372.2217184784
1008303,445859.31945432577
1012230,447825.4189001333
1001977,451982.63775856636
1009369,397126.250640211
1003588,450826.8907703106
1016077,451372.2217184784
1005605,450826.8907703106
1008894,447825.4189001333
1002962,450826.8907703106
1001323,447825.4189001333
1006105,649877.9531049439
1001008,447825.4189001333
1012262,470017.0215123092
1008536,586536.2379834291
1012841,450207.569871337
1010806,450826.8907703106
1017365,477065.5697305599
1006009,450207.569871337
1009371,450207.569871337
1010984,450826.8907703106
1000593,451372.2217184784
1008095,450207.569871337
1011039,451982.63775856636
1013049,451372.2217184784
1006305,451982.63775856636
1007735,450207.569871337
1002937,451982.63775856636
1010576,451982.63775856636
1006126,451982.63775856636
1015296,399201.41840446566
1009880,451982.63775856636
1005395,447825.4189001333
1008634,450207.569871337
1000156,451372.2217184784
1013587,451372.2217184784
1010227,537851.0042445519
1009821,451982.63775856636
1000702,450826.8907703106
1001451,451982.63775856636
1011441,450826.8907703106
1007829,426166.2910927319
1002378,494001.93914780335
1013293,357401.42005412135
1017530,428055.1337791491
1006410,517536.70289658627
1017029,451372.2217184784
1003828,451982.63775856636
1011147,563181.6501055033
1003342,450826.8907703106
1012264,421436.96893364
1007362,493785.8963741049
1012463,506886.0800321513
1006573,450826.8907703106
1015239,451982.63775856636
1015778,451982.63775856636
1010983,451982.63775856636
1011184,450207.569871337
1000192,451982.63775856636
1014209,451372.2217184784
1000381,447825.4189001333
1008984,447825.4189001333
1004257,451372.2217184784
1005015,450207.569871337
1007506,451982.63775856636
1013489,451372.2217184784
1006727,451372.2217184784
1011765,479008.1686533301
1010121,449423.1074227722
1005434,447825.4189001333
1007809,451372.2217184784
1002568,451372.2217184784
1017585,414416.2313724315
1005282,450826.8907703106
1016778,373079.5672549034
1007672,451372.2217184784
1008136,447825.4189001333
1015915,549336.3063386856
1013529,447825.4189001333
1009715,450207.569871337
1014471,447825.4189001333
1012217,451982.63775856636
1002038,450207.569871337
1014350,803441.7900002273
1000611,450826.8907703106
1005983,776890.1962247407
1011286,451372.2217184784
1011299,572454.1590496128
1015221,451982.63775856636
1001826,450207.569871337
1006752,450826.8907703106
1017312,450207.569871337
1008513,451372.2217184784
1005097,450207.569871337
1005057,633313.3737461021
1015736,451982.63775856636
1016746,450207.569871337
1012518,450826.8907703106
1007239,450826.8907703106
1006607,644313.8217311759
1001198,305483.68767061393
1013815,447825.4189001333
1012807,444006.1671358934
1014483,451982.63775856636
1015706,428463.26359705033
1016372,447825.4189001333
1001829,447825.4189001333
1007014,451372.2217184784
1002343,451372.2217184784
1015102,451372.2217184784
1015611,509725.7688593185
1004021,450826.8907703106
1003301,451372.2217184784
1012789,450207.569871337
1005918,447825.4189001333
1001216,383530.28881191724
1014400,451982.63775856636
1006147,450826.8907703106
1007923,447825.4189001333
1014155,462225.58638515626
1001279,447825.4189001333
1003215,670818.631888511
1005849,450207.569871337
1010911,451982.63775856636
1015305,377293.265978216
1006024,447825.4189001333
1003560,725092.4446203831
1002965,451372.2217184784
1000688,337083.1652640739
1016994,451982.63775856636
1012353,353366.2599622444
1015782,451372.2217184784
1009559,450207.569871337
1005472,451982.63775856636
1010541,447825.4189001333
1012566,450826.8907703106
1000040,447825.4189001333
1014202,451372.2217184784
1002975,710849.710551903
1001963,450207.569871337
1014700,447825.4189001333
1009497,632690.3720981192
1017297,451982.63775856636
1015055,450826.8907703106
1004041,451372.2217184784
1007743,351699.7948986187
1012035,450207.569871337
1010955,447825.4189001333
1005858,451372.2217184784
1005266,451982.63775856636
1010072,753892.7335178762
1002945,447825.4189001333
1004953,451372.2217184784
1002773,451372.2217184784
1011236,381051.1827046326
1000527,447121.448003384
1004708,451982.63775856636
1008610,450826.8907703106
1013752,450207.569871337
1003704,450207.569871337
1002268,451982.63775856636
1013081,451372.2217184784
1004575,462779.34205659054
1013027,450207.569871337
1000485,450207.569871337
1001847,450207.569871337
1011880,450207.569871337
1007439,533312.1095475244
1002125,639124.2290188579
1016529,407111.8696000895
1001231,450207.569871337
1003041,407123.7712939991
1001591,447825.4189001333
1001868,584893.4734783382
1000401,447825.4189001333
1002672,451372.2217184784
1013477,450207.569871337
1000535,450826.8907703106
1014557,472235.24185223976
1011117,454188.26518569374
1002862,447825.4189001333
1008377,451982.63775856636
1008622,450826.8907703106
1016903,451372.2217184784
1004523,450207.569871337
1014918,450207.569871337
1009835,447825.4189001333
1014063,447825.4189001333
1017058,451982.63775856636
1007416,451982.63775856636
1008056,521253.73741845234
1012808,450826.8907703106
1003811,451372.2217184784
1005295,451982.63775856636
1001452,418024.91966578783
1012845,451982.63775856636
1014879,451372.2217184784
1000121,451372.2217184784
1013438,508496.050013365
1012038,447825.4189001333
1004758,447825.4189001333
1014133,450207.569871337
1007866,394086.05419499666
1004061,513850.3476414768
1010116,451982.63775856636
1010077,451982.63775856636
1005122,450207.569871337
1016916,447825.4189001333
1015491,447825.4189001333
1017111,823525.907294794
1011645,451372.2217184784
1008529,451982.63775856636
1013350,645480.2805664842
1006715,490826.9632081453
1004095,450207.569871337
1000706,451982.63775856636
1015453,451372.2217184784
1000015,451372.2217184784
1013364,451982.63775856636
1014285,447825.4189001333
1012007,451982.63775856636
1014168,450207.569871337
1007462,447825.4189001333
1014546,308654.97917243425
1001538,450207.569871337
1007604,461817.7580362038
1000940,369984.73344415415
1016820,450207.569871337
1005869,450207.569871337
1004714,450207.569871337
1011556,450207.569871337
1015323,408121.6326182086
1014006,687329.8829322679
1005358,450826.8907703106
1011333,450826.8907703106
1006509,451372.2217184784
1012819,451372.2217184784
1000019,284677.30743789667
1010499,451372.2217184784
1010340,450755.26912677154
1002315,451982.63775856636
1016738,346961.3673257252
1007834,472376.1236268229
1010145,447825.4189001333
1015431,451372.2217184784
1001701,451982.63775856636
1008411,451372.2217184784
1011967,447825.4189001333
1017189,450826.8907703106
1007667,451982.63775856636
1008423,450207.569871337
1011734,361094.1747461843
1000830,451372.2217184784
1011830,451982.63775856636
1008432,451372.2217184784
1007996,451982.63775856636
1008108,450826.8907703106
1009879,450207.569871337
1013161,451372.2217184784
1003268,450826.8907703106
1014966,315911.7592429725
1007725,421056.5229543694
1013076,450826.8907703106
1009175,450207.569871337
1015707,621856.666192396
1006706,447825.4189001333
1011892,451372.2217184784
1004360,451372.2217184784
1001851,451982.63775856636
1016184,450826.8907703106
1003208,493125.4892736498
1012164,450826.8907703106
1011077,447825.4189001333
1008594,732665.4537820631
1017352,451372.2217184784
1000517,450826.8907703106
1000061,450207.569871337
1001192,450207.569871337
1003526,345342.9425518982
1014212,450826.8907703106
1009846,473254.4401047584
1011067,450207.569871337
1008555,451372.2217184784
1003352,451982.63775856636
1010547,450826.8907703106
1001691,450826.8907703106
1002592,451372.2217184784
1008949,451372.2217184784
1005847,520220.4428908947
1003633,451982.63775856636
1003320,578244.3373793007
1014590,450826.8907703106
1003698,450826.8907703106
1000743,447825.4189001333
1004472,451372.2217184784
1011073,799817.2901838926
1001344,450826.8907703106
1011046,342191.1414722505
1009173,447825.4189001333
1002346,564170.3887312072
1011455,451982.63775856636
1016500,508879.8053444794
1014586,349601.92307007825
1001771,450826.8907703106
1000965,843812.6848961677
1008732,447825.4189001333
1007420,447825.4189001333
1004533,451372.2217184784
1014520,447825.4189001333
1004713,450207.569871337
1015623,450826.8907703106
1000796,450826.8907703106
1016628,450826.8907703106
1003450,329021.6610496846
1016827,477155.4014064533
1000970,451372.2217184784
1002737,352434.5973651521
1016293,444793.9632730239
1008015,450207.569871337
1004197,451982.63775856636
1013604,378195.7459259245
1009108,447825.4189001333
1013561,450826.8907703106
1006543,356470.40613254625
1010195,450826.8907703106
1014608,355807.03996026027
1008019,587379.7090411603
1017471,451982.63775856636
1015953,450826.8907703106
1013820,450826.8907703106
1010277,447825.4189001333
1015939,374087.034042022
1011212,450207.569871337
1007792,450826.8907703106
1000094,451372.2217184784
1015519,447825.4189001333
1003461,481640.79104845744
1014071,447825.4189001333
1012452,469503.88696955016
1008053,447825.4189001333
1015020,447825.4189001333
1008658,411574.68142862344
1017025,451372.2217184784
1009308,451372.2217184784
1009977,525831.5379802262
1014933,450207.569871337
1006889,543244.8999657129
1012153,398288.6830972287
1006061,450826.8907703106
1008211,752596.9542249804
1005116,638121.0345381317
1013106,265860.9994501054
1006340,447825.4189001333
1007053,641228.1261288921
1006996,450207.569871337
1017201,451372.2217184784
1009168,473215.8280945073
1014524,450826.8907703106
1013109,447825.4189001333
1016175,498023.10386888275
1000057,450826.8907703106
1007181,450826.8907703106
1012480,535911.8676462023
1015097,480115.5063308023
1016959,447825.4189001333
1003499,450207.569871337
1000656,451372.2217184784
1015488,447825.4189001333
1010903,447825.4189001333
1016656,450207.569871337
1009771,450207.569871337
1004271,667666.5442588715
1006639,451372.2217184784
1015732,447825.4189001333
1003925,451372.2217184784
1002088,474125.93310887547
1013725,450826.8907703106
1013248,450207.569871337
1014739,492721.71477943973
1003883,297564.59756136074
1005506,553770.7337456847
1016670,450207.569871337
1007102,451372.2217184784
1004770,450826.8907703106
1001182,361600.0818768734
1002684,667081.5176398021
1002243,324162.40567809617
1015682,450826.8907703106
1012124,451982.63775856636
1007956,451372.2217184784
1004916,451982.63775856636
1014074,450207.569871337
1016047,451982.63775856636
1009632,451982.63775856636
1000850,451982.63775856636
1017423,586736.9105685794
1000064,451982.63775856636
1010284,451982.63775856636
1009161,451372.2217184784
1010587,450826.8907703106
1009729,447825.4189001333
1007906,451982.63775856636
1015547,575725.1647184164
1014797,450207.569871337
1010640,451372.2217184784
1012760,447825.4189001333
1007098,450207.569871337
1012129,450826.8907703106
1003518,447008.5115281218
1008429,450826.8907703106
1015322,450826.8907703106
1004088,475977.4524989766
1006539,671156.6614509169
1006735,451372.2217184784
1007425,447825.4189001333
1015433,478832.454565869
1006151,450826.8907703106
1007715,451372.2217184784
1000540,447825.4189001333
1000773,526211.2225573654
1001838,447825.4189001333
1005994,450826.8907703106
1011521,451982.63775856636
1008909,450826.8907703106
1000194,451982.63775856636
1005936,451372.2217184784
1003065,526078.4594132551
1000323,451372.2217184784
1012981,447825.4189001333
1015684,451372.2217184784
1016893,323487.804812154
1010364,447825.4189001333
1004638,450826.8907703106
1009921,447825.4189001333
1013273,451982.63775856636
1007111,745291.1008665311
1004872,450207.569871337
1009298,451372.2217184784
1015234,451372.2217184784
1011871,447825.4189001333
1000280,447825.4189001333
1010564,482999.0219095066
1013613,451982.63775856636
1015473,451372.2217184784
1010197,450826.8907703106
1000745,451372.2217184784
1016645,450826.8907703106
1002239,450826.8907703106
1007585,447825.4189001333
1012743,451372.2217184784
1012496,451982.63775856636
1000780,451372.2217184784
1011812,450207.569871337
1011439,451982.63775856636
1006445,451372.2217184784
1013829,625880.3198765272
1008599,451982.63775856636
1007716,450826.8907703106
1010761,451982.63775856636
1011292,451372.2217184784
1000636,450826.8907703106
1012689,535090.7038992858
1003679,450207.569871337
1013135,451372.2217184784
1006976,451372.2217184784
1014118,450207.569871337
1016121,450826.8907703106
1004984,288719.02046222205
1013722,450207.569871337
1000234,450207.569871337
1004723,450207.569871337
1006469,447825.4189001333
1009916,451982.63775856636
1000375,409709.6994927653
1003659,397441.48245914734
1003164,451372.2217184784
1008649,450826.8907703106
1009109,450826.8907703106
1016365,691542.1898019058
1009730,450826.8907703106
1014674,451982.63775856636
1009932,428301.0447229757
1009861,451982.63775856636
1000060,574787.2054967954
1003822,451982.63775856636
1014746,450207.569871337
1013054,451982.63775856636
1008708,513996.5724305971
1017235,451372.2217184784
1016229,451982.63775856636
1011431,450207.569871337
1006257,278169.91597155266
1000139,451372.2217184784
1001842,489428.9661441659
1011009,450826.8907703106
1005134,284595.77915938594
1002071,451982.63775856636
1007429,451982.63775856636
1011368,451982.63775856636
1004027,401357.3333794705
1006396,447825.4189001333
1016441,447825.4189001333
1014672,450826.8907703106
1004217,447825.4189001333
1008800,451372.2217184784
1011027,451372.2217184784
1013974,789350.3433590936
1010561,265326.5636627913
1000311,447825.4189001333
1001542,450826.8907703106
1006941,450207.569871337
1003658,455045.7463917908
1005611,451372.2217184784
1000052,856180.2129309652
1004913,379498.35885148874
1001760,451372.2217184784
1004025,451372.2217184784
1003739,433168.6487343279
1010450,451982.63775856636
1015588,451372.2217184784
1014542,451372.2217184784
1006802,450207.569871337
1016850,323813.63818091946
1007811,277622.8959062805
1000986,451982.63775856636
1013648,451372.2217184784
1006213,447825.4189001333
1011674,451372.2217184784
1014287,450207.569871337
1013387,450826.8907703106
1009357,451372.2217184784
1012027,450207.569871337
1003878,450207.569871337
1004914,532765.252260461
1000668,451372.2217184784
1009422,447825.4189001333
1001519,447825.4189001333
1009356,450207.569871337
1011822,450207.569871337
1009674,448150.4911861237
1016554,438871.7045597643
1010847,451982.63775856636
1014687,483196.52321040205
1017405,450826.8907703106
1012380,516646.42663939146
1009930,451372.2217184784
1011710,447825.4189001333
1011022,451982.63775856636
1002824,450207.569871337
1017477,693507.5500349745
1001078,451372.2217184784
1010369,451982.63775856636
1004931,364656.6736541977
1008869,404937.73483186454
1014929,601869.5617927528
1014817,451372.2217184784
1006961,477499.24772527075
1016099,373912.1275343591
1014119,338243.9563928853
1000456,451372.2217184784
1012336,451982.63775856636
1011390,451372.2217184784
1005486,451372.2217184784
1007107,465706.6590851015
1013426,280531.57656756166
1012821,447825.4189001333
1009543,451372.2217184784
1004618,451982.63775856636
1007678,450207.569871337
1006275,447825.4189001333
1009235,342907.21736731846
1012347,451982.63775856636
1000417,570604.7286617634
1006813,327971.6257845889
1006468,450207.569871337
1002148,447825.4189001333
1015043,447825.4189001333
1005873,447825.4189001333
1002339,356888.95641187974
1011116,450207.569871337
1017212,451372.2217184784
1003790,451372.2217184784
1006672,462639.44205558085
1008990,391542.97144664975
1005030,451372.2217184784
1002600,513140.5906452566
1002387,450207.569871337
1013594,450207.569871337
1004896,451982.63775856636
1013035,451982.63775856636
1016845,450826.8907703106
1016613,450207.569871337
1008819,450207.569871337
1007798,447825.4189001333
1015986,451982.63775856636
1010113,451982.63775856636
1006157,447825.4189001333
1002109,447825.4189001333
1007093,434372.9202570873
1015771,451982.63775856636
1004717,451372.2217184784
1004155,451982.63775856636
1006224,383404.35437797307
1013401,451372.2217184784
1003489,451372.2217184784
1016970,451982.63775856636
1006171,450207.569871337
1017047,450826.8907703106
1008318,450826.8907703106
1009661,450207.569871337
1008018,447825.4189001333
1000752,451982.63775856636
1017318,451372.2217184784
1001403,451982.63775856636
1004107,451372.2217184784
1005226,450207.569871337
1012719,447825.4189001333
1014865,451372.2217184784
1012247,447825.4189001333
1000404,432431.9410283879
1002723,450207.569871337
1005255,523545.81883711676
1007270,451372.2217184784
1007888,440880.07712115743
1015819,451982.63775856636
1012113,389155.26411901845
1004243,465903.6591215212
1004060,384048.7240478057
1012591,450207.569871337
1012190,451372.2217184784
1015483,450826.8907703106
1016852,447825.4189001333
1001971,451372.2217184784
1002880,314702.2505603215
1004600,447825.4189001333
1006881,500783.1733099657
1003372,433538.01333700767
1013848,450207.569871337
1015869,543753.887377749
1013142,597374.7926894674
1008635,447825.4189001333
1007007,451372.2217184784
1006361,450207.569871337
1001990,450207.569871337
1015511,450207.569871337
1004486,583584.9903599711
1005006,451372.2217184784
1003563,406551.53766155394
1007399,337137.577684256
1001625,450826.8907703106
1007626,450207.569871337
1004647,451372.2217184784
1011381,371682.2419853125
1000689,332806.8545742479
1009093,447825.4189001333
1012049,451372.2217184784
1015604,663814.6024716612
1014619,447825.4189001333
1004080,451982.63775856636
1002638,450207.569871337
1009662,451982.63775856636
1002777,405962.44910232344
1015071,419371.7593903328
1002128,451372.2217184784
1013209,450207.569871337
1010471,447825.4189001333
1011631,451982.63775856636
1011811,451372.2217184784
1012389,450826.8907703106
1005900,863531.7191732161
1001125,451982.63775856636
1007188,374495.7551679383
1008263,373269.32572515414
1000529,450207.569871337
1016033,659820.3791353272
1009032,447825.4189001333
1007150,450826.8907703106
1014084,450207.569871337
1000114,450826.8907703106
1003114,474091.72696569515
1013259,467158.86751178757
1007571,450826.8907703106
1016773,447825.4189001333
1011903,447825.4189001333
1004002,451982.63775856636
1003557,447825.4189001333
1008154,451982.63775856636
1003251,450826.8907703106
1001727,451372.2217184784
1012422,450826.8907703106
1016396,451372.2217184784
1001084,570516.3621114099
1014858,507522.8246576048
1005587,597119.5588302007
1016895,447825.4189001333
1016413,450826.8907703106
1009946,549857.2574839982
1010342,450207.569871337
1008259,451982.63775856636
1004910,450826.8907703106
1015277,450826.8907703106
1008810,945547.7325664362
1008158,684542.6697250055
1013528,413932.4993340562
1013585,450207.569871337
1001212,450238.7536425257
1017606,466790.62648122973
1001900,451372.2217184784
1011915,451372.2217184784
1001932,450207.569871337
1008467,451372.2217184784
1010504,447825.4189001333
1017424,544184.0787377458
1004279,450207.569871337
1013159,447825.4189001333
1014755,447825.4189001333
1014965,451372.2217184784
1002352,510110.396803498
1009912,444274.1616847162
1006489,450826.8907703106
1006486,450826.8907703106
1015969,451982.63775856636
1003230,451372.2217184784
1015402,584469.6385191003
1017011,530447.8821298728
1014840,451982.63775856636
1010562,447825.4189001333
1016482,451982.63775856636
1007354,447825.4189001333
1012012,451982.63775856636
1002743,450826.8907703106
1010011,450826.8907703106
1014796,447825.4189001333
1009596,450826.8907703106
1002405,303272.1637806107
1002238,450826.8907703106
1003007,451982.63775856636
1016548,450826.8907703106
1012259,450207.569871337
1005500,451982.63775856636
1012419,753134.7254473809
1005417,450826.8907703106
1004587,451372.2217184784
1009692,450207.569871337
1017208,740997.6901208969
1010838,447825.4189001333
1013088,451372.2217184784
1001503,451372.2217184784
1010755,415928.3839310842
1013262,450207.569871337
1011864,450826.8907703106
1003402,447825.4189001333
1008842,354803.38595704996
1014356,447825.4189001333
1016756,675784.1828741351
1015420,451982.63775856636
1014136,451982.63775856636
1014552,450826.8907703106
1015749,450826.8907703106
1006882,447825.4189001333
1001201,451982.63775856636
1001486,466959.80632284435
1002885,450207.569871337
1013491,447825.4189001333
1009315,450207.569871337
1012421,451982.63775856636
1014457,447825.4189001333
1007407,451982.63775856636
1016917,447825.4189001333
1006089,450826.8907703106
1010909,390224.79218905576
1013157,450826.8907703106
1000296,451982.63775856636
1011966,451982.63775856636
1016403,393538.2834631084
1009290,450826.8907703106
1000795,450207.569871337
1011396,447825.4189001333
1011016,451982.63775856636
1009732,451372.2217184784
1012010,450207.569871337
1012351,577708.272557252
1016066,544799.6256148756
1016227,451982.63775856636
1016764,450207.569871337
1007002,416691.32444941706
1007871,562213.4563916136
1008901,518320.9222013295
1002135,450826.8907703106
1016502,450207.569871337
1001586,747323.0073058266
1002916,451982.63775856636
1016629,451982.63775856636
1015464,447825.4189001333
1001405,474080.724216346
1013975,447825.4189001333
1004124,450207.569871337
1017064,451372.2217184784
1014034,451372.2217184784
1013907,450826.8907703106
1014857,451982.63775856636
1012025,450207.569871337
1013023,451982.63775856636
1015003,451982.63775856636
1012972,451982.63775856636
1007278,399693.43290058104
1017157,394604.24553661636
1004859,451982.63775856636
1009581,455599.86491425463
1004045,447825.4189001333
1017544,450826.8907703106
1012210,611967.6831965973
1015581,451982.63775856636
1011921,450826.8907703106
1012292,451372.2217184784
1006416,451372.2217184784
1007325,461052.20338418265
1011206,450207.569871337
1013492,450207.569871337
1008247,450826.8907703106
1006717,451372.2217184784
1006273,450207.569871337
1016804,975641.2135759159
1005181,259483.17457799398
1005465,622390.0704467067
1017408,447825.4189001333
1017258,450826.8907703106
1015677,451372.2217184784
1011052,447825.4189001333
1002300,451982.63775856636
1005655,451982.63775856636
1009129,451982.63775856636
1001968,450826.8907703106
1016014,451372.2217184784
1015914,254992.7294442108
1004612,450826.8907703106
1001356,451982.63775856636
1010515,450207.569871337
1017590,551333.6755852518
1001529,451372.2217184784
1013190,451982.63775856636
1013931,450826.8907703106
1013446,450207.569871337
1005555,444059.3934979735
1011478,451982.63775856636
1010484,451982.63775856636
1012969,450826.8907703106
1011266,447825.4189001333
1010430,450207.569871337
1004193,377189.41283766634
1016084,616488.6511512245
1006520,447825.4189001333
1011861,451982.63775856636
1007610,451372.2217184784
1000560,447825.4189001333
1007860,375503.38470037986
1001783,476101.2733861499
1009840,450207.569871337
1012624,447825.4189001333
1007660,450207.569871337
1008881,450826.8907703106
1015558,451372.2217184784
1004759,578724.6217833929
1013509,447825.4189001333
1010772,450826.8907703106
1013532,450826.8907703106
1015312,447825.4189001333
1010280,450207.569871337
1010282,451982.63775856636
1009615,344477.838549747
1003451,451982.63775856636
1015859,410147.1471696299
1003275,450826.8907703106
1010901,447825.4189001333
1002853,450826.8907703106
1015300,450207.569871337
1008669,447825.4189001333
1015731,451372.2217184784
1000579,440149.2694016635
1010169,479773.8961998976
1000343,450826.8907703106
1009967,451982.63775856636
1006738,450826.8907703106
1017046,553448.3440378408
1004716,451982.63775856636
1003523,342063.62497728545
1006091,447825.4189001333
1001667,450826.8907703106
1013493,836424.4316176245
1005488,451372.2217184784
1002138,451372.2217184784
1006277,450826.8907703106
1005387,416423.71714050224
1014290,447987.34087383834
1003448,450207.569871337
1015620,451982.63775856636
1007454,450826.8907703106
1016336,451982.63775856636
1013643,385000.7869101158
1009837,450826.8907703106
1008043,451982.63775856636
1008329,451982.63775856636
1011625,451372.2217184784
1003539,426298.42648281367
1012835,447825.4189001333
1002897,450207.569871337
1016265,447825.4189001333
1014076,450826.8907703106
1002319,450207.569871337
1016772,450826.8907703106
1015392,450207.569871337
1002447,450207.569871337
1011488,236000.88921616614
1010259,318611.1310015632
1013459,451982.63775856636
1009177,450207.569871337
1008232,447825.4189001333
1001435,450826.8907703106
1005608,450826.8907703106
1001349,447825.4189001333
1014218,450826.8907703106
1005035,547741.2722329574
1003553,436500.57820379955
1010071,451372.2217184784
1009534,450207.569871337
1004500,451982.63775856636
1000821,451372.2217184784
1002686,450826.8907703106
1011647,450826.8907703106
1002321,447825.4189001333
1007788,455534.5199424517
1011334,342426.66553172254
1006316,304887.4582987026
1012873,450826.8907703106
1011271,636819.7460105594
1013203,425020.05294333445
1014407,450207.569871337
1006284,564618.311300777
1000206,447825.4189001333
1006657,447825.4189001333
1000981,450207.569871337
1011729,450207.569871337
1012874,672118.8463496239
1002176,447825.4189001333
1015667,447825.4189001333
1003209,451982.63775856636
1014362,451982.63775856636
1000723,441140.4602205988
1004413,447825.4189001333
1000818,451372.2217184784
1014183,451982.63775856636
1015761,451372.2217184784
1015175,450826.8907703106
1003222,450826.8907703106
1000971,451982.63775856636
1012203,450207.569871337
1011110,450826.8907703106
1009305,607530.3771425601
1002575,447825.4189001333
1006474,447825.4189001333
1015021,417031.13688256295
1002007,447825.4189001333
1016557,451372.2217184784
1011504,500531.45241334406
1002509,775234.2244666497
1017033,450207.569871337
1011227,432664.48580075795
1000433,276812.10835274076
1014521,451372.2217184784
1014789,627158.7760088096
1015881,450207.569871337
1017055,450207.569871337
1013055,451982.63775856636
1012866,549621.8511562522
1003912,450826.8907703106
1010573,958330.8795772779
1009040,450207.569871337
1006050,451982.63775856636
1012937,447825.4189001333
1004176,451982.63775856636
1004312,447825.4189001333
1016714,450826.8907703106
1006454,450207.569871337
1006838,384518.30750242743
1001643,450826.8907703106
1009043,450207.569871337
1017040,451982.63775856636
1014064,447825.4189001333
1002281,451982.63775856636
1001467,401018.8937996569
1002068,447825.4189001333
1011186,450207.569871337
1007282,451372.2217184784
1008488,450826.8907703106
1008969,383035.3715224323
1016075,447825.4189001333
1001986,451982.63775856636
1015211,308608.45004480163
1010323,451372.2217184784
1010191,451372.2217184784
1004890,592375.5187029692
1001036,451372.2217184784
1003713,447825.4189001333
1010581,451982.63775856636
1013436,451372.2217184784
1001922,451982.63775856636
1010119,447825.4189001333
1012609,447825.4189001333
1001087,617474.8031265532
1012596,450207.569871337
1005634,447825.4189001333
1002938,451372.2217184784
1017461,451372.2217184784
1006166,450207.569871337
1012168,447825.4189001333
1013921,347057.54783079453
1014747,451982.63775856636
1017504,447825.4189001333
1000766,451982.63775856636
1015603,447825.4189001333
1001089,450207.569871337
1005838,451372.2217184784
1004334,451372.2217184784
1014810,465174.11063293915
1003211,450207.569871337
1008173,447825.4189001333
1010439,450207.569871337
1002064,451982.63775856636
1003325,450207.569871337
1011213,451982.63775856636
1015291,601778.703962628
1010974,451982.63775856636
1014955,450207.569871337
1000312,451982.63775856636
1015542,450207.569871337
1005274,451982.63775856636
1008316,447825.4189001333
1006180,726339.4450399686
1015463,450207.569871337
1003905,451982.63775856636
1008760,451982.63775856636
1013170,451982.63775856636
1006156,451372.2217184784
1008422,450826.8907703106
1006142,450207.569871337
1009461,412817.323824957
1013748,482269.3617077316
1008286,451372.2217184784
1012453,373799.39199530135
1015999,572973.9924371704
1014266,451372.2217184784
1016891,451982.63775856636
1000155,450207.569871337
1006567,597168.8607293329
1017367,563288.0784712024
1002136,481853.8253566698
1013498,567577.6778340669
1008268,451982.63775856636
1005389,451982.63775856636
1004908,451372.2217184784
1002657,451982.63775856636
1015708,451372.2217184784
1016176,450826.8907703106
1008912,363853.81461867585
1009974,451372.2217184784
1011376,447825.4189001333
1005050,484996.98494678264
1000016,450207.569871337
1007824,450826.8907703106
1008850,451982.63775856636
1013415,451372.2217184784
1006757,451372.2217184784
1008163,447825.4189001333
1009330,628367.7190847083
1000118,450826.8907703106
1009690,450207.569871337
1015099,450207.569871337
1005980,475925.74054869276
1004418,450826.8907703106
1013112,366337.3081518057
1002338,450826.8907703106
1008013,631455.0496900715
1012320,451372.2217184784
1012859,451372.2217184784
1003095,447825.4189001333
1001750,450207.569871337
1016037,451982.63775856636
1010055,447825.4189001333
1011145,400467.72360839136
1006497,451372.2217184784
1002233,447825.4189001333
1002674,451982.63775856636
1013478,447825.4189001333
1009853,451372.2217184784
1016376,302009.6424892958
1001913,451372.2217184784
1015050,451372.2217184784
1004249,451372.2217184784
1013866,480924.2451797662
1000869,450826.8907703106
1004125,451982.63775856636
1007320,447825.4189001333
1014567,451372.2217184784
1006892,450207.569871337
1014716,388813.00942355883
1017181,713419.4531882213
1016684,599851.0948207685
1005741,449372.6395662413
1014460,451372.2217184784
1000721,447825.4189001333
1010225,404897.6091446219
1003241,451372.2217184784
1013129,451982.63775856636
1011555,347545.2492684711
1016250,451982.63775856636
1017038,447825.4189001333
1013374,450207.569871337
1010770,472500.0412963974
1012588,450826.8907703106
1012106,451372.2217184784
1012597,298892.7947215762
1013763,451982.63775856636
1014967,447825.4189001333
1009166,450207.569871337
1014428,333529.18673736346
1016498,450207.569871337
1016745,450207.569871337
1007431,450826.8907703106
1012575,451982.63775856636
1016159,447825.4189001333
1014122,451372.2217184784
1007995,451372.2217184784
1012892,447825.4189001333
1001071,447825.4189001333
1015141,307806.9597353157
1010713,447825.4189001333
1017191,447825.4189001333
1013250,451982.63775856636
1001820,556096.0402280238
1007817,503078.3681790166
1008999,411363.63618286216
1009352,450207.569871337
1000362,450826.8907703106
1016277,450826.8907703106
1011879,447825.4189001333
1013629,370931.3927181313
1000657,450826.8907703106
1010412,451982.63775856636
1013717,450207.569871337
1017374,450826.8907703106
1003340,447825.4189001333
1011031,451372.2217184784
1017390,502500.11776962335
1016715,450207.569871337
1016509,451982.63775856636
1011708,451372.2217184784
1015643,450207.569871337
1013996,451982.63775856636
1016120,470477.9589368343
1013805,451372.2217184784
1016677,447825.4189001333
1001816,451982.63775856636
1007855,450207.569871337
1000335,451982.63775856636
1001852,447825.4189001333
1011910,450826.8907703106
1006842,368800.88764889166
1016853,687089.8348918086
1001882,450207.569871337
1011338,447825.4189001333
1007656,454905.17596624227
1016975,451372.2217184784
1004429,510349.36976280354
1006121,507682.4953789435
1005751,447825.4189001333
1008344,505884.24595532124
1009322,450826.8907703106
1003886,451982.63775856636
1013043,800531.0060318654
1004255,447825.4189001333
1010200,650157.7373232174
1005507,450207.569871337
1015280,713483.3581756863
1007551,450207.569871337
1010184,450826.8907703106
1002356,447825.4189001333
1015018,447825.4189001333
1002165,451982.63775856636
1012174,451982.63775856636
1005937,451982.63775856636
1016644,451982.63775856636
1004268,829275.597689731
1003928,564703.3072958102
1002045,451982.63775856636
1006490,451982.63775856636
1004690,351813.8678767307
1000293,450207.569871337
1001255,451372.2217184784
1010864,451372.2217184784
1004409,451372.2217184784
1015155,447825.4189001333
1000411,450207.569871337
1012577,450826.8907703106
1006332,447825.4189001333
1004611,447825.4189001333
1004388,641215.5941978606
1002119,684860.9297329914
1016205,447825.4189001333
1004729,450207.569871337
1004164,450826.8907703106
1007980,447825.4189001333
1011449,447825.4189001333
1000718,451372.2217184784
1004252,450826.8907703106
1010759,445249.29722955136
1002460,450826.8907703106
1010622,501663.0048537932
1011842,447825.4189001333
1002362,523710.01318155904
1003286,450207.569871337
1004104,748615.6494773551
1007568,451982.63775856636
1003125,621459.667627015
1013058,483723.5548610366
1006122,451982.63775856636
1004699,451372.2217184784
1004481,486312.4379696101
1014024,450826.8907703106
1001334,450207.569871337
1001132,451372.2217184784
1009445,450826.8907703106
1009798,499100.39968381636
1015803,450826.8907703106
1008677,451372.2217184784
1000608,447825.4189001333
1009500,447825.4189001333
1004710,403111.05942910723
1006406,463096.74251598737
1014496,451982.63775856636
1015567,451372.2217184784
1012220,451372.2217184784
1011256,320773.32810329605
1008256,450826.8907703106
1012571,501664.8860234916
1015978,450826.8907703106
1016173,450826.8907703106
1008779,450826.8907703106
1000461,450826.8907703106
1017094,402727.5308973414
1015010,447825.4189001333
1013454,451982.63775856636
1016578,447825.4189001333
1008206,447825.4189001333
1015868,516063.86213783117
1004893,440040.4160494556
1009404,447825.4189001333
1000154,450826.8907703106
1007252,451372.2217184784
1002008,450826.8907703106
1007586,450826.8907703106
1004239,480834.57571241254
1004635,451982.63775856636
1016771,454144.43401873676
1012313,450207.569871337
1014182,274103.22925023374
1002348,447825.4189001333
1006480,451982.63775856636
1000143,450207.569871337
1008576,450207.569871337
1014949,450207.569871337
1007607,451372.2217184784
1003887,451372.2217184784
1010811,450207.569871337
1007539,450826.8907703106
1004746,528111.244440351
1005881,450207.569871337
1002307,450207.569871337
1014620,447825.4189001333
1015494,447825.4189001333
1003852,450826.8907703106
1004709,451982.63775856636
1001126,450207.569871337
1009114,451372.2217184784
1017193,566316.0050918853
1013707,447825.4189001333
1016777,604865.622189172
1000450,511726.2035240964
1009498,447825.4189001333
1016544,451982.63775856636
1012196,240814.7257896694
1014741,714207.08512912
1005263,447825.4189001333
1003861,451372.2217184784
1006074,450207.569871337
1014807,545670.014959721
1008595,388089.24763674615
1011978,447825.4189001333
1009000,451372.2217184784
1014379,450207.569871337
1009602,451372.2217184784
1010832,450207.569871337
1012180,442188.3791990615
1006548,450207.569871337
1015592,447825.4189001333
1016989,450826.8907703106
1013853,447825.4189001333
1017224,600211.2636727042
1001616,450826.8907703106
1006319,450207.569871337
1001034,451372.2217184784
1004092,451982.63775856636
1016246,489102.54818990995
1016136,470126.83731930784
1007536,447825.4189001333
1016281,451982.63775856636
1011109,429070.94738384994
1017006,576485.1647244081
1014995,447825.4189001333
1001651,521479.2873247661
1007948,450826.8907703106
1009833,451982.63775856636
1005737,450207.569871337
1008803,451372.2217184784
1013375,491690.3467850908
1016732,450826.8907703106
1003580,450207.569871337
1000397,590223.1826586539
1003787,447825.4189001333
1008524,451982.63775856636
1012377,450207.569871337
1013442,447825.4189001333
1003280,450826.8907703106
1010498,451982.63775856636
1003405,450207.569871337
1007841,451982.63775856636
1015522,450826.8907703106
1004254,451982.63775856636
1006584,450207.569871337
1000808,451982.63775856636
1004966,371929.1972498871
1009997,450207.569871337
1016653,447825.4189001333
1011659,451372.2217184784
1002511,447825.4189001333
1015711,450826.8907703106
1004307,291796.5606792809
1006707,451372.2217184784
1012751,451982.63775856636
1010960,451982.63775856636
1009026,451372.2217184784
1013603,451982.63775856636
1013732,450207.569871337
1000109,486745.5922653816
1012638,451982.63775856636
1006883,450826.8907703106
1013340,450207.569871337
1003386,447825.4189001333
1014957,450826.8907703106
1002337,391687.53752791736
1014997,450207.569871337
1003710,451982.63775856636
1014528,451982.63775856636
1013180,451982.63775856636
1000728,450826.8907703106
1009532,450207.569871337
1008543,451982.63775856636
1016199,412197.48266857484
1014665,450826.8907703106
1010258,451372.2217184784
1009628,451372.2217184784
1003686,450826.8907703106
1013269,451372.2217184784
1012869,447825.4189001333
1005919,451372.2217184784
1004376,451982.63775856636
1000328,451372.2217184784
1000157,450826.8907703106
1014660,680111.2865372123
1000772,450207.569871337
1014021,451372.2217184784
1005214,450826.8907703106
1011234,451372.2217184784
1007584,810205.0823779812
1007020,451372.2217184784
1014738,447825.4189001333
1000044,451372.2217184784
1000767,447825.4189001333
1013916,451372.2217184784
1008994,450207.569871337
1010880,450207.569871337
1006066,298950.6798884534
1000582,435063.1004047614
1006388,599118.006027081
1003975,563856.070918553
1001861,450826.8907703106
1007207,451372.2217184784
1012652,451982.63775856636
1010938,451372.2217184784
1015802,451982.63775856636
1015012,447825.4189001333
1016823,451982.63775856636
1004242,447543.89480616414
1004205,451982.63775856636
1015362,450826.8907703106
1000932,450207.569871337
1016774,386227.0119672319
1013579,450826.8907703106
1009784,447825.4189001333
1009862,450207.569871337
1011407,435323.4605530345
1010376,450826.8907703106
1017306,450826.8907703106
1013131,450826.8907703106
1005806,451372.2217184784
1005393,451982.63775856636
1005416,451982.63775856636
1007664,451982.63775856636
1004365,447825.4189001333
1015139,450826.8907703106
1004097,450826.8907703106
1013225,380467.7954916014
1016149,451982.63775856636
1010796,451372.2217184784
1007734,450207.569871337
1007119,450207.569871337
1005207,864547.6811434075
1000948,450207.569871337
1006754,451982.63775856636
1004019,506819.6939256537
1007274,447825.4189001333
1002084,353518.29818263574
1006341,703822.1721073379
1013469,450207.569871337
1005828,451372.2217184784
1014220,450826.8907703106
1006814,451372.2217184784
1013061,451372.2217184784
1011983,450207.569871337
1015526,389086.4634905653
1011053,451982.63775856636
1001410,540843.2073521115
1009023,447825.4189001333
1005620,451372.2217184784
1013266,451372.2217184784
1010395,420923.7384663333
1005786,408049.8866796986
1009621,450207.569871337
1013267,565653.9132002267
1014763,451982.63775856636
1001953,322877.31641058007
1007359,733431.4308119072
1015830,715479.8873653006
1003717,451372.2217184784
1009197,450826.8907703106
1007627,450826.8907703106
1010724,450826.8907703106
1004958,447825.4189001333
1005514,414618.7436458853
1013256,450826.8907703106
1011945,450207.569871337
1015340,431444.6748362415
1007501,627394.4301824896
1007288,451372.2217184784
1007024,447825.4189001333
1017162,447825.4189001333
1004925,450207.569871337
1010262,447825.4189001333
1017082,450207.569871337
1005091,451372.2217184784
1008764,451982.63775856636
1001085,451372.2217184784
1013431,450826.8907703106
1001970,451982.63775856636
1014837,451982.63775856636
1008762,471673.38289970276
1005708,450207.569871337
1016978,440958.46640062745
1003457,450826.8907703106
1001151,423263.18928698776
1009750,508427.30548886786
1002100,447825.4189001333
1007803,397460.55906324397
1008568,516547.1303019124
1009478,693392.3480570853
1016671,450826.8907703106
1009610,450207.569871337
1005599,451372.2217184784
1006658,450826.8907703106
1010414,450826.8907703106
1013481,429844.9924806176
1012386,450207.569871337
1016215,447825.4189001333
1008566,450207.569871337
1012932,450207.569871337
1010140,291798.8289360611
1017139,447825.4189001333
1013488,451982.63775856636
1005727,433969.6866562823
1012316,450207.569871337
1011976,413351.0057102744
1008016,457532.0883970548
1006062,892001.8896790965
1014503,447825.4189001333
1008956,447825.4189001333
1001642,450826.8907703106
1011920,450207.569871337
1007992,450826.8907703106
1001468,450826.8907703106
1016939,451372.2217184784
1010040,450207.569871337
1009348,450207.569871337
1003503,450826.8907703106
1013642,481348.71255896625
1015038,451372.2217184784
1010162,552682.3664074737
1004263,450207.569871337
1001773,450826.8907703106
1007929,450826.8907703106
1016887,451982.63775856636
1001299,390340.83959341643
1012535,450826.8907703106
1000874,450207.569871337
1000245,450826.8907703106
1008532,451982.63775856636
1000763,450207.569871337
1003703,402971.87296297867
1005401,450826.8907703106
1009296,451982.63775856636
1014820,447825.4189001333
1012797,450207.569871337
1006207,450207.569871337
1005768,326064.4627406735
1015570,683616.1097178335
1013136,450826.8907703106
1004250,310475.0789484803
1015039,451982.63775856636
1005974,538251.1924499659
1006287,451982.63775856636
1003431,451982.63775856636
1016397,833299.3752079289
1005940,354246.2642912013
1011503,450826.8907703106
1008515,424097.42530133086
1004056,450826.8907703106
1013886,450207.569871337
1009900,451372.2217184784
1007638,447825.4189001333
1006689,478091.20053141133
1017084,451982.63775856636
1013257,451372.2217184784
1009256,451372.2217184784
1004609,709817.2170384278
1012302,447825.4189001333
1001952,447825.4189001333
1000984,366892.23867494776
1013847,451982.63775856636
1011062,450826.8907703106
1001398,451372.2217184784
1001700,311265.9880412339
1005677,447825.4189001333
1003471,409388.2205949808
1006031,447825.4189001333
1016531,447825.4189001333
1011742,425522.77968533733
1005055,451982.63775856636
1007398,450826.8907703106
1015182,447825.4189001333
1007849,451982.63775856636
1002349,450826.8907703106
1016101,451982.63775856636
1012562,451372.2217184784
1004985,451372.2217184784
1000416,451982.63775856636
1015783,451982.63775856636
1017403,451372.2217184784
1001228,450826.8907703106
1014878,447825.4189001333
1001061,447825.4189001333
1001904,474299.84884990304
1017073,447825.4189001333
1016729,450826.8907703106
1014977,391763.54585052776
1015632,551809.6551409254
1003089,390715.4795938183
1006170,447825.4189001333
1017119,451372.2217184784
1001163,447825.4189001333
1005525,450207.569871337
1012552,450207.569871337
1004674,612746.455335256
1017410,638557.8905816944
1000694,451982.63775856636
1014431,451372.2217184784
1003218,295503.7376922301
1004146,544446.3894468696
1012229,451982.63775856636
1014134,451982.63775856636
1009163,687776.5541790393
1003435,447825.4189001333
1012096,385161.0961738743
1001943,818795.6148177991
1014195,451982.63775856636
1003314,451982.63775856636
1014646,450207.569871337
1011561,450826.8907703106
1011584,447825.4189001333
1004345,451982.63775856636
1017292,453558.6075467196
1016323,451372.2217184784
1012373,356745.38844566233
1006342,450207.569871337
1016405,332196.13455793995
1008710,610710.8082780229
1005280,450826.8907703106
1007930,450207.569871337
1012826,451372.2217184784
1005729,450826.8907703106
1010438,451982.63775856636
1011995,451372.2217184784
1007905,450826.8907703106
1003881,535537.2140144977
1008720,450826.8907703106
1009450,450826.8907703106
1002520,384982.1278592462
1003309,450826.8907703106
1004306,450207.569871337
1014125,447825.4189001333
1014347,451372.2217184784
1008119,450207.569871337
1012654,427438.1201299857
1011240,450207.569871337
1002278,451372.2217184784
1007595,451372.2217184784
1009691,447825.4189001333
1012122,450207.569871337
1011451,456800.182093719
1016018,451982.63775856636
1004990,450826.8907703106
1016069,451372.2217184784
1002204,352193.9755667666
1008638,450207.569871337
1014953,451372.2217184784
1003112,360849.7918590797
1016596,374099.95313536364
1014942,967064.5387934687
1013957,451982.63775856636
1007861,450207.569871337
1012159,451982.63775856636
1004350,450207.569871337
1001248,353963.77282386995
1000043,450207.569871337
1005731,451982.63775856636
1009031,571583.08438309
1010486,469504.21705810126
1005977,345378.4999999394
1014593,572025.9693216187
1015164,363213.09958344966
1002728,447825.4189001333
1014963,450826.8907703106
1008624,450826.8907703106
1004416,400847.119841184
1006605,451982.63775856636
1008391,450826.8907703106
1006167,474553.87200070365
1009694,451982.63775856636
1009793,450826.8907703106
1002097,451372.2217184784
1012000,450826.8907703106
1008777,451982.63775856636
1016603,356922.4185717056
1006383,447825.4189001333
1014688,488302.9214791893
1011777,450826.8907703106
1014775,350472.74348082696
1006301,515477.6296854519
1014022,447825.4189001333
1014925,450826.8907703106
1014572,296531.42227559746
1014273,451372.2217184784
1015938,441049.3987301072
1017000,450207.569871337
1012202,450826.8907703106
1010068,450207.569871337
1017204,465424.65934088343
1007747,454447.27255406644
1015177,589391.4144333919
1000447,451982.63775856636
1006310,450207.569871337
1015235,433089.85706962406
1001430,451982.63775856636
1008102,451372.2217184784
1011690,451982.63775856636
1003024,582502.7486653418
1017566,385228.9228955155
1014306,599121.9855777755
1002498,568682.1957416539
1003991,451372.2217184784
1004572,401676.3864773316
1015005,421782.1281288594
1012589,450207.569871337
1008891,447825.4189001333
1006621,447825.4189001333
1010575,241832.25987290396
1016787,422428.04082452477
1012940,450207.569871337
1014176,476496.62196891673
1005746,450826.8907703106
1013531,454696.67748193577
1005753,450207.569871337
1000391,450826.8907703106
1001147,450207.569871337
1014498,467509.68224162015
1017027,451372.2217184784
1012440,470288.2505458195
1017335,437220.53904961323
1009978,451982.63775856636
1011120,447825.4189001333
1013162,450207.569871337
1005580,450826.8907703106
1000590,450207.569871337
1008032,451982.63775856636
1017316,450207.569871337
1002424,450207.569871337
1003157,451372.2217184784
1008801,246668.69249366684
1008683,447825.4189001333
1003813,453877.7701912771
1003614,451982.63775856636
1000809,450826.8907703106
1008844,450826.8907703106
1013540,679544.168618038
1002430,447825.4189001333
1001613,450826.8907703106
1009193,447825.4189001333
1002306,557760.4899504663
1001425,300476.9411640671
1000966,451372.2217184784
1011356,447825.4189001333
1003163,450826.8907703106
1016835,378910.0777047506
1004645,450207.569871337
1000294,447825.4189001333
1011686,450826.8907703106
1001115,447825.4189001333
1016260,450826.8907703106
1009613,525774.2287712618
1017287,451372.2217184784
1016089,476289.94646529277
1004444,450207.569871337
1009740,579456.856291647
1015958,451372.2217184784
1003511,451982.63775856636
1013497,450207.569871337
1007729,450826.8907703106
1004266,451982.63775856636
1014353,451982.63775856636
1004598,450826.8907703106
1015885,450967.4055809532
1006991,391996.4224179789
1010202,441667.18174634763
1014479,451372.2217184784
1007419,450207.569871337
1013155,451982.63775856636
1005210,451372.2217184784
1007719,450207.569871337
1006182,447825.4189001333
1017152,450826.8907703106
1011797,450826.8907703106
1016678,475499.41807585873
1009828,450207.569871337
1002042,447825.4189001333
1008667,446702.53560958186
1009224,447825.4189001333
1014487,450826.8907703106
1015359,451372.2217184784
1009153,450207.569871337
1012098,451982.63775856636
1008494,451982.63775856636
1003040,447825.4189001333
1009016,450826.8907703106
1006655,450207.569871337
1005638,450826.8907703106
1000123,788593.8811373238
1013860,474620.6220396936
1004553,451982.63775856636
1003932,450207.569871337
1005821,690395.3744565488
1014829,476661.2233697197
1017159,451982.63775856636
1011673,450826.8907703106
1009511,451372.2217184784
1009280,451982.63775856636
1008725,450207.569871337
1000426,451982.63775856636
1006131,451982.63775856636
1007485,641636.491866887
1006557,450826.8907703106
1007570,451982.63775856636
1011656,451982.63775856636
1011750,451982.63775856636
1017043,447825.4189001333
1008397,450826.8907703106
1005744,447825.4189001333
1013966,421208.949267079
1016350,909878.4147980217
1015718,451372.2217184784
1004446,447825.4189001333
1017429,451982.63775856636
1017216,450826.8907703106
1010917,489359.9864299559
1004574,451372.2217184784
1000849,450207.569871337
1009962,382879.05681941326
1001580,447825.4189001333
1013823,447825.4189001333
1003565,320969.7304600394
1005239,447825.4189001333
1007296,374897.5368257624
1012582,447825.4189001333
1010397,447825.4189001333
1000591,479901.7738649259
1005490,451372.2217184784
1005624,450207.569871337
1005022,450207.569871337
1012290,450826.8907703106
1008921,451372.2217184784
1014475,450826.8907703106
1010644,447825.4189001333
1007738,451372.2217184784
1011961,451372.2217184784
1003407,450207.569871337
1013723,636955.478136978
1013977,450207.569871337
1008337,621117.3026635764
1009760,447825.4189001333
1009560,450207.569871337
1004461,451372.2217184784
1015036,451372.2217184784
1010778,451372.2217184784
1012399,450826.8907703106
1015599,451982.63775856636
1008737,450826.8907703106
1002774,451372.2217184784
1009954,451982.63775856636
1003993,451982.63775856636
1014280,447825.4189001333
1013286,451982.63775856636
1004212,447825.4189001333
1011096,631438.8586733349
1000750,450207.569871337
1006614,447825.4189001333
1004570,509608.1591282622
1013504,447825.4189001333
1000846,509205.29503064835
1014569,447825.4189001333
1015874,450207.569871337
1014968,447825.4189001333
1008357,450826.8907703106
1014737,451982.63775856636
1007067,447825.4189001333
1013631,451982.63775856636
1002842,451372.2217184784
1008060,647611.7574027707
1015452,449831.31863017933
1009889,471338.030261629
1016902,450207.569871337
1014344,541844.1831196927
1016527,447825.4189001333
1000851,451372.2217184784
1007295,450207.569871337
1009363,447825.4189001333
1014092,451372.2217184784
1014116,450826.8907703106
1013842,450207.569871337
1015455,447825.4189001333
1009165,607238.4082340247
1003910,477763.68785020796
1012908,478230.2593992761
1003481,451372.2217184784
1017232,381235.9645549556
1015320,451982.63775856636
1008503,451372.2217184784
1006114,447825.4189001333
1010009,450207.569871337
1012669,451372.2217184784
1012296,451372.2217184784
1000048,451372.2217184784
1003665,450207.569871337
1011762,450826.8907703106
1003864,451372.2217184784
1006885,451982.63775856636
1001991,450826.8907703106
1001961,451372.2217184784
1006309,451372.2217184784
1015073,451982.63775856636
1010729,451982.63775856636
1012308,478813.9923095885
1012166,450207.569871337
1003631,450826.8907703106
1004020,450207.569871337
1002610,447825.4189001333
1004381,558095.8043717784
1009736,646670.6814540852
1002839,447825.4189001333
1002701,450826.8907703106
1005949,450207.569871337
1001052,451982.63775856636
1004614,450826.8907703106
1003189,414554.69468683115
1015602,447825.4189001333
1004807,447825.4189001333
1005871,451372.2217184784
1011850,451982.63775856636
1012554,421919.8686451028
1002810,451372.2217184784
1011833,447825.4189001333
1000178,399641.4395484172
1000119,450207.569871337
1014042,450207.569871337
1005464,451982.63775856636
1003722,451372.2217184784
1011418,447825.4189001333
1006298,451982.63775856636
1003868,450207.569871337
1003338,403395.9935624989
1001362,451982.63775856636
1010878,450826.8907703106
1010781,291384.6389717418
1016473,447825.4189001333
1014106,451372.2217184784
1014702,450207.569871337
1008292,450826.8907703106
1008276,447825.4189001333
1009565,451372.2217184784
1014263,451372.2217184784
1011760,622227.464569546
1004747,451372.2217184784
1002584,451982.63775856636
1014123,451372.2217184784
1000493,447825.4189001333
1015617,804049.0196758541
1005560,449069.81179303455
1003326,451982.63775856636
1004141,451372.2217184784
1016856,447825.4189001333
1004455,450207.569871337
1003802,447825.4189001333
1007422,451982.63775856636
1006863,466754.12921759265
1014643,451982.63775856636
1013768,298878.61360917473
1007776,261817.92553122988
1013288,450826.8907703106
1015553,451372.2217184784
1010472,451982.63775856636
1012123,450826.8907703106
1005564,295849.07996729744
1011914,451982.63775856636
1007145,621812.7125119261
1004305,765833.1387013727
1016831,451372.2217184784
1014512,397137.2824654921
1003004,450207.569871337
1011642,450207.569871337
1017068,447825.4189001333
1014914,534036.6631187353
1003596,403696.4910313048
1005666,451372.2217184784
1006492,450207.569871337
1013898,450207.569871337
1002358,447825.4189001333
1011863,450207.569871337
1002326,451982.63775856636
1015705,346086.59735678526
1014404,450207.569871337
1010590,450826.8907703106
1005026,451372.2217184784
1013506,603034.0263263623
1010381,451982.63775856636
1015854,450826.8907703106
1014958,369414.24182565097
1003443,309149.53740949003
1015046,447825.4189001333
1008207,451372.2217184784
1007567,659562.3942158544
1007193,389210.2899224468
1016652,451982.63775856636
1010246,450207.569871337
1016816,451982.63775856636
1012048,726989.0342957213
1008389,450207.569871337
1001797,450826.8907703106
1015129,451982.63775856636
1001309,447825.4189001333
1012573,451982.63775856636
1005914,450207.569871337
1011348,451372.2217184784
1006898,451982.63775856636
1010851,849567.7417248572
1012181,451372.2217184784
1003624,346342.42265245435
1000480,450826.8907703106
1006017,450207.569871337
1014589,350775.3025297796
1001495,451982.63775856636
1002376,576837.8981189813
1005156,447825.4189001333
1013272,450826.8907703106
1013590,581234.8365538002
1009303,452907.0156864882
1006647,447825.4189001333
1011701,450207.569871337
1014032,450826.8907703106
1004359,239629.3843823216
1007352,447825.4189001333
1005991,553967.9813545857
1008221,450207.569871337
1000137,450207.569871337
1017376,450826.8907703106
1009451,450826.8907703106
1016540,450207.569871337
1006494,450207.569871337
1002998,451372.2217184784
1002533,450826.8907703106
1015330,447825.4189001333
1015290,451982.63775856636
1000108,718960.7188176395
1017264,450207.569871337
1016429,656520.8636583803
1014200,451372.2217184784
1012140,450826.8907703106
1012739,451372.2217184784
1013652,692235.4103325227
1000974,451982.63775856636
1013403,447825.4189001333
1008426,450826.8907703106
1015621,503885.6571665588
1005934,450826.8907703106
1008751,450207.569871337
1012742,451372.2217184784
1007114,451982.63775856636
1001498,451372.2217184784
1000953,451982.63775856636
1014291,447825.4189001333
1012540,451982.63775856636
1013381,451372.2217184784
1002765,450207.569871337
1000581,451982.63775856636
1008099,451982.63775856636
1016547,450207.569871337
1004999,511146.1689890736
1007332,314080.50954041845
1005260,288293.4731774725
1013499,450207.569871337
1000422,451982.63775856636
1001649,703581.5186318855
1012406,451982.63775856636
1009738,536974.0784245207
1013625,451372.2217184784
1000042,447825.4189001333
1012147,450207.569871337
1010617,451982.63775856636
1013195,451982.63775856636
1003727,451372.2217184784
1004452,450207.569871337
1015064,549424.4108996168
1016545,451982.63775856636
1005361,447825.4189001333
1001011,437211.851136375
1000612,451982.63775856636
1012563,456963.13781511143
1008618,523781.2124802381
1014584,450826.8907703106
1003155,447825.4189001333
1007199,451372.2217184784
1002185,450207.569871337
1006943,451982.63775856636
1014516,491360.1853803058
1002274,450826.8907703106
1013213,450826.8907703106
1011962,451372.2217184784
1001583,451982.63775856636
1010478,500646.60127689556
1017459,447825.4189001333
1010812,451372.2217184784
1016860,450826.8907703106
1005757,450207.569871337
1009847,450826.8907703106
1013920,451372.2217184784
1012699,450207.569871337
1010157,443950.6391903666
1017217,447825.4189001333
1001802,450207.569871337
1002918,281713.09708402114
1013483,450826.8907703106
1009373,450826.8907703106
1010674,451982.63775856636
1004938,318127.1028533702
1008435,451982.63775856636
1016791,447825.4189001333
1013095,622619.3842035914
1014886,450207.569871337
1004986,451982.63775856636
1014991,450826.8907703106
1000354,513888.03055773774
1010869,545984.5383096412
1016003,451982.63775856636
1010701,450207.569871337
1016992,450826.8907703106
1001189,500970.6347327217
1008191,751284.3282288264
1014779,451372.2217184784
1004681,450826.8907703106
1001227,451982.63775856636
1013551,450826.8907703106
1013299,876610.9932504683
1003058,447825.4189001333
1003345,447825.4189001333
1003696,451372.2217184784
1010599,449409.72007755074
1003909,445184.53974194685
1000298,451372.2217184784
1007705,451982.63775856636
1016582,451982.63775856636
1004987,597918.2238808376
1012473,422418.4148427088
1007245,523227.4227692118
1008852,450826.8907703106
1010244,451372.2217184784
1010934,1041853.7228355398
1005499,450826.8907703106
1010876,742837.7619865581
1007843,451372.2217184784
1013978,451982.63775856636
1010398,450826.8907703106
1010790,450207.569871337
1005979,314378.8359225078
1000545,450826.8907703106
1015773,451982.63775856636
1005902,450207.569871337
1004697,486450.7106061788
1017223,451982.63775856636
1010110,407364.2237560972
1014201,684581.674981222
1002571,450826.8907703106
1012520,451982.63775856636
1011006,450207.569871337
1000500,884901.3400615387
1011326,420514.88183484756
1007240,450826.8907703106
1016370,450826.8907703106
1004879,447825.4189001333
1014500,451982.63775856636
1014112,450207.569871337
1016520,447825.4189001333
1001568,568322.4240170406
1011940,380180.1769098219
1001247,447825.4189001333
1007138,396770.3665901878
1002028,313972.280626653
1006891,451372.2217184784
1006930,447825.4189001333
1004154,451982.63775856636
1004167,450207.569871337
1000126,381628.61621788586
1011315,451982.63775856636
1002643,451982.63775856636
1012136,314178.029163204
1016486,451372.2217184784
1013988,447825.4189001333
1005804,447825.4189001333
1003734,451372.2217184784
1002104,450207.569871337
1015962,451982.63775856636
1017440,450207.569871337
1009857,451372.2217184784
1016518,447825.4189001333
1001472,450826.8907703106
1013836,450826.8907703106
1013156,450207.569871337
1006419,470994.70505949354
1012327,415229.876797508
1011603,451372.2217184784
1011237,346594.0137138899
1006376,451982.63775856636
1003718,451372.2217184784
1007256,451982.63775856636
1009123,565866.2454684923
1009800,447825.4189001333
1014381,450207.569871337
1014756,348307.56354304345
1010017,447825.4189001333
1006750,451372.2217184784
1006116,447825.4189001333
1002266,387296.6618048438
1003732,451982.63775856636
1014605,451982.63775856636
1005167,447825.4189001333
1004616,450826.8907703106
1002077,447825.4189001333
1009147,450207.569871337
1008676,557213.7109956935
1000697,450207.569871337
1012490,322978.564092107
1008687,353963.13919890026
1008448,494819.56258260226
1011573,451372.2217184784
1003333,450826.8907703106
1005169,590257.030713676
1004219,451372.2217184784
1002872,450207.569871337
1003894,451372.2217184784
1012033,345250.0337907249
1008244,533486.957906027
1013726,451982.63775856636
1016901,447825.4189001333
1010327,451372.2217184784
1016124,450207.569871337
1008122,447825.4189001333
1004258,447825.4189001333
1009831,486735.6683346887
1009274,450207.569871337
1013627,451982.63775856636
1009112,512828.5747455944
1015444,451982.63775856636
1010686,451982.63775856636
1008681,450207.569871337
1000230,447825.4189001333
1007830,334357.21006881027
1013370,447825.4189001333
1016913,447825.4189001333
1014226,377899.9832538311
1016295,451982.63775856636
1004218,537308.3611864296
1002516,568045.2080729475
1011322,451982.63775856636
1003476,451982.63775856636
1002964,450826.8907703106
1006872,451372.2217184784
1013452,450207.569871337
1015649,451372.2217184784
1009762,421836.8978547729
1007675,450826.8907703106
1003517,447825.4189001333
1013881,526660.760569149
1006465,451372.2217184784
1006034,451982.63775856636
1017387,347179.5632543737
1004974,408275.36228931666
1004006,490453.6662110748
1002745,451372.2217184784
1004186,451982.63775856636
1016359,450826.8907703106
1012356,472918.9968386466
1008463,451982.63775856636
1004199,490605.1212191378
1001839,451372.2217184784
1012071,451982.63775856636
1000739,430624.38399169483
1004698,453629.5126764905
1007347,450207.569871337
1010125,450207.569871337
1000907,471844.24151581066
1001607,450207.569871337
1012590,451982.63775856636
1012887,451982.63775856636
1010557,444303.41729977157
1011166,450826.8907703106
1006471,451982.63775856636
1010588,451982.63775856636
1012891,450826.8907703106
1010139,450826.8907703106
1001429,526619.2410364789
1003229,450207.569871337
1003906,379438.37070469686
1015054,450207.569871337
1005887,427596.5262482304
1015218,450207.569871337
1007182,451982.63775856636
1013719,450207.569871337
1010222,447825.4189001333
1015197,450207.569871337
1007269,450207.569871337
1016105,447825.4189001333
1000455,450826.8907703106
1010921,450826.8907703106
1005663,451982.63775856636
1005722,451982.63775856636
1013901,445822.5468123253
1011037,451372.2217184784
1013080,447825.4189001333
1007021,451982.63775856636
1009118,451982.63775856636
1008654,390578.5168481859
1016776,235161.92885588686
1013291,451372.2217184784
1004200,450207.569871337
1011265,450826.8907703106
1007973,450207.569871337
1015381,251032.6656275368
1013527,491733.0877100153
1015572,451372.2217184784
1007078,447825.4189001333
1008189,450207.569871337
1005705,447825.4189001333
1011711,447825.4189001333
1008730,450207.569871337
1008481,450826.8907703106
1002650,447825.4189001333
1003419,451982.63775856636
1009976,451982.63775856636
1007496,450826.8907703106
1007476,450826.8907703106
1008505,451372.2217184784
1005461,425090.3006734762
1015487,451982.63775856636
1011004,380866.73585997697
1012207,451982.63775856636
1007784,457346.72396772983
1013261,451372.2217184784
1011857,350266.0357211168
1004172,450207.569871337
1005435,492112.9802068442
1006366,451372.2217184784
1003096,450826.8907703106
1012945,447825.4189001333
1006063,447825.4189001333
1011569,451982.63775856636
1001304,451372.2217184784
1008236,490605.9629349695
1013107,463902.8676476686
1003889,451372.2217184784
1014386,451982.63775856636
1000410,676598.1095153018
1003479,451372.2217184784
1003497,450207.569871337
1005053,451982.63775856636
1001748,451372.2217184784
1005659,447825.4189001333
1005680,451982.63775856636
1003660,451982.63775856636
1013252,451982.63775856636
1012201,450207.569871337
1016643,450207.569871337
1007887,447825.4189001333
1004767,450207.569871337
1004439,451982.63775856636
1008328,260850.8709466618
1009994,451372.2217184784
1015965,450207.569871337
1010423,450207.569871337
1014199,451982.63775856636
1009289,458709.93817102397
1015341,451372.2217184784
1006772,644128.302106288
1000531,649725.6541032376
1008035,451372.2217184784
1014609,451982.63775856636
1016367,451982.63775856636
1006774,450826.8907703106
1007806,451372.2217184784
1000626,436728.364762443
1013404,450826.8907703106
1006135,451982.63775856636
1012118,380907.8922718421
1010143,451982.63775856636
1006978,430133.3529722749
1003259,447825.4189001333
1015662,450207.569871337
1010075,451982.63775856636
1008521,406026.70220315515
1016801,450207.569871337
1004294,447825.4189001333
1012983,573977.572886069
1014130,447825.4189001333
1002709,590887.9950518567
1015416,450826.8907703106
1008763,450207.569871337
1005183,450207.569871337
1016206,451372.2217184784
1000424,470358.5347316105
1005080,451982.63775856636
1000069,451372.2217184784
1014720,451372.2217184784
1012676,451372.2217184784
1006588,450207.569871337
1017225,451372.2217184784
1001762,413488.20821735315
1011469,450207.569871337
1006145,450207.569871337
1005202,410041.4623447169
1016523,447825.4189001333
1013637,596112.651428376
1016943,401291.2262852338
1010514,341135.53197289567
1003397,451372.2217184784
1000502,526153.6158586397
1010485,578892.9577661128
1007836,450207.569871337
1005233,447825.4189001333
1009199,450207.569871337
1006801,450207.569871337
1013944,450826.8907703106
1013822,451982.63775856636
1002173,447825.4189001333
1014316,451982.63775856636
1007745,464184.34712099546
1016590,450207.569871337
1010687,450207.569871337
1010910,450826.8907703106
1011433,404069.7492539985
1007379,451372.2217184784
1016013,450826.8907703106
1005795,447825.4189001333
1010529,451982.63775856636
1001515,447825.4189001333
1004467,450826.8907703106
1008156,362068.5145040488
1009055,551836.8983235791
1013117,543478.9572640667
1011339,450826.8907703106
1006485,451372.2217184784
1006088,451982.63775856636
1014101,451372.2217184784
1012108,615382.4140203799
1016338,451372.2217184784
1008254,447825.4189001333
1015465,450207.569871337
1013762,467177.98642319284
1011221,447825.4189001333
1015673,450826.8907703106
1000539,447825.4189001333
1010875,451982.63775856636
1005550,447825.4189001333
1011687,441007.8326964242
1010625,450826.8907703106
1001350,450826.8907703106
1006869,494404.97804925416
1010291,447825.4189001333
1013838,447825.4189001333
1016824,514220.6755532527
1014035,450826.8907703106
1008875,450207.569871337
1006671,592635.8908466976
1008932,479336.8761935123
1011934,605804.7150922671
1004798,557840.2586053852
1000297,447825.4189001333
1005251,231674.3919609776
1009959,414793.2469846195
1003442,451372.2217184784
1001370,447825.4189001333
1013421,450826.8907703106
1015301,590660.1003159591
1017109,450207.569871337
1015676,450207.569871337
1017458,451982.63775856636
1008208,451982.63775856636
1007353,680166.1202660131
1008482,400391.42018440174
1012137,450826.8907703106
1007552,451372.2217184784
1010626,447825.4189001333
1016647,451982.63775856636
1012836,450207.569871337
1011963,450207.569871337
1006077,450826.8907703106
1005704,450826.8907703106
1014859,451982.63775856636
1002251,450207.569871337
1017178,450207.569871337
1016402,599697.2483161034
1002133,450826.8907703106
1009486,451982.63775856636
1009102,450826.8907703106
1005549,451372.2217184784
1013951,451372.2217184784
1002669,450826.8907703106
1005582,631419.3591918838
1006231,812986.0773605289
1005945,450826.8907703106
1011222,436188.75212375476
1014054,392520.807095945
1014585,451372.2217184784
1005982,447825.4189001333
1007104,447825.4189001333
1000226,1142674.610902896
1004554,451372.2217184784
1001364,450826.8907703106
1008559,752785.451205095
1002563,450826.8907703106
1010861,451372.2217184784
1015344,404285.1857872544
1009564,447825.4189001333
1015191,450826.8907703106
1003615,314779.5880660303
1004982,450826.8907703106
1010654,450207.569871337
1014984,451982.63775856636
1004430,402334.5937223012
1009620,450207.569871337
1009512,451982.63775856636
1012753,447825.4189001333
1011538,450207.569871337
1015550,451372.2217184784
1011624,451372.2217184784
1017267,451372.2217184784
1004703,451372.2217184784
1015259,450826.8907703106
1014924,569185.8491384806
1006536,402422.8582578847
1002210,689295.4715451198
1011316,427683.12452204304
1007563,450207.569871337
1003269,450826.8907703106
1006886,450826.8907703106
1001127,450207.569871337
1012621,447825.4189001333
1012216,450826.8907703106
1016712,451982.63775856636
1010483,450207.569871337
1012680,450826.8907703106
1015573,450826.8907703106
1003917,451982.63775856636
1004058,483206.77707505017
1011148,529865.4344301649
1015192,934323.2659323005
1008235,328270.1450355214
1017124,451982.63775856636
1001806,450826.8907703106
1017028,451372.2217184784
1012785,451982.63775856636
1002547,450207.569871337
1015117,447825.4189001333
1001703,450207.569871337
1002941,356072.3927496638
1010873,451372.2217184784
1003464,447825.4189001333
1014731,682960.4183307092
1012513,450207.569871337
1017228,306463.3153835296
1012616,389558.46955799044
1000248,450207.569871337
1016711,371896.64244054374
1005809,451372.2217184784
1016126,450207.569871337
1015282,450207.569871337
1012762,576263.3781256342
1004139,450826.8907703106
1004368,353521.3677863901
1017209,451372.2217184784
1002495,451982.63775856636
1003090,450207.569871337
1013228,468890.109657138
1013070,451982.63775856636
1000115,450826.8907703106
1003581,450826.8907703106
1003622,451982.63775856636
1005612,451982.63775856636
1011838,326465.40591714083
1009105,450826.8907703106
1005811,447825.4189001333
1009186,451982.63775856636
1001459,451982.63775856636
1000005,451372.2217184784
1015578,447825.4189001333
1001766,367448.61264488567
1008605,451982.63775856636
1003294,458752.329478326
1000487,447825.4189001333
1016883,451982.63775856636
1003221,447825.4189001333
1007644,451372.2217184784
1012131,638860.0469923897
1012314,450826.8907703106
1000961,451982.63775856636
1001925,451372.2217184784
1012792,450826.8907703106
1004676,450826.8907703106
1008275,450826.8907703106
1004273,451372.2217184784
1010457,451372.2217184784
1006901,447825.4189001333
1012896,451372.2217184784
1006972,450826.8907703106
1015948,450207.569871337
1015988,451982.63775856636
1000163,447825.4189001333
1013141,450826.8907703106
1005988,450826.8907703106
1009963,583641.0850139057
1004803,451372.2217184784
1008882,451982.63775856636
1017030,447825.4189001333
1000548,514264.27043822844
1015271,463808.05553274404
1000320,450207.569871337
1014046,397431.40348958276
1005842,451372.2217184784
1011113,451982.63775856636
1011835,447825.4189001333
1003456,450826.8907703106
1012092,552748.1662978764
1012465,451372.2217184784
1001579,451982.63775856636
1004299,447825.4189001333
1016418,450207.569871337
1004445,451372.2217184784
1017233,451982.63775856636
1006381,451372.2217184784
1011498,450826.8907703106
1004565,451372.2217184784
1005227,771657.7827787596
1003105,450826.8907703106
1016236,450207.569871337
1013797,450207.569871337
1010090,474182.4978059593
1014293,489533.929612746
1002292,451982.63775856636
1011588,450826.8907703106
1007713,560217.5367515371
1003746,451982.63775856636
1012584,450826.8907703106
1016761,450826.8907703106
1000337,598159.8374137522
1005372,450207.569871337
1013346,450207.569871337
1003652,450207.569871337
1012479,396448.77574489196
1009036,451372.2217184784
1013690,447825.4189001333
1008645,450207.569871337
1005839,451372.2217184784
1016082,450826.8907703106
1009719,437603.09352216066
1012850,451372.2217184784
1009544,404677.83861043665
1002216,389551.3441893141
1015109,450207.569871337
1014919,431469.9962357429
1012876,450207.569871337
1009619,447825.4189001333
1011099,438588.5802658189
1014553,450207.569871337
1002020,447825.4189001333
1003346,345498.2043750078
1016090,298389.1865329831
1017491,451982.63775856636
1001295,451372.2217184784
1015693,441933.461094347
1017496,450207.569871337
1011255,447825.4189001333
1002693,484981.8633928595
1009332,578327.7389436706
1001005,451982.63775856636
1007044,450826.8907703106
1002040,409131.4423414702
1004023,450207.569871337
1003921,486205.7084427229
1005439,535458.7011560405
1000698,432513.11428403744
1004069,450207.569871337
1005931,709931.4146170481
1017556,451372.2217184784
1010798,451372.2217184784
1010510,451982.63775856636
1012281,359701.65857917897
1000338,553940.9252930793
1004760,451372.2217184784
1004007,291568.5256871456
1002904,450207.569871337
1004475,450207.569871337
1003380,451372.2217184784
1002052,451982.63775856636
1002680,622726.8719266646
1001879,451372.2217184784
1001043,450207.569871337
1003282,450207.569871337
1010706,447825.4189001333
1009933,578348.7896606931
1000122,450826.8907703106
1002043,451372.2217184784
1004831,450207.569871337
1005318,342303.16104558395
1004048,592520.861471345
1001883,447825.4189001333
1015014,447825.4189001333
1016585,451982.63775856636
1012431,450826.8907703106
1003506,447825.4189001333
1014051,450826.8907703106
1002616,447825.4189001333
1004394,451982.63775856636
1001234,450207.569871337
1005767,447825.4189001333
1008535,451372.2217184784
1012662,538236.7142052279
1007901,451982.63775856636
1016097,450826.8907703106
1007733,529847.5316582368
1006192,451982.63775856636
1017495,451372.2217184784
1002579,451982.63775856636
1001673,450207.569871337
1005307,426746.435000406
1006330,447825.4189001333
1002350,451982.63775856636
1013158,451982.63775856636
1005468,451372.2217184784
1017249,450826.8907703106
1013709,404033.5505314579
1002087,447825.4189001333
1014481,450207.569871337
1001049,474118.18516034714
1014582,450207.569871337
1003778,447825.4189001333
1009302,451982.63775856636
1015961,450826.8907703106
1016036,450826.8907703106
1002629,450207.569871337
1008063,298170.0879705288
1009127,450207.569871337
1012990,451982.63775856636
1001080,450826.8907703106
1015066,447825.4189001333
1011785,447825.4189001333
1011587,450826.8907703106
1016667,451372.2217184784
1004404,451982.63775856636
1003331,450207.569871337
1009345,447825.4189001333
1002559,358337.62538037065
1007828,450826.8907703106
1009742,450207.569871337
1011996,450826.8907703106
1006786,450207.569871337
1014417,401646.90166563424
1008249,450207.569871337
1000857,306865.28174931824
1007642,603843.6256373513
1014649,451372.2217184784
1013232,585060.1721678146
1016004,450207.569871337
1009158,450207.569871337
1011917,451982.63775856636
1000716,451372.2217184784
1008034,451982.63775856636
1017551,450207.569871337
1010730,278215.824986789
1009387,450826.8907703106
1004357,451982.63775856636
1010107,451982.63775856636
1012318,447825.4189001333
1003250,451372.2217184784
1003777,447825.4189001333
1015992,450207.569871337
1005158,450826.8907703106
1014091,450826.8907703106
1015058,451372.2217184784
1013697,450207.569871337
1013929,455228.0990666207
1016640,451372.2217184784
1004778,450207.569871337
1000630,450826.8907703106
1006052,450826.8907703106
1003670,739342.0553335367
1004520,451982.63775856636
1013241,451982.63775856636
1000647,450207.569871337
1016497,447825.4189001333
1012494,447825.4189001333
1009370,538159.7571286731
1009854,451982.63775856636
1009958,481985.9497591885
1004502,450207.569871337
1003829,450826.8907703106
1006574,450207.569871337
1008201,450826.8907703106
1006176,450207.569871337
1008497,447825.4189001333
1006713,447825.4189001333
1005689,451982.63775856636
1008061,447825.4189001333
1005963,615642.9797044902
1005427,451982.63775856636
1010997,450207.569871337
1005264,683146.1167244652
1000368,450826.8907703106
1015908,451982.63775856636
1013692,450207.569871337
1014816,450207.569871337
1010860,494261.6440460007
1005484,450207.569871337
1002371,450826.8907703106
1007305,390828.1067697304
1005027,450207.569871337
1011337,451372.2217184784
1017231,450826.8907703106
1002493,386738.91992185154
1000231,450826.8907703106
1004671,395364.9849426776
1008246,447825.4189001333
1003072,456603.0513060927
1009282,268754.596358291
1013216,658158.6028443594
1003237,447825.4189001333
1015317,451982.63775856636
1015751,447825.4189001333
1010362,450826.8907703106
1001899,530776.1054726567
1001759,447825.4189001333
1001897,451372.2217184784
1012663,450207.569871337
1002705,450826.8907703106
1012538,451372.2217184784
1003799,447825.4189001333
1012031,619501.4343025525
1014505,451372.2217184784
1010925,408645.1682994855
1000352,403868.217230835
1008825,544729.0265322258
1003051,450207.569871337
1002548,450826.8907703106
1008006,353573.78844646807
1005130,451372.2217184784
1016431,447825.4189001333
1016822,451982.63775856636
1007689,451982.63775856636
1000758,447825.4189001333
1015111,450826.8907703106
1004073,450826.8907703106
1013671,450207.569871337
1000237,450207.569871337
1005367,450826.8907703106
1012006,348807.1592515491
1017021,381834.32556449575
1008702,785828.1262630038
1004227,440014.54030137527
1005588,451982.63775856636
1009987,451982.63775856636
1016700,533528.6977601754
1005082,461361.977035827
1002553,447825.4189001333
1008646,451372.2217184784
1000420,451982.63775856636
1009170,450207.569871337
1001564,451982.63775856636
1010659,450207.569871337
1000987,450207.569871337
1011475,451372.2217184784
1013245,328290.3538807213
1004395,447825.4189001333
1006829,450207.569871337
1003001,520070.54430444853
1009379,450207.569871337
1017298,447825.4189001333
1011146,450207.569871337
1013139,450207.569871337
1009770,450207.569871337
1008650,450207.569871337
1000479,641870.4429828791
1015698,485590.8706467228
1014537,329384.00936306606
1010264,532677.9112717065
1016345,451982.63775856636
1008540,450826.8907703106
1010475,450826.8907703106
1003875,451372.2217184784
1010168,447825.4189001333
1003653,339772.3562572643
1006095,450207.569871337
1014600,450207.569871337
1017255,451982.63775856636
1016152,450207.569871337
1002963,450207.569871337
1010032,447825.4189001333
1004943,451372.2217184784
1012310,417115.61580252764
1016247,451372.2217184784
1011308,451372.2217184784
1014194,450207.569871337
1015126,451982.63775856636
1005526,450826.8907703106
1005893,447825.4189001333
1005921,450207.569871337
1010024,451372.2217184784
1007560,447825.4189001333
1003129,450207.569871337
1008127,450826.8907703106
1014304,450826.8907703106
1003842,450826.8907703106
1001987,450207.569871337
1011010,450826.8907703106
1010198,944559.4202706958
1015281,450826.8907703106
1015657,457373.60687810276
1017113,768968.8117946616
1008968,450207.569871337
1012420,450826.8907703106
1015991,450826.8907703106
1006429,450826.8907703106
1011171,401468.10418950586
1005999,459103.4232753244
1006544,463862.29481298267
1017099,640793.5188691312
1014330,447825.4189001333
1007042,551193.9906478437
1009070,451982.63775856636
1010215,450207.569871337
1011251,447825.4189001333
1004917,450207.569871337
1001223,450826.8907703106
1015544,450207.569871337
1013887,360599.3860826892
1012667,451982.63775856636
1000310,451982.63775856636
1006758,450826.8907703106
1016539,450207.569871337
1010487,447825.4189001333
1002515,450207.569871337
1008090,450826.8907703106
1005818,451982.63775856636
1014099,451982.63775856636
1002886,346727.67218674626
1010339,600534.1616190714
1007609,388799.8054434272
1017309,450826.8907703106
1010840,451982.63775856636
1011818,521834.429377971
1016045,450207.569871337
1014596,286109.2110953742
1005328,447825.4189001333
1004256,447825.4189001333
1017534,451372.2217184784
1004556,500170.61952155695
1003263,451982.63775856636
1013599,451372.2217184784
1002054,451982.63775856636
1005623,451982.63775856636
1012392,450207.569871337
1011448,574147.3679503244
1014038,570884.1391263222
1003908,450826.8907703106
1011602,450826.8907703106
1009452,455423.1269968436
1014532,410035.563626107
1013008,447825.4189001333
1007314,450207.569871337
1010355,450207.569871337
1003348,451372.2217184784
1017555,451982.63775856636
1008509,514965.98495873506
1005695,450826.8907703106
1008815,451372.2217184784
1006021,396209.4214490243
1007356,490928.8887381262
1011038,451982.63775856636
1005195,447825.4189001333
1003109,447825.4189001333
1003579,451982.63775856636
1012913,430466.3497076121
1013003,341563.9316154993
1013981,379366.3883954858
1016144,450826.8907703106
1006948,568395.2204012984
1009948,450207.569871337
1000085,451982.63775856636
1010735,451372.2217184784
1014102,414984.4782764168
1005854,451372.2217184784
1008097,451982.63775856636
1014334,447825.4189001333
1017527,450207.569871337
1006970,850806.0482401479
1006353,450207.569871337
1001437,447825.4189001333
1002727,447825.4189001333
1009001,496682.91728494636
1005313,450207.569871337
1002258,716341.879713066
1013953,451372.2217184784
1009372,451372.2217184784
1003681,451372.2217184784
1008187,451372.2217184784
1006570,447825.4189001333
1000357,451982.63775856636
1003989,450207.569871337
1003422,447825.4189001333
1016580,642694.1099531288
1013255,451372.2217184784
1002731,447825.4189001333
1014996,447825.4189001333
1000864,819427.8360645798
1002172,450826.8907703106
1009983,450826.8907703106
1012646,451982.63775856636
1017244,442902.5129168985
1011352,450826.8907703106
1002383,438469.6180407378
1007526,450207.569871337
1005669,450826.8907703106
1000378,447825.4189001333
1012426,563495.338489977
1016758,450207.569871337
1001694,450826.8907703106
1012618,455404.7569460482
1008533,535743.2405036262
1009804,450207.569871337
1004038,451372.2217184784
1010007,450826.8907703106
1004127,451982.63775856636
1004033,451982.63775856636
1009432,450826.8907703106
1013474,450207.569871337
1016812,447825.4189001333
1005136,450826.8907703106
1016204,451372.2217184784
1009947,451982.63775856636
1007212,485368.57584924856
1016198,451982.63775856636
1014338,450207.569871337
1000522,447825.4189001333
1008476,451982.63775856636
1001654,718453.084736158
1016612,450207.569871337
1017476,467908.8683093073
1008878,450826.8907703106
1013967,450207.569871337
1001792,450826.8907703106
1012212,627553.3247068224
1016795,485883.8707308494
1011134,538406.574117108
1005989,451982.63775856636
1005652,447825.4189001333
1011809,447825.4189001333
1000026,451372.2217184784
1009288,447825.4189001333
1001391,451372.2217184784
1011640,447825.4189001333
1015909,451982.63775856636
1012954,338253.36370660993
1009521,451982.63775856636
1006839,451372.2217184784
1017315,451982.63775856636
1011090,450207.569871337
1006288,450207.569871337
1015993,447825.4189001333
1014606,450207.569871337
1012993,408365.98803575046
1014153,447825.4189001333
1013779,451372.2217184784
1003036,321354.38168709213
1006645,451372.2217184784
1012213,390123.0216652116
1014124,450826.8907703106
1007482,447825.4189001333
1013706,451982.63775856636
1006794,411164.9631409211
1004410,451982.63775856636
1016958,450207.569871337
1013507,450207.569871337
1016340,451982.63775856636
1000722,450826.8907703106
1011669,450207.569871337
1014515,459612.2845050968
1002605,347266.49854238797
1012060,327735.92916147265
1010799,511643.4962333543
1015447,451982.63775856636
1017083,325925.4769585531
1000842,451372.2217184784
1016061,451372.2217184784
1010101,665913.5318582128
1011648,450207.569871337
1007455,535677.3052572947
1001920,550921.9063900041
1010750,450207.569871337
1008960,451372.2217184784
1000240,450826.8907703106
1002368,447825.4189001333
1005929,447825.4189001333
1001849,451372.2217184784
1004926,451982.63775856636
1005720,697886.9409408489
1010995,723654.2112025465
1005789,451372.2217184784
1008252,450826.8907703106
1009454,309039.8845022959
1006238,447825.4189001333
1004477,739921.574258237
1007198,450207.569871337
1010752,544672.4806747756
1013227,636826.6735276325
1009605,450826.8907703106
1008585,451982.63775856636
1004621,450826.8907703106
1006763,447825.4189001333
1007389,450826.8907703106
1002943,451982.63775856636
1003483,451982.63775856636
1003337,451372.2217184784
1012466,611086.7409033494
1012040,450826.8907703106
1009574,450826.8907703106
1009115,447825.4189001333
1004965,447825.4189001333
1011224,320869.2687508991
1011883,450826.8907703106
1011344,450826.8907703106
1000326,451982.63775856636
1000303,451372.2217184784
1006848,780678.8578144325
1014951,451372.2217184784
1010138,450207.569871337
1006583,583599.3065593075
1012564,451982.63775856636
1005412,556884.8218550915
1008135,450826.8907703106
1002195,450207.569871337
1004799,447825.4189001333
1013781,418921.89735819184
1002764,451982.63775856636
1004291,447825.4189001333
1004325,330569.02758346335
1007636,340313.7724138826
1005487,450207.569871337
1009267,447825.4189001333
1017170,450207.569871337
1009436,447825.4189001333
1004280,451982.63775856636
1001947,324407.1415809489
1010046,292753.82207093545
1002440,382646.62324781565
1012844,470297.8753632052
1001363,451372.2217184784
1013211,451372.2217184784
1005885,451982.63775856636
1012986,450207.569871337
1017313,451372.2217184784
1001384,451372.2217184784
1004915,489572.8223371086
1001491,450207.569871337
1014644,450207.569871337
1004086,447825.4189001333
1008351,451982.63775856636
1010939,451982.63775856636
1013417,451372.2217184784
1006323,451982.63775856636
1016369,451982.63775856636
1011036,482511.8831625485
1017015,451982.63775856636
1001704,450207.569871337
1003969,450207.569871337
1013093,451372.2217184784
1007414,450207.569871337
1003789,451372.2217184784
1013607,586141.3475670973
1012456,450207.569871337
1010937,451982.63775856636
1004465,1018058.7976666224
1017382,453109.1854117152
1015146,623658.1720999026
1003332,536341.3639741786
1005018,451982.63775856636
1015650,689628.6464032804
1002708,451982.63775856636
1008944,451982.63775856636
1012630,450826.8907703106
1010026,583463.8893724426
1005826,451372.2217184784
1007928,394158.6815236591
1015365,451982.63775856636
1009505,450826.8907703106
1009238,447825.4189001333
1007810,451982.63775856636
1000648,451372.2217184784
1009396,451982.63775856636
1008655,447825.4189001333
1001470,451982.63775856636
1000667,450207.569871337
1007857,451372.2217184784
1006984,450826.8907703106
1005031,450207.569871337
1013105,450826.8907703106
1008392,569722.3435908293
1011853,451372.2217184784
1004988,503935.21176514437
1006349,451982.63775856636
1017439,450207.569871337
1004922,451372.2217184784
1012855,447825.4189001333
1011458,739824.4221608848
1008828,451372.2217184784
1006297,451372.2217184784
1012460,451982.63775856636
1013582,513507.61814082565
1001998,451982.63775856636
1006371,450826.8907703106
1014425,451372.2217184784
1005066,450826.8907703106
1005308,391036.0143675752
1001698,450826.8907703106
1008961,450826.8907703106
1000920,447825.4189001333
1006538,450826.8907703106
1004784,331197.0012636959
1009044,450207.569871337
1016533,450826.8907703106
1003000,451372.2217184784
1015062,447825.4189001333
1007424,509945.98705906223
1000655,447825.4189001333
1006290,450207.569871337
1013187,450826.8907703106
1005907,451372.2217184784
1016223,447825.4189001333
1014048,450207.569871337
1001833,529740.5344784484
1000027,451372.2217184784
1014548,450207.569871337
1010166,450826.8907703106
1004900,451982.63775856636
1015439,728195.7645206008
1005755,343369.4047341379
1017269,546237.6113389268
1009028,451372.2217184784
1016987,604844.3278948833
1009646,371819.0222115627
1005668,447825.4189001333
1014661,451372.2217184784
1007254,450826.8907703106
1007064,451982.63775856636
1011274,447825.4189001333
1005882,447825.4189001333
1005568,447825.4189001333
1010803,450826.8907703106
1008212,451372.2217184784
1002856,487511.7802765045
1001157,451982.63775856636
1001103,438906.25469120016
1016543,524708.2172019894
1003838,371782.94872549264
1005590,331337.1786270556
1016697,451982.63775856636
1016932,450207.569871337
1003493,394860.55250167043
1011384,450207.569871337
1000341,451982.63775856636
1008266,451982.63775856636
1015334,451372.2217184784
1009557,451982.63775856636
1010593,447825.4189001333
1000782,450207.569871337
1013173,451982.63775856636
1011680,450826.8907703106
1009425,451982.63775856636
1013169,451372.2217184784
1008114,403323.87404299044
1001836,451982.63775856636
1008082,450207.569871337
1008062,517352.41665566317
1014650,327596.9676034465
1003845,451372.2217184784
1017272,451982.63775856636
1014188,450826.8907703106
1003256,450826.8907703106
1017079,447825.4189001333
1003973,450826.8907703106
1017372,559034.1300604931
1003827,451372.2217184784
1009414,682045.7798046154
1011660,451372.2217184784
1004156,451372.2217184784
1006957,450826.8907703106
1005104,451982.63775856636
1003617,450826.8907703106
1005714,450207.569871337
1005042,563534.6316767264
1000817,525998.1745046256
1013568,450207.569871337
1005269,450826.8907703106
1011473,450826.8907703106
1011802,450826.8907703106
1002845,451372.2217184784
1015763,450826.8907703106
1012443,447825.4189001333
1014574,450826.8907703106
1002760,450207.569871337
1004863,450207.569871337
1009291,397095.99445632356
1010324,447825.4189001333
1007071,615027.4047125077
1006532,447825.4189001333
1017330,450207.569871337
1012269,384762.3665167337
1008184,502502.9705015817
1006751,447825.4189001333
1002478,772919.9027107989
1001090,447825.4189001333
1000164,364680.3752564727
1011398,507292.58607046906
1016638,437830.98835888633
1010540,450826.8907703106
1007516,281549.4272386717
1015823,360174.9399135096
1004090,528496.7782672525
1003354,451982.63775856636
1008750,450207.569871337
1006026,450207.569871337
1016704,450207.569871337
1002257,450207.569871337
1003417,391699.81552555354
1005897,451372.2217184784
1001505,451982.63775856636
1013548,450826.8907703106
1016797,451372.2217184784
1000748,451982.63775856636
1010764,450826.8907703106
1004881,450826.8907703106
1010712,451372.2217184784
1013086,450207.569871337
1011839,451982.63775856636
1016507,450826.8907703106
1007129,450826.8907703106
1012761,328834.35163844633
1003806,451982.63775856636
1006613,451372.2217184784
1007280,515166.5100588006
1016489,450207.569871337
1007782,451372.2217184784
1014465,451982.63775856636
1011528,321276.270684492
1002190,447825.4189001333
1015293,451372.2217184784
1005829,447825.4189001333
1007201,450826.8907703106
1002925,501530.0612586367
1013956,450826.8907703106
1009317,447825.4189001333
1008864,447825.4189001333
1011032,451372.2217184784
1003832,594252.1838395372
1013428,451982.63775856636
1007006,451982.63775856636
1003901,447825.4189001333
1001395,520655.54675554455
1014658,447825.4189001333
1014538,451982.63775856636
1007910,771088.9791153357
1014623,390126.3078717517
1002089,781731.8430414784
1004832,389735.4600527775
1007160,483902.83352409524
1010085,450826.8907703106
1000427,451372.2217184784
1009872,450207.569871337
1009377,447825.4189001333
1003860,451982.63775856636
1002434,451982.63775856636
1000871,627841.7579231969
1004557,451982.63775856636
1003938,451372.2217184784
1006214,354697.3353525337
1000351,352424.04044938297
1007479,450826.8907703106
1012864,450735.8293189554
1016925,451982.63775856636
1004920,447825.4189001333
1000958,441732.68998150626
1008120,450826.8907703106
1013048,447825.4189001333
1002623,416752.84544296167
1014241,365289.9243652334
1006533,451982.63775856636
1007237,378128.6271590351
1006628,651594.9619985032
1011512,450207.569871337
1011675,450826.8907703106
1015430,397378.5690615202
1006047,451372.2217184784
1010694,451372.2217184784
1016928,450207.569871337
1013071,450826.8907703106
1012541,395061.9979348894
1004972,450207.569871337
1016433,451982.63775856636
1000241,447825.4189001333
1005448,451982.63775856636
1016924,447825.4189001333
1011416,441202.64202279365
1010443,512535.8752537551
1004608,451982.63775856636
1016775,451372.2217184784
1004771,447825.4189001333
1011689,451372.2217184784
1002725,683120.7557495625
1009645,447825.4189001333
1007535,382041.4202204831
1001801,451372.2217184784
1005144,347072.2535454161
1006439,555562.0688119457
1000909,450207.569871337
1008794,447825.4189001333
1011119,451372.2217184784
1000067,450826.8907703106
1008573,447825.4189001333
1003296,450207.569871337
1000537,450207.569871337
1015840,322314.6172098238
1009597,424085.21318725136
1013186,450826.8907703106
1001210,451372.2217184784
1011658,450207.569871337
1011029,451982.63775856636
1005538,451982.63775856636
1008305,640055.0153284138
1012651,450207.569871337
1010523,450826.8907703106
1000954,451982.63775856636
1007218,450207.569871337
1004411,450207.569871337
1011780,447825.4189001333
1017320,450826.8907703106
1011181,447825.4189001333
1002732,451372.2217184784
1003748,653640.3684416164
1005428,450207.569871337
1004287,450207.569871337
1008721,450826.8907703106
1000205,524107.9097664852
1016511,450826.8907703106
1013861,447825.4189001333
1011003,447825.4189001333
1012416,450826.8907703106
1002609,451372.2217184784
1009191,559553.3448344881
1013913,450826.8907703106
1000452,451372.2217184784
1005177,450207.569871337
1008879,451372.2217184784
1001111,485229.02516055055
1011604,450826.8907703106
1005271,451372.2217184784
1017205,450826.8907703106
1002860,515430.57706728025
1007097,462929.93197025434
1002404,450826.8907703106
1017160,300305.1605543264
1005783,899650.9110459182
1006080,451372.2217184784
1015906,447825.4189001333
1011243,450826.8907703106
1005964,450826.8907703106
1013859,521678.9526822836
1013755,450207.569871337
1000877,483774.34817036317
1007179,539617.3285203386
1001300,451982.63775856636
1001587,534216.7703980302
1003249,451982.63775856636
1011894,450826.8907703106
1008558,590701.1784739092
1005831,807382.8714680724
1013876,450207.569871337
1002581,450826.8907703106
1011129,450826.8907703106
1008609,451982.63775856636
1008697,450207.569871337
1005275,459823.9409044514
1014863,450826.8907703106
1010261,451372.2217184784
1014156,450826.8907703106
1005615,417986.8487119048
1015426,450826.8907703106
1005939,1058457.5146154596
1005541,550282.5397031725
1008957,450826.8907703106
1013031,447825.4189001333
1008046,451372.2217184784
1010978,407007.6982726716
1009634,451927.9658044617
1010427,451982.63775856636
1003412,450826.8907703106
1008903,451982.63775856636
1000184,450826.8907703106
1002364,401406.764024722
1003604,451372.2217184784
1016762,451982.63775856636
1005139,451372.2217184784
1008888,451982.63775856636
1005339,450826.8907703106
1002139,450207.569871337
1014733,451982.63775856636
1004849,451982.63775856636
1014759,450207.569871337
1004687,593997.0283670258
1002895,521510.0120871372
1010828,435110.37797724275
1015559,447825.4189001333
1008817,450826.8907703106
1010634,451982.63775856636
1006767,451982.63775856636
1013460,451372.2217184784
1009852,447825.4189001333
1008073,451372.2217184784
1016546,451982.63775856636
1011900,447825.4189001333
1006426,450826.8907703106
1010758,451372.2217184784
1010728,613326.1997676862
1001026,450207.569871337
1005061,451982.63775856636
1010131,451982.63775856636
1006155,450826.8907703106
1012179,442141.20062259573
1013914,451372.2217184784
1015094,450207.569871337
1012688,451372.2217184784
1005845,451982.63775856636
1012077,299136.0609405635
1004994,451372.2217184784
1006312,450207.569871337
1003502,322898.2504461331
1011757,450207.569871337
1009518,417082.37154070585
1008767,451372.2217184784
1004016,451982.63775856636
1015434,451982.63775856636
1003512,447825.4189001333
1007338,447825.4189001333
1009618,450826.8907703106
1009617,451372.2217184784
1002713,447825.4189001333
1003528,453487.8176655231
1011509,450826.8907703106
1005639,451372.2217184784
1000614,447825.4189001333
1015726,450207.569871337
1004774,450207.569871337
1006526,450207.569871337
1000367,521177.44632951176
1000167,451372.2217184784
1013089,259069.33847093917
1003184,451372.2217184784
1011684,450826.8907703106
1005610,590320.3915123275
1005287,450207.569871337
1001345,447825.4189001333
1006565,451372.2217184784
1011253,451982.63775856636
1016161,451372.2217184784
1016063,447825.4189001333
1014341,447825.4189001333
1015242,451372.2217184784
1007234,447825.4189001333
1007055,451982.63775856636
1010105,640029.5550811633
1006194,447825.4189001333
1004964,451982.63775856636
1000568,451982.63775856636
1005724,450207.569871337
1014426,682446.1710001891
1008663,451372.2217184784
1014978,450207.569871337
1014235,447825.4189001333
1011108,450207.569871337
1013960,450207.569871337
1008375,451982.63775856636
1001994,476073.2084156375
1002827,450826.8907703106
1003151,450826.8907703106
1005646,451982.63775856636
1013759,447825.4189001333
1007082,450826.8907703106
1014758,447825.4189001333
1002787,450207.569871337
1006926,450207.569871337
1016391,447825.4189001333
1008941,455117.8392482788
1015517,594092.0680418508
1016946,354543.2201321442
1001124,450207.569871337
1013716,344793.59183741605
1013297,451982.63775856636
1016251,447825.4189001333
1009426,290992.3251866753
1017185,451982.63775856636
1002878,369615.8199276916
1005837,451982.63775856636
1001016,450826.8907703106
1010782,450207.569871337
1010175,450207.569871337
1010722,451982.63775856636
1013394,450207.569871337
1005225,470324.8265776408
1015585,447825.4189001333
1015475,450207.569871337
1006637,450450.0926836662
1009663,505512.9220162132
1015380,519707.27338842204
1001588,450207.569871337
1007091,393403.03667188826
1004625,450207.569871337
1015237,450207.569871337
1013806,500624.8677047262
1016610,450826.8907703106
1008369,383659.76102394296
1017575,447825.4189001333
1003248,450826.8907703106
1000710,447825.4189001333
1010377,450826.8907703106
1007186,450207.569871337
1003485,447825.4189001333
1007436,451372.2217184784
1002819,450826.8907703106
1015388,447825.4189001333
1007870,451372.2217184784
1000993,451372.2217184784
1009402,450826.8907703106
1002373,401599.03680356557
1007907,450826.8907703106
1012536,504830.0032022121
1005426,498304.3006222203
1002910,451372.2217184784
1001426,450207.569871337
1004562,450207.569871337
1013995,454417.6527387503
1016428,450826.8907703106
1003242,450826.8907703106
1009533,451982.63775856636
1002793,447825.4189001333
1003289,450207.569871337
1005310,438594.85070735816
1001444,447825.4189001333
1006807,450207.569871337
1003334,361632.976319178
1006286,447825.4189001333
1015355,450207.569871337
1011168,438790.1912007112
1010638,666652.8982484103
1016395,451982.63775856636
1014314,660376.2301274892
1007797,450826.8907703106
1004265,450826.8907703106
1007357,447825.4189001333
1003673,447825.4189001333
1013728,451982.63775856636
1009636,451982.63775856636
1003923,447825.4189001333
1013888,450207.569871337
1007519,450826.8907703106
1010041,718442.6526394993
1011313,451982.63775856636
1011722,451372.2217184784
1006276,447825.4189001333
1014679,554191.9281045987
1012931,451372.2217184784
1017148,451372.2217184784
1010083,450826.8907703106
1014138,892054.7512965575
1016248,447825.4189001333
1009991,451982.63775856636
1013973,447825.4189001333
1002033,451372.2217184784
1003486,395817.9791755419
1000201,451372.2217184784
1005068,374223.2351179241
1012765,451372.2217184784
1008269,451982.63775856636
1004195,451372.2217184784
1002879,489909.12708820275
1000756,451372.2217184784
1017583,450207.569871337
1000105,373626.7574180901
1007509,450207.569871337
1000287,390503.891662113
1015634,926679.5459860004
1001197,624625.6909464649
1010221,451982.63775856636
1000918,297738.47279700986
1012100,451372.2217184784
1005159,483697.2534305677
1001413,451372.2217184784
1016273,450826.8907703106
1001740,451982.63775856636
1003224,535565.6992523597
1007231,450826.8907703106
1006541,450826.8907703106
1008923,450826.8907703106
1009049,450207.569871337
1008004,451372.2217184784
1012679,471287.46861085796
1009606,451372.2217184784
1012429,447825.4189001333
1013191,450207.569871337
1000196,450826.8907703106
1010944,451372.2217184784
1014161,630986.8189947037
1002010,433527.2127431178
1000873,802962.3168498077
1001620,450207.569871337
1003682,692367.158983445
1015470,450826.8907703106
1007196,450207.569871337
1007769,486810.82655100885
1014684,450826.8907703106
1006115,450207.569871337
1015995,451372.2217184784
1013423,447825.4189001333
1010992,431608.2794367588
1008402,451372.2217184784
1010580,451372.2217184784
1003094,450207.569871337
1005473,450207.569871337
1005946,451982.63775856636
1016752,450207.569871337
1004343,450826.8907703106
1017557,450207.569871337
1011306,450826.8907703106
1002716,450826.8907703106
1009868,450207.569871337
1007339,451372.2217184784
1013691,450207.569871337
1016534,608860.7663201325
1012605,447825.4189001333
1015251,450207.569871337
1006546,450207.569871337
1005834,450207.569871337
1008021,450826.8907703106
1006929,450207.569871337
1017345,447825.4189001333
1015979,447825.4189001333
1014785,381440.30317342514
1009506,498701.19627035817
1012059,451372.2217184784
1001682,450207.569871337
1001056,447825.4189001333
1013154,450207.569871337
1011907,706868.0176863738
1000645,450207.569871337
1014380,921396.7246553969
1004399,447825.4189001333
1012882,447825.4189001333
1013932,450207.569871337
1006161,447825.4189001333
1012135,451372.2217184784
1002181,450826.8907703106
1004035,450826.8907703106
1010027,450826.8907703106
1002080,447825.4189001333
1000717,450207.569871337
1001367,447825.4189001333
1008623,451982.63775856636
1015432,450826.8907703106
1002310,450826.8907703106
1013724,391889.6881405694
1006338,451372.2217184784
1013433,559975.073067909
1008945,451982.63775856636
1010677,665780.8299838216
1011289,447825.4189001333
1015310,451982.63775856636
1013294,450826.8907703106
1004685,669508.9736057263
1003246,450826.8907703106
1013087,450207.569871337
1007210,554510.7458287149
1002649,450826.8907703106
1014458,447825.4189001333
1011919,447825.4189001333
1004282,451372.2217184784
1006681,450207.569871337
1009545,451982.63775856636
1012165,451982.63775856636
1007025,450207.569871337
1007760,451372.2217184784
1007770,451982.63775856636
1009689,450207.569871337
1009569,447825.4189001333
1011411,475685.59105230914
1012615,462660.0592718779
1002325,447825.4189001333
1001297,447825.4189001333
1001202,708082.3889516226
1016385,451372.2217184784
1015072,450826.8907703106
1001678,390045.42480618175
1013606,533929.9187182109
1007949,447825.4189001333
1015814,351985.3625689807
1001984,639259.6424706435
1003131,487971.4137188011
1012408,447825.4189001333
1004137,515261.94694496086
1013240,501572.20151390566
1017563,450826.8907703106
1003200,451982.63775856636
1002859,891625.3001233997
1009956,429025.66376938124
1010503,451372.2217184784
1010193,536043.3702362846
1014711,704188.8634081796
1004637,451372.2217184784
1001867,627953.4879067268
1012393,327519.7756927478
1003403,451372.2217184784
1017586,450207.569871337
1007580,447825.4189001333
1004688,450826.8907703106
1016196,451372.2217184784
1014191,447825.4189001333
1010401,451982.63775856636
1007216,450826.8907703106
1002403,450207.569871337
1004055,447825.4189001333
1000956,450207.569871337
1002423,451372.2217184784
1002738,450826.8907703106
1013733,450826.8907703106
1012614,447825.4189001333
1015161,450826.8907703106
1010070,451372.2217184784
1013683,331208.1832480161
1017319,450826.8907703106
1013247,259288.01842674334
1005511,355748.82799728424
1002803,447825.4189001333
1008711,404705.8005266187
1005584,422586.3687751134
1013658,769673.4027651176
1013519,405385.33777716744
1013280,451982.63775856636
1015884,365942.458410262
1003425,451372.2217184784
1014270,450826.8907703106
1004501,451982.63775856636
1002665,447825.4189001333
1008274,450826.8907703106
1007988,450207.569871337
1012634,451372.2217184784
1008754,451372.2217184784
1008439,767916.526281355
1012725,451372.2217184784
1016549,450207.569871337
1011702,451982.63775856636
1015230,489062.87327559927
1015028,447825.4189001333
1007753,447825.4189001333
1008087,451982.63775856636
1008098,450826.8907703106
1014036,451982.63775856636
1001376,450826.8907703106
1006783,451982.63775856636
1007153,450207.569871337
1016996,451982.63775856636
1016298,310807.6517989642
1001997,406030.99644420424
1013358,451982.63775856636
1003558,689939.8460303219
1011530,450826.8907703106
1012555,451372.2217184784
1014884,451372.2217184784
1000623,451372.2217184784
1004927,450207.569871337
1017426,450826.8907703106
1009200,447825.4189001333
1002586,480199.5052076143
1013194,450826.8907703106
1009479,450207.569871337
1013846,326112.17085839517
1004740,450826.8907703106
1003006,450826.8907703106
1002999,451372.2217184784
1001941,447825.4189001333
1003093,450826.8907703106
1004752,447825.4189001333
1015955,451372.2217184784
1004783,450826.8907703106
1016140,679337.0528638907
1008047,447825.4189001333
1014061,450826.8907703106
1015034,626553.9792571829
1016201,447825.4189001333
1008848,586199.8201310987
1016974,450826.8907703106
1008048,450207.569871337
1000329,451372.2217184784
1004659,426282.7926545499
1002599,450207.569871337
1005770,447825.4189001333
1011470,451372.2217184784
1010881,450826.8907703106
1008971,450826.8907703106
1017076,451372.2217184784
1004384,451982.63775856636
1005402,450207.569871337
1014223,451372.2217184784
1000651,450207.569871337
1004433,451372.2217184784
1001817,451372.2217184784
1006535,450826.8907703106
1000492,451982.63775856636
1003067,451982.63775856636
1014094,447825.4189001333
1002863,543683.5567216248
1003013,450207.569871337
1000183,450207.569871337
1004402,410083.05922752665
1008320,450207.569871337
1017095,491470.6063172262
1001021,447825.4189001333
1016879,451372.2217184784
1001150,488320.7207821505
1016724,447825.4189001333
1006211,392211.83793293283
1017456,447825.4189001333
1002953,451372.2217184784
1002757,447825.4189001333
1012784,450826.8907703106
1002532,319358.50162502786
1013961,321581.99060976366
1010721,447825.4189001333
1015808,412169.60133427416
1001265,450207.569871337
1010742,451982.63775856636
1008079,450826.8907703106
1006556,447825.4189001333
1016046,426438.2592364451
1006363,450207.569871337
1005650,451372.2217184784
1017329,450826.8907703106
1010372,338062.88435265806
1000383,394795.8948477405
1011776,431918.19952371565
1017577,704027.2389998698
1016570,450207.569871337
1001664,447825.4189001333
1000866,451982.63775856636
1012715,451982.63775856636
1005516,451982.63775856636
1015839,450826.8907703106
1002470,450207.569871337
1010311,451372.2217184784
1002841,430093.7650030333
1003948,451982.63775856636
1003846,450207.569871337
1008470,450207.569871337
1010242,450826.8907703106
1013904,447825.4189001333
1015891,451372.2217184784
1002484,451982.63775856636
1007165,451982.63775856636
1005267,451238.2121322291
1009801,450207.569871337
1015004,314650.9906701458
1004422,525239.8421599071
1005851,451982.63775856636
1013543,450826.8907703106
1016696,447825.4189001333
1000937,450207.569871337
1012992,352116.23718047066
1011486,450207.569871337
1003110,451372.2217184784
1007505,487051.4357002903
1004725,542756.9303603611
1014146,450207.569871337
1011015,451372.2217184784
1016651,800118.9844980903
1015219,447825.4189001333
1004234,451372.2217184784
1017229,450826.8907703106
1001372,450207.569871337
1012085,450826.8907703106
1009143,451982.63775856636
1011767,450826.8907703106
1010271,450826.8907703106
1002283,451372.2217184784
1003035,451372.2217184784
1014105,450207.569871337
1001110,451372.2217184784
1002284,451372.2217184784
1010343,447825.4189001333
1014791,451372.2217184784
1013427,450826.8907703106
1008685,475797.3351378024
1013345,506970.48541102075
1008446,366989.6256177399
1002444,451372.2217184784
1004168,447825.4189001333
1011745,451982.63775856636
1002569,447825.4189001333
1007069,450207.569871337
1002967,450826.8907703106
1003073,450826.8907703106
1004727,451982.63775856636
1000308,451982.63775856636
1017166,450826.8907703106
1008893,506088.0190668037
1010606,450826.8907703106
1011937,447825.4189001333
1015279,451982.63775856636
1000448,520028.48102543596
1011813,450826.8907703106
1004601,451372.2217184784
1010906,450826.8907703106
1001281,393226.01044372213
1017430,447825.4189001333
1009268,447825.4189001333
1008209,451372.2217184784
1013366,467120.88884872344
1006938,451372.2217184784
1004283,375869.7200168173
1013720,842223.6439179492
1004787,450826.8907703106
1007061,451372.2217184784
1000598,451372.2217184784
1011905,447825.4189001333
1011954,450826.8907703106
1007732,451982.63775856636
1010940,450207.569871337
1002989,450826.8907703106
1006028,451982.63775856636
1002679,394723.8817766634
1012257,811168.1379308488
1003428,263240.39431427896
1001478,450826.8907703106
1007957,451372.2217184784
1002919,451372.2217184784
1009838,451372.2217184784
1002942,450826.8907703106
1007771,589727.8749839778
1003967,773421.2544542025
1011405,450826.8907703106
1013935,521988.80707886344
1003882,451982.63775856636
1005629,375304.75919837196
1009869,451982.63775856636
1017409,447825.4189001333
1008480,451982.63775856636
1006749,450207.569871337
1011324,450826.8907703106
1001122,450207.569871337
1006579,447825.4189001333
1017116,497138.45421836484
1007790,450207.569871337
1007525,451982.63775856636
1012280,447825.4189001333
1006779,447825.4189001333
1007875,447825.4189001333
1003893,447825.4189001333
1011389,615570.1909060907
1017016,451372.2217184784
1002902,310857.3717930308
1008421,450207.569871337
1003775,450207.569871337
1001428,467764.34040869644
1008840,454511.34986935806
1015298,451132.65551217383
1010760,450207.569871337
1012880,300516.6173948259
1004450,447825.4189001333
1003173,450826.8907703106
1001955,450826.8907703106
1013804,350881.7943329703
1010632,548959.4038842659
1001988,450826.8907703106
1016348,451982.63775856636
1010239,450826.8907703106
1015379,450207.569871337
1016709,447825.4189001333
1002555,447825.4189001333
1014351,450207.569871337
1005843,451982.63775856636
1005286,450207.569871337
1004602,451982.63775856636
1014534,450826.8907703106
1014466,451372.2217184784
1000731,447825.4189001333
1016167,451982.63775856636
1004317,451372.2217184784
1001045,450826.8907703106
1016154,451372.2217184784
1014564,450826.8907703106
1001929,451372.2217184784
1010763,451372.2217184784
1002031,450207.569871337
1005378,447825.4189001333
1016660,450826.8907703106
1000653,450826.8907703106
1005252,450207.569871337
1012195,451407.5541831472
1002023,447825.4189001333
1015997,413369.5269040182
1016626,451982.63775856636
1001082,451982.63775856636
1005099,451982.63775856636
1015069,450207.569871337
1007878,451982.63775856636
1002598,451372.2217184784
1015220,447825.4189001333
1006177,727502.6352101755
1004769,451982.63775856636
1013734,450826.8907703106
1007736,447825.4189001333
1005855,447825.4189001333
1000509,451982.63775856636
1003362,450826.8907703106
1005152,447825.4189001333
1016611,450826.8907703106
1009864,451982.63775856636
1016558,451372.2217184784
1003772,450207.569871337
1006826,451982.63775856636
1015670,447825.4189001333
1001260,455046.58387315145
1014952,450826.8907703106
1017089,447825.4189001333
1016780,451982.63775856636
1014599,451372.2217184784
1016012,451982.63775856636
1007124,451372.2217184784
1004130,463005.5133642252
1009935,450207.569871337
1014442,445108.3456196908
1011201,451982.63775856636
1011703,450207.569871337
1010516,450207.569871337
1003892,451982.63775856636
1003800,451372.2217184784
1000994,450826.8907703106
1010813,664653.7250894913
1011041,427892.60806672665
1011034,451372.2217184784
1016172,878399.5248893698
1014525,451982.63775856636
1008170,699283.6721068159
1017122,447825.4189001333
1010106,451982.63775856636
1004955,528162.8671132204
1003807,438858.3079505833
1011404,450207.569871337
1011359,433004.8247233014
1013524,450826.8907703106
1016108,451982.63775856636
1011992,451982.63775856636
1010451,643860.5949267462
1007057,450826.8907703106
1003185,496337.4983610729
1004166,364536.5050274554
1011668,450207.569871337
1001827,451372.2217184784
1016731,355403.2341503552
1015835,451982.63775856636
1016346,447825.4189001333
1009702,447825.4189001333
1016192,473490.6621792668
1015136,451982.63775856636
1009488,451372.2217184784
1001418,451372.2217184784
1007143,451372.2217184784
1008149,450207.569871337
1014249,450207.569871337
1001937,441382.8215679803
1005905,263436.4226275622
1017593,447825.4189001333
1015152,447825.4189001333
1008746,478208.23672460875
1004026,450207.569871337
1015850,447825.4189001333
1001631,450207.569871337
1010649,450826.8907703106
1017385,451372.2217184784
1007684,553036.4831334095
1003533,433114.37187430065
1016886,450826.8907703106
1011373,450207.569871337
1007594,340089.83305883774
1001641,451372.2217184784
1014539,450207.569871337
1004754,451372.2217184784
1011887,447825.4189001333
1010565,817137.1173556246
1005649,451372.2217184784
1009100,451372.2217184784
1001146,450826.8907703106
1002933,447825.4189001333
1014883,451982.63775856636
1001960,451372.2217184784
1014354,450826.8907703106
1002740,447825.4189001333
1005293,450826.8907703106
1008939,447825.4189001333
1002029,365539.7309543218
1007547,447825.4189001333
1011991,447825.4189001333
1015569,451982.63775856636
1010519,451372.2217184784
1014349,451372.2217184784
1007289,450207.569871337
1006559,451372.2217184784
1005452,450207.569871337
1007962,447825.4189001333
1011662,451372.2217184784
1015757,450207.569871337
1014591,450826.8907703106
1011040,450207.569871337
1005379,450826.8907703106
1011543,451982.63775856636
1014511,414289.6084998419
1003432,675058.2098517595
1001617,642715.7025083282
1007273,555236.374438587
1012253,447825.4189001333
1001608,450207.569871337
1011523,447825.4189001333
1003946,451982.63775856636
1003941,447825.4189001333
1004541,447825.4189001333
1009095,450207.569871337
1007755,451372.2217184784
1005984,450826.8907703106
1013546,451372.2217184784
1002130,450826.8907703106
1008571,451372.2217184784
1003804,451982.63775856636
1017351,451982.63775856636
1004636,451372.2217184784
1013178,451982.63775856636
1006133,451982.63775856636
1015916,447825.4189001333
1009906,451372.2217184784
1016377,451372.2217184784
1010584,451372.2217184784
1012065,276385.2157256674
1015529,451982.63775856636
1007845,450207.569871337
1007497,457017.251978506
1006039,451982.63775856636
1001679,450207.569871337
1016354,550930.5855654744
1015148,450207.569871337
1010774,450207.569871337
1017167,450826.8907703106
1007040,293452.81816624897
1000950,447825.4189001333
1014876,450207.569871337
1003924,451982.63775856636
1013308,450826.8907703106
1013505,450826.8907703106
1015442,450826.8907703106
1016559,279140.7663352245
1013040,451372.2217184784
1004884,450207.569871337
1008910,482710.80792283016
1013539,451982.63775856636
1008491,673055.6456401814
1006812,451982.63775856636
1007903,450826.8907703106
1008567,450826.8907703106
1010680,451982.63775856636
1003555,450207.569871337
1004379,451982.63775856636
1004270,482682.59513853746
1016112,447825.4189001333
1015092,447825.4189001333
1017548,451982.63775856636
1013757,450207.569871337
1007754,451372.2217184784
1012834,451982.63775856636
1003027,447825.4189001333
1006776,600797.309346473
1007682,317741.92777028005
1004499,340810.3133611645
1002522,450826.8907703106
1009582,534428.3577598382
1006138,450826.8907703106
1012918,451982.63775856636
1016800,447825.4189001333
1007801,528223.8002632292
1002844,451372.2217184784
1004022,714716.9887361801
1000074,451372.2217184784
1014543,993830.7134992095
1016197,450826.8907703106
1016532,376330.82079248375
1014626,450826.8907703106
1001108,450826.8907703106
1015364,515949.0030404193
1007253,451372.2217184784
1002861,450826.8907703106
1011553,506627.7961736969
1010201,477077.23224111507
1013033,528705.084002134
1002882,384797.0820933728
1002973,450826.8907703106
1007723,451372.2217184784
1012622,450826.8907703106
1003420,450826.8907703106
1014709,450826.8907703106
1013322,450826.8907703106
1011312,450207.569871337
1010213,460028.9557085236
1000934,450826.8907703106
1015348,539432.9516347715
1010635,450207.569871337
1009189,447825.4189001333
1007276,447825.4189001333
1004378,450207.569871337
1002106,501462.9393771225
1009065,450207.569871337
1015329,450207.569871337
1001499,447825.4189001333
1002415,447825.4189001333
1005154,450207.569871337
1014849,447825.4189001333
1008743,451372.2217184784
1014318,447825.4189001333
1015283,450826.8907703106
1009318,451982.63775856636
1002121,450207.569871337
1013701,451372.2217184784
1012483,451982.63775856636
1005165,447825.4189001333
1002980,451982.63775856636
1004532,402782.43368027016
1015737,450207.569871337
1012444,450207.569871337
1000149,451372.2217184784
1001123,607219.6056739081
1010289,447825.4189001333
1017450,407030.5386063149
1010512,451372.2217184784
1008996,639785.2206234692
1012268,451372.2217184784
1011122,450207.569871337
1006083,451372.2217184784
1011854,451372.2217184784
1008860,708240.9254370629
1012678,451982.63775856636
1002076,450826.8907703106
1015083,450826.8907703106
1013593,450826.8907703106
1008398,579785.7791935984
1010907,447825.4189001333
1015415,451372.2217184784
1015791,451372.2217184784
1005020,450826.8907703106
1004392,841676.0423902443
1011974,451982.63775856636
1016162,451372.2217184784
1009125,450826.8907703106
1010404,451982.63775856636
1002818,450207.569871337
1001261,450826.8907703106
1000032,447825.4189001333
1008718,451372.2217184784
1014464,450207.569871337
1000941,451372.2217184784
1003606,450826.8907703106
1016687,451982.63775856636
1004526,382859.88553329906
1009681,450207.569871337
1007260,805048.3997810181
1016442,616743.8931882019
1008227,451982.63775856636
1006705,451372.2217184784
1002747,540170.2708660382
1008959,451982.63775856636
1009748,451982.63775856636
1015263,346165.46190565143
1010619,451982.63775856636
1015596,450826.8907703106
1014238,447825.4189001333
1005208,450826.8907703106
1016997,451372.2217184784
1010241,450207.569871337
1007998,397043.7551712983
1006234,662219.5549131966
1008169,322405.3256286065
1010368,450207.569871337
1012378,450207.569871337
1015952,450826.8907703106
1006854,451982.63775856636
1005673,451982.63775856636
1000306,451982.63775856636
1005688,451372.2217184784
1003914,361967.91866243083
1000476,447825.4189001333
1010018,447825.4189001333
1003590,645711.8051730271
1012928,447825.4189001333
1007019,402720.044712246
1013791,450207.569871337
1001420,450826.8907703106
1006576,450826.8907703106
1002218,450207.569871337
1009187,451982.63775856636
1007730,447825.4189001333
1000462,451982.63775856636
1003669,450207.569871337
1017018,451982.63775856636
1002903,399014.3254855004
1006201,450207.569871337
1012236,451372.2217184784
1007136,450826.8907703106
1003120,451372.2217184784
1003561,447825.4189001333
1009790,450826.8907703106
1003720,447825.4189001333
1007487,447825.4189001333
1012183,450207.569871337
1001518,447825.4189001333
1013710,451982.63775856636
1011663,467866.2220526873
1012656,450826.8907703106
1012005,447825.4189001333
1017386,450207.569871337
1015996,450207.569871337
1001095,447825.4189001333
1002978,447825.4189001333
1004241,450826.8907703106
1015532,450826.8907703106
1017049,451372.2217184784
1010078,451982.63775856636
1001076,450207.569871337
1003724,450207.569871337
1006175,451372.2217184784
1000570,447825.4189001333
1002126,450207.569871337
1008644,451372.2217184784
1004970,450826.8907703106
1010747,447825.4189001333
1014040,451372.2217184784
1007665,450826.8907703106
1016080,353214.28478208417
1015195,643550.8293295362
1007191,517531.3873609081
1007324,450826.8907703106
1002191,450207.569871337
1001302,444964.41504783096
1016043,450207.569871337
1003643,447825.4189001333
1011901,672057.5160128281
1004284,699228.6920949941
1004053,450207.569871337
1009755,450207.569871337
1010074,447825.4189001333
1001775,451372.2217184784
1010733,450207.569871337
1012126,422851.1330767171
1014565,450207.569871337
1008666,450826.8907703106
1012394,451982.63775856636
1015215,447825.4189001333
1006537,447825.4189001333
1002426,447825.4189001333
1008456,451982.63775856636
1002849,451372.2217184784
1017501,451982.63775856636
1008799,450207.569871337
1014767,451982.63775856636
1012047,447825.4189001333
1003488,447825.4189001333
1002094,507017.86339937727
1003385,451982.63775856636
1001834,451982.63775856636
1014265,424115.2507446323
1011841,447825.4189001333
1000833,447825.4189001333
1010827,451982.63775856636
1008182,447825.4189001333
1013937,404747.9899182655
1016624,451982.63775856636
1016682,451372.2217184784
1011375,447825.4189001333
1007696,319712.5391067845
1008198,451982.63775856636
1012568,450207.569871337
1001837,450826.8907703106
1013151,447825.4189001333
1009188,447825.4189001333
1013327,451982.63775856636
1013857,451372.2217184784
1015973,451372.2217184784
1007350,447825.4189001333
1002656,434013.9752554019
1005085,753842.4562188797
1000501,502297.5975909056
1004396,963252.9667838316
1003149,451372.2217184784
1002041,480112.71811602864
1016194,451372.2217184784
1016522,450826.8907703106
1009850,447825.4189001333
1017392,754979.9770220445
1011542,451372.2217184784
1008607,447825.4189001333
1008287,450826.8907703106
1013279,451982.63775856636
1004838,450207.569871337
1008281,672231.9246524719
1000225,451372.2217184784
1005403,447825.4189001333
1010521,451372.2217184784
1006280,450207.569871337
1014861,450826.8907703106
1011244,649470.7142394322
1005606,451372.2217184784
1013376,450826.8907703106
1012331,447825.4189001333
1012200,436082.25413663825
1015106,447825.4189001333
1003306,450826.8907703106
1001928,450207.569871337
1013747,451372.2217184784
1005253,450207.569871337
1017022,451372.2217184784
1009342,450826.8907703106
1009698,447825.4189001333
1017311,450826.8907703106
1009243,450207.569871337
1008009,450826.8907703106
1009120,451372.2217184784
1015994,451982.63775856636
1016947,450826.8907703106
1003121,450207.569871337
1002150,413172.0137386444
1010328,450207.569871337
1005537,450207.569871337
1015065,584011.7294248217
1011304,375865.83770326944
1000963,365012.55232260475
1015137,451372.2217184784
1013430,694779.8442562142
1004773,450207.569871337
1003974,447825.4189001333
1016342,451372.2217184784
1013062,450826.8907703106
1001199,451982.63775856636
1017455,450826.8907703106
1004337,447825.4189001333
1014901,450207.569871337
1002324,451372.2217184784
1009086,447825.4189001333
1005679,451372.2217184784
1017437,451982.63775856636
1000566,451982.63775856636
1013215,451372.2217184784
1008385,398672.24485723686
1002142,450207.569871337
1014798,450826.8907703106
1005052,450826.8907703106
1005166,450826.8907703106
1007916,450207.569871337
1004973,451982.63775856636
1002196,450826.8907703106
1004656,447825.4189001333
1010410,414709.7684797636
1003127,451982.63775856636
1007763,447825.4189001333
1009826,450826.8907703106
1010600,451372.2217184784
1017260,451982.63775856636
1000679,478449.55043256853
1000905,451982.63775856636
1004062,451982.63775856636
1011761,447825.4189001333
1002519,450826.8907703106
1006246,388828.37085892935
1014668,450826.8907703106
1003082,450207.569871337
1014172,773184.096065991
1000988,450826.8907703106
1016805,528073.2307041523
1000220,450826.8907703106
1011743,278992.4057511587
1008660,450826.8907703106
1001593,451372.2217184784
1011867,389276.2813359047
1006010,447825.4189001333
1000525,369551.5840911974
1004530,450826.8907703106
1001720,450826.8907703106
1013810,451982.63775856636
1012255,419885.24826268427
1001933,450207.569871337
1004668,451982.63775856636
1006702,451372.2217184784
1009060,471674.1889885493
1016242,451372.2217184784
1016574,451982.63775856636
1009476,450826.8907703106
1002438,450826.8907703106
1008895,450826.8907703106
1002922,462738.8811044469
1002580,451982.63775856636
1005398,447825.4189001333
1015615,450826.8907703106
1011615,439901.8347510518
1006345,450826.8907703106
1010972,450207.569871337
1000239,401370.8299819374
1003835,451982.63775856636
1017350,451372.2217184784
1015928,450826.8907703106
1008145,451982.63775856636
1017078,534497.1473526201
1003554,450207.569871337
1000365,450826.8907703106
1004548,456767.0582923374
1012516,447825.4189001333
1005034,451982.63775856636
1004599,447825.4189001333
1008653,450207.569871337
1000724,670984.5912221577
1004860,447825.4189001333
1013906,450826.8907703106
1013183,451372.2217184784
1011655,451372.2217184784
1003217,447825.4189001333
1001205,451982.63775856636
1010088,492562.8156204774
1006164,451372.2217184784
1009398,450826.8907703106
1011020,450826.8907703106
1007511,447825.4189001333
1012367,447825.4189001333
1010435,503897.2720800153
1016553,451982.63775856636
1002223,450207.569871337
1013046,447825.4189001333
1009573,399150.8005602729
1005870,451982.63775856636
1014031,447825.4189001333
1008353,450207.569871337
1005327,664874.5240404899
1011118,451372.2217184784
1012830,451982.63775856636
1010380,450207.569871337
1006365,603266.2915157335
1017447,339474.71587127115
1008150,570956.934518167
1014633,451372.2217184784
1014083,450826.8907703106
1005005,451372.2217184784
1002961,447825.4189001333
1006253,450826.8907703106
1017310,450207.569871337
1016268,450207.569871337
1007047,559692.2396975032
1005981,338135.53757554386
1001526,551621.2168413539
1003379,451982.63775856636
1001055,451372.2217184784
1007557,450826.8907703106
1011385,450826.8907703106
1015912,451372.2217184784
1011847,450207.569871337
1001582,621355.7166574785
1000619,450826.8907703106
1001769,450826.8907703106
1010208,451372.2217184784
1017520,451372.2217184784
1017300,450207.569871337
1009443,392979.78032586345
1009240,960124.2564106986
1011965,451372.2217184784
1003855,450826.8907703106
1009433,722953.8277756927
1006457,442106.6260750727
1002240,447825.4189001333
1000634,447825.4189001333
1008319,454179.7255136074
1001585,450826.8907703106
1007553,451982.63775856636
1014438,549187.3434202366
1016961,450826.8907703106
1016592,447825.4189001333
1008904,450207.569871337
1005368,447825.4189001333
1001659,450826.8907703106
1013377,451372.2217184784
1016226,451372.2217184784
1001353,450826.8907703106
1013668,447825.4189001333
1003480,450826.8907703106
1003387,796016.1380475701
1001389,447825.4189001333
1007764,451982.63775856636
1013754,451982.63775856636
1012702,448093.21696559957
1013909,450207.569871337
1014497,451372.2217184784
1008902,451982.63775856636
1016935,485879.3316227261
1007139,451372.2217184784
1013800,450826.8907703106
1000744,451982.63775856636
1004923,551637.1640152094
1012449,582267.1134372135
1000807,410796.5206654096
1005076,450826.8907703106
1007640,447825.4189001333
1009558,451982.63775856636
1010556,451372.2217184784
1006436,507252.63684878306
1000681,451982.63775856636
1015690,472210.52207450586
1014443,785420.3151822005
1002288,811426.3425055633
1005215,331977.3624569331
1004962,451372.2217184784
1008516,451372.2217184784
1001238,451372.2217184784
1010392,411702.0407085959
1011225,434936.13954134163
1004434,451982.63775856636
1017242,450207.569871337
1014469,450826.8907703106
1004813,451982.63775856636
1005187,451982.63775856636
1011828,432597.77139195986
1007279,450207.569871337
1015593,450826.8907703106
1001512,451982.63775856636
1000023,447825.4189001333
1010473,450826.8907703106
1007409,450826.8907703106
1011646,447825.4189001333
1004619,450207.569871337
1007363,450207.569871337
1012370,451982.63775856636
1006168,450826.8907703106
1004643,451982.63775856636
1009021,450826.8907703106
1011456,451372.2217184784
1011667,560659.7772920728
1011540,477348.74642861984
1000360,450826.8907703106
1000272,450826.8907703106
1007149,450207.569871337
1000482,483694.7536643092
1000384,451982.63775856636
1016327,447825.4189001333
1017500,450826.8907703106
1013729,450826.8907703106
1013165,447825.4189001333
1004701,447825.4189001333
1002334,451982.63775856636
1014666,519053.94988404773
1016071,388140.958695551
1017473,451372.2217184784
1003055,451982.63775856636
1008071,450207.569871337
1003749,451982.63775856636
1011014,451982.63775856636
1007650,447825.4189001333
1016389,451982.63775856636
1007432,451372.2217184784
1004930,451372.2217184784
1011724,451982.63775856636
1007918,447825.4189001333
1002492,451372.2217184784
1015638,457979.83326225897
1005028,447825.4189001333
1000755,451982.63775856636
1016870,450826.8907703106
1007334,450826.8907703106
1004459,450207.569871337
1011126,447825.4189001333
1001351,447825.4189001333
1010044,451982.63775856636
1006725,450207.569871337
1002898,451982.63775856636
1007459,451372.2217184784
1012342,286963.05379373743
1009513,451982.63775856636
1008234,459741.0501692285
1000022,478450.3154155032
1006227,451372.2217184784
1008171,451372.2217184784
1000650,447825.4189001333
1012187,450207.569871337
1005483,450207.569871337
1016536,393398.75632706116
1000915,447825.4189001333
1009744,447825.4189001333
1011401,451181.82326069375
1010779,447825.4189001333
1015216,380979.49887344724
1017151,447825.4189001333
1004857,451982.63775856636
1011367,451372.2217184784
1000066,721195.4800636083
1008345,450207.569871337
1002206,542736.3501001135
1017281,419109.21836845955
1008474,450207.569871337
1007938,447825.4189001333
1003012,450826.8907703106
1004855,453877.7425038878
1009368,518497.49543950486
1012361,348397.8808396003
1002697,451982.63775856636
1013525,450826.8907703106
1002696,451372.2217184784
1008821,451982.63775856636
1006387,447825.4189001333
1002698,521736.48345686425
1000148,410520.5243645439
1005140,556118.6317295841
1007658,450207.569871337
1014751,436043.7413150388
1007364,451372.2217184784
1014004,447825.4189001333
1008696,451982.63775856636
1015067,286097.93766731897
1003026,451372.2217184784
1007789,451982.63775856636
1016087,450207.569871337
1013839,450207.569871337
1016899,451372.2217184784
1015595,400081.27590405656
1016284,451372.2217184784
1007125,445210.42747689877
1000283,643715.2897618468
1011507,450207.569871337
1007538,451982.63775856636
1006112,450207.569871337
1000935,450826.8907703106
1009918,487334.56845211243
1002436,420142.3073055025
1002485,451982.63775856636
1009424,451982.63775856636
1007444,450826.8907703106
1007542,444410.9669554377
1008991,451372.2217184784
1003056,451372.2217184784
1007941,450826.8907703106
1014312,450207.569871337
1013059,520477.2257922071
1011951,450826.8907703106
1000813,472372.04058451625
1017075,537955.8743141206
1007561,627612.7545460918
1012951,525853.0026351804
1010128,771801.3821541257
1012909,451982.63775856636
1000290,447825.4189001333
1005247,451982.63775856636
1006165,450826.8907703106
1015063,576258.9829573077
1016537,450826.8907703106
1003445,451982.63775856636
1016579,451982.63775856636
1008065,451982.63775856636
1015324,366387.09251712024
1004824,451372.2217184784
1000262,450826.8907703106
1001569,450826.8907703106
1003706,628934.4494696019
1009248,644809.3178028789
1001017,447825.4189001333
1013472,790773.4533179454
1009011,447825.4189001333
1006125,447825.4189001333
1015679,451982.63775856636
1017338,648458.9798571477
1000643,450207.569871337
1014180,648492.0382769615
1010189,451982.63775856636
1010159,450207.569871337
1009269,450826.8907703106
1002489,447825.4189001333
1006995,450207.569871337
1017219,451982.63775856636
1004868,451982.63775856636
1016426,451372.2217184784
1009292,451372.2217184784
1008917,450207.569871337
1010037,451982.63775856636
1001249,451982.63775856636
1008121,451372.2217184784
1006377,493093.9240625644
1014432,408030.91353545047
1004208,450207.569871337
1004658,450826.8907703106
1015459,448105.8504277125
1015150,451982.63775856636
1002729,447825.4189001333
1003959,447825.4189001333
1002992,493542.3276024652
1016568,417144.42929957836
1001397,650805.5397346286
1000727,812398.9622610349
1015045,450207.569871337
1012279,746019.0128854985
1004479,451982.63775856636
1009430,451982.63775856636
1015877,626780.8008559723
1009374,721700.392407744
1006367,450207.569871337
1000435,447825.4189001333
1012803,443701.59096416284
1005513,512329.95301937143
1010406,476964.6061981459
1009455,450207.569871337
1012441,450826.8907703106
1011440,450826.8907703106
1004588,451982.63775856636
1007534,448079.1596555441
1008553,447825.4189001333
1001267,450826.8907703106
1003836,335508.3078678392
1000571,450207.569871337
1015231,450826.8907703106
1010912,450207.569871337
1000764,464558.068148967
1008736,450826.8907703106
1015410,450207.569871337
1014333,451372.2217184784
1016912,407227.58468375925
1014000,451982.63775856636
1012635,450826.8907703106
1014870,986053.2115842894
1006592,553061.3932515313
1000828,447825.4189001333
1003277,450826.8907703106
1017123,543286.986697781
1002019,427173.1377916244
1006612,450207.569871337
1009973,389819.63849885593
1006020,489840.4618687366
1016589,665606.6469351387
1012317,537564.2509328031
1000683,451982.63775856636
1013237,447825.4189001333
1010331,450207.569871337
1011101,450207.569871337
1008905,447825.4189001333
1005799,450207.569871337
1013099,450207.569871337
1014167,450826.8907703106
1004013,447825.4189001333
1012018,447825.4189001333
1009145,451372.2217184784
1006793,451982.63775856636
1002936,392640.6017126283
1003805,450826.8907703106
1004300,450826.8907703106
1007813,450207.569871337
1001855,451982.63775856636
1006510,419470.1502815471
1013609,450826.8907703106
1004721,451982.63775856636
1007589,451372.2217184784
1001018,450207.569871337
1010990,451982.63775856636
1014551,451982.63775856636
1004684,400575.73590406735
1010349,451982.63775856636
1000278,521946.23551605316
1008224,451982.63775856636
1009082,447825.4189001333
1000738,451372.2217184784
1012980,567863.2513310183
1007475,441795.8239685981
1016310,451372.2217184784
1016796,451982.63775856636
1010036,451982.63775856636
1013566,451982.63775856636
1005336,415499.3345416521
1007712,451372.2217184784
1013573,451372.2217184784
1003641,458575.7887721935
1011182,451982.63775856636
1015198,451372.2217184784
1007951,451372.2217184784
1010520,447825.4189001333
1015484,510537.4721232219
1014783,450207.569871337
1005874,450826.8907703106
1010700,466685.7908495346
1016102,534833.4728310648
1001511,402823.9416872157
1006660,451372.2217184784
1005051,279312.6265325215
1017395,451372.2217184784
1011091,450207.569871337
1003754,451982.63775856636
1014005,447825.4189001333
1015619,434129.78240554384
1008716,451372.2217184784
1003418,450826.8907703106
1005880,450207.569871337
1016973,451982.63775856636
1000247,450826.8907703106
1011946,451982.63775856636
1000844,447825.4189001333
1014998,447825.4189001333
1001381,447825.4189001333
1003043,493058.7555408977
1008479,450826.8907703106
1008033,447825.4189001333
1004246,475849.48773431126
1005699,450207.569871337
1010254,450207.569871337
1004428,450207.569871337
1007889,451372.2217184784
1015606,436032.7016809128
1012722,451982.63775856636
1007397,447825.4189001333
1006810,416900.2280608121
1004971,451372.2217184784
1005235,451372.2217184784
1014897,447825.4189001333
1007946,451372.2217184784
1011280,435673.4062759457
1008382,724132.7873157234
1001574,451982.63775856636
1003078,451982.63775856636
1016355,450826.8907703106
1007521,373125.26681126823
1013821,447825.4189001333
1005943,379436.0165981463
1003316,450826.8907703106
1004677,451372.2217184784
1004630,447825.4189001333
1004129,451372.2217184784
1002461,447825.4189001333
1015254,447825.4189001333
1000741,609019.3471387888
1015224,450826.8907703106
1015921,451982.63775856636
1015131,451982.63775856636
1011514,373830.5755761207
1009688,451372.2217184784
1014253,450826.8907703106
1007445,451982.63775856636
1004686,817071.0963707669
1014414,447825.4189001333
1005698,512168.7765713233
1015851,517180.3255376486
1004143,450207.569871337
1001271,450826.8907703106
1013997,522953.4215549824
1015691,450826.8907703106
1012749,567537.2328176077
1007999,384335.20544551214
1013808,447825.4189001333
1002816,357518.69715063216
1005517,450207.569871337
1009304,531540.4917370984
1008534,451982.63775856636
1011361,523047.01896180736
1007423,266568.9242723907
1007966,451372.2217184784
1009444,450826.8907703106
1007912,447825.4189001333
1000923,451372.2217184784
1010013,451372.2217184784
1010223,453907.2089288187
1006294,376921.49397522863
1005186,450826.8907703106
1001578,373639.3374688748
1010303,451982.63775856636
1007892,450207.569871337
1017107,450207.569871337
1005567,451982.63775856636
1000471,313608.5156996235
1016449,450207.569871337
1015086,451372.2217184784
1009612,450207.569871337
1009696,451982.63775856636
1012890,408070.81360884116
1012173,615115.576949294
1001448,447825.4189001333
1002317,451982.63775856636
1015180,451372.2217184784
1003535,447825.4189001333
1004159,454369.24190565693
1000577,423686.72570321796
1011424,450826.8907703106
1002293,451372.2217184784
1002881,517414.97463746986
1003042,450207.569871337
1008270,340878.98264912824
1017463,451982.63775856636
1004622,451982.63775856636
1012087,780209.0275877289
1003721,450826.8907703106
1015304,270433.0226865855
1005396,450207.569871337
1006636,450826.8907703106
1013855,450207.569871337
1008430,427174.34210927604
1008589,576157.4043299104
1007297,427314.06741883844
1012411,450826.8907703106
1015911,447825.4189001333
1010684,450207.569871337
1003826,450207.569871337
1011926,451372.2217184784
1006264,447825.4189001333
1001445,451372.2217184784
1016238,450826.8907703106
1012278,450207.569871337
1005765,450826.8907703106
1011063,450826.8907703106
1008668,433484.30276450224
1001531,615388.488969613
1002425,451982.63775856636
1009904,451982.63775856636
1009580,450826.8907703106
1016410,450826.8907703106
1010479,451372.2217184784
1001156,451372.2217184784
1013100,447825.4189001333
1000349,621276.6460219279
1005875,447825.4189001333
1003219,450207.569871337
1007877,451982.63775856636
1013884,561519.702290211
1005325,447825.4189001333
1001241,730305.4690040791
1001886,451982.63775856636
1012661,391342.64232917974
1015217,751950.8991228167
1005102,390961.82571782253
1009909,451982.63775856636
1010094,342687.77380777185
1006960,450826.8907703106
1004398,451982.63775856636
1013206,450826.8907703106
1000395,484171.05052938656
1008813,835776.2122371749
1003393,512452.9098573912
1010454,447825.4189001333
1004810,447825.4189001333
1013208,343365.3493955089
1000078,505410.6405528301
1015695,465388.54561772535
1015933,450207.569871337
1003507,451982.63775856636
1006304,450826.8907703106
1004560,374335.15551736153
1012358,447825.4189001333
1005852,447825.4189001333
1010243,589781.8966464599
1016312,447825.4189001333
1011278,451372.2217184784
1002231,290477.33557583374
1005589,451372.2217184784
1003378,450826.8907703106
1013074,524133.93865595176
1013402,574473.5682495168
1017045,447825.4189001333
1001547,447825.4189001333
1016951,447825.4189001333
1008755,451372.2217184784
1002236,450826.8907703106
1011415,450826.8907703106
1015552,532482.8861052899
1011154,451372.2217184784
1014946,685625.7693293298
1005933,451982.63775856636
1001976,451982.63775856636
1006915,451372.2217184784
1000268,450207.569871337
1013389,382172.7471420458
1013029,451982.63775856636
1001244,450826.8907703106
1017067,417248.15148909396
1008898,450207.569871337
1016231,447825.4189001333
1003637,510753.18978662364
1015059,450207.569871337
1002521,450207.569871337
1004720,447825.4189001333
1017031,450826.8907703106
1009761,451372.2217184784
1015479,447825.4189001333
1016701,578090.8482793997
1008262,650791.1032606089
1000835,451982.63775856636
1012886,450826.8907703106
1008310,447825.4189001333
1010255,542610.756560644
1001516,447825.4189001333
1014812,451982.63775856636
1015189,450826.8907703106
1013424,451982.63775856636
1017238,451372.2217184784
1011383,447825.4189001333
1016971,451982.63775856636
1016363,446003.87577497575
1015873,451372.2217184784
1011137,451982.63775856636
1009667,414838.5209089449
1008769,329110.5597915612
1010089,450207.569871337
1016972,447825.4189001333
1010802,374113.0614838731
1011436,450207.569871337
1015262,410725.801562802
1009786,450207.569871337
1011806,450826.8907703106
1003101,450207.569871337
1009242,450826.8907703106
1017388,450826.8907703106
1010135,447825.4189001333
1009622,451982.63775856636
1014906,451372.2217184784
1012112,255008.8665766595
1005868,450207.569871337
1012125,451982.63775856636
1017444,447825.4189001333
1005678,451372.2217184784
1011079,373288.66070959385
1015115,451982.63775856636
1002340,451372.2217184784
1009592,450207.569871337
1011599,523492.3805854621
1000437,451982.63775856636
1012471,408276.47099725803
1009721,450207.569871337
1009156,450826.8907703106
1009986,520462.45720159635
1016005,451372.2217184784
1009766,450826.8907703106
1009216,948850.8213363513
1004356,357538.0972317816
1001888,349168.1814778073
1007383,447825.4189001333
1010337,450826.8907703106
1001936,422517.97833519726
1005546,451372.2217184784
1006466,451982.63775856636
1010868,447825.4189001333
1014922,450207.569871337
1008686,430933.59378886124
1003034,450826.8907703106
1011860,451982.63775856636
1010807,450207.569871337
1016186,586446.3843250779
1009926,450826.8907703106
1011157,328466.964396486
1009875,450826.8907703106
1007859,911563.3061228124
1012632,550452.9390524947
1009701,451372.2217184784
1011858,450826.8907703106
1003711,451372.2217184784
1009113,447825.4189001333
1005872,450207.569871337
1007936,447825.4189001333
1003979,447825.4189001333
1016095,469676.664184868
1010061,450826.8907703106
1005640,451982.63775856636
1015171,451982.63775856636
1006140,450826.8907703106
1016905,447825.4189001333
1016190,450207.569871337
1000891,447825.4189001333
1002256,451982.63775856636
1005736,485907.8671255365
1001573,450826.8907703106
1009877,441030.055981714
1014803,451982.63775856636
1010971,585655.733774883
1009561,834285.5972419173
1007054,450207.569871337
1009122,450207.569871337
1016423,450826.8907703106
1011417,451372.2217184784
1006856,451372.2217184784
1016319,451982.63775856636
1007851,450826.8907703106
1005106,450207.569871337
1005723,450207.569871337
1002788,713200.6135352396
1014250,478317.09230059717
1004112,450207.569871337
1011984,450207.569871337
1008215,450207.569871337
1001789,450826.8907703106
1003793,451982.63775856636
1014079,450207.569871337
1000742,450207.569871337
1014628,450207.569871337
1017169,563323.8255365979
1011443,450207.569871337
1007468,622154.82977068
1001584,450207.569871337
1016819,293180.49937820504
1000025,590718.6280587155
1012982,450826.8907703106
1001236,451982.63775856636
1012708,450826.8907703106
1004536,450826.8907703106
1001921,451372.2217184784
1005497,451982.63775856636
1006400,450826.8907703106
1015108,451982.63775856636
1016023,450826.8907703106
1007275,451372.2217184784
1001825,450826.8907703106
1007032,450826.8907703106
1010386,450207.569871337
1004534,450207.569871337
1002681,446396.47777838894
1001107,614561.1192606855
1002794,450207.569871337
1008465,451982.63775856636
1007329,450826.8907703106
1016949,451982.63775856636
1011652,447825.4189001333
1012459,544315.9777740095
1003049,451982.63775856636
1010126,450207.569871337
1012349,666194.3282806707
1003052,451372.2217184784
1016505,451372.2217184784
1017001,451982.63775856636
1009254,447825.4189001333
1002565,450826.8907703106
1006107,450207.569871337
1010123,450826.8907703106
1003080,450826.8907703106
1001540,447825.4189001333
1002032,409244.02657000476
1011468,447825.4189001333
1000886,451982.63775856636
1013111,451372.2217184784
1014215,451982.63775856636
1011387,451372.2217184784
1001455,447825.4189001333
1014852,451982.63775856636
1016542,208140.39850174592
1007063,450826.8907703106
1001962,447825.4189001333
1011941,739705.8918254812
1009051,450826.8907703106
1003142,450207.569871337
1006737,485796.82247219875
1010963,450826.8907703106
1017165,451372.2217184784
1007224,447825.4189001333
1011153,509292.8401988723
1011827,605099.7758555684
1009710,357789.1953987711
1016615,451982.63775856636
1010754,451982.63775856636
1017262,451982.63775856636
1014491,447825.4189001333
1013243,432261.5768899896
1000917,451372.2217184784
1009767,450207.569871337
1009063,418207.9823089863
1004448,450826.8907703106
1005179,451372.2217184784
1012359,450826.8907703106
1007668,450826.8907703106
1014093,450826.8907703106
1009922,451372.2217184784
1015151,566492.3060619662
1016374,439302.58027605445
1009867,450207.569871337
1013001,447825.4189001333
1012074,413410.22430894757
1016952,294292.9405086343
1011358,451372.2217184784
1010038,451982.63775856636
1006399,450826.8907703106
1016880,451982.63775856636
1004696,450207.569871337
1000769,450826.8907703106
1003044,451372.2217184784
1013333,447825.4189001333
1016383,451372.2217184784
1015157,571258.4638178071
1003441,451372.2217184784
1012226,451372.2217184784
1004071,451982.63775856636
1009902,447825.4189001333
1011311,447825.4189001333
1010810,454515.7862985635
1005108,450207.569871337
1014284,371718.18649835256
1009891,447825.4189001333
1008289,451372.2217184784
1013091,447825.4189001333
1010057,646364.3627427078
1007967,450207.569871337
1009046,450207.569871337
1001317,738433.9739506443
1012414,447825.4189001333
1010076,451372.2217184784
1015727,450826.8907703106
1009491,447825.4189001333
1010794,447825.4189001333
1011799,369344.0757448326
1009693,450207.569871337
1012805,451982.63775856636
1005463,450826.8907703106
1001254,302197.8595128332
1007532,451372.2217184784
1016964,705676.4282017768
1008952,451372.2217184784
1015205,447825.4189001333
1008770,355504.2941124337
1013020,615944.056779308
1003939,322836.44960172905
1003482,451982.63775856636
1011772,810809.1889913355
1014221,450207.569871337
1014913,451982.63775856636
1013832,450207.569871337
1005382,451372.2217184784
1014482,450207.569871337
1012907,451982.63775856636
1010645,450826.8907703106
1006896,451982.63775856636
1015057,450207.569871337
1015253,450207.569871337
1008218,450826.8907703106
1000876,451372.2217184784
1017173,489027.38583869435
1017380,447825.4189001333
1011768,450826.8907703106
1016676,290045.4814081851
1017389,451372.2217184784
1002401,450826.8907703106
1014372,409046.75295591186
1007922,554679.7927658472
1000860,657873.308648792
1015032,451982.63775856636
1000802,372472.6784583741
1012960,450207.569871337
1004314,450207.569871337
1003381,450207.569871337
1002246,451982.63775856636
1010642,451982.63775856636
1007835,451372.2217184784
1003288,451372.2217184784
1007417,450826.8907703106
1006529,451982.63775856636
1009504,450826.8907703106
1004693,450207.569871337
1004034,447825.4189001333
1002209,450826.8907703106
1014871,450207.569871337
1016668,450826.8907703106
1016456,450207.569871337
1001615,398175.0936147955
1003962,451372.2217184784
1001500,700413.9125415437
1015968,451982.63775856636
1016673,447825.4189001333
1009780,801177.9489492783
1004228,381562.1331478813
1003911,702930.6497589012
1007105,450826.8907703106
1004757,450207.569871337
1009441,451982.63775856636
1015345,450207.569871337
1005781,451372.2217184784
1014262,541463.3449283013
1017453,451982.63775856636
1002270,450207.569871337
1007856,450207.569871337
1013412,447825.4189001333
1010497,451372.2217184784
1000093,447825.4189001333
1010715,450826.8907703106
1007013,451982.63775856636
1002627,379457.2314363212
1014632,451372.2217184784
1003830,451372.2217184784
1011288,426379.1831641171
1010527,447825.4189001333
1010953,451372.2217184784
1014075,447825.4189001333
1002892,450207.569871337
1011856,589046.8168174424
1011881,450826.8907703106
1015244,825192.4313894458
1012435,451372.2217184784
1000785,341689.5719007702
1003336,493117.86503879394
1005119,450826.8907703106
1009594,378171.24681304937
1007633,450207.569871337
1009876,447825.4189001333
1016245,496701.7042531806
1006502,392623.18106852635
1009568,549136.2550256808
1011084,450207.569871337
1005696,456079.9968135439
1000281,451372.2217184784
1011589,541449.5117028928
1008518,450826.8907703106
1002486,451372.2217184784
1015892,451982.63775856636
1010727,451982.63775856636
1009756,450826.8907703106
1009495,321311.6068587127
1001093,451982.63775856636
1010849,474996.5601298657
1006973,450207.569871337
1016475,527198.4190521644
1003084,447825.4189001333
1011898,447825.4189001333
1010426,450826.8907703106
1016315,639876.7212321655
1006712,451372.2217184784
1000573,451372.2217184784
1011350,450207.569871337
1014982,447825.4189001333
1004054,451372.2217184784
1010453,417822.7645894067
1015396,450207.569871337
1002060,450826.8907703106
1003613,450991.72124732076
1017304,447825.4189001333
1008928,447825.4189001333
1001689,450826.8907703106
1006731,483714.10121274454
1012816,450207.569871337
1000514,450207.569871337
1004639,447825.4189001333
1013653,447825.4189001333
1007120,447825.4189001333
1005040,353739.2160592688
1009851,447825.4189001333
1004059,450207.569871337
1007358,450207.569871337
1005346,451372.2217184784
1001909,451372.2217184784
1010698,450207.569871337
1011501,451372.2217184784
1013413,451372.2217184784
1008955,451982.63775856636
1014945,450826.8907703106
1011792,451982.63775856636
1015268,450826.8907703106
1008802,447825.4189001333
1007366,451372.2217184784
1007804,425645.835585544
1011608,321619.31736527407
1001553,447825.4189001333
1017327,450826.8907703106
1014014,451982.63775856636
1014326,375739.54498797073
1008228,388869.1228500191
1008354,451982.63775856636
1008700,451982.63775856636
1003111,447825.4189001333
1013451,451982.63775856636
1002402,439821.50081866235
1003087,377137.7347383353
1007341,451372.2217184784
1004797,451372.2217184784
1014701,450826.8907703106
1007879,451982.63775856636
1000276,447825.4189001333
1009699,447825.4189001333
1011395,450207.569871337
1011276,665567.2424058421
1009871,451982.63775856636
1003970,451372.2217184784
1002372,405577.46644100145
1012099,450826.8907703106
1012345,451372.2217184784
1000414,451982.63775856636
1004225,451982.63775856636
1004039,450826.8907703106
1003619,734785.631595107
1013572,339214.52104804124
1007488,451982.63775856636
1005760,451982.63775856636
1004897,451982.63775856636
1007744,451982.63775856636
1008188,505024.9809322558
1017359,922704.0705805898
1015549,451372.2217184784
1008178,451372.2217184784
1013450,451982.63775856636
1005771,447825.4189001333
1014677,450826.8907703106
1011635,451372.2217184784
1012506,450826.8907703106
1004932,450826.8907703106
1000900,447825.4189001333
1016826,350487.23118201556
1009465,447825.4189001333
1000166,450826.8907703106
1012768,451372.2217184784
1014363,434166.1403721363
1016404,451372.2217184784
1008862,447825.4189001333
1017494,755115.182008473
1005794,433549.0637147577
1008153,451372.2217184784
1016882,396345.29250688973
1004057,573280.1825339262
1002132,450207.569871337
1007322,653982.6806646487
1008950,451372.2217184784
1016488,426200.38084252184
1009218,597992.842028153
1014416,321392.41377516784
1007046,450826.8907703106
1012158,261712.5086208362
1009682,595070.5595420869
1013938,451372.2217184784
1015313,451372.2217184784
1010618,315367.5824907246
1000467,450207.569871337
1012128,451372.2217184784
1010598,575818.9698175907
1014166,450207.569871337
1015366,451372.2217184784
1011080,451372.2217184784
1005618,447825.4189001333
1004694,451630.85716333316
1002869,450207.569871337
1008297,451982.63775856636
1009449,440735.3930347271
1005008,333477.99685502937
1008134,447825.4189001333
1013331,450207.569871337
1003401,450826.8907703106
1000350,451372.2217184784
1013680,450826.8907703106
1010182,451982.63775856636
1015556,404807.7595800468
1016948,231978.57262174154
1009250,450207.569871337
1008042,450207.569871337
1005161,450207.569871337
1014385,451982.63775856636
1010494,546880.1282263198
1002494,450826.8907703106
1002047,451372.2217184784
1013667,450826.8907703106
1008793,450207.569871337
1012643,411074.93236323603
1008003,382892.1077703203
1002636,365171.42513734
1014430,451372.2217184784
1008758,580654.3709725332
1013611,544887.7292138056
1003232,450207.569871337
1000457,451372.2217184784
1010111,451982.63775856636
1013897,450207.569871337
1017324,643283.1537776974
1009217,356087.3763596077
1012964,450207.569871337
1015000,451982.63775856636
1013057,447825.4189001333
1010136,451982.63775856636
1016749,451372.2217184784
1016466,447825.4189001333
1017490,450207.569871337
1009624,450826.8907703106
1005575,451372.2217184784
1008151,451982.63775856636
1011551,450826.8907703106
1009417,447825.4189001333
1003490,450826.8907703106
1004844,447825.4189001333
1004653,280543.90214473574
1004295,451982.63775856636
1006857,450826.8907703106
1006269,447825.4189001333
1004983,450826.8907703106
1009053,451982.63775856636
1008824,451372.2217184784
1017142,447825.4189001333
1005032,450826.8907703106
1004795,450826.8907703106
1015743,447825.4189001333
1002158,450826.8907703106
1013278,450826.8907703106
1004597,447825.4189001333
1010652,404326.61891014734
1003958,451372.2217184784
1011804,624682.2418311744
1009278,451372.2217184784
1000179,450207.569871337
1013077,450826.8907703106
1006420,451372.2217184784
1007214,450207.569871337
1008293,450826.8907703106
1012629,237403.29991733516
1007593,450826.8907703106
1004889,447825.4189001333
1008413,451372.2217184784
1013776,450826.8907703106
1004226,451372.2217184784
1003005,451372.2217184784
1006755,451982.63775856636
1014345,450826.8907703106
1013260,450207.569871337
1011517,439160.65272550733
1010265,447825.4189001333
1007958,450207.569871337
1014624,450826.8907703106
1007388,451372.2217184784
1012272,451982.63775856636
1010975,314023.71548601385
1006424,474394.8093385146
1003594,450207.569871337
1000924,646008.7593683111
1014594,451982.63775856636
1002821,450207.569871337
1001211,450207.569871337
1004516,451372.2217184784
1007721,386566.7983612875
1014420,447825.4189001333
1008057,450826.8907703106
1001798,450461.507057368
1004133,401283.02413318306
1001528,450207.569871337
1004906,451982.63775856636
1002099,482021.03907908377
1002477,565018.3696493204
1000926,675414.8157978352
1002689,450207.569871337
1007037,494461.439425461
1007572,447825.4189001333
1007059,342957.50718563545
1007757,450207.569871337
1012934,531169.0533077631
1010237,451982.63775856636
1005797,450826.8907703106
1003267,447825.4189001333
1011912,450207.569871337
1000946,447825.4189001333
1007123,450826.8907703106
1009484,447825.4189001333
1011737,450207.569871337
1006924,450826.8907703106
1000879,346197.01234764274
1003919,355785.6617835558
1015688,450826.8907703106
1010035,514106.48053711234
1001441,450207.569871337
1011296,451982.63775856636
1017457,451372.2217184784
1012860,451372.2217184784
1001561,450826.8907703106
1001804,447825.4189001333
1007148,447825.4189001333
1011346,450826.8907703106
1009472,451982.63775856636
1001624,451982.63775856636
1013841,431167.90115813207
1002875,496567.56464618957
1009203,447825.4189001333
1005976,450207.569871337
1013287,450826.8907703106
1012677,451982.63775856636
1014571,450826.8907703106
1001094,450207.569871337
1006012,451982.63775856636
1003195,451982.63775856636
1007674,543336.3196564171
1001824,450826.8907703106
1012064,450207.569871337
1016649,447825.4189001333
1002215,447825.4189001333
1006662,451372.2217184784
1015812,450207.569871337
1008926,368872.27435739746
1017126,662179.2309923728
1017097,766423.315295713
1001600,450826.8907703106
1000402,447825.4189001333
1007277,450826.8907703106
1006512,451372.2217184784
1001149,266033.1849934375
1014399,450826.8907703106
1012592,450207.569871337
1007065,451372.2217184784
1009536,426541.9004619236
1005520,451372.2217184784
1002906,388134.74204966146
1006649,544161.6924581571
1016210,447825.4189001333
1004743,451982.63775856636
1002736,451372.2217184784
1012245,450207.569871337
1003180,329300.5616999915
1005682,447825.4189001333
1012249,451982.63775856636
1000333,447825.4189001333
1005917,451982.63775856636
1012920,450826.8907703106
1002264,626876.9015712809
1009366,693787.1132780999
1013320,450207.569871337
1008726,447825.4189001333
1011434,450826.8907703106
1017378,413652.47096461675
1011939,447825.4189001333
1003729,447825.4189001333
1013770,450826.8907703106
1006518,447825.4189001333
1015326,493551.77108082833
1002908,390595.98076575
1008671,373879.75404200953
1015699,780120.2246506604
1001315,450826.8907703106
1014470,447825.4189001333
1006748,449577.91900589934
1001640,447825.4189001333
1015417,374935.2070346309
1006561,451372.2217184784
1006373,451982.63775856636
1003176,448995.3879668162
1014920,447825.4189001333
1004854,633972.7913931534
1014090,470548.821878822
1015372,450826.8907703106
1004136,450826.8907703106
1001143,450826.8907703106
1012674,450826.8907703106
1011189,660866.3819525472
1009679,450826.8907703106
1008636,450826.8907703106
1008041,450207.569871337
1016744,451982.63775856636
1012827,450207.569871337
1006449,447825.4189001333
1015016,450826.8907703106
1012199,451982.63775856636
1004589,351188.82998071326
1012297,450207.569871337
1007718,441242.23098209384
1015201,456577.32277351094
1015168,450207.569871337
1008322,447825.4189001333
1007943,450207.569871337
1009635,568299.1026446336
1009657,451372.2217184784
1007639,478797.63134626846
1004024,450207.569871337
1010994,551891.0594673938
1004888,451982.63775856636
1013315,447825.4189001333
1004191,450826.8907703106
1012191,447825.4189001333
1008157,451982.63775856636
1016945,450826.8907703106
1013567,450826.8907703106
1008113,555563.6257145741
1000199,450826.8907703106
1016868,450826.8907703106
1003075,373313.9267277506
1007622,451372.2217184784
1001787,369834.8413246247
1009731,451372.2217184784
1001891,447825.4189001333
1013645,341892.1165923631
1006453,451372.2217184784
1008445,447825.4189001333
1000595,451982.63775856636
1003137,393853.5666156382
1007960,689773.2421467552
1011746,451982.63775856636
1014710,650670.4036912825
1014563,450207.569871337
1010199,401373.00351676723
1009797,392453.5969845892
1017375,451372.2217184784
1015206,451982.63775856636
1014292,334882.59605181264
1006464,508686.0223025179
1004354,451372.2217184784
1007450,447825.4189001333
1008363,451982.63775856636
1013700,472673.0490228941
1010418,451372.2217184784
1017175,450207.569871337
1016062,494175.656866747
1007307,450826.8907703106
1004435,451982.63775856636
1005337,451982.63775856636
1003491,451982.63775856636
1002513,622446.8993736644
1015346,237168.88863057966
1002388,710793.803685618
1011196,413017.0583310001
1005335,451372.2217184784
1014309,451982.63775856636
1000473,450826.8907703106
1017052,450826.8907703106
1006514,450826.8907703106
1007437,372544.8533038362
1005903,451372.2217184784
1009776,450207.569871337
1013868,451372.2217184784
1013843,943116.3820589349
1001343,634666.4643603344
1000528,451982.63775856636
1009468,450826.8907703106
1000930,451982.63775856636
1011426,463001.91930971923
1004629,451982.63775856636
1007294,451982.63775856636
1005585,447825.4189001333
1001358,451982.63775856636
1014612,574263.0825532398
1016044,447825.4189001333
1001029,709037.6464091969
1001548,451372.2217184784
1003119,451982.63775856636
1000983,471634.5301955766
1017584,450826.8907703106
1017117,841639.0754239849
1006190,451982.63775856636
1001666,450207.569871337
1015509,450207.569871337
1016784,451372.2217184784
1006395,451372.2217184784
1000380,336110.8953416055
1003556,450826.8907703106
1015935,450826.8907703106
1014283,447825.4189001333
1002098,589911.5087563256
1007285,447825.4189001333
1007750,447825.4189001333
1000063,447825.4189001333
1007613,451982.63775856636
1010421,526321.2190724646
1000481,451372.2217184784
1014940,450826.8907703106
1000497,451982.63775856636
1001105,664714.3332653547
1002030,447825.4189001333
1008093,436821.8491001171
1011248,451372.2217184784
1010217,450207.569871337
1013880,669422.3898685066
1016234,451372.2217184784
1014992,450207.569871337
1003697,450207.569871337
1008414,488320.5960688716
1006911,451372.2217184784
1005702,425488.8177000378
1002517,451372.2217184784
1011397,447825.4189001333
1004206,451372.2217184784
1011421,447825.4189001333
1002969,451982.63775856636
1004535,646722.6547496994
1003981,447825.4189001333
1015448,450826.8907703106
1012921,450826.8907703106
1006922,450826.8907703106
1014685,384063.8575578185
1012260,467495.833324173
1013026,450826.8907703106
1012989,451372.2217184784
1009437,447825.4189001333
1011909,451982.63775856636
1004466,337376.3702722023
1001554,514573.3729773685
1017464,380618.44866275886
1000020,468911.5503470528
1013314,450207.569871337
1012365,447825.4189001333
1010951,451982.63775856636
1013803,450207.569871337
1010637,456550.60294652014
1008415,450207.569871337
1000429,450207.569871337
1012933,447825.4189001333
1014765,450207.569871337
1000725,450207.569871337
1012727,450207.569871337
1004318,447825.4189001333
1016086,447825.4189001333
1009587,450826.8907703106
1002235,450826.8907703106
1007605,447825.4189001333
1012417,492828.11972377036
1015471,450826.8907703106
1000186,451982.63775856636
1000719,450207.569871337
1013863,652321.2255065535
1012780,454707.8766846519
